Model,Scenario,Region,Variable,Unit,2005,2010,2020,2030,2040,2050,2060,2070,2080,2090,2100
AIM/CGE 2.0,SSP3-Baseline,Asian countries except Japan,Capacity|Electricity,GW,870.5189999999999,1069.5501,1620.3924,2260.1024,2832.4168,3469.5272,3919.4126,4271.526,4573.544,4886.7719,5208.5894
AIM/CGE 2.0,SSP3-Baseline,Asian countries except Japan,Capacity|Electricity|Biomass,GW,2.6481,2.7789,3.1973,4.1439,8.0816,20.9941,42.0662,75.4801,114.8557,154.4198,208.4842
AIM/CGE 2.0,SSP3-Baseline,Asian countries except Japan,Capacity|Electricity|Coal,GW,523.7131,643.8902,955.4994,1405.4829,1813.2229,2238.6564,2561.0378,2855.1549,3085.4623,3313.5861,3509.7673
AIM/CGE 2.0,SSP3-Baseline,Asian countries except Japan,Capacity|Electricity|Gas,GW,81.9444,95.89,126.9646,176.7848,220.6335,262.8321,272.0669,271.4708,268.6246,252.9887,259.4199
AIM/CGE 2.0,SSP3-Baseline,Asian countries except Japan,Capacity|Electricity|Hydro,GW,174.6393,221.6571,344.7455,415.8481,508.6917,671.9429,750.4705,750.4705,750.4705,750.4705,750.4705
AIM/CGE 2.0,SSP3-Baseline,Asian countries except Japan,Capacity|Electricity|Nuclear,GW,41.6659,52.0248,117.4131,162.2561,166.0634,142.2447,138.0899,133.5935,127.2199,121.1171,121.4877
AIM/CGE 2.0,SSP3-Baseline,Asian countries except Japan,Capacity|Electricity|Oil,GW,40.3754,47.5251,64.0979,79.2075,90.1755,95.4094,92.4389,95.1242,100.2952,111.3288,96.3342
AIM/CGE 2.0,SSP3-Baseline,Asian countries except Japan,Capacity|Electricity|Solar,GW,0.0656,0.127,0.4607,2.3148,6.2091,13.4828,25.556,37.7588,53.7792,78.2802,113.2066
AIM/CGE 2.0,SSP3-Baseline,Asian countries except Japan,Capacity|Electricity|Wind,GW,2.7573,2.708,4.47,9.7446,14.1269,18.0198,31.1364,45.357,65.1383,96.2856,140.4718
AIM/CGE 2.0,SSP3-Baseline,Asian countries except Japan,Emissions|CH4,Mt CH4/yr,142.3873,154.8613,180.7813,202.7211,217.0309,228.9005,239.5969,249.7602,260.0154,270.7587,283.1387
AIM/CGE 2.0,SSP3-Baseline,Asian countries except Japan,Emissions|CH4|Energy,Mt CH4/yr,43.383,45.5827,51.0097,56.229,59.631,63.2436,67.2183,71.4347,75.7402,80.4072,85.944
AIM/CGE 2.0,SSP3-Baseline,Asian countries except Japan,Emissions|CO2,Mt CO2/yr,11425.5834,12705.4661,17035.5224,20988.7515,23590.2873,25680.4046,27235.8555,28780.0849,30082.988,31457.8401,32788.3836
AIM/CGE 2.0,SSP3-Baseline,Asian countries except Japan,Emissions|CO2|AFOLU,Mt CO2/yr,2439.911,2045.0166,1984.0663,1491.3786,1074.4777,777.7747,737.2401,705.3572,653.2864,676.9792,971.8778
AIM/CGE 2.0,SSP3-Baseline,Asian countries except Japan,Emissions|CO2|Energy and Industrial Processes,Mt CO2/yr,8985.6725,10660.4494,15051.4562,19497.3728,22515.8095,24902.6299,26498.6154,28074.7277,29429.7015,30780.8608,31816.5058
AIM/CGE 2.0,SSP3-Baseline,Asian countries except Japan,Emissions|CO2|Energy|Supply|Electricity,Mt CO2/yr,3284.1122,3990.724,5779.8477,8282.8441,10425.4405,12501.2579,14001.3124,15338.7278,16351.3613,17318.4604,18117.8352
AIM/CGE 2.0,SSP3-Baseline,Asian countries except Japan,Final Energy,EJ/yr,89.8817,103.5811,141.8117,176.5697,198.7042,214.1662,223.7234,233.6529,244.0221,254.6177,264.5744
AIM/CGE 2.0,SSP3-Baseline,Asian countries except Japan,Final Energy|Electricity,EJ/yr,12.9217,15.8861,24.0937,34.3229,43.2837,52.7327,59.5008,65.2507,70.1373,74.9756,79.8177
AIM/CGE 2.0,SSP3-Baseline,Asian countries except Japan,Final Energy|Gases,EJ/yr,4.8725000000000005,5.9883,9.5457,13.9659,17.546,21.4278,25.7894,29.5726,33.7762,37.2273,44.09
AIM/CGE 2.0,SSP3-Baseline,Asian countries except Japan,Final Energy|Heat,EJ/yr,1.9807,2.5894,4.2311,6.1065,7.4675,8.4614,8.4813,8.3092,8.0026,7.6788,7.6363
AIM/CGE 2.0,SSP3-Baseline,Asian countries except Japan,Final Energy|Industry,EJ/yr,43.3994,48.3489,64.8058,81.4076,93.0413,102.736,109.7964,117.2446,124.8229,132.3671,140.2235
AIM/CGE 2.0,SSP3-Baseline,Asian countries except Japan,Final Energy|Liquids,EJ/yr,26.6142,32.5155,47.9195,57.4197,60.7848,58.6931,55.0186,53.3003,52.7207,52.7737,48.5884
AIM/CGE 2.0,SSP3-Baseline,Asian countries except Japan,Final Energy|Residential and Commercial,EJ/yr,36.8028,42.307,55.4417,66.2115,72.1385,75.3802,76.3936,77.1756,78.0131,78.8201,79.7131
AIM/CGE 2.0,SSP3-Baseline,Asian countries except Japan,Final Energy|Solids,EJ/yr,42.95399999999999,45.8118,54.4953,62.3671,66.5744,69.3034,71.0271,73.0688,75.0781,77.5318,80.0398
AIM/CGE 2.0,SSP3-Baseline,Asian countries except Japan,Final Energy|Solids|Biomass,EJ/yr,23.5305,24.5063,27.2183,30.1875,32.36199999999999,34.1354,35.6508,37.1834,38.8373,40.5954,42.5367
AIM/CGE 2.0,SSP3-Baseline,Asian countries except Japan,Final Energy|Solids|Coal,EJ/yr,19.4235,21.3056,27.277,32.1795,34.2126,35.1682,35.3763,35.8854,36.241,36.9364,37.5033
AIM/CGE 2.0,SSP3-Baseline,Asian countries except Japan,Final Energy|Transportation,EJ/yr,9.6795,12.9252,21.5643,28.9507,33.5245,36.0502,37.5334,39.2326,41.1862,43.4304,44.6378
AIM/CGE 2.0,SSP3-Baseline,Asian countries except Japan,Final Energy|Transportation|Electricity,EJ/yr,0.1398,0.1799,0.294,0.485,0.8499,1.6354000000000002,2.8684000000000003,4.332,5.8065,7.2671,8.7756
AIM/CGE 2.0,SSP3-Baseline,Asian countries except Japan,Final Energy|Transportation|Liquids,EJ/yr,8.9314,11.8689,19.6105,25.8845,29.3902,30.5837,30.4361,30.4341,30.7915,31.5086,31.2245
AIM/CGE 2.0,SSP3-Baseline,Asian countries except Japan,Population,million,3472.0678,3657.7622,4037.7836,4392.6516,4674.2948,4909.6385,5089.8331,5231.6782,5367.3544,5511.3096,5668.6748
AIM/CGE 2.0,SSP3-Baseline,Asian countries except Japan,Primary Energy,EJ/yr,127.1354,147.6404,203.9624,261.0099,301.0495,333.5328,356.325,378.899,399.9012,421.0443,440.1026
AIM/CGE 2.0,SSP3-Baseline,Asian countries except Japan,Primary Energy|Biomass,EJ/yr,23.6708,24.693,27.5964,30.9469,33.831,36.9884,40.491,44.6634,49.3073,54.2092,60.7185
AIM/CGE 2.0,SSP3-Baseline,Asian countries except Japan,Primary Energy|Coal,EJ/yr,59.1522,69.4412,97.4874,131.2865,157.1141,180.8653,198.5659,215.0774,227.889,240.8132,251.4293
AIM/CGE 2.0,SSP3-Baseline,Asian countries except Japan,Primary Energy|Fossil,EJ/yr,100.2528,118.9083,169.2967,221.0202,256.8244,284.5026,302.6484,320.8924,337.0465,352.8919,364.6831
AIM/CGE 2.0,SSP3-Baseline,Asian countries except Japan,Primary Energy|Gas,EJ/yr,9.9576,11.773,16.9942,24.0582,29.9238,35.9619,40.7699,44.4555,48.4335,51.0692,58.3512
AIM/CGE 2.0,SSP3-Baseline,Asian countries except Japan,Primary Energy|Nuclear,EJ/yr,0.9199,1.1486,2.5921000000000003,3.5819,3.666,3.1402,3.0485,2.9492000000000003,2.8086,2.6738,2.6819
AIM/CGE 2.0,SSP3-Baseline,Asian countries except Japan,Primary Energy|Oil,EJ/yr,31.1433,37.6943,54.8151,65.6754,69.7863,67.6756,63.3126,61.3595,60.7241,61.0094,54.9027
AIM/CGE 2.0,SSP3-Baseline,Asian countries except Japan,Secondary Energy|Electricity,EJ/yr,15.8804,19.45,29.4377,41.3802,51.7439,62.7738,70.6213,77.1277,82.6106,88.0948,93.5692
AIM/CGE 2.0,SSP3-Baseline,Asian countries except Japan,Secondary Energy|Electricity|Biomass,EJ/yr,0.0585,0.0613,0.0705,0.0915,0.1784,0.4635,0.9287,1.6663,2.5355,3.409,4.6025
AIM/CGE 2.0,SSP3-Baseline,Asian countries except Japan,Secondary Energy|Electricity|Biomass|w/o CCS,EJ/yr,0.0585,0.0613,0.0705,0.0915,0.1784,0.4635,0.9287,1.6663,2.5355,3.409,4.6025
AIM/CGE 2.0,SSP3-Baseline,Asian countries except Japan,Secondary Energy|Electricity|Coal,EJ/yr,9.9097,12.1837,18.0802,26.5947,34.3101,42.3602,48.4603,54.0257,58.3835,62.7001,66.4123
AIM/CGE 2.0,SSP3-Baseline,Asian countries except Japan,Secondary Energy|Electricity|Coal|w/o CCS,EJ/yr,9.9097,12.1837,18.0802,26.5947,34.3101,42.3602,48.4603,54.0257,58.3835,62.7001,66.4123
AIM/CGE 2.0,SSP3-Baseline,Asian countries except Japan,Secondary Energy|Electricity|Gas,EJ/yr,1.8089,2.1169,2.8029,3.9027,4.8707,5.8022,6.0061,5.992999999999999,5.9301,5.585,5.7269
AIM/CGE 2.0,SSP3-Baseline,Asian countries except Japan,Secondary Energy|Electricity|Gas|w/o CCS,EJ/yr,1.8089,2.1169,2.8029,3.9027,4.8707,5.8022,6.0061,5.992999999999999,5.9301,5.585,5.7269
AIM/CGE 2.0,SSP3-Baseline,Asian countries except Japan,Secondary Energy|Electricity|Geothermal,EJ/yr,0.0598,0.0651,0.0782,0.0954,0.1151,0.1312,0.1446,0.1571,0.17,0.1831,0.1975
AIM/CGE 2.0,SSP3-Baseline,Asian countries except Japan,Secondary Energy|Electricity|Hydro,EJ/yr,2.2031,2.7962,4.3489,5.2457,6.417000000000002,8.4765,9.4671,9.4671,9.4671,9.4671,9.4671
AIM/CGE 2.0,SSP3-Baseline,Asian countries except Japan,Secondary Energy|Electricity|Non-Biomass Renewables,EJ/yr,2.2921,2.8904,4.4774,5.4608,6.7281,8.9014,10.1371,10.3938,10.7388,11.2693,12.019
AIM/CGE 2.0,SSP3-Baseline,Asian countries except Japan,Secondary Energy|Electricity|Nuclear,EJ/yr,0.9199,1.1486,2.5921000000000003,3.5819,3.666,3.1402,3.0485,2.9492000000000003,2.8086,2.6738,2.6819
AIM/CGE 2.0,SSP3-Baseline,Asian countries except Japan,Secondary Energy|Electricity|Oil,EJ/yr,0.8913000000000001,1.0491,1.415,1.7485,1.9906,2.1063,2.0407,2.0999,2.214,2.4576,2.1266
AIM/CGE 2.0,SSP3-Baseline,Asian countries except Japan,Secondary Energy|Electricity|Solar,EJ/yr,0.0006,0.0009,0.0037,0.0183,0.049,0.1063,0.2015,0.2976,0.424,0.6172000000000001,0.8926000000000001
AIM/CGE 2.0,SSP3-Baseline,Asian countries except Japan,Secondary Energy|Electricity|Wind,EJ/yr,0.0287,0.0282,0.0465,0.1015,0.147,0.1875,0.324,0.4721,0.6779000000000001,1.0021,1.462
AIM/CGE 2.0,SSP3-Baseline,Countries from the Reforming Economies of the Former Soviet Union,Capacity|Electricity,GW,252.4249,279.801,324.71,376.2785,406.1859,409.1447,417.4441,432.3391,454.0254,479.1483,507.3485
AIM/CGE 2.0,SSP3-Baseline,Countries from the Reforming Economies of the Former Soviet Union,Capacity|Electricity|Biomass,GW,5.8835,5.6484,6.2801,7.0995,8.6597,11.6592,15.7058,20.6741,25.2126,27.781,30.5059
AIM/CGE 2.0,SSP3-Baseline,Countries from the Reforming Economies of the Former Soviet Union,Capacity|Electricity|Coal,GW,46.9099,52.7607,60.7852,70.4488,80.7985,86.7954,99.4196,115.8335,135.0712,157.6738,182.5686
AIM/CGE 2.0,SSP3-Baseline,Countries from the Reforming Economies of the Former Soviet Union,Capacity|Electricity|Gas,GW,92.7265,103.0075,117.8296,134.8122,150.7493,157.1114,148.9156,139.8759,131.885,122.4774,111.778
AIM/CGE 2.0,SSP3-Baseline,Countries from the Reforming Economies of the Former Soviet Union,Capacity|Electricity|Hydro,GW,64.35,71.7917,75.1196,80.0804,85.0699,87.9931,96.7386,106.0426,116.9759,129.4765,142.6835
AIM/CGE 2.0,SSP3-Baseline,Countries from the Reforming Economies of the Former Soviet Union,Capacity|Electricity|Nuclear,GW,35.9965,34.8546,51.8036,69.7746,64.8555,47.1617,35.2839,26.4546,19.7803,14.7763,10.9227
AIM/CGE 2.0,SSP3-Baseline,Countries from the Reforming Economies of the Former Soviet Union,Capacity|Electricity|Oil,GW,6.4835,6.8467,7.4618,7.6821,7.7134,7.4962,7.2725,7.0024,6.8561,6.7078,6.5919
AIM/CGE 2.0,SSP3-Baseline,Countries from the Reforming Economies of the Former Soviet Union,Capacity|Electricity|Solar,GW,0.0,4.8032,5.237,5.6508,6.0583,6.3607,7.1951,7.9472,8.8113,9.8113,10.8726
AIM/CGE 2.0,SSP3-Baseline,Countries from the Reforming Economies of the Former Soviet Union,Capacity|Electricity|Wind,GW,0.0101,0.0235,0.1177,0.65,2.1963,4.4793,6.8194,8.4054,9.3189,10.3197,11.2898
AIM/CGE 2.0,SSP3-Baseline,Countries from the Reforming Economies of the Former Soviet Union,Emissions|CH4,Mt CH4/yr,37.339,38.2988,40.7645,42.3314,43.1853,43.6479,44.1611,44.8407,45.7371,46.5541,47.4552
AIM/CGE 2.0,SSP3-Baseline,Countries from the Reforming Economies of the Former Soviet Union,Emissions|CH4|Energy,Mt CH4/yr,24.6652,25.284,26.8593,27.806,28.2743,28.4935,28.7633,29.0648,29.4816,29.7758,30.146
AIM/CGE 2.0,SSP3-Baseline,Countries from the Reforming Economies of the Former Soviet Union,Emissions|CO2,Mt CO2/yr,2888.9639,3099.5434,3524.6271,3944.7957,4250.9723,4314.3132,4367.0559,4493.7561,4671.1549,4859.1731,5051.5387
AIM/CGE 2.0,SSP3-Baseline,Countries from the Reforming Economies of the Former Soviet Union,Emissions|CO2|AFOLU,Mt CO2/yr,213.5592,239.413,192.5012,155.2996,123.1089,99.4085,87.3741,90.4505,89.1648,89.7946,85.2618
AIM/CGE 2.0,SSP3-Baseline,Countries from the Reforming Economies of the Former Soviet Union,Emissions|CO2|Energy and Industrial Processes,Mt CO2/yr,2675.4047,2860.1304,3332.1259,3789.4961,4127.8634,4214.9047,4279.6818,4403.3056,4581.9902,4769.3785,4966.2769
AIM/CGE 2.0,SSP3-Baseline,Countries from the Reforming Economies of the Former Soviet Union,Emissions|CO2|Energy|Supply|Electricity,Mt CO2/yr,1172.7991,1304.9943,1492.7722,1707.0157,1918.0329,2017.0552,2072.4792,2156.4119,2275.3929,2415.3041,2567.4836
AIM/CGE 2.0,SSP3-Baseline,Countries from the Reforming Economies of the Former Soviet Union,Final Energy,EJ/yr,26.9581,28.7853,34.5842,40.093,43.5662,44.0215,44.21100000000001,45.03100000000001,46.3846,47.6,48.7708
AIM/CGE 2.0,SSP3-Baseline,Countries from the Reforming Economies of the Former Soviet Union,Final Energy|Electricity,EJ/yr,3.5901,3.911,4.4372,5.101,5.6271,5.7789,5.7989,5.9077,6.1341,6.3945,6.6716
AIM/CGE 2.0,SSP3-Baseline,Countries from the Reforming Economies of the Former Soviet Union,Final Energy|Gases,EJ/yr,9.0615,9.4706,12.0197,14.4805,16.1005,16.5717,17.1767,18.0447,19.0981,19.9526,20.6725
AIM/CGE 2.0,SSP3-Baseline,Countries from the Reforming Economies of the Former Soviet Union,Final Energy|Heat,EJ/yr,6.8561,7.6779,9.0201,10.4546,11.5417,11.8768,11.8369,11.9078,12.1224,12.3796,12.6759
AIM/CGE 2.0,SSP3-Baseline,Countries from the Reforming Economies of the Former Soviet Union,Final Energy|Industry,EJ/yr,12.2232,12.4075,14.0518,16.2063,17.573900000000002,17.3661,17.1998,17.2092,17.5682,17.8955,18.1554
AIM/CGE 2.0,SSP3-Baseline,Countries from the Reforming Economies of the Former Soviet Union,Final Energy|Liquids,EJ/yr,5.5104,5.8595,7.0834,7.816,7.9451,7.5391,7.1409,6.8645,6.655,6.4145,6.2231
AIM/CGE 2.0,SSP3-Baseline,Countries from the Reforming Economies of the Former Soviet Union,Final Energy|Residential and Commercial,EJ/yr,9.9666,10.9884,13.4693,15.4744,16.8242,17.4183,17.8387,18.5358,19.3842,20.1939,21.0177
AIM/CGE 2.0,SSP3-Baseline,Countries from the Reforming Economies of the Former Soviet Union,Final Energy|Solids,EJ/yr,1.9401,1.8663,2.0238,2.241,2.3517,2.255,2.2577,2.3064,2.375,2.4587,2.5277000000000003
AIM/CGE 2.0,SSP3-Baseline,Countries from the Reforming Economies of the Former Soviet Union,Final Energy|Solids|Biomass,EJ/yr,0.2044,0.2109,0.2394,0.2721,0.2994,0.3099,0.3183,0.3389,0.3629,0.3883,0.4156
AIM/CGE 2.0,SSP3-Baseline,Countries from the Reforming Economies of the Former Soviet Union,Final Energy|Solids|Coal,EJ/yr,1.7357,1.6554,1.7844,1.9689,2.0523,1.9451,1.9393,1.9675,2.0121,2.0705,2.1121
AIM/CGE 2.0,SSP3-Baseline,Countries from the Reforming Economies of the Former Soviet Union,Final Energy|Transportation,EJ/yr,4.7684,5.3895,7.0631,8.4123,9.168,9.237,9.1725,9.286,9.4323,9.5107,9.5977
AIM/CGE 2.0,SSP3-Baseline,Countries from the Reforming Economies of the Former Soviet Union,Final Energy|Transportation|Electricity,EJ/yr,0.3721,0.3945,0.4052,0.4347,0.4927,0.5739000000000001,0.6778000000000001,0.8444,1.0466,1.2653,1.4892
AIM/CGE 2.0,SSP3-Baseline,Countries from the Reforming Economies of the Former Soviet Union,Final Energy|Transportation|Liquids,EJ/yr,2.8061,3.1819,4.1774,4.928900000000001,5.2961,5.245,5.0984,5.031000000000001,4.9713,4.877,4.8116
AIM/CGE 2.0,SSP3-Baseline,Countries from the Reforming Economies of the Former Soviet Union,Population,million,277.8526,278.9328,283.1015,284.818,285.8579,289.0339,292.6701,297.235,304.1374,312.2159,320.2856
AIM/CGE 2.0,SSP3-Baseline,Countries from the Reforming Economies of the Former Soviet Union,Primary Energy,EJ/yr,37.7354,40.4148,47.6208,54.6872,59.5806,60.6424,61.1094,62.393,64.4664,66.4662,68.5231
AIM/CGE 2.0,SSP3-Baseline,Countries from the Reforming Economies of the Former Soviet Union,Primary Energy|Biomass,EJ/yr,0.4941,0.4892,0.589,0.7136,0.8973000000000001,1.1458,1.4489,1.8228,2.1786,2.4371,2.7006
AIM/CGE 2.0,SSP3-Baseline,Countries from the Reforming Economies of the Former Soviet Union,Primary Energy|Coal,EJ/yr,7.7129,8.2977,9.4497,10.7573,11.9423,12.412,13.7003,15.431,17.4927,19.9156,22.5778
AIM/CGE 2.0,SSP3-Baseline,Countries from the Reforming Economies of the Former Soviet Union,Primary Energy|Fossil,EJ/yr,35.6216,38.1995,44.8795,51.3471,56.0846,57.2313,57.5199,58.4875,60.2001,61.8772,63.5716
AIM/CGE 2.0,SSP3-Baseline,Countries from the Reforming Economies of the Former Soviet Union,Primary Energy|Gas,EJ/yr,20.8428,22.4168,26.5717,30.9542,34.4207,35.6169,35.1248,34.7569,34.7079,34.297,33.5992
AIM/CGE 2.0,SSP3-Baseline,Countries from the Reforming Economies of the Former Soviet Union,Primary Energy|Nuclear,EJ/yr,0.8065,0.7809,1.1606,1.5632,1.453,1.0566,0.7905000000000001,0.5927,0.4432,0.331,0.2447
AIM/CGE 2.0,SSP3-Baseline,Countries from the Reforming Economies of the Former Soviet Union,Primary Energy|Oil,EJ/yr,7.0659,7.485,8.8581,9.6355,9.7217,9.2024,8.6948,8.2996,7.9995,7.6646,7.3946
AIM/CGE 2.0,SSP3-Baseline,Countries from the Reforming Economies of the Former Soviet Union,Secondary Energy|Electricity,EJ/yr,4.8156,5.2628,6.1901,7.2391,7.7956,7.7834,7.8049,7.9648,8.2565,8.5957,8.9884
AIM/CGE 2.0,SSP3-Baseline,Countries from the Reforming Economies of the Former Soviet Union,Secondary Energy|Electricity|Biomass,EJ/yr,0.1299,0.1247,0.1386,0.1567,0.1912,0.2574,0.3467,0.4564,0.5566,0.6133000000000001,0.6734
AIM/CGE 2.0,SSP3-Baseline,Countries from the Reforming Economies of the Former Soviet Union,Secondary Energy|Electricity|Biomass|w/o CCS,EJ/yr,0.1299,0.1247,0.1386,0.1567,0.1912,0.2574,0.3467,0.4564,0.5566,0.6133000000000001,0.6734
AIM/CGE 2.0,SSP3-Baseline,Countries from the Reforming Economies of the Former Soviet Union,Secondary Energy|Electricity|Coal,EJ/yr,0.8876000000000001,0.9983,1.1502,1.333,1.5289,1.6424,1.8812,2.1918,2.5558,2.9835000000000003,3.4546
AIM/CGE 2.0,SSP3-Baseline,Countries from the Reforming Economies of the Former Soviet Union,Secondary Energy|Electricity|Coal|w/o CCS,EJ/yr,0.8876000000000001,0.9983,1.1502,1.333,1.5289,1.6424,1.8812,2.1918,2.5558,2.9835000000000003,3.4546
AIM/CGE 2.0,SSP3-Baseline,Countries from the Reforming Economies of the Former Soviet Union,Secondary Energy|Electricity|Gas,EJ/yr,2.047,2.274,2.6012,2.9761,3.3279,3.4684,3.2874,3.0879,2.9115,2.7038,2.4676
AIM/CGE 2.0,SSP3-Baseline,Countries from the Reforming Economies of the Former Soviet Union,Secondary Energy|Electricity|Gas|w/o CCS,EJ/yr,2.047,2.274,2.6012,2.9761,3.3279,3.4684,3.2874,3.0879,2.9115,2.7038,2.4676
AIM/CGE 2.0,SSP3-Baseline,Countries from the Reforming Economies of the Former Soviet Union,Secondary Energy|Electricity|Geothermal,EJ/yr,0.0014,0.0014,0.0017,0.0018,0.0019,0.0019,0.0021,0.0023,0.0025,0.0027,0.003
AIM/CGE 2.0,SSP3-Baseline,Countries from the Reforming Economies of the Former Soviet Union,Secondary Energy|Electricity|Hydro,EJ/yr,0.8118000000000001,0.9056,0.9476,1.0102,1.0731,1.11,1.2203,1.3377,1.4756,1.6333000000000002,1.7999
AIM/CGE 2.0,SSP3-Baseline,Countries from the Reforming Economies of the Former Soviet Union,Secondary Energy|Electricity|Non-Biomass Renewables,EJ/yr,0.8133,0.9452,0.9918,1.0633,1.1456,1.2087,1.3501,1.4901,1.6446,1.8208,2.0061
AIM/CGE 2.0,SSP3-Baseline,Countries from the Reforming Economies of the Former Soviet Union,Secondary Energy|Electricity|Nuclear,EJ/yr,0.7947000000000001,0.7694000000000001,1.1436,1.5403,1.4317,1.0411,0.7789,0.584,0.4367,0.3262,0.2411
AIM/CGE 2.0,SSP3-Baseline,Countries from the Reforming Economies of the Former Soviet Union,Secondary Energy|Electricity|Oil,EJ/yr,0.1431,0.1511,0.1647,0.1696,0.1703,0.1655,0.1605,0.1546,0.1514,0.1481,0.1455
AIM/CGE 2.0,SSP3-Baseline,Countries from the Reforming Economies of the Former Soviet Union,Secondary Energy|Electricity|Solar,EJ/yr,0.0,0.0379,0.0413,0.0446,0.0478,0.0501,0.0567,0.0627,0.0695,0.0774,0.0857
AIM/CGE 2.0,SSP3-Baseline,Countries from the Reforming Economies of the Former Soviet Union,Secondary Energy|Electricity|Wind,EJ/yr,0.0001,0.0002,0.0012,0.0068,0.0229,0.0466,0.071,0.0875,0.096999999999999,0.1074,0.1175
AIM/CGE 2.0,SSP3-Baseline,Countries of the Middle East and Africa,Capacity|Electricity,GW,204.7082,250.7157,347.9438,498.1618,679.2071,898.1379,1130.7209,1421.7065,1875.6952,2411.2517,3036.7629
AIM/CGE 2.0,SSP3-Baseline,Countries of the Middle East and Africa,Capacity|Electricity|Biomass,GW,0.1217,0.4647,0.5758,0.868,2.2274,5.6931,10.0521,16.7801,23.0511,25.5612,28.3692
AIM/CGE 2.0,SSP3-Baseline,Countries of the Middle East and Africa,Capacity|Electricity|Coal,GW,51.8478,60.0624,81.906,124.2739,193.234,295.5795,431.5365,643.1722,990.7673,1430.6918,1990.0296
AIM/CGE 2.0,SSP3-Baseline,Countries of the Middle East and Africa,Capacity|Electricity|Gas,GW,75.465,96.1148,130.9607,193.0114,251.9152,328.2886,373.5953,371.4334,352.5427,359.175,359.7703
AIM/CGE 2.0,SSP3-Baseline,Countries of the Middle East and Africa,Capacity|Electricity|Hydro,GW,29.9453,36.072,60.9508,84.8329,112.6862,137.2352,173.1727,221.2989,287.8435,321.386,321.386
AIM/CGE 2.0,SSP3-Baseline,Countries of the Middle East and Africa,Capacity|Electricity|Nuclear,GW,1.9614,1.6176,1.6176,3.6085,3.2577,2.3773,2.2449,2.0864,1.9375,1.8452,1.7525
AIM/CGE 2.0,SSP3-Baseline,Countries of the Middle East and Africa,Capacity|Electricity|Oil,GW,44.7724,54.2859,68.8366,86.2111,105.607,112.2209,111.2917,114.774,113.3417,115.3974,124.93
AIM/CGE 2.0,SSP3-Baseline,Countries of the Middle East and Africa,Capacity|Electricity|Solar,GW,0.1168,1.3509,1.8998,2.9365,4.7165,7.2337,10.6192,18.6932,39.3725,58.0024,76.1917
AIM/CGE 2.0,SSP3-Baseline,Countries of the Middle East and Africa,Capacity|Electricity|Wind,GW,0.3134,0.5788,1.0032,2.1838,5.2754,9.1593,17.7816,32.9478,66.2042,98.419,133.3903
AIM/CGE 2.0,SSP3-Baseline,Countries of the Middle East and Africa,Emissions|CH4,Mt CH4/yr,51.8233,59.1486,76.6893,96.731,117.4799,140.0731,164.077,189.5191,215.6885,241.2299,265.6559
AIM/CGE 2.0,SSP3-Baseline,Countries of the Middle East and Africa,Emissions|CH4|Energy,Mt CH4/yr,21.7134,23.0725,26.0572,29.0668,31.8443,34.3692,36.533,38.97,41.7275,44.4933,47.4754
AIM/CGE 2.0,SSP3-Baseline,Countries of the Middle East and Africa,Emissions|CO2,Mt CO2/yr,3416.455,5785.1905,7478.4878,8279.7723,9273.0162,10482.6842,12004.2158,13317.0651,15001.0639,17456.2214,20579.4722
AIM/CGE 2.0,SSP3-Baseline,Countries of the Middle East and Africa,Emissions|CO2|AFOLU,Mt CO2/yr,963.6573,2877.0963,3532.9223,2995.1829,2536.8846,2233.5225,2259.2662,1963.0496,1651.8499,1358.6316,1135.6341
AIM/CGE 2.0,SSP3-Baseline,Countries of the Middle East and Africa,Emissions|CO2|Energy and Industrial Processes,Mt CO2/yr,2452.7976,2908.0942,3945.5656,5284.5894,6736.1317,8249.1617,9744.9496,11354.0154,13349.214,16097.5899,19443.8381
AIM/CGE 2.0,SSP3-Baseline,Countries of the Middle East and Africa,Emissions|CO2|Energy|Supply|Electricity,Mt CO2/yr,760.1292,916.3187,1198.4417,1676.6798,2266.6128,2987.1153,3759.0287,4731.9797,6218.6468,8243.7684,10848.3208
AIM/CGE 2.0,SSP3-Baseline,Countries of the Middle East and Africa,Final Energy,EJ/yr,30.9421,36.6502,51.0722,68.3982,86.7338,105.2146,123.1134,140.6604,158.8235,182.2462,208.2282
AIM/CGE 2.0,SSP3-Baseline,Countries of the Middle East and Africa,Final Energy|Electricity,EJ/yr,3.2275,4.0218,5.9115,8.5977,11.7715,15.6398,19.5681,24.2048,31.1577,39.5455,49.2832
AIM/CGE 2.0,SSP3-Baseline,Countries of the Middle East and Africa,Final Energy|Gases,EJ/yr,4.5171,5.6902,8.9422,14.0513,20.1704,27.9213,35.6265,41.3568,45.6422,51.3455,55.7441
AIM/CGE 2.0,SSP3-Baseline,Countries of the Middle East and Africa,Final Energy|Industry,EJ/yr,10.0316,11.7046,16.1356,22.4248,29.8007,38.4199,47.2501,56.0356,65.4149,77.5321,90.2578
AIM/CGE 2.0,SSP3-Baseline,Countries of the Middle East and Africa,Final Energy|Liquids,EJ/yr,12.0029,14.4048,20.3962,26.0764,31.2565,33.903,35.406,36.8733,36.938,38.0055,40.1077
AIM/CGE 2.0,SSP3-Baseline,Countries of the Middle East and Africa,Final Energy|Residential and Commercial,EJ/yr,16.1115,18.8038,25.321,32.3718,39.1238,45.2541,50.6604,55.4054,60.146,65.84,71.8821
AIM/CGE 2.0,SSP3-Baseline,Countries of the Middle East and Africa,Final Energy|Solids,EJ/yr,11.149,12.4624,15.6801,19.4387,23.1985,27.2894,31.8949,37.4077,44.0218,51.9852,61.3755
AIM/CGE 2.0,SSP3-Baseline,Countries of the Middle East and Africa,Final Energy|Solids|Biomass,EJ/yr,10.221,11.324,14.0532,17.259900000000002,20.559,24.1534,28.2004,32.9493,38.6524,45.32100000000001,53.1624
AIM/CGE 2.0,SSP3-Baseline,Countries of the Middle East and Africa,Final Energy|Solids|Coal,EJ/yr,0.927999999999998,1.1383,1.6268,2.1787,2.6395,3.1361,3.6944,4.4585,5.3696,6.6641,8.2131
AIM/CGE 2.0,SSP3-Baseline,Countries of the Middle East and Africa,Final Energy|Transportation,EJ/yr,4.799,6.1418,9.6157,13.6016,17.8092,21.5405,25.2029,29.2194,33.2626,38.8744,46.0884
AIM/CGE 2.0,SSP3-Baseline,Countries of the Middle East and Africa,Final Energy|Transportation|Electricity,EJ/yr,0.0285,0.0305,0.0499,0.1118,0.2898,0.7402000000000001,1.5853000000000002,2.9362,5.1972,8.2871,12.1168
AIM/CGE 2.0,SSP3-Baseline,Countries of the Middle East and Africa,Final Energy|Transportation|Liquids,EJ/yr,4.6646,5.9619,9.2928,13.0466,16.9164,20.0153,22.5977,25.0479,26.6404,28.8231,31.7827
AIM/CGE 2.0,SSP3-Baseline,Countries of the Middle East and Africa,Population,million,1101.2485,1237.7147,1559.2277,1933.5148,2335.6354,2759.8867,3175.6913,3568.1882,3942.8011,4294.4495,4617.3853
AIM/CGE 2.0,SSP3-Baseline,Countries of the Middle East and Africa,Primary Energy,EJ/yr,43.169,51.1194,69.9431,93.6636,118.9766,144.9769,170.5057,197.0319,227.5325,268.2608,316.4966
AIM/CGE 2.0,SSP3-Baseline,Countries of the Middle East and Africa,Primary Energy|Biomass,EJ/yr,10.2287,11.3492,14.1543,17.4872,21.0806,25.2608,30.1784,36.4513,43.1762,50.7069,59.3924
AIM/CGE 2.0,SSP3-Baseline,Countries of the Middle East and Africa,Primary Energy|Coal,EJ/yr,4.2829,5.0558,7.0413,10.2345,14.6574,20.8013,29.0209,41.4361,60.9099,86.0633,117.7478
AIM/CGE 2.0,SSP3-Baseline,Countries of the Middle East and Africa,Primary Energy|Fossil,EJ/yr,32.5115,39.2447,54.5663,74.4149,95.5633,116.8661,136.7103,155.8944,178.0273,210.1364,249.0935
AIM/CGE 2.0,SSP3-Baseline,Countries of the Middle East and Africa,Primary Energy|Gas,EJ/yr,12.0915,14.8304,20.7769,30.2116,40.2352,52.449,62.9046,68.5136,71.5328,77.5523,82.2388
AIM/CGE 2.0,SSP3-Baseline,Countries of the Middle East and Africa,Primary Energy|Nuclear,EJ/yr,0.0433,0.0502,0.424,0.6404000000000001,0.8128000000000001,0.9589,1.1544,1.3929,1.6844,1.8646,1.9466
AIM/CGE 2.0,SSP3-Baseline,Countries of the Middle East and Africa,Primary Energy|Oil,EJ/yr,16.1371,19.3586,26.748,33.9688,40.6708,43.6157,44.7848,45.9447,45.5847,46.5207,49.1068
AIM/CGE 2.0,SSP3-Baseline,Countries of the Middle East and Africa,Secondary Energy|Electricity,EJ/yr,4.0669,4.9781,6.8075,9.7356,13.19,17.387,21.6041,26.6135,34.2284,43.7062,55.0848
AIM/CGE 2.0,SSP3-Baseline,Countries of the Middle East and Africa,Secondary Energy|Electricity|Biomass,EJ/yr,0.0027,0.0103,0.0127,0.0192,0.0491,0.1256,0.222,0.3704,0.5088,0.5643,0.6262
AIM/CGE 2.0,SSP3-Baseline,Countries of the Middle East and Africa,Secondary Energy|Electricity|Biomass|w/o CCS,EJ/yr,0.0027,0.0103,0.0127,0.0192,0.0491,0.1256,0.222,0.3704,0.5088,0.5643,0.6262
AIM/CGE 2.0,SSP3-Baseline,Countries of the Middle East and Africa,Secondary Energy|Electricity|Coal,EJ/yr,0.9812,1.1366,1.5498,2.3515,3.6564,5.5929,8.1656,12.1703,18.7474,27.0718,37.6556
AIM/CGE 2.0,SSP3-Baseline,Countries of the Middle East and Africa,Secondary Energy|Electricity|Coal|w/o CCS,EJ/yr,0.9812,1.1366,1.5498,2.3515,3.6564,5.5929,8.1656,12.1703,18.7474,27.0718,37.6556
AIM/CGE 2.0,SSP3-Baseline,Countries of the Middle East and Africa,Secondary Energy|Electricity|Gas,EJ/yr,1.6659000000000002,2.1217,2.8911,4.2609,5.5612,7.2472,8.2475,8.1997,7.7827,7.9291,7.9423
AIM/CGE 2.0,SSP3-Baseline,Countries of the Middle East and Africa,Secondary Energy|Electricity|Gas|w/o CCS,EJ/yr,1.6659000000000002,2.1217,2.8911,4.2609,5.5612,7.2472,8.2475,8.1997,7.7827,7.9291,7.9423
AIM/CGE 2.0,SSP3-Baseline,Countries of the Middle East and Africa,Secondary Energy|Electricity|Geothermal,EJ/yr,0.0036,0.0037,0.0043,0.0052,0.0063,0.0077,0.0094,0.0115,0.013999999999999,0.0171,0.0208
AIM/CGE 2.0,SSP3-Baseline,Countries of the Middle East and Africa,Secondary Energy|Electricity|Hydro,EJ/yr,0.3777,0.455,0.7689,1.0702,1.4215,1.7312,2.1846,2.7917,3.6311,4.0542,4.0542
AIM/CGE 2.0,SSP3-Baseline,Countries of the Middle East and Africa,Secondary Energy|Electricity|Non-Biomass Renewables,EJ/yr,0.3856,0.4754,0.7986000000000001,1.1213,1.5199,1.8913,2.4627,3.2934,4.6445,5.5529,6.064
AIM/CGE 2.0,SSP3-Baseline,Countries of the Middle East and Africa,Secondary Energy|Electricity|Nuclear,EJ/yr,0.0433,0.0357,0.0357,0.0797,0.0719,0.0525,0.0496,0.0461,0.0428,0.0407,0.0387
AIM/CGE 2.0,SSP3-Baseline,Countries of the Middle East and Africa,Secondary Energy|Electricity|Oil,EJ/yr,0.9884,1.1985,1.5196,1.9032,2.3313,2.4774000000000003,2.4569,2.5337,2.5021,2.5475,2.758
AIM/CGE 2.0,SSP3-Baseline,Countries of the Middle East and Africa,Secondary Energy|Electricity|Solar,EJ/yr,0.0009,0.0107,0.0149,0.0231,0.0371,0.057,0.0838,0.1474,0.3105,0.4574,0.6007
AIM/CGE 2.0,SSP3-Baseline,Countries of the Middle East and Africa,Secondary Energy|Electricity|Wind,EJ/yr,0.0033,0.0061,0.0105,0.0227,0.0549,0.0953,0.185,0.3429,0.6890000000000001,1.0242,1.3882
AIM/CGE 2.0,SSP3-Baseline,Latin American countries,Capacity|Electricity,GW,265.7052,296.776,375.3923,466.5106,566.3025,692.6793,791.4248,866.8683,933.2916,994.9148,1068.0449
AIM/CGE 2.0,SSP3-Baseline,Latin American countries,Capacity|Electricity|Biomass,GW,4.2919,4.4103,4.9446,5.7662,8.0438,13.3965,20.9416,31.5788,42.5033,53.0387,69.0639
AIM/CGE 2.0,SSP3-Baseline,Latin American countries,Capacity|Electricity|Coal,GW,10.2091,12.8749,20.6899,33.3687,47.0894,61.9198,81.595,107.8518,141.3806,171.7062,213.3641
AIM/CGE 2.0,SSP3-Baseline,Latin American countries,Capacity|Electricity|Gas,GW,36.7479,42.8278,60.2766,84.2441,102.9864,116.4401,123.594,129.8197,136.6889,136.4136,122.9035
AIM/CGE 2.0,SSP3-Baseline,Latin American countries,Capacity|Electricity|Hydro,GW,182.1163,200.4001,238.9074,277.4813,329.2152,411.052,464.4839,484.6432,484.6432,484.6432,484.6432
AIM/CGE 2.0,SSP3-Baseline,Latin American countries,Capacity|Electricity|Nuclear,GW,4.4243,4.8682,9.1699,9.4893,9.3104,8.027999999999999,6.9631,6.0968,5.4362,4.9216,4.7473
AIM/CGE 2.0,SSP3-Baseline,Latin American countries,Capacity|Electricity|Oil,GW,26.1548,28.8797,37.4382,48.4775,57.6183,65.10600000000001,70.2863,77.1428,84.2923,93.9722,103.4368
AIM/CGE 2.0,SSP3-Baseline,Latin American countries,Capacity|Electricity|Solar,GW,0.016,0.5997,1.1595,2.4657,3.9193,5.5953,7.6443,9.799,12.8712,17.1877,24.5149
AIM/CGE 2.0,SSP3-Baseline,Latin American countries,Capacity|Electricity|Wind,GW,0.1668,0.2651,0.7946000000000001,2.7658,5.1306,7.5638,11.7155,15.0538,19.849,26.6201,38.1127
AIM/CGE 2.0,SSP3-Baseline,Latin American countries,Emissions|CH4,Mt CH4/yr,46.1886,49.3141,56.82100000000001,63.9745,69.8546,75.1916,79.9393,84.3557,88.69,92.9399,97.4023
AIM/CGE 2.0,SSP3-Baseline,Latin American countries,Emissions|CH4|Energy,Mt CH4/yr,7.8111,8.104800000000001,8.9209,9.68,10.2602,10.894,11.5259,12.2171,12.9295,13.5654,14.2486
AIM/CGE 2.0,SSP3-Baseline,Latin American countries,Emissions|CO2,Mt CO2/yr,2409.7627,2535.6668,3091.3896,3414.6397,3644.9107,3877.649,4271.8596,4682.8408,5134.9036,5610.9505,6049.2767
AIM/CGE 2.0,SSP3-Baseline,Latin American countries,Emissions|CO2|AFOLU,Mt CO2/yr,902.9781,870.4894,942.2489,737.4903,547.2040000000002,417.4163,435.1653,412.5362,378.9883,406.5256,470.2283
AIM/CGE 2.0,SSP3-Baseline,Latin American countries,Emissions|CO2|Energy and Industrial Processes,Mt CO2/yr,1506.7846,1665.1774,2149.1406,2677.1494,3097.7068,3460.2327,3836.6943,4270.3046,4755.9152,5204.4251,5579.0484
AIM/CGE 2.0,SSP3-Baseline,Latin American countries,Emissions|CO2|Energy|Supply|Electricity,Mt CO2/yr,267.914,307.3715,423.9073,585.5152,722.1146,836.5671,960.2026,1115.8584,1305.1796,1472.7522,1651.2216
AIM/CGE 2.0,SSP3-Baseline,Latin American countries,Final Energy,EJ/yr,20.847,23.0753,29.7197,36.5057,42.1211,47.3987,52.4544,57.6341,63.0545,68.2801,72.5328
AIM/CGE 2.0,SSP3-Baseline,Latin American countries,Final Energy|Electricity,EJ/yr,3.3519,3.792,4.9613,6.3566,7.8144,9.5587,11.0059,12.2826,13.5183,14.6543,15.925
AIM/CGE 2.0,SSP3-Baseline,Latin American countries,Final Energy|Gases,EJ/yr,3.0409,3.4702,4.8741,6.6338,8.3728,10.062,11.9943,14.0821,16.3696,18.4413,19.5646
AIM/CGE 2.0,SSP3-Baseline,Latin American countries,Final Energy|Industry,EJ/yr,9.2716,10.0004,12.3668,15.0586,17.2322,19.2489,21.1359,23.0089,24.9445,26.7092,28.1257
AIM/CGE 2.0,SSP3-Baseline,Latin American countries,Final Energy|Liquids,EJ/yr,10.7292,11.708,14.7296,17.3804,19.1544,20.4725,21.6679,22.9981,24.3921,25.9918,27.3326
AIM/CGE 2.0,SSP3-Baseline,Latin American countries,Final Energy|Residential and Commercial,EJ/yr,6.21,6.8302,8.6249,10.3279,11.7089,13.003,14.1648,15.2715,16.3478,17.2619,17.7809
AIM/CGE 2.0,SSP3-Baseline,Latin American countries,Final Energy|Solids,EJ/yr,3.7122,4.0847,5.1051,6.0419,6.6322,7.0942,7.5041,7.9117,8.3351,8.6878,9.1418
AIM/CGE 2.0,SSP3-Baseline,Latin American countries,Final Energy|Solids|Biomass,EJ/yr,3.1616,3.4658,4.2757,5.0055,5.468999999999999,5.8107,6.0951,6.3554,6.6275,6.9001,7.2274
AIM/CGE 2.0,SSP3-Baseline,Latin American countries,Final Energy|Solids|Coal,EJ/yr,0.5507000000000001,0.6189,0.8294,1.0363,1.1632,1.2835,1.409,1.5564,1.7075,1.7876,1.9144
AIM/CGE 2.0,SSP3-Baseline,Latin American countries,Final Energy|Transportation,EJ/yr,5.3655,6.2448,8.7281,11.1192,13.18,15.1469,17.1537,19.3538,21.7621,24.309,26.6263
AIM/CGE 2.0,SSP3-Baseline,Latin American countries,Final Energy|Transportation|Electricity,EJ/yr,0.0133,0.0146,0.0307,0.0706,0.1713,0.3837,0.7055,1.1217,1.6311,2.1581,2.7024
AIM/CGE 2.0,SSP3-Baseline,Latin American countries,Final Energy|Transportation|Liquids,EJ/yr,5.0974,5.9224,8.2254,10.3899,12.1589,13.7095,15.1745,16.7234,18.3663,20.1564,21.757
AIM/CGE 2.0,SSP3-Baseline,Latin American countries,Population,million,557.1652,590.2103,664.8341,744.054,815.9183,882.4591,941.458,994.7173,1045.7791,1096.6858,1148.8949
AIM/CGE 2.0,SSP3-Baseline,Latin American countries,Primary Energy,EJ/yr,26.2813,29.0267,37.2735,46.125,53.4945,60.4573,67.3109,74.6622,82.5815,90.1562,96.9188
AIM/CGE 2.0,SSP3-Baseline,Latin American countries,Primary Energy|Biomass,EJ/yr,3.6694,4.0466,5.0686,6.0379,6.8235,7.697999999999999,8.7052,9.9317,11.3166,12.8313,15.0346
AIM/CGE 2.0,SSP3-Baseline,Latin American countries,Primary Energy|Coal,EJ/yr,1.3132,1.5422,2.2252,3.1394,3.9472,4.7588,5.8756,7.3281,9.1323,10.7294,12.8901
AIM/CGE 2.0,SSP3-Baseline,Latin American countries,Primary Energy|Fossil,EJ/yr,20.1803,22.3007,28.9268,36.275,42.1623,47.1949,52.3176,58.1406,64.5989,70.5485,74.9155
AIM/CGE 2.0,SSP3-Baseline,Latin American countries,Primary Energy|Gas,EJ/yr,6.0454,6.7962,9.1733,12.2551,15.0505,17.583,20.1339,22.843,25.8021,28.1812,28.8955
AIM/CGE 2.0,SSP3-Baseline,Latin American countries,Primary Energy|Nuclear,EJ/yr,0.0976,0.1075,0.2025,0.2095,0.2056,0.1772,0.1538,0.1346,0.12,0.1087,0.1048
AIM/CGE 2.0,SSP3-Baseline,Latin American countries,Primary Energy|Oil,EJ/yr,12.8216,13.9623,17.5283,20.8805,23.1645,24.8531,26.3081,27.9695,29.6645,31.6379,33.1299
AIM/CGE 2.0,SSP3-Baseline,Latin American countries,Secondary Energy|Electricity,EJ/yr,4.1082,4.6034,5.9358,7.5008,9.1229,11.0395,12.5743,13.8968,15.1578,16.2822,17.5272
AIM/CGE 2.0,SSP3-Baseline,Latin American countries,Secondary Energy|Electricity|Biomass,EJ/yr,0.0947,0.0974,0.1092,0.1273,0.1775,0.2958,0.4623,0.6971,0.9383,1.1709,1.5246
AIM/CGE 2.0,SSP3-Baseline,Latin American countries,Secondary Energy|Electricity|Biomass|w/o CCS,EJ/yr,0.0947,0.0974,0.1092,0.1273,0.1775,0.2958,0.4623,0.6971,0.9383,1.1709,1.5246
AIM/CGE 2.0,SSP3-Baseline,Latin American countries,Secondary Energy|Electricity|Coal,EJ/yr,0.1932,0.2436,0.3915,0.6314000000000001,0.890999999999998,1.1716,1.5439,2.0408,2.6752,3.248999999999999,4.0373
AIM/CGE 2.0,SSP3-Baseline,Latin American countries,Secondary Energy|Electricity|Coal|w/o CCS,EJ/yr,0.1932,0.2436,0.3915,0.6314000000000001,0.890999999999998,1.1716,1.5439,2.0408,2.6752,3.248999999999999,4.0373
AIM/CGE 2.0,SSP3-Baseline,Latin American countries,Secondary Energy|Electricity|Gas,EJ/yr,0.8113,0.9454,1.3306,1.8597,2.2735,2.5706,2.7285,2.8658,3.0175,3.0114,2.7132
AIM/CGE 2.0,SSP3-Baseline,Latin American countries,Secondary Energy|Electricity|Gas|w/o CCS,EJ/yr,0.8113,0.9454,1.3306,1.8597,2.2735,2.5706,2.7285,2.8658,3.0175,3.0114,2.7132
AIM/CGE 2.0,SSP3-Baseline,Latin American countries,Secondary Energy|Electricity|Geothermal,EJ/yr,0.0348,0.0364,0.0444,0.0541,0.066,0.079,0.0927,0.1078,0.1242,0.1415,0.1602
AIM/CGE 2.0,SSP3-Baseline,Latin American countries,Secondary Energy|Electricity|Hydro,EJ/yr,2.2973,2.528,3.0137,3.5003,4.153,5.1853,5.8594,6.1137,6.1137,6.1137,6.1137
AIM/CGE 2.0,SSP3-Baseline,Latin American countries,Secondary Energy|Electricity|Non-Biomass Renewables,EJ/yr,2.3341,2.5719000000000003,3.0756,3.6027,4.3033,5.3871,6.1343,6.4554,6.546,6.6678,6.8638
AIM/CGE 2.0,SSP3-Baseline,Latin American countries,Secondary Energy|Electricity|Nuclear,EJ/yr,0.0976,0.1075,0.2025,0.2095,0.2056,0.1772,0.1538,0.1346,0.12,0.1087,0.1048
AIM/CGE 2.0,SSP3-Baseline,Latin American countries,Secondary Energy|Electricity|Oil,EJ/yr,0.5774,0.6376000000000001,0.8265,1.0702,1.2719,1.4373,1.5516,1.703,1.8609,2.0745,2.2835
AIM/CGE 2.0,SSP3-Baseline,Latin American countries,Secondary Energy|Electricity|Solar,EJ/yr,0.0001,0.0047,0.0092,0.0194,0.031,0.0441,0.0603,0.0773,0.1015,0.1355,0.1933
AIM/CGE 2.0,SSP3-Baseline,Latin American countries,Secondary Energy|Electricity|Wind,EJ/yr,0.0017,0.0028,0.0083,0.0288,0.0534,0.0787,0.1219,0.1567,0.2066,0.2771,0.3967
AIM/CGE 2.0,SSP3-Baseline,OECD90 and EU (and EU candidate) countries,Capacity|Electricity,GW,1916.5168,2061.9136,2329.3255,2550.3186,2786.4485,3089.7021,3314.9922,3545.5469,3719.0468,3842.8504,3957.1289
AIM/CGE 2.0,SSP3-Baseline,OECD90 and EU (and EU candidate) countries,Capacity|Electricity|Biomass,GW,48.5658,48.1863,53.3788,59.5071,69.2209,91.1467,117.3592,148.0176,173.1804,180.3167,187.8658
AIM/CGE 2.0,SSP3-Baseline,OECD90 and EU (and EU candidate) countries,Capacity|Electricity|Coal,GW,704.0272,801.4115,991.1787,1157.6326,1362.1913,1626.2705,1874.5,2146.6445,2362.3357,2536.7862,2690.5329
AIM/CGE 2.0,SSP3-Baseline,OECD90 and EU (and EU candidate) countries,Capacity|Electricity|Gas,GW,317.5567,324.0519,347.5938,351.4048,326.3718,300.7608,270.0791,234.6021,206.5366,178.8526,151.5443
AIM/CGE 2.0,SSP3-Baseline,OECD90 and EU (and EU candidate) countries,Capacity|Electricity|Hydro,GW,375.3309,407.7132,440.0705,457.8371,492.8002,551.1084,591.6887,597.1852,597.1852,597.1852,597.1852
AIM/CGE 2.0,SSP3-Baseline,OECD90 and EU (and EU candidate) countries,Capacity|Electricity|Nuclear,GW,362.4028,355.9511,344.5515,347.4461,331.6993,295.1208,227.1903,174.0617,128.848,93.3491,67.2269
AIM/CGE 2.0,SSP3-Baseline,OECD90 and EU (and EU candidate) countries,Capacity|Electricity|Oil,GW,71.1784,75.5023,85.9903,91.1247,96.1029,95.0967,84.335,74.8056,63.4978,53.8812,43.9216
AIM/CGE 2.0,SSP3-Baseline,OECD90 and EU (and EU candidate) countries,Capacity|Electricity|Solar,GW,1.0911,4.91,10.643,19.8032,32.9583,48.9171,57.3181,65.3106,72.0853,78.3377,85.2105
AIM/CGE 2.0,SSP3-Baseline,OECD90 and EU (and EU candidate) countries,Capacity|Electricity|Wind,GW,32.0849,39.8259,50.7743,59.8972,69.1432,75.0707,86.1463,98.4474,108.9498,117.8309,127.477
AIM/CGE 2.0,SSP3-Baseline,OECD90 and EU (and EU candidate) countries,Emissions|CH4,Mt CH4/yr,71.6535,74.2638,79.7597,82.7659,84.4172,85.1527,84.9294,84.1475,82.7007,80.6865,78.3782
AIM/CGE 2.0,SSP3-Baseline,OECD90 and EU (and EU candidate) countries,Emissions|CH4|Energy,Mt CH4/yr,23.9069,24.3244,25.6616,26.4965,27.3798,28.3922,29.2007,29.9893,30.5784,30.9068,31.1192
AIM/CGE 2.0,SSP3-Baseline,OECD90 and EU (and EU candidate) countries,Emissions|CO2,Mt CO2/yr,13280.7596,14361.2338,15951.279,16689.9806,17316.2272,17799.5212,18231.9794,18662.758,18828.6779,18905.521,18897.3681
AIM/CGE 2.0,SSP3-Baseline,OECD90 and EU (and EU candidate) countries,Emissions|CO2|AFOLU,Mt CO2/yr,257.745,890.9909,762.7108,462.6196,356.1823,266.7677,220.5439,140.6243,70.016,33.0054,-6.881
AIM/CGE 2.0,SSP3-Baseline,OECD90 and EU (and EU candidate) countries,Emissions|CO2|Energy and Industrial Processes,Mt CO2/yr,13023.0145,13470.2428,15188.5683,16227.3609,16960.0449,17532.7537,18011.4357,18522.1339,18758.662,18872.5157,18904.2491
AIM/CGE 2.0,SSP3-Baseline,OECD90 and EU (and EU candidate) countries,Emissions|CO2|Energy|Supply|Electricity,Mt CO2/yr,4298.4156,4745.0401,5623.7231,6307.7451,7061.86,8010.0362,8930.3834,9943.9821,10729.4993,11350.8405,11882.5073
AIM/CGE 2.0,SSP3-Baseline,OECD90 and EU (and EU candidate) countries,Final Energy,EJ/yr,152.8387,155.3854,172.3476,181.7319,185.1031,184.0402,180.9819,177.0861,171.7909,166.1571,160.3736
AIM/CGE 2.0,SSP3-Baseline,OECD90 and EU (and EU candidate) countries,Final Energy|Electricity,EJ/yr,31.5526,33.8216,38.3325,42.0518,45.6283,50.132,53.2937,56.761,59.3967,61.2363,62.9355
AIM/CGE 2.0,SSP3-Baseline,OECD90 and EU (and EU candidate) countries,Final Energy|Gases,EJ/yr,32.3277,33.301,39.2436,43.7394,44.9659,44.7914,46.0873,45.9244,45.8622,45.1713,43.8223
AIM/CGE 2.0,SSP3-Baseline,OECD90 and EU (and EU candidate) countries,Final Energy|Heat,EJ/yr,2.2219,2.3371,2.5526,2.7339,2.8976,3.0564,3.1438,3.255,3.3093,3.3296,3.3764
AIM/CGE 2.0,SSP3-Baseline,OECD90 and EU (and EU candidate) countries,Final Energy|Industry,EJ/yr,52.0812,51.7254,54.692,55.73,55.5673,54.8756,54.0143,53.0058,51.7545,50.3726,49.1707
AIM/CGE 2.0,SSP3-Baseline,OECD90 and EU (and EU candidate) countries,Final Energy|Liquids,EJ/yr,74.8561,74.4427,80.2424,80.9359,79.0589,73.2648,65.5437,58.1815,50.449,43.9386,37.9515
AIM/CGE 2.0,SSP3-Baseline,OECD90 and EU (and EU candidate) countries,Final Energy|Residential and Commercial,EJ/yr,54.9939,56.4654,63.3853,67.6773,69.3888,69.6553,69.2282,68.0612,66.2248,63.9539,61.3831
AIM/CGE 2.0,SSP3-Baseline,OECD90 and EU (and EU candidate) countries,Final Energy|Solids,EJ/yr,11.6946,11.2152,11.4756,11.5351,11.6098,11.6807,11.6537,11.593,11.3276,10.9891,10.7528
AIM/CGE 2.0,SSP3-Baseline,OECD90 and EU (and EU candidate) countries,Final Energy|Solids|Biomass,EJ/yr,5.3316,5.4442,5.9837,6.3208,6.5081,6.5675,6.5241,6.4202,6.2023,5.9346,5.6611
AIM/CGE 2.0,SSP3-Baseline,OECD90 and EU (and EU candidate) countries,Final Energy|Solids|Coal,EJ/yr,6.3629,5.7709,5.4919,5.2142,5.1019,5.1131,5.1295,5.1727,5.1254,5.0547,5.0918
AIM/CGE 2.0,SSP3-Baseline,OECD90 and EU (and EU candidate) countries,Final Energy|Transportation,EJ/yr,45.7637,47.1945,54.2702,58.3248,60.147,59.5094,57.7394,56.0194,53.8116,51.8303,49.82
AIM/CGE 2.0,SSP3-Baseline,OECD90 and EU (and EU candidate) countries,Final Energy|Transportation|Electricity,EJ/yr,0.4196,0.4057,0.4716,0.7147,1.317,2.5608,4.5185,7.0322,9.8075,12.3268,14.6341
AIM/CGE 2.0,SSP3-Baseline,OECD90 and EU (and EU candidate) countries,Final Energy|Transportation|Liquids,EJ/yr,44.1952,45.5279,52.1551,55.6436,56.6241,54.5788,50.7001,46.371,41.3385,36.8318,32.519800000000004
AIM/CGE 2.0,SSP3-Baseline,OECD90 and EU (and EU candidate) countries,Population,million,1082.6538,1114.9695,1152.9071,1159.269,1145.5137,1116.1127,1074.7095,1025.5579,973.3433,919.666,864.8948
AIM/CGE 2.0,SSP3-Baseline,OECD90 and EU (and EU candidate) countries,Primary Energy,EJ/yr,201.2718,207.2109,231.85,246.9414,256.4041,263.0503,267.6033,271.9243,272.6733,271.113,268.7016
AIM/CGE 2.0,SSP3-Baseline,OECD90 and EU (and EU candidate) countries,Primary Energy|Biomass,EJ/yr,8.0831,8.8034,10.5698,12.7653,15.3747,18.8703,22.5139,25.9916,28.5537,29.5615,30.3441
AIM/CGE 2.0,SSP3-Baseline,OECD90 and EU (and EU candidate) countries,Primary Energy|Coal,EJ/yr,45.7846,50.0756,59.282,66.8317,76.0554,87.8212,99.7484,112.7921,122.8919,130.9782,138.1707
AIM/CGE 2.0,SSP3-Baseline,OECD90 and EU (and EU candidate) countries,Primary Energy|Fossil,EJ/yr,179.9615,184.7979,207.1691,219.4654,225.9894,228.9999,230.735,232.5554,231.6328,229.7521,227.0136
AIM/CGE 2.0,SSP3-Baseline,OECD90 and EU (and EU candidate) countries,Primary Energy|Gas,EJ/yr,49.7863,50.9128,57.8613,62.4497,62.5196,61.1791,60.9644,59.1074,57.6998,55.6728,53.0328
AIM/CGE 2.0,SSP3-Baseline,OECD90 and EU (and EU candidate) countries,Primary Energy|Nuclear,EJ/yr,8.0078,7.87,7.7805,7.9715,7.6483,6.8572,5.3326,4.0913,3.0383,2.212,1.6056
AIM/CGE 2.0,SSP3-Baseline,OECD90 and EU (and EU candidate) countries,Primary Energy|Oil,EJ/yr,84.3906,83.8095,90.0262,90.1839,87.4144,79.9994,70.0223,60.6562,51.0411,43.10100000000001,35.81
AIM/CGE 2.0,SSP3-Baseline,OECD90 and EU (and EU candidate) countries,Secondary Energy|Electricity,EJ/yr,36.1824,38.6337,43.4269,47.3798,51.3252,56.3416,59.9011,63.8244,66.7554,68.7453,70.5725
AIM/CGE 2.0,SSP3-Baseline,OECD90 and EU (and EU candidate) countries,Secondary Energy|Electricity|Biomass,EJ/yr,1.0721,1.0638,1.1785,1.3137,1.5281,2.0121,2.5908,3.2676,3.8232,3.9806,4.1472
AIM/CGE 2.0,SSP3-Baseline,OECD90 and EU (and EU candidate) countries,Secondary Energy|Electricity|Biomass|w/o CCS,EJ/yr,1.0721,1.0638,1.1785,1.3137,1.5281,2.0121,2.5908,3.2676,3.8232,3.9806,4.1472
AIM/CGE 2.0,SSP3-Baseline,OECD90 and EU (and EU candidate) countries,Secondary Energy|Electricity|Coal,EJ/yr,13.3218,15.1645,18.7552,21.9049,25.7754,30.7725,35.4695,40.6192,44.7005,48.0014,50.9108
AIM/CGE 2.0,SSP3-Baseline,OECD90 and EU (and EU candidate) countries,Secondary Energy|Electricity|Coal|w/o CCS,EJ/yr,13.3218,15.1645,18.7552,21.9049,25.7754,30.7725,35.4695,40.6192,44.7005,48.0014,50.9108
AIM/CGE 2.0,SSP3-Baseline,OECD90 and EU (and EU candidate) countries,Secondary Energy|Electricity|Gas,EJ/yr,7.0103,7.1537,7.6735,7.7576,7.2048,6.6395,5.9621,5.1791,4.5596,3.9484,3.3454
AIM/CGE 2.0,SSP3-Baseline,OECD90 and EU (and EU candidate) countries,Secondary Energy|Electricity|Gas|w/o CCS,EJ/yr,7.0103,7.1537,7.6735,7.7576,7.2048,6.6395,5.9621,5.1791,4.5596,3.9484,3.3454
AIM/CGE 2.0,SSP3-Baseline,OECD90 and EU (and EU candidate) countries,Secondary Energy|Electricity|Geothermal,EJ/yr,0.0944,0.0963,0.1135,0.125,0.1315,0.1371,0.1408,0.1429,0.1419,0.1392,0.1361
AIM/CGE 2.0,SSP3-Baseline,OECD90 and EU (and EU candidate) countries,Secondary Energy|Electricity|Hydro,EJ/yr,4.7347,5.1432,5.5513,5.7754,6.2167,6.9522,7.4641,7.5333,7.5333,7.5333,7.5333
AIM/CGE 2.0,SSP3-Baseline,OECD90 and EU (and EU candidate) countries,Secondary Energy|Electricity|Non-Biomass Renewables,EJ/yr,5.2064,5.727,6.3153,6.7218,7.3725,8.3032,9.0012,9.2646,9.4263,9.5649,9.7154
AIM/CGE 2.0,SSP3-Baseline,OECD90 and EU (and EU candidate) countries,Secondary Energy|Electricity|Nuclear,EJ/yr,8.0003,7.8579,7.6062,7.6702,7.3224,6.515,5.0154,3.8427,2.8445,2.0608,1.4841
AIM/CGE 2.0,SSP3-Baseline,OECD90 and EU (and EU candidate) countries,Secondary Energy|Electricity|Oil,EJ/yr,1.5713,1.6667,1.8983,2.0117,2.1215,2.0993,1.8617,1.6513,1.4017,1.1894,0.9696
AIM/CGE 2.0,SSP3-Baseline,OECD90 and EU (and EU candidate) countries,Secondary Energy|Electricity|Solar,EJ/yr,0.0086,0.0387,0.0837,0.1561,0.2599,0.3857,0.452,0.515,0.5683,0.6176,0.6719
AIM/CGE 2.0,SSP3-Baseline,OECD90 and EU (and EU candidate) countries,Secondary Energy|Electricity|Wind,EJ/yr,0.3339,0.4144,0.5284,0.6233000000000001,0.7196,0.7812,0.8965000000000001,1.0245,1.1339,1.2262,1.3267
AIM/CGE 2.0,SSP3-Baseline,World,Capacity|Electricity,GW,3509.8741,3958.7563,4997.7639,6151.3719,7270.5608,8559.190999999999,9573.9946,10537.9869,11555.6031,12614.9369,13777.8748
AIM/CGE 2.0,SSP3-Baseline,World,Capacity|Electricity|Biomass,GW,61.511,61.4885,68.3768,77.3847,96.2335,142.8895,206.1249,292.5306,378.8032,441.1172,524.289
AIM/CGE 2.0,SSP3-Baseline,World,Capacity|Electricity|Coal,GW,1336.7069,1570.9997,2110.0594,2791.207000000001,3496.536,4309.2214,5048.0889,5868.6569,6715.0171,7610.4442,8586.2624
AIM/CGE 2.0,SSP3-Baseline,World,Capacity|Electricity|Gas,GW,604.4403,661.8919999999998,783.6254,940.2569,1052.6563,1165.4328,1188.2509,1147.2017,1096.2779,1049.9074,1005.416
AIM/CGE 2.0,SSP3-Baseline,World,Capacity|Electricity|Hydro,GW,826.382,937.6342,1159.7937,1316.0798,1528.4633,1859.3316,2076.5545,2159.6404,2237.1183,2283.1613,2296.3684
AIM/CGE 2.0,SSP3-Baseline,World,Capacity|Electricity|Nuclear,GW,446.4509,449.3162,524.5556,592.5745,575.1862,494.9324,409.7721,342.2928,283.2221,236.0092,206.137
AIM/CGE 2.0,SSP3-Baseline,World,Capacity|Electricity|Oil,GW,188.9644,213.0396,263.8251,312.7029,357.2171,375.3293,365.6244,368.849,368.2831,381.2876,375.2147
AIM/CGE 2.0,SSP3-Baseline,World,Capacity|Electricity|Solar,GW,1.2895,11.7908,19.4,33.1709,53.8618,81.5896,108.3326,139.5087,186.9195,241.6192,309.9962
AIM/CGE 2.0,SSP3-Baseline,World,Capacity|Electricity|Wind,GW,35.3325,43.4013,57.1599,75.2413,95.8726,114.2928,153.5991,200.2114,269.4603,349.4753,450.7418
AIM/CGE 2.0,SSP3-Baseline,World,Emissions|CH4,Mt CH4/yr,350.2723,376.871,436.138,490.1343,533.7495,574.8427,614.6305,654.5978,694.8448,734.2178,774.1197
AIM/CGE 2.0,SSP3-Baseline,World,Emissions|CH4|Energy,Mt CH4/yr,122.3602,127.3529,139.8309,150.8886,159.171,167.2693,175.168,183.6506,192.4702,201.197,211.0227
AIM/CGE 2.0,SSP3-Baseline,World,Emissions|CO2,Mt CO2/yr,34373.9345,39560.7523,48502.7069,55000.8865,59877.3054,64001.363,67962.2952,71792.6657,75571.4584,80137.1834,85214.9655
AIM/CGE 2.0,SSP3-Baseline,World,Emissions|CO2|AFOLU,Mt CO2/yr,4777.8507,6923.0062,7414.4496,5841.9712,4637.8574,3794.8895,3739.5896,3312.0178,2843.3053,2564.9364,2656.1211
AIM/CGE 2.0,SSP3-Baseline,World,Emissions|CO2|Energy and Industrial Processes,Mt CO2/yr,29596.0838,32637.7461,41088.2572,49158.9153,55239.4479,60206.4735,64222.7057,68480.6479,72728.1532,77572.247,82558.8444
AIM/CGE 2.0,SSP3-Baseline,World,Emissions|CO2|Energy|Supply|Electricity,Mt CO2/yr,9783.3702,11264.4487,14518.692,18559.8,22394.0609,26352.0317,29723.4062,33286.9598,36880.08,40801.1255,45067.3686
AIM/CGE 2.0,SSP3-Baseline,World,Final Energy,EJ/yr,334.1608,361.7894,448.476,525.7075,580.1994,619.3906,649.0768,678.7053,708.6544,743.3955,778.9788
AIM/CGE 2.0,SSP3-Baseline,World,Final Energy|Electricity,EJ/yr,54.6435,61.4325,77.7363,96.4298,114.125,133.842,149.1671,164.4068,180.344,196.8061,214.6329
AIM/CGE 2.0,SSP3-Baseline,World,Final Energy|Gases,EJ/yr,53.8198,57.9202,74.6253,92.8708,107.1556,120.7742,136.6742,148.9803,160.7483,172.1379,183.8936
AIM/CGE 2.0,SSP3-Baseline,World,Final Energy|Heat,EJ/yr,11.0589,12.6044,15.8037,19.2949,21.9069,23.3945,23.462,23.472,23.4344,23.3881,23.6885
AIM/CGE 2.0,SSP3-Baseline,World,Final Energy|Industry,EJ/yr,127.007,134.1867,162.0519,190.8273,213.2153,232.6463,249.3963,266.504,284.5052,304.8765,325.9331
AIM/CGE 2.0,SSP3-Baseline,World,Final Energy|Liquids,EJ/yr,142.4058,153.2425,189.3117,212.0373,222.171,218.4216,209.3698,202.8586,195.7335,191.6184,184.7021
AIM/CGE 2.0,SSP3-Baseline,World,Final Energy|Residential and Commercial,EJ/yr,124.0847,135.3947,166.2422,192.0628,209.1842,220.711,228.2857,234.4496,240.1157,246.0698,251.7768
AIM/CGE 2.0,SSP3-Baseline,World,Final Energy|Solids,EJ/yr,71.4499,75.4406,88.7799,101.6236,110.3668,117.6228,124.3372,132.2877,141.1376,151.6526,163.8378
AIM/CGE 2.0,SSP3-Baseline,World,Final Energy|Solids|Biomass,EJ/yr,42.4489,44.9515,51.7704,59.04600000000001,65.1974,70.9768,76.7886,83.24700000000001,90.6822,99.1394,109.0032
AIM/CGE 2.0,SSP3-Baseline,World,Final Energy|Solids|Coal,EJ/yr,29.001,30.4891,37.0095,42.5777,45.1695,46.646,47.5485,49.0407,50.4554,52.5132,54.8346
AIM/CGE 2.0,SSP3-Baseline,World,Final Energy|Transportation,EJ/yr,83.0691,92.208,120.1819,142.8174,157.7998,166.0333,171.3948,177.7517,184.0335,192.4491,201.2689
AIM/CGE 2.0,SSP3-Baseline,World,Final Energy|Transportation|Electricity,EJ/yr,0.9732,1.0253,1.2513,1.8169,3.1208,5.894,10.3553,16.2665,23.4888,31.3044,39.718
AIM/CGE 2.0,SSP3-Baseline,World,Final Energy|Transportation|Liquids,EJ/yr,78.388,86.775,112.4018,132.3024,144.3567,148.6817,148.5996,148.2483,146.6869,146.6911,146.5945
AIM/CGE 2.0,SSP3-Baseline,World,GDP|PPP,billion US$2010/yr,60200.92727000001,71293.99101,107192.7966,143442.2,170034.7,191019.4,209092.4,228685.6,249407.4,271789.1,297291.5
AIM/CGE 2.0,SSP3-Baseline,World,Population,million,6490.9879,6879.5896,7697.8539,8514.3073,9257.2202,9957.1308,10574.3619,11117.3765,11633.4153,12134.327,12620.1355
AIM/CGE 2.0,SSP3-Baseline,World,Primary Energy,EJ/yr,448.2861,489.7241,609.5902,724.8359,813.4763,887.2089,947.4471,1009.5513,1071.7336,1141.535,1215.2414
AIM/CGE 2.0,SSP3-Baseline,World,Primary Energy|Biomass,EJ/yr,46.1461,49.3812,57.9782,67.9508,78.0072,89.96340000000002,103.3375,118.8608,134.5324,149.7461,168.1904
AIM/CGE 2.0,SSP3-Baseline,World,Primary Energy|Coal,EJ/yr,118.2456,134.4127,175.4854,222.2494,263.7164,306.6587,346.9111,392.0646,438.3159,488.4998,542.8157
AIM/CGE 2.0,SSP3-Baseline,World,Primary Energy|Fossil,EJ/yr,381.2207,417.7632,523.7787,624.9314,700.5953,759.3441,804.5239,850.6112,896.0844,949.7005,1003.7761
AIM/CGE 2.0,SSP3-Baseline,World,Primary Energy|Gas,EJ/yr,98.7236,106.729,131.3773,159.9289,182.1498,202.7898,219.8977,229.6763,238.176,246.7727,256.1176
AIM/CGE 2.0,SSP3-Baseline,World,Primary Energy|Nuclear,EJ/yr,9.8751,9.9571,12.1597,13.9665,13.7857,12.19,10.4796,9.1604,8.0944,7.1901,6.5836
AIM/CGE 2.0,SSP3-Baseline,World,Primary Energy|Oil,EJ/yr,164.2515,176.6215,216.916,242.7531,254.7291,249.8956,237.7151,228.8703,219.5925,214.4281,204.8428
AIM/CGE 2.0,SSP3-Baseline,World,Secondary Energy|Electricity,EJ/yr,65.0535,72.928,91.7981,113.2356,133.1776,155.3253,172.5056,189.4271,207.0087,225.4243,245.7419
AIM/CGE 2.0,SSP3-Baseline,World,Secondary Energy|Electricity|Biomass,EJ/yr,1.3579,1.3574,1.5095,1.7083,2.1244,3.1544,4.5504,6.4579,8.3624,9.738,11.5741
AIM/CGE 2.0,SSP3-Baseline,World,Secondary Energy|Electricity|Biomass|w/o CCS,EJ/yr,1.3579,1.3574,1.5095,1.7083,2.1244,3.1544,4.5504,6.4579,8.3624,9.738,11.5741
AIM/CGE 2.0,SSP3-Baseline,World,Secondary Energy|Electricity|Coal,EJ/yr,25.2933,29.7267,39.9268,52.8156,66.1619,81.53960000000002,95.5206,111.0475,127.0624,144.0058,162.4704
AIM/CGE 2.0,SSP3-Baseline,World,Secondary Energy|Electricity|Coal|w/o CCS,EJ/yr,25.2933,29.7267,39.9268,52.8156,66.1619,81.53960000000002,95.5206,111.0475,127.0624,144.0058,162.4704
AIM/CGE 2.0,SSP3-Baseline,World,Secondary Energy|Electricity|Gas,EJ/yr,13.3435,14.6118,17.2992,20.7569,23.2382,25.7279,26.2316,25.3254,24.2012,23.1776,22.1954
AIM/CGE 2.0,SSP3-Baseline,World,Secondary Energy|Electricity|Gas|w/o CCS,EJ/yr,13.3435,14.6118,17.2992,20.7569,23.2382,25.7279,26.2316,25.3254,24.2012,23.1776,22.1954
AIM/CGE 2.0,SSP3-Baseline,World,Secondary Energy|Electricity|Geothermal,EJ/yr,0.1942,0.203,0.2421,0.2815,0.3209,0.357,0.3896,0.4215,0.4526,0.4838,0.5177
AIM/CGE 2.0,SSP3-Baseline,World,Secondary Energy|Electricity|Hydro,EJ/yr,10.4246,11.828,14.6305,16.602,19.2812,23.455,26.1952,27.2433,28.2207,28.8015,28.9681
AIM/CGE 2.0,SSP3-Baseline,World,Secondary Energy|Electricity|Non-Biomass Renewables,EJ/yr,11.0315,12.61,15.6585,17.97,21.0694,25.6917,29.0855,30.8973,33.0001,34.8756,36.6683
AIM/CGE 2.0,SSP3-Baseline,World,Secondary Energy|Electricity|Nuclear,EJ/yr,9.8558,9.919,11.58,13.0816,12.6977,10.926,9.0461,7.5564,6.2524,5.2101,4.5506
AIM/CGE 2.0,SSP3-Baseline,World,Secondary Energy|Electricity|Oil,EJ/yr,4.1715,4.703,5.8242,6.9032,7.8859,8.2857,8.0715,8.1426,8.1302,8.4172,8.2832
AIM/CGE 2.0,SSP3-Baseline,World,Secondary Energy|Electricity|Solar,EJ/yr,0.0102,0.093,0.153,0.2615,0.4247,0.6433,0.8541000000000001,1.0999,1.4737,1.905,2.4441
AIM/CGE 2.0,SSP3-Baseline,World,Secondary Energy|Electricity|Wind,EJ/yr,0.3677,0.4517,0.5949,0.782999999999998,0.9978,1.1895,1.5985,2.0836,2.8043,3.637,4.6909
GCAM 4.2,SSP4-Baseline,Asian countries except Japan,Capacity|Electricity,GW,,1207.62010431012,1748.3403405627,2458.9937722349,3092.37216689664,3618.16825278382,3969.3742029298,4234.72281630351,4354.53749146284,4375.32244651659,4341.90729490802
GCAM 4.2,SSP4-Baseline,Asian countries except Japan,Capacity|Electricity|Biomass,GW,,3.32077189561137,13.7378247479072,29.5753894358828,44.1502912940766,54.6958182315449,61.0541907264713,65.7738934868087,70.37410380200409,68.2169503900304,60.10801572012939
GCAM 4.2,SSP4-Baseline,Asian countries except Japan,Capacity|Electricity|Coal,GW,,643.797682410579,1012.33954690671,1294.74658624271,1439.55139665779,1493.366901913691,1500.49706050228,1495.66422144533,1199.3727367136,945.936861444064,749.3701388888901
GCAM 4.2,SSP4-Baseline,Asian countries except Japan,Capacity|Electricity|Gas,GW,,155.245738203957,257.722146435819,356.983256754186,426.490920884069,464.848108717021,421.026283929478,351.555346683156,313.420060153475,283.219467814561,273.753961456748
GCAM 4.2,SSP4-Baseline,Asian countries except Japan,Capacity|Electricity|Nuclear,GW,,37.580035514967,78.4382568070354,181.615434917414,318.669058289644,442.085744686848,520.922187341451,587.639408929478,714.9834309290269,767.3511982778059,761.2572495631099
GCAM 4.2,SSP4-Baseline,Asian countries except Japan,Capacity|Electricity|Oil,GW,,196.573617453069,97.2060801147895,103.490415834285,86.64138968163358,59.5990682473998,49.6158569571284,40.6288957461314,44.60707298801371,43.99107658707501,36.9636792078894
GCAM 4.2,SSP4-Baseline,Asian countries except Japan,Capacity|Electricity|Solar,GW,,1.143816590563159,53.3188451333133,147.687668389084,327.800770128053,590.872196319387,899.577828151774,1184.69358378353,1415.11578686958,1592.14962176428,1736.47252535189
GCAM 4.2,SSP4-Baseline,Asian countries except Japan,Capacity|Electricity|Wind,GW,,18.0612255683603,59.3915095270309,144.884764961507,228.75756616317,271.718796755076,256.887463335553,232.242025978247,299.082158129614,357.934802384576,400.413929223745
GCAM 4.2,SSP4-Baseline,Asian countries except Japan,Emissions|CH4,Mt CH4/yr,,164.683437516,182.582962628,207.570689621,226.263127913,235.56477478,236.900420319,232.75889277,223.222270993,212.657425055,188.967954884
GCAM 4.2,SSP4-Baseline,Asian countries except Japan,Emissions|CH4|Energy,Mt CH4/yr,,58.966633644,63.514115469,75.232754112,82.440406312,81.93760927699999,81.83123115800001,80.070547821,75.090966655,71.27312589600001,54.696578848
GCAM 4.2,SSP4-Baseline,Asian countries except Japan,Emissions|CO2,Mt CO2/yr,,15068.744481459,18179.3103613051,22642.9762243993,24990.645225216,25515.5335995138,25249.1596345285,24095.3917064538,20963.0578867915,18130.2555873226,15892.0540505243
GCAM 4.2,SSP4-Baseline,Asian countries except Japan,Emissions|CO2|AFOLU,Mt CO2/yr,,1363.07683847133,-738.093299027334,-691.986510310333,-460.555104870667,-422.604319903334,-426.653443432333,-535.9207202396669,-640.873254303334,-757.006305289666,-805.411698611667
GCAM 4.2,SSP4-Baseline,Asian countries except Japan,Emissions|CO2|Energy and Industrial Processes,Mt CO2/yr,,13705.6676429876,18917.4036603324,23334.9627347097,25451.2003300867,25938.1379194171,25675.8130779608,24631.3124266935,21603.9311410949,18887.2618926123,16697.465749136
GCAM 4.2,SSP4-Baseline,Asian countries except Japan,Emissions|CO2|Energy|Supply|Electricity,Mt CO2/yr,,5320.38260941733,7745.14207298333,9577.34091383667,10342.34534102,10438.6349911067,10167.11106565,9804.30372331667,7671.96545932667,5948.67970913333,4697.08156049
GCAM 4.2,SSP4-Baseline,Asian countries except Japan,Final Energy,EJ/yr,,137.403873884,189.103463426,232.716412765,260.23917552,274.255713774,278.334316162,275.010211504,265.473911814,253.195368922,241.145906967
GCAM 4.2,SSP4-Baseline,Asian countries except Japan,Final Energy|Electricity,EJ/yr,,21.244348915,33.785862475,47.096648018,58.318403496,66.862937151,71.38324998,74.48606672,75.043570223,74.488385021,73.40885448600001
GCAM 4.2,SSP4-Baseline,Asian countries except Japan,Final Energy|Gases,EJ/yr,,10.744730176,16.738885809,22.176405294,25.849577399,28.029776315,29.316225768,29.981264233,30.267517528,30.576145018,31.17826063
GCAM 4.2,SSP4-Baseline,Asian countries except Japan,Final Energy|Heat,EJ/yr,,3.0529687,4.0206089,4.4433545,4.3845657,4.0374746,3.5674010999999988,2.9969513,2.497180899999999,2.0276377,1.6163877
GCAM 4.2,SSP4-Baseline,Asian countries except Japan,Final Energy|Hydrogen,EJ/yr,,0.0,0.077227491,0.218503638,0.404462342,0.618894245,0.7180826020000001,0.799376979,0.858086120999999,0.90176827,0.911203170999999
GCAM 4.2,SSP4-Baseline,Asian countries except Japan,Final Energy|Industry,EJ/yr,,74.871795933,100.811179016,119.834281869,131.328363755,136.772721248,137.219578094,134.166375437,128.699643931,122.240971487,116.197212603
GCAM 4.2,SSP4-Baseline,Asian countries except Japan,Final Energy|Liquids,EJ/yr,,42.63672455,60.88497490899999,79.32858898,91.576499884,98.928372866,103.188279331,104.070337787,102.320167197,98.890468268,94.910473467
GCAM 4.2,SSP4-Baseline,Asian countries except Japan,Final Energy|Solids,EJ/yr,,59.725101543,73.595903842,79.452912335,79.70566669899999,75.778258597,70.161077381,62.676214485,54.487389845,46.310964645,39.120727513
GCAM 4.2,SSP4-Baseline,Asian countries except Japan,Final Energy|Solids|Biomass,EJ/yr,,22.340332883,24.911008232,26.487462495,26.994117068,26.432797131,25.195858853,23.422250117,20.62434816,17.65839257,14.89009068
GCAM 4.2,SSP4-Baseline,Asian countries except Japan,Final Energy|Solids|Coal,EJ/yr,,37.38476866,48.68489561,52.96544984,52.711549631,49.345461466,44.965218528,39.25396436800001,33.863041685,28.652572075,24.230636833
GCAM 4.2,SSP4-Baseline,Asian countries except Japan,Final Energy|Transportation,EJ/yr,,21.363657646,31.101661045,42.022319249,50.357033346,56.262454389,60.878179823,64.043469252,65.66223824800001,66.277088266,66.38963688300001
GCAM 4.2,SSP4-Baseline,Asian countries except Japan,Final Energy|Transportation|Electricity,EJ/yr,,0.2290133999999999,0.412111986,0.589935612,0.7448919380000001,0.872503252,0.977591799,1.077995775,1.173310554,1.280992644,1.374084393
GCAM 4.2,SSP4-Baseline,Asian countries except Japan,Final Energy|Transportation|Hydrogen,EJ/yr,,0.0,0.003790367999999,0.023317567,0.054371525999999,0.095914288,0.146501292,0.193845345,0.237199933,0.276307408,0.306908791
GCAM 4.2,SSP4-Baseline,Asian countries except Japan,Final Energy|Transportation|Liquids,EJ/yr,,20.55077575,29.606500121,39.140045192,45.66813226399999,49.613411842,52.368499052,53.87465660399999,54.14608086,53.596834134,52.652632953
GCAM 4.2,SSP4-Baseline,Asian countries except Japan,Population,million,,3758.607,4076.775,4291.422000000001,4395.217000000001,4395.874,4294.51,4114.63,3887.47,3638.878,3395.083
GCAM 4.2,SSP4-Baseline,Asian countries except Japan,Primary Energy,EJ/yr,,183.43320742,259.026145502,329.349940939,371.142232019,390.28219413,395.182189603,386.899859399,360.356391403,333.654614305,310.383592254
GCAM 4.2,SSP4-Baseline,Asian countries except Japan,Primary Energy|Biomass,EJ/yr,,23.21659806,30.45419805,37.05193174,40.95876120000001,42.51821981,42.98697043,41.38308249,38.48061114,34.9473339,31.56767873
GCAM 4.2,SSP4-Baseline,Asian countries except Japan,Primary Energy|Coal,EJ/yr,,89.0045685,128.025332,160.902305,175.471864,177.539548,176.7462,168.93301,141.55889,117.72697,99.00971
GCAM 4.2,SSP4-Baseline,Asian countries except Japan,Primary Energy|Fossil,EJ/yr,,155.07137588,220.6088007,278.6480907,309.1982723000001,319.633076,318.7274720000001,307.470417,275.614399,246.544347,223.094039
GCAM 4.2,SSP4-Baseline,Asian countries except Japan,Primary Energy|Gas,EJ/yr,,18.653152,32.781598,52.89041,65.94959,72.33077,73.4286,68.79671,64.03971999999999,60.37398,58.617041
GCAM 4.2,SSP4-Baseline,Asian countries except Japan,Primary Energy|Nuclear,EJ/yr,,1.0666116,2.22626598,5.15468192,9.04459268,12.54745444,14.78502189,16.67861676,20.29294573,21.77926865,21.60630776
GCAM 4.2,SSP4-Baseline,Asian countries except Japan,Primary Energy|Oil,EJ/yr,,47.41365538,59.8018707,64.8553757,67.7768183,69.76275799999999,68.552672,69.740697,70.015789,68.44339699999999,65.467288
GCAM 4.2,SSP4-Baseline,Asian countries except Japan,Secondary Energy|Electricity,EJ/yr,,25.111875411,40.124018064,55.972224524,69.18277229600001,78.93741505,83.596050315,86.476591321,86.43722042,85.13194149,83.24619419300001
GCAM 4.2,SSP4-Baseline,Asian countries except Japan,Secondary Energy|Electricity|Biomass,EJ/yr,,0.08377909,0.346589391,0.746151585,1.113858869,1.379909859,1.540323967,1.659396403,1.775454191,1.721031798,1.516453106999999
GCAM 4.2,SSP4-Baseline,Asian countries except Japan,Secondary Energy|Electricity|Biomass|w/ CCS,EJ/yr,,0.0,0.0,0.0,0.0,0.0,0.0,0.0,0.0,0.0,0.0
GCAM 4.2,SSP4-Baseline,Asian countries except Japan,Secondary Energy|Electricity|Biomass|w/o CCS,EJ/yr,,0.08377909,0.346589391,0.746151585,1.113858869,1.379909859,1.540323967,1.659396403,1.775454191,1.721031798,1.516453106999999
GCAM 4.2,SSP4-Baseline,Asian countries except Japan,Secondary Energy|Electricity|Coal,EJ/yr,,16.24224297,25.540111961,32.664902675,36.318154276,37.675854895,37.85574024,37.73381351,30.2587349,23.86485189,18.90570936
GCAM 4.2,SSP4-Baseline,Asian countries except Japan,Secondary Energy|Electricity|Coal|w/ CCS,EJ/yr,,0.0,0.0,0.0,0.0,0.0,0.0,0.0,0.0,0.0,0.0
GCAM 4.2,SSP4-Baseline,Asian countries except Japan,Secondary Energy|Electricity|Coal|w/o CCS,EJ/yr,,16.24224297,25.540111961,32.664902675,36.318154276,37.675854895,37.85574024,37.73381351,30.2587349,23.86485189,18.90570936
GCAM 4.2,SSP4-Baseline,Asian countries except Japan,Secondary Energy|Electricity|Gas,EJ/yr,,3.020705311,5.862353017999999,8.420153145,10.303574924,11.396582147,10.419716417,8.772243254,7.853361392,7.110700738999999,6.880044712
GCAM 4.2,SSP4-Baseline,Asian countries except Japan,Secondary Energy|Electricity|Gas|w/ CCS,EJ/yr,,0.0,0.0,0.0,0.0,0.0,0.0,0.0,0.0,0.0,0.0
GCAM 4.2,SSP4-Baseline,Asian countries except Japan,Secondary Energy|Electricity|Gas|w/o CCS,EJ/yr,,3.020705311,5.862353017999999,8.420153145,10.303574924,11.396582147,10.419716417,8.772243254,7.853361392,7.110700738999999,6.880044712
GCAM 4.2,SSP4-Baseline,Asian countries except Japan,Secondary Energy|Electricity|Geothermal,EJ/yr,,0.0700198,0.446827259,0.8111984390000001,0.96524625,1.007201542,1.002261414,0.944849327,0.996541441,0.994848837,0.932818399
GCAM 4.2,SSP4-Baseline,Asian countries except Japan,Secondary Energy|Electricity|Hydro,EJ/yr,,3.762164700000001,3.998137399999999,4.2348203,4.592930200000001,5.072475499999999,5.552012599999999,6.0315557,6.5110989,6.9906332,7.2304088
GCAM 4.2,SSP4-Baseline,Asian countries except Japan,Secondary Energy|Electricity|Non-Biomass Renewables,EJ/yr,,4.07862188,5.736880772,8.495236579,11.940605839,15.58344388,18.682725282,21.367743149,25.968435534,30.383664755,34.115566764
GCAM 4.2,SSP4-Baseline,Asian countries except Japan,Secondary Energy|Electricity|Nuclear,EJ/yr,,1.0666116,2.22626598,5.15468192,9.04459268,12.54745444,14.78502189,16.67861676,20.29294573,21.77926865,21.60630776
GCAM 4.2,SSP4-Baseline,Asian countries except Japan,Secondary Energy|Electricity|Oil,EJ/yr,,0.61991456,0.411816942,0.49109862,0.461985708,0.354169829,0.312522519,0.264778245,0.288288673,0.272423658,0.22211249
GCAM 4.2,SSP4-Baseline,Asian countries except Japan,Secondary Energy|Electricity|Solar,EJ/yr,,0.00721428,0.449079207999999,1.347437364,3.063944401999999,5.476372297,8.23987402,10.875825624,13.839186273,16.754266754,19.638612729
GCAM 4.2,SSP4-Baseline,Asian countries except Japan,Secondary Energy|Electricity|Wind,EJ/yr,,0.2392231,0.8428369050000001,2.101780476,3.318484986999999,4.027394541,3.888577248,3.515512498,4.62160892,5.643915964,6.313726836
GCAM 4.2,SSP4-Baseline,Asian countries except Japan,Secondary Energy|Hydrogen,EJ/yr,,0.0,0.077229249,0.218502243999999,0.40446163,0.6188927080000001,0.718082995999999,0.7993751490000001,0.8580864490000001,0.901768360999999,0.9112030309999992
GCAM 4.2,SSP4-Baseline,Countries from the Reforming Economies of the Former Soviet Union,Capacity|Electricity,GW,,297.486780514886,400.0205035460089,457.875996715034,497.125330460164,511.819053997126,521.691651121977,522.812212150018,516.115368764105,495.575622242404,474.005572456556
GCAM 4.2,SSP4-Baseline,Countries from the Reforming Economies of the Former Soviet Union,Capacity|Electricity|Biomass,GW,,1.36414732369355,2.51590618658041,3.5966799847793,4.51929406075596,5.217393256912732,6.43802459887113,6.556208420535269,6.78178847190513,6.42991394755201,5.49127976756722
GCAM 4.2,SSP4-Baseline,Countries from the Reforming Economies of the Former Soviet Union,Capacity|Electricity|Coal,GW,,66.892559297311,91.8701206557584,99.55902777777771,98.3871210679859,93.24347412480972,91.3178902682649,88.4446882134703,64.2697092212075,53.46721920979201,44.773779569381
GCAM 4.2,SSP4-Baseline,Countries from the Reforming Economies of the Former Soviet Union,Capacity|Electricity|Gas,GW,,129.355593607306,179.940656709792,182.024003678335,168.302563736682,147.5642011035,96.2268495053273,63.9631077498731,52.40588253107561,43.0734749175546,36.8299208523592
GCAM 4.2,SSP4-Baseline,Countries from the Reforming Economies of the Former Soviet Union,Capacity|Electricity|Nuclear,GW,,44.44810868707371,70.1744073792209,96.01565759061953,120.805273690738,136.714252494504,160.904550002818,175.310516376346,172.869327470545,163.688437200519,146.988440019167
GCAM 4.2,SSP4-Baseline,Countries from the Reforming Economies of the Former Soviet Union,Capacity|Electricity|Oil,GW,,21.8497019279554,5.09103802004059,3.43439438261035,2.2999685676687,1.36632848173516,1.43172473522324,0.782188451293759,1.03136558219178,1.060191091133939,0.781808766171992
GCAM 4.2,SSP4-Baseline,Countries from the Reforming Economies of the Former Soviet Union,Capacity|Electricity|Solar,GW,,0.381844558599696,7.277899088669269,13.3220563940504,22.8512268693672,31.9581623487543,49.22320785167521,62.3248005533955,74.332473988232,79.4832985391581,86.16874790859707
GCAM 4.2,SSP4-Baseline,Countries from the Reforming Economies of the Former Soviet Union,Capacity|Electricity|Wind,GW,,1.1314657775845,5.39392806809854,16.0050000137869,30.8664857140493,42.5004339518767,58.486040622886,64.4719678832657,79.521277335135,79.96761307711809,83.3702456874683
GCAM 4.2,SSP4-Baseline,Countries from the Reforming Economies of the Former Soviet Union,Emissions|CH4,Mt CH4/yr,,35.540279394,59.4511402,74.021100984,81.22385324300001,72.259727374,64.879550161,58.82878243,49.228712337,42.04983671,44.251147808
GCAM 4.2,SSP4-Baseline,Countries from the Reforming Economies of the Former Soviet Union,Emissions|CH4|Energy,Mt CH4/yr,,24.580523132,49.16831803199999,64.005534633,71.56851607600001,63.024329653,56.130913286,50.655998282,41.701886078,35.1788998,38.033000733
GCAM 4.2,SSP4-Baseline,Countries from the Reforming Economies of the Former Soviet Union,Emissions|CO2,Mt CO2/yr,,2318.50299691634,3043.78461959964,2883.299437821,3019.84106808303,2908.928510941929,2837.94815537567,2608.518007568,2299.029117154,2071.155630643,1877.603917717
GCAM 4.2,SSP4-Baseline,Countries from the Reforming Economies of the Former Soviet Union,Emissions|CO2|AFOLU,Mt CO2/yr,,-493.26226235,-60.29788237000029,-378.20832324,-234.622174849334,-201.465427687333,-72.7615410133333,-101.398782939667,-92.0113320170001,-90.0375723903333,-84.1863689553333
GCAM 4.2,SSP4-Baseline,Countries from the Reforming Economies of the Former Soviet Union,Emissions|CO2|Energy and Industrial Processes,Mt CO2/yr,,2811.76525926633,3104.08250196964,3261.507761061,3254.46324293237,3110.39393862926,2910.709696389,2709.91679050767,2391.040449171,2161.19320303333,1961.79028667233
GCAM 4.2,SSP4-Baseline,Countries from the Reforming Economies of the Former Soviet Union,Emissions|CO2|Energy|Supply|Electricity,Mt CO2/yr,,900.233186416667,1139.17835100667,1161.37759771,1076.17085088333,950.702257633333,785.3747404433328,669.5057348833329,478.730897663334,386.310137766666,318.297720033334
GCAM 4.2,SSP4-Baseline,Countries from the Reforming Economies of the Former Soviet Union,Final Energy,EJ/yr,,34.987098418,37.347120476,39.18468314,39.861057767,39.010911535,37.91465205,36.446057505,34.322744783,32.017049256,29.738364497
GCAM 4.2,SSP4-Baseline,Countries from the Reforming Economies of the Former Soviet Union,Final Energy|Electricity,EJ/yr,,5.069809919,7.593989044,8.937941222000001,9.861739101,10.259164732,10.372796708,10.349284772,10.042556211,9.638682255,9.136049032
GCAM 4.2,SSP4-Baseline,Countries from the Reforming Economies of the Former Soviet Union,Final Energy|Gases,EJ/yr,,8.808095081,8.872228697999999,9.103510788,9.022540891,8.626864758,8.211126569,7.716586116,7.128165224,6.56188342,6.06951847
GCAM 4.2,SSP4-Baseline,Countries from the Reforming Economies of the Former Soviet Union,Final Energy|Heat,EJ/yr,,6.5932709,5.9482207,5.55112777,5.05617676,4.50301286,3.98181209,3.45950816,2.96734175,2.51676353,2.12141258
GCAM 4.2,SSP4-Baseline,Countries from the Reforming Economies of the Former Soviet Union,Final Energy|Hydrogen,EJ/yr,,0.0,0.017773643,0.048183530999999,0.087305696999999,0.131332321,0.160504008,0.185232663,0.201543738999999,0.210582331,0.209524071
GCAM 4.2,SSP4-Baseline,Countries from the Reforming Economies of the Former Soviet Union,Final Energy|Industry,EJ/yr,,18.223892538,18.734767956,18.943675739,18.729691233,18.158642663,17.475244714,16.646363831,15.625977274,14.567727311,13.509681613
GCAM 4.2,SSP4-Baseline,Countries from the Reforming Economies of the Former Soviet Union,Final Energy|Liquids,EJ/yr,,9.67148433,10.576599335,11.504634631,12.115290144,12.125369458,12.170781355,12.085719363,11.689880683,11.139561323,10.544452201
GCAM 4.2,SSP4-Baseline,Countries from the Reforming Economies of the Former Soviet Union,Final Energy|Solids,EJ/yr,,4.844438188,4.338309056,4.039285198,3.718005174,3.365167406,3.01763132,2.649726431,2.293257176,1.949576397,1.657408143
GCAM 4.2,SSP4-Baseline,Countries from the Reforming Economies of the Former Soviet Union,Final Energy|Solids|Biomass,EJ/yr,,0.977473018,0.880081085999999,0.783525978,0.6861606240000001,0.6076809360000001,0.51777107,0.445705361,0.374854546,0.311706047,0.258841102
GCAM 4.2,SSP4-Baseline,Countries from the Reforming Economies of the Former Soviet Union,Final Energy|Solids|Coal,EJ/yr,,3.86696517,3.45822797,3.25575922,3.03184455,2.75748647,2.49986025,2.20402107,1.91840263,1.63787035,1.398567041
GCAM 4.2,SSP4-Baseline,Countries from the Reforming Economies of the Former Soviet Union,Final Energy|Transportation,EJ/yr,,6.299909621,7.356578055,8.455653636000001,9.350132754,9.640057544,9.962267717,10.193009403,10.120476519,9.897179385,9.609053162
GCAM 4.2,SSP4-Baseline,Countries from the Reforming Economies of the Former Soviet Union,Final Energy|Transportation|Electricity,EJ/yr,,0.282559799999999,0.390529699,0.487015237,0.5823002310000001,0.6556240520000001,0.7292008480000001,0.8075563920000001,0.8722697610000001,0.933257665,0.979256452
GCAM 4.2,SSP4-Baseline,Countries from the Reforming Economies of the Former Soviet Union,Final Energy|Transportation|Hydrogen,EJ/yr,,0.0,0.002838813,0.016316128,0.03678526,0.061811397,0.089153554,0.113568501,0.132204816,0.145199756999999,0.15097762
GCAM 4.2,SSP4-Baseline,Countries from the Reforming Economies of the Former Soviet Union,Final Energy|Transportation|Liquids,EJ/yr,,6.00466759,6.804670055,7.572601333,8.112972492,8.098527037,8.141641206000001,8.129696354,7.893886127999999,7.555770862999999,7.19215535
GCAM 4.2,SSP4-Baseline,Countries from the Reforming Economies of the Former Soviet Union,Population,million,,305.238,298.386,288.066,276.382,263.456,248.92,231.702,212.532,193.237,174.302
GCAM 4.2,SSP4-Baseline,Countries from the Reforming Economies of the Former Soviet Union,Primary Energy,EJ/yr,,45.27955985,50.98612449,54.731513376,55.98281950699999,54.722509348,52.671233276,50.01291317800001,46.12635543899999,42.670715237,39.415008836
GCAM 4.2,SSP4-Baseline,Countries from the Reforming Economies of the Former Soviet Union,Primary Energy|Biomass,EJ/yr,,1.279203,1.74112,2.378275,2.851415,3.133512,3.61245,3.621239,3.532535,3.355151,3.131083
GCAM 4.2,SSP4-Baseline,Countries from the Reforming Economies of the Former Soviet Union,Primary Energy|Coal,EJ/yr,,9.92063,11.52548,13.16422,13.79429,13.67964,14.04555,13.49369,11.40645,10.10348,8.94542
GCAM 4.2,SSP4-Baseline,Countries from the Reforming Economies of the Former Soviet Union,Primary Energy|Fossil,EJ/yr,,41.912498,46.15768660000001,48.1587635,47.7844756,45.4084559,41.634741,38.240262,33.94311,30.650265,27.831492
GCAM 4.2,SSP4-Baseline,Countries from the Reforming Economies of the Former Soviet Union,Primary Energy|Gas,EJ/yr,,20.97471,23.60689,24.84832,24.45085,22.75997000000001,19.56394,16.75413,14.69082,13.01198,11.76395
GCAM 4.2,SSP4-Baseline,Countries from the Reforming Economies of the Former Soviet Union,Primary Energy|Nuclear,EJ/yr,,1.261544,1.9917181,2.7251548,3.4287436,3.8802786,4.5668573,4.975733200000001,4.906446400000001,4.6458707000000015,4.1718847000000014
GCAM 4.2,SSP4-Baseline,Countries from the Reforming Economies of the Former Soviet Union,Primary Energy|Oil,EJ/yr,,11.017158,11.0253166,10.1462235,9.5393356,8.9688459,8.025250999999999,7.992442,7.845839999999999,7.534805,7.122122
GCAM 4.2,SSP4-Baseline,Countries from the Reforming Economies of the Former Soviet Union,Secondary Energy|Electricity,EJ/yr,,8.853292694,11.31962993,12.437054919,12.872158526,12.727976151,12.467732137,12.157363075,11.766524557,11.265621728,10.651633357
GCAM 4.2,SSP4-Baseline,Countries from the Reforming Economies of the Former Soviet Union,Secondary Energy|Electricity|Biomass,EJ/yr,,0.058359191,0.081296112,0.10482985,0.123151794,0.136349181999999,0.16439044,0.165405271,0.171096385,0.162219013,0.138538399
GCAM 4.2,SSP4-Baseline,Countries from the Reforming Economies of the Former Soviet Union,Secondary Energy|Electricity|Biomass|w/ CCS,EJ/yr,,0.0,0.0,0.0,0.0,0.0,0.0,0.0,0.0,0.0,0.0
GCAM 4.2,SSP4-Baseline,Countries from the Reforming Economies of the Former Soviet Union,Secondary Energy|Electricity|Biomass|w/o CCS,EJ/yr,,0.058359191,0.081296112,0.10482985,0.123151794,0.136349181999999,0.16439044,0.165405271,0.171096385,0.162219013,0.138538399
GCAM 4.2,SSP4-Baseline,Countries from the Reforming Economies of the Former Soviet Union,Secondary Energy|Electricity|Coal,EJ/yr,,2.6223499,3.1409124,3.1947959,2.94915651,2.60343329,2.41500279,2.23135335,1.62144764,1.34891378,1.12958873
GCAM 4.2,SSP4-Baseline,Countries from the Reforming Economies of the Former Soviet Union,Secondary Energy|Electricity|Coal|w/ CCS,EJ/yr,,0.0,0.0,0.0,0.0,0.0,0.0,0.0,0.0,0.0,0.0
GCAM 4.2,SSP4-Baseline,Countries from the Reforming Economies of the Former Soviet Union,Secondary Energy|Electricity|Coal|w/o CCS,EJ/yr,,2.6223499,3.1409124,3.1947959,2.94915651,2.60343329,2.41500279,2.23135335,1.62144764,1.34891378,1.12958873
GCAM 4.2,SSP4-Baseline,Countries from the Reforming Economies of the Former Soviet Union,Secondary Energy|Electricity|Gas,EJ/yr,,3.974589043,4.987717829,4.926487183,4.440728563,3.799691094,2.455495543,1.604229066,1.316807246,1.082814734,0.926477177
GCAM 4.2,SSP4-Baseline,Countries from the Reforming Economies of the Former Soviet Union,Secondary Energy|Electricity|Gas|w/ CCS,EJ/yr,,0.0,0.0,0.0,0.0,0.0,0.0,0.0,0.0,0.0,0.0
GCAM 4.2,SSP4-Baseline,Countries from the Reforming Economies of the Former Soviet Union,Secondary Energy|Electricity|Gas|w/o CCS,EJ/yr,,3.974589043,4.987717829,4.926487183,4.440728563,3.799691094,2.455495543,1.604229066,1.316807246,1.082814734,0.926477177
GCAM 4.2,SSP4-Baseline,Countries from the Reforming Economies of the Former Soviet Union,Secondary Energy|Electricity|Geothermal,EJ/yr,,0.00181788,0.071256884,0.15216073,0.198101888,0.208462806,0.225059866,0.213573621,0.218465935,0.212195928999999,0.195051636
GCAM 4.2,SSP4-Baseline,Countries from the Reforming Economies of the Former Soviet Union,Secondary Energy|Electricity|Hydro,EJ/yr,,0.8071022,0.8812955,0.9558674,1.040465599999999,1.1350921,1.2297176,1.3243421,1.4189726,1.5135921,1.5609069
GCAM 4.2,SSP4-Baseline,Countries from the Reforming Economies of the Former Soviet Union,Secondary Energy|Electricity|Non-Biomass Renewables,EJ/yr,,0.82631485,1.09559979,1.469320076,1.918185307,2.300262848,2.857184976,3.175678978,3.744264039,4.019428537,4.280549136
GCAM 4.2,SSP4-Baseline,Countries from the Reforming Economies of the Former Soviet Union,Secondary Energy|Electricity|Nuclear,EJ/yr,,1.261544,1.9917181,2.7251548,3.4287436,3.8802786,4.5668573,4.975733200000001,4.906446400000001,4.6458707000000015,4.1718847000000014
GCAM 4.2,SSP4-Baseline,Countries from the Reforming Economies of the Former Soviet Union,Secondary Energy|Electricity|Oil,EJ/yr,,0.11013571,0.022385699,0.01646711,0.012192752,0.007961137,0.008801088,0.00496321,0.006462847,0.006374964,0.004595215
GCAM 4.2,SSP4-Baseline,Countries from the Reforming Economies of the Former Soviet Union,Secondary Energy|Electricity|Solar,EJ/yr,,0.00240837,0.066501221,0.129114266,0.231850892,0.326769433,0.517087937,0.661833027,0.8780118330000001,1.032711185,1.210008566
GCAM 4.2,SSP4-Baseline,Countries from the Reforming Economies of the Former Soviet Union,Secondary Energy|Electricity|Wind,EJ/yr,,0.0149863999999999,0.076546185,0.23217768,0.447766927,0.629938509,0.8853195730000001,0.97593023,1.228813671,1.260929323,1.314582034
GCAM 4.2,SSP4-Baseline,Countries from the Reforming Economies of the Former Soviet Union,Secondary Energy|Hydrogen,EJ/yr,,0.0,0.01777308,0.048182878,0.087305741999999,0.131332181,0.160503863,0.185232548,0.201543666999999,0.210582273,0.209524194
GCAM 4.2,SSP4-Baseline,Countries of the Middle East and Africa,Capacity|Electricity,GW,,632.277985948787,595.817442909047,808.322655020595,1030.83675639631,1305.36549298223,1674.98408972003,2068.75024627226,2496.93141774051,2967.8578374817,3466.53886537449
GCAM 4.2,SSP4-Baseline,Countries of the Middle East and Africa,Capacity|Electricity|Biomass,GW,,0.119720319634703,3.70055226566463,8.18298944063928,12.4500539859208,17.5455304255454,24.9288530171867,33.3442893439244,40.2984159769787,45.7009491137113,48.3057002314815
GCAM 4.2,SSP4-Baseline,Countries of the Middle East and Africa,Capacity|Electricity|Coal,GW,,42.0344082952816,60.63758720192799,78.3106735159817,88.65512826610849,97.67746690290458,111.738586337836,130.283416175165,139.547920234018,155.289329258625,180.459359145104
GCAM 4.2,SSP4-Baseline,Countries of the Middle East and Africa,Capacity|Electricity|Gas,GW,,151.500532724505,265.892964825913,354.111555056126,419.552063641552,468.303591252854,463.972381009006,454.140615447425,456.157377417872,482.410973189371,525.928790239726
GCAM 4.2,SSP4-Baseline,Countries of the Middle East and Africa,Capacity|Electricity|Nuclear,GW,,1.53462709284627,3.07135474801285,28.304412558487,68.2945190681549,106.046516749817,163.754974033204,239.321238549242,335.08598990924,435.461610011838,542.132617396696
GCAM 4.2,SSP4-Baseline,Countries of the Middle East and Africa,Capacity|Electricity|Oil,GW,,418.5238647894471,190.3817608447489,175.374302265665,132.770598760147,110.102719352486,145.116251625127,137.925710695713,148.191570903095,168.286222174658,169.210626625127
GCAM 4.2,SSP4-Baseline,Countries of the Middle East and Africa,Capacity|Electricity|Solar,GW,,0.054794520547944,32.2795356848519,75.3145264232946,160.008126681656,296.721131266978,481.431074162856,697.4990301973351,908.144828294882,1131.87207659467,1378.51502309988
GCAM 4.2,SSP4-Baseline,Countries of the Middle East and Africa,Capacity|Electricity|Wind,GW,,0.7101709912782971,11.7291193838435,46.49975583460171,92.96552842300312,138.765796671416,199.737876157407,279.151528411974,360.388906296918,428.4173238203959,496.808648528667
GCAM 4.2,SSP4-Baseline,Countries of the Middle East and Africa,Emissions|CH4,Mt CH4/yr,,56.637573812,68.653884683,86.429905782,104.67052444,125.397282398,147.500974663,172.460346475,191.342781575,213.810766528,232.215023471
GCAM 4.2,SSP4-Baseline,Countries of the Middle East and Africa,Emissions|CH4|Energy,Mt CH4/yr,,23.09927288,26.028802789,31.102939028,35.076739482,38.78514542,41.332090248,43.458985777,38.217266929,37.196226305,31.13581176
GCAM 4.2,SSP4-Baseline,Countries of the Middle East and Africa,Emissions|CO2,Mt CO2/yr,,4575.09302897768,5420.70379235734,7657.821038033741,8997.216583432,10259.4546753039,11697.1566425374,12478.0054786244,12223.4769516027,12543.9808612665,13110.9824163413
GCAM 4.2,SSP4-Baseline,Countries of the Middle East and Africa,Emissions|CO2|AFOLU,Mt CO2/yr,,1610.863218877,1727.70369806467,2741.16691576933,3074.75179881834,3468.967235074,3994.569169217,3990.08480815267,2957.66192716867,2378.75728387733,1944.10645423866
GCAM 4.2,SSP4-Baseline,Countries of the Middle East and Africa,Emissions|CO2|Energy and Industrial Processes,Mt CO2/yr,,2964.22981010068,3693.00009429266,4916.65412226441,5922.46478461366,6790.487440229929,7702.587473320409,8487.92067047176,9265.81502443402,10165.2235773891,11166.8759621027
GCAM 4.2,SSP4-Baseline,Countries of the Middle East and Africa,Emissions|CO2|Energy|Supply|Electricity,Mt CO2/yr,,1002.54673722867,1198.400041212,1492.63502015467,1645.095739078,1756.631926247,1815.26197801667,1840.53499226667,1847.41000110333,1955.91470195,2145.33263024667
GCAM 4.2,SSP4-Baseline,Countries of the Middle East and Africa,Final Energy,EJ/yr,,44.920988974,59.47713417600001,76.294259884,93.316193058,109.782268927,127.225509616,145.704760569,165.301743496,186.147586649,208.466994913
GCAM 4.2,SSP4-Baseline,Countries of the Middle East and Africa,Final Energy|Electricity,EJ/yr,,4.53228389,7.630749181000001,11.770416275,16.08663224,20.507493206,25.360600123,30.870493261,37.073215701,44.186809691,52.111914809
GCAM 4.2,SSP4-Baseline,Countries of the Middle East and Africa,Final Energy|Gases,EJ/yr,,8.411787588,10.701971362,13.514043429,16.296713256,18.758978662,21.156582739,23.47748834,25.815478955,28.382645178,31.281524739
GCAM 4.2,SSP4-Baseline,Countries of the Middle East and Africa,Final Energy|Heat,EJ/yr,,0.0,0.0,0.0,0.0,0.0,0.0,0.0,0.0,0.0,0.0
GCAM 4.2,SSP4-Baseline,Countries of the Middle East and Africa,Final Energy|Hydrogen,EJ/yr,,0.0,0.03697777,0.147602382,0.336703047999998,0.624582867,0.923462955,1.281277792999999,1.691422442,2.148364112,2.579707649
GCAM 4.2,SSP4-Baseline,Countries of the Middle East and Africa,Final Energy|Industry,EJ/yr,,16.296187857,22.792183768,30.128252224,37.636979326,45.47599173,53.913838985,63.346337479,73.797003296,85.279613387,97.764477897
GCAM 4.2,SSP4-Baseline,Countries of the Middle East and Africa,Final Energy|Liquids,EJ/yr,,16.982185476,22.201393481,29.068083561,35.803056234,42.182831808,49.561843971,57.497739702,66.195198823,75.59726224,85.858225667
GCAM 4.2,SSP4-Baseline,Countries of the Middle East and Africa,Final Energy|Solids,EJ/yr,,14.99473202,18.906042382,21.794114237,24.79308828,27.708382384,30.223019828,32.577761473,34.526427575,35.832505428,36.635622049
GCAM 4.2,SSP4-Baseline,Countries of the Middle East and Africa,Final Energy|Solids|Biomass,EJ/yr,,13.784981687,17.44967315,20.15785821,23.061774957,25.935442842,28.409349878,30.753444718,32.671413825,33.95448836,34.73846386
GCAM 4.2,SSP4-Baseline,Countries of the Middle East and Africa,Final Energy|Solids|Coal,EJ/yr,,1.209750333,1.456369232,1.636256027,1.7313133230000002,1.7729395419999991,1.81366995,1.824316755,1.85501375,1.878017068,1.897158189
GCAM 4.2,SSP4-Baseline,Countries of the Middle East and Africa,Final Energy|Transportation,EJ/yr,,10.789351038,14.231896172,18.864027273,23.772372172,28.254091233,33.518205503,39.005722237,44.755654375,50.890144334,57.432306867
GCAM 4.2,SSP4-Baseline,Countries of the Middle East and Africa,Final Energy|Transportation|Electricity,EJ/yr,,0.01736861,0.033219421,0.062062995,0.10559554,0.168978306,0.264172723,0.392213961,0.574952601,0.838705690999999,1.160425209
GCAM 4.2,SSP4-Baseline,Countries of the Middle East and Africa,Final Energy|Transportation|Hydrogen,EJ/yr,,0.0,0.007604854,0.046965482999999,0.116476561999999,0.213546456,0.353223265,0.513846441,0.7030957250000001,0.923479658,1.162660128
GCAM 4.2,SSP4-Baseline,Countries of the Middle East and Africa,Final Energy|Transportation|Liquids,EJ/yr,,10.55990564,13.679121747,17.560215421,21.299785064,24.315685598,27.796274731,31.309640722,34.924962203,38.68137192,42.593477337
GCAM 4.2,SSP4-Baseline,Countries of the Middle East and Africa,Population,million,,1237.419,1550.955,1905.934,2279.89,2664.823,3032.529,3370.321,3682.445,3965.2,4216.15
GCAM 4.2,SSP4-Baseline,Countries of the Middle East and Africa,Primary Energy,EJ/yr,,58.26001019,75.83942546,100.301782439,122.826601996,143.6262547,165.449896165,186.382651706,208.533869879,233.043373299,259.865455539
GCAM 4.2,SSP4-Baseline,Countries of the Middle East and Africa,Primary Energy|Biomass,EJ/yr,,13.7989868,18.8537034,23.2170437,27.6051988,31.8780466,36.21292308,39.94665701,43.36050185,46.20566322,48.5376261
GCAM 4.2,SSP4-Baseline,Countries of the Middle East and Africa,Primary Energy|Coal,EJ/yr,,4.601230200000002,7.037047,12.946289,17.59496799999999,21.56864,27.02038,31.03493,34.57673,38.78188,43.81291
GCAM 4.2,SSP4-Baseline,Countries of the Middle East and Africa,Primary Energy|Fossil,EJ/yr,,43.9586458,55.76261210000001,73.90280290000003,89.1414861,102.346346,115.205767,126.677757,138.824859,153.521313,170.556357
GCAM 4.2,SSP4-Baseline,Countries of the Middle East and Africa,Primary Energy|Gas,EJ/yr,,16.7746766,25.03271,35.637,44.150896,50.436275,54.119426,55.65765,57.26072900000001,60.4088,65.128248
GCAM 4.2,SSP4-Baseline,Countries of the Middle East and Africa,Primary Energy|Nuclear,EJ/yr,,0.0435563999999999,0.087172419,0.8033471590000001,1.938362358,3.009854657,4.647759175,6.792511121,9.5105446,12.3594456,15.3870248
GCAM 4.2,SSP4-Baseline,Countries of the Middle East and Africa,Primary Energy|Oil,EJ/yr,,22.582739,23.6928551,25.3195139,27.3956221,30.341431,34.065961,39.985177,46.9874,54.330633,61.615199
GCAM 4.2,SSP4-Baseline,Countries of the Middle East and Africa,Secondary Energy|Electricity,EJ/yr,,5.56746661681,9.220531646,14.124167403,19.160088197,24.237958337,29.784131274,36.09721988,43.279761115,51.555734917,60.787291669
GCAM 4.2,SSP4-Baseline,Countries of the Middle East and Africa,Secondary Energy|Electricity|Biomass,EJ/yr,,0.0030204,0.093360493,0.206447004,0.314099922,0.442652677999998,0.6289250470000001,0.841236407,1.016680677,1.152980105,1.21869485
GCAM 4.2,SSP4-Baseline,Countries of the Middle East and Africa,Secondary Energy|Electricity|Biomass|w/ CCS,EJ/yr,,0.0,0.0,0.0,0.0,0.0,0.0,0.0,0.0,0.0,0.0
GCAM 4.2,SSP4-Baseline,Countries of the Middle East and Africa,Secondary Energy|Electricity|Biomass|w/o CCS,EJ/yr,,0.0030204,0.093360493,0.206447004,0.314099922,0.442652677999998,0.6289250470000001,0.841236407,1.016680677,1.152980105,1.21869485
GCAM 4.2,SSP4-Baseline,Countries of the Middle East and Africa,Secondary Energy|Electricity|Coal,EJ/yr,,1.06047768,1.52981356,1.97568432,2.2366625,2.464285276999999,2.8190304470000003,3.28689425,3.52062657,3.91776343,4.55277308
GCAM 4.2,SSP4-Baseline,Countries of the Middle East and Africa,Secondary Energy|Electricity|Coal|w/ CCS,EJ/yr,,0.0,0.0,0.0,0.0,0.0,0.0,0.0,0.0,0.0,0.0
GCAM 4.2,SSP4-Baseline,Countries of the Middle East and Africa,Secondary Energy|Electricity|Coal|w/o CCS,EJ/yr,,1.06047768,1.52981356,1.97568432,2.2366625,2.464285276999999,2.8190304470000003,3.28689425,3.52062657,3.91776343,4.55277308
GCAM 4.2,SSP4-Baseline,Countries of the Middle East and Africa,Secondary Energy|Electricity|Gas,EJ/yr,,2.68173408681,5.60789583,7.952055827000001,9.839256071,11.290901716,11.393080376,11.304829035,11.411823463,12.092334871,13.191457117
GCAM 4.2,SSP4-Baseline,Countries of the Middle East and Africa,Secondary Energy|Electricity|Gas|w/ CCS,EJ/yr,,0.0,0.0,0.0,0.0,0.0,0.0,0.0,0.0,0.0,0.0
GCAM 4.2,SSP4-Baseline,Countries of the Middle East and Africa,Secondary Energy|Electricity|Gas|w/o CCS,EJ/yr,,2.68173408681,5.60789583,7.952055827000001,9.839256071,11.290901716,11.393080376,11.304829035,11.411823463,12.092334871,13.191457117
GCAM 4.2,SSP4-Baseline,Countries of the Middle East and Africa,Secondary Energy|Electricity|Geothermal,EJ/yr,,0.00529559,0.1132335999999999,0.31629775,0.45031184,0.523580296,0.597843611,0.6387799510000001,0.660833752,0.6644955810000001,0.643805152
GCAM 4.2,SSP4-Baseline,Countries of the Middle East and Africa,Secondary Energy|Electricity|Hydro,EJ/yr,,0.4437737,0.5963155,0.748974199999998,0.9660516,1.2475506,1.5290475,1.810543399999999,2.092042299999999,2.3735402,2.5142881
GCAM 4.2,SSP4-Baseline,Countries of the Middle East and Africa,Secondary Energy|Electricity|Non-Biomass Renewables,EJ/yr,,0.45882119,1.135937998,2.37858868,4.141554738,6.392007443,9.38344691,12.965726575,16.837964429,20.956951479,25.384447639
GCAM 4.2,SSP4-Baseline,Countries of the Middle East and Africa,Secondary Energy|Electricity|Nuclear,EJ/yr,,0.0435563999999999,0.087172419,0.8033471590000001,1.938362358,3.009854657,4.647759175,6.792511121,9.5105446,12.3594456,15.3870248
GCAM 4.2,SSP4-Baseline,Countries of the Middle East and Africa,Secondary Energy|Electricity|Oil,EJ/yr,,1.31985686,0.7663513460000001,0.8080444130000001,0.690152608,0.638256566,0.911889319,0.906022492,0.982121375999999,1.076259432,1.052894183
GCAM 4.2,SSP4-Baseline,Countries of the Middle East and Africa,Secondary Energy|Electricity|Solar,EJ/yr,,0.0003456,0.259938171,0.638764486,1.376581641,2.56410101,4.233067641,6.290808376,8.516128347999999,11.163631336,14.392675617
GCAM 4.2,SSP4-Baseline,Countries of the Middle East and Africa,Secondary Energy|Electricity|Wind,EJ/yr,,0.0094063,0.166450727,0.674552244,1.348609657,2.056775537,3.023488158,4.225594848,5.568960028999999,6.755284362,7.83367877
GCAM 4.2,SSP4-Baseline,Countries of the Middle East and Africa,Secondary Energy|Hydrogen,EJ/yr,,0.0,0.036979147999999,0.147603946999999,0.336704669,0.624583442,0.923462652,1.281276294,1.691421821,2.14836466,2.57970769
GCAM 4.2,SSP4-Baseline,Latin American countries,Capacity|Electricity,GW,,396.364036509295,427.44838021521,543.119603122587,662.629283888465,788.2798560408452,917.611681593241,1023.09551540473,1093.60920244563,1134.80861128429,1151.46202487588
GCAM 4.2,SSP4-Baseline,Latin American countries,Capacity|Electricity|Biomass,GW,,6.05381785895484,15.4943564101344,21.2814913907915,25.9898385575216,28.8656165572678,31.431239932141,33.1522493340943,29.006388571791,25.8275717037671,21.85439073598431
GCAM 4.2,SSP4-Baseline,Latin American countries,Capacity|Electricity|Coal,GW,,10.0881330067225,22.5260765474378,32.5471104452055,40.8492457033232,47.8317413035895,55.744759679414,63.46347269786899,59.4581309455861,57.1247203592719,55.25360369894729
GCAM 4.2,SSP4-Baseline,Latin American countries,Capacity|Electricity|Gas,GW,,57.2371630834601,114.257433805809,156.982693350457,189.816382309107,211.153263619356,197.793365812088,172.956706081938,151.888012398529,133.733400748351,121.597993404363
GCAM 4.2,SSP4-Baseline,Latin American countries,Capacity|Electricity|Nuclear,GW,,3.49733637747336,5.4045923882406,11.2363201491065,22.41475992164161,38.5079327681944,57.2796556316591,76.7605720446474,96.70457748463828,112.45876670049,121.738387169513
GCAM 4.2,SSP4-Baseline,Latin American countries,Capacity|Electricity|Oil,GW,,212.502727042111,112.245250824455,100.019902571664,70.1926259275114,48.0845884465372,45.3955463993532,34.5123692367453,29.6141806189752,26.9573274194571,21.44228976407911
GCAM 4.2,SSP4-Baseline,Latin American countries,Capacity|Electricity|Solar,GW,,0.026319127346524,18.6565556557994,43.43038189631228,88.93905270072149,154.098883732734,234.769808612097,315.526809822225,375.446091238922,415.7084175559571,443.936668377664
GCAM 4.2,SSP4-Baseline,Latin American countries,Capacity|Electricity|Wind,GW,,1.21192106979778,14.4272539320142,37.5626271838395,71.09433042706199,96.140291878515,121.576807920578,142.664467988965,157.225890980441,159.686678652968,159.302351471334
GCAM 4.2,SSP4-Baseline,Latin American countries,Emissions|CH4,Mt CH4/yr,,47.663797305,47.38765226,51.558110542,54.251134464,54.209525262,53.482896165,52.170642275,49.01724422100001,46.31248137399999,43.207127183
GCAM 4.2,SSP4-Baseline,Latin American countries,Emissions|CH4|Energy,Mt CH4/yr,,7.890933717999999,4.974646105,6.430940982,7.687220367999999,7.343816267999999,7.518588022,7.86784857,6.913755759,6.710502648999999,6.18173251
GCAM 4.2,SSP4-Baseline,Latin American countries,Emissions|CO2,Mt CO2/yr,,3153.32006772076,2603.84255134051,2950.05764018617,3355.23059175396,3524.655769681021,3692.536148147021,3635.5772088515,3488.397219813,3341.71508409933,3233.69685378923
GCAM 4.2,SSP4-Baseline,Latin American countries,Emissions|CO2|AFOLU,Mt CO2/yr,,1400.46895894767,237.746486545333,-10.5784779906666,-17.1724163746666,-112.649623496667,-134.464830217667,-236.832448006,-320.519835636,-390.493052407333,-418.5000482116671
GCAM 4.2,SSP4-Baseline,Latin American countries,Emissions|CO2|Energy and Industrial Processes,Mt CO2/yr,,1752.8511087731,2366.09606479517,2960.63611817684,3372.40300812862,3637.305393177679,3827.00097836469,3872.409656857511,3808.917055449,3732.208136506671,3652.1969020009
GCAM 4.2,SSP4-Baseline,Latin American countries,Emissions|CO2|Energy|Supply|Electricity,Mt CO2/yr,,337.337038789667,501.792081824,653.464267401,749.3025287,809.365960553333,805.8532865900011,767.6836865060001,672.624444455334,603.957971932334,554.7603111453341
GCAM 4.2,SSP4-Baseline,Latin American countries,Final Energy,EJ/yr,,27.64685431900001,35.331460264,42.113116765,47.89440447699999,52.393506591,55.932478509,58.347722388,59.604466063,60.044132162,59.957477095
GCAM 4.2,SSP4-Baseline,Latin American countries,Final Energy|Electricity,EJ/yr,,4.107527449,6.295599306000002,8.563885767999999,10.956292948,13.237420082,15.117474781,16.633733244,17.704265288,18.479987749,18.927254984
GCAM 4.2,SSP4-Baseline,Latin American countries,Final Energy|Gases,EJ/yr,,4.259633745,5.255941762,6.508922694,7.696507517000001,8.723051181,9.609116144,10.321553285,10.85068095,11.306041066,11.763428124
GCAM 4.2,SSP4-Baseline,Latin American countries,Final Energy|Heat,EJ/yr,,0.0,0.0,0.0,0.0,0.0,0.0,0.0,0.0,0.0,0.0
GCAM 4.2,SSP4-Baseline,Latin American countries,Final Energy|Hydrogen,EJ/yr,,0.0,0.044590976,0.138239884,0.262144733,0.402012271,0.496887368,0.581483494,0.64789243,0.695392621,0.714379832
GCAM 4.2,SSP4-Baseline,Latin American countries,Final Energy|Industry,EJ/yr,,12.80485799,16.44279957,19.334981615,21.472678711,22.957727029,23.804165591,24.156289571,24.092232725,23.784339077,23.372158666
GCAM 4.2,SSP4-Baseline,Latin American countries,Final Energy|Liquids,EJ/yr,,14.280511592,18.895505932,21.924327631,24.029997993,25.316580339,26.39557422,26.938363024,27.010084716,26.675591281,26.12229377
GCAM 4.2,SSP4-Baseline,Latin American countries,Final Energy|Solids,EJ/yr,,4.999181533,4.839822288,4.977740788,4.949461286,4.714442718,4.313425996,3.872589341,3.391542678999999,2.887119445,2.430120385
GCAM 4.2,SSP4-Baseline,Latin American countries,Final Energy|Solids|Biomass,EJ/yr,,4.289363363000001,4.006258464,4.064448696,4.003344758,3.782453923,3.418231436,3.045656295,2.641103753,2.226540232,1.85512195
GCAM 4.2,SSP4-Baseline,Latin American countries,Final Energy|Solids|Coal,EJ/yr,,0.70981817,0.8335638240000001,0.913292092,0.946116528,0.931988795,0.89519456,0.8269330460000001,0.7504389260000001,0.660579213,0.574998435
GCAM 4.2,SSP4-Baseline,Latin American countries,Final Energy|Transportation,EJ/yr,,9.582373264,12.066501827,14.453377731,16.751025237,18.667613576,20.531697659,22.107198509,23.3057279,24.228151125,24.923388314
GCAM 4.2,SSP4-Baseline,Latin American countries,Final Energy|Transportation|Electricity,EJ/yr,,0.016294293,0.068646385,0.136004565,0.220043348999999,0.323403842,0.44025998,0.5540211740000001,0.665311833999999,0.7736106110000001,0.8614798480000001
GCAM 4.2,SSP4-Baseline,Latin American countries,Final Energy|Transportation|Hydrogen,EJ/yr,,0.0,0.00785442,0.04382636,0.09653255,0.160308293,0.233065563,0.303293052,0.365309846,0.415657831,0.450061132
GCAM 4.2,SSP4-Baseline,Latin American countries,Final Energy|Transportation|Liquids,EJ/yr,,9.346675051,11.474040873,13.155257236,14.411381525,15.120871442,15.783816257,16.226405355,16.444296998,16.476380446,16.359926968
GCAM 4.2,SSP4-Baseline,Latin American countries,Population,million,,586.2230000000002,642.064,681.673,703.227,706.956,694.6460000000003,671.0260000000002,639.525,603.446,565.9630000000002
GCAM 4.2,SSP4-Baseline,Latin American countries,Primary Energy,EJ/yr,,33.515505082,44.896771412,56.36281638,65.261653584,71.629024423,76.640296565,78.716360989,78.898857616,78.442202958,77.500178151
GCAM 4.2,SSP4-Baseline,Latin American countries,Primary Energy|Biomass,EJ/yr,,4.738232892,5.9829988830000005,7.613975853999999,8.761487327000001,9.386933456,10.162609975,10.077591234,9.511110848,8.919380772,8.274288925
GCAM 4.2,SSP4-Baseline,Latin American countries,Primary Energy|Coal,EJ/yr,,1.44790165,3.285258,6.904567999999999,9.421339,11.114473,13.400031,14.103577,13.782905,13.470966,13.157918
GCAM 4.2,SSP4-Baseline,Latin American countries,Primary Energy|Fossil,EJ/yr,,25.99393105,35.26050210000001,43.95679260000001,50.116197,54.10861800000001,56.351971,56.565791,55.511339,54.30560999999999,53.163479
GCAM 4.2,SSP4-Baseline,Latin American countries,Primary Energy|Gas,EJ/yr,,7.841454,12.101766,17.788936,21.99052,24.61797,25.60421,24.72848,23.6565,22.80367,22.34775
GCAM 4.2,SSP4-Baseline,Latin American countries,Primary Energy|Nuclear,EJ/yr,,0.0992628,0.153395303,0.318913733,0.636184682,1.092947551,1.625734098,2.17864926,2.744708,3.1918497,3.455227599999999
GCAM 4.2,SSP4-Baseline,Latin American countries,Primary Energy|Oil,EJ/yr,,16.7045754,19.8734781,19.26328860000001,18.704338,18.376175,17.34773,17.733734,18.071934,18.030974,17.657811
GCAM 4.2,SSP4-Baseline,Latin American countries,Secondary Energy|Electricity,EJ/yr,,5.020225841,7.63242021,10.259016231,12.973638424,15.491640881,17.489042717,19.046678109,20.106527987,20.835945293,21.193014108
GCAM 4.2,SSP4-Baseline,Latin American countries,Secondary Energy|Electricity|Biomass,EJ/yr,,0.15273056,0.390904019,0.53690649,0.6556924390000001,0.728244867,0.792972465999999,0.8363914680000001,0.731796375999999,0.6515986410000001,0.551360053
GCAM 4.2,SSP4-Baseline,Latin American countries,Secondary Energy|Electricity|Biomass|w/ CCS,EJ/yr,,0.0,0.0,0.0,0.0,0.0,0.0,0.0,0.0,0.0,0.0
GCAM 4.2,SSP4-Baseline,Latin American countries,Secondary Energy|Electricity|Biomass|w/o CCS,EJ/yr,,0.15273056,0.390904019,0.53690649,0.6556924390000001,0.728244867,0.792972465999999,0.8363914680000001,0.731796375999999,0.6515986410000001,0.551360053
GCAM 4.2,SSP4-Baseline,Latin American countries,Secondary Energy|Electricity|Coal,EJ/yr,,0.25451149,0.56830588,0.82112454,1.03057745,1.206737435,1.406373393,1.60110726,1.500057294,1.441188145,1.393982117
GCAM 4.2,SSP4-Baseline,Latin American countries,Secondary Energy|Electricity|Coal|w/ CCS,EJ/yr,,0.0,0.0,0.0,0.0,0.0,0.0,0.0,0.0,0.0,0.0
GCAM 4.2,SSP4-Baseline,Latin American countries,Secondary Energy|Electricity|Coal|w/o CCS,EJ/yr,,0.25451149,0.56830588,0.82112454,1.03057745,1.206737435,1.406373393,1.60110726,1.500057294,1.441188145,1.393982117
GCAM 4.2,SSP4-Baseline,Latin American countries,Secondary Energy|Electricity|Gas,EJ/yr,,1.159494051,2.578970116,3.66272752,4.542952400000001,5.142994077,4.878204447,4.3087014660000005,3.801878836,3.354698162,3.053444936
GCAM 4.2,SSP4-Baseline,Latin American countries,Secondary Energy|Electricity|Gas|w/ CCS,EJ/yr,,0.0,0.0,0.0,0.0,0.0,0.0,0.0,0.0,0.0,0.0
GCAM 4.2,SSP4-Baseline,Latin American countries,Secondary Energy|Electricity|Gas|w/o CCS,EJ/yr,,1.159494051,2.578970116,3.66272752,4.542952400000001,5.142994077,4.878204447,4.3087014660000005,3.801878836,3.354698162,3.053444936
GCAM 4.2,SSP4-Baseline,Latin American countries,Secondary Energy|Electricity|Geothermal,EJ/yr,,0.035611199999999,0.36314217,0.6128676200000001,0.74808081,0.75208556,0.75000081,0.7583943740000001,0.7609473000000001,0.7342139270000001,0.6830422610000001
GCAM 4.2,SSP4-Baseline,Latin American countries,Secondary Energy|Electricity|Hydro,EJ/yr,,2.6322491,2.7762505,2.9206548,3.120327999999999,3.375283999999999,3.630236,3.88519,4.140149,4.395097,4.522576
GCAM 4.2,SSP4-Baseline,Latin American countries,Secondary Energy|Electricity|Non-Biomass Renewables,EJ/yr,,2.68407834,3.499875213,4.473134193,5.747784575,7.040525416,8.499981492,9.894329495,11.131699768,12.025362486,12.607182626
GCAM 4.2,SSP4-Baseline,Latin American countries,Secondary Energy|Electricity|Nuclear,EJ/yr,,0.0992628,0.153395303,0.318913733,0.636184682,1.092947551,1.625734098,2.17864926,2.744708,3.1918497,3.455227599999999
GCAM 4.2,SSP4-Baseline,Latin American countries,Secondary Energy|Electricity|Oil,EJ/yr,,0.6701486,0.440969679,0.446209755,0.360446877999998,0.280191535,0.285776821,0.22749916,0.196387713,0.171248158999999,0.131816776
GCAM 4.2,SSP4-Baseline,Latin American countries,Secondary Energy|Electricity|Solar,EJ/yr,,0.000166,0.155743159,0.39470832,0.8480418710000001,1.488172598,2.279402499,3.091193123,3.801048376,4.37811201,4.889684887
GCAM 4.2,SSP4-Baseline,Latin American countries,Secondary Energy|Electricity|Wind,EJ/yr,,0.01605204,0.204739384,0.544903453,1.031333894,1.424983258,1.840342183,2.159551998,2.429555091999999,2.5179395490000003,2.511879478
GCAM 4.2,SSP4-Baseline,Latin American countries,Secondary Energy|Hydrogen,EJ/yr,,0.0,0.044591359,0.138238367,0.262143887,0.40201241,0.49688734,0.5814839930000001,0.647891745,0.695392839,0.7143795460000001
GCAM 4.2,SSP4-Baseline,OECD90 and EU (and EU candidate) countries,Capacity|Electricity,GW,,1611.0993741434,1872.69645997832,2128.31595501333,2364.91426019821,2508.24909077388,2638.808246838911,2741.87018493281,2796.45883069779,2792.53776768549,2750.906193072349
GCAM 4.2,SSP4-Baseline,OECD90 and EU (and EU candidate) countries,Capacity|Electricity|Biomass,GW,,19.47607258371389,16.397257539003,19.7101671898782,24.9539206383181,30.8222681617834,33.8608357115678,37.5801502251395,38.2143702831684,36.5312274860477,33.4309962423896
GCAM 4.2,SSP4-Baseline,OECD90 and EU (and EU candidate) countries,Capacity|Electricity|Coal,GW,,463.145492453069,561.5387080638,580.686161926053,572.222966609589,565.190893859398,567.260164217085,572.05601491153,499.663591768138,469.5684047992769,423.536101835996
GCAM 4.2,SSP4-Baseline,OECD90 and EU (and EU candidate) countries,Capacity|Electricity|Gas,GW,,347.871071156773,369.443921391426,385.748904807205,394.55857921106,404.842788543252,348.494970002537,289.636384766616,277.598565036784,232.955567763825,208.115040319001
GCAM 4.2,SSP4-Baseline,OECD90 and EU (and EU candidate) countries,Capacity|Electricity|Nuclear,GW,,262.545182930266,324.786265432099,381.1804329443601,454.843253213258,538.4827389508989,605.362422839506,671.489283499634,711.908102204183,712.4237819916568,666.797140129094
GCAM 4.2,SSP4-Baseline,OECD90 and EU (and EU candidate) countries,Capacity|Electricity|Oil,GW,,235.766717402334,28.0034379756469,15.2153033834348,15.4940269057585,13.1603895151573,9.38484462201928,8.65988299086758,11.1110489599188,7.09614416856925,6.69389634069
GCAM 4.2,SSP4-Baseline,OECD90 and EU (and EU candidate) countries,Capacity|Electricity|Solar,GW,,17.180225159981,83.2274997644227,115.621312630622,160.554378024327,218.981590968611,332.319564399267,445.470973189784,534.6985368054831,591.121438913965,636.338759516693
GCAM 4.2,SSP4-Baseline,OECD90 and EU (and EU candidate) countries,Capacity|Electricity|Wind,GW,,71.763282627866,275.048937369638,402.421148983632,505.558372832705,491.854504139815,491.384721033105,460.87998801634,460.937687605483,476.608535451548,508.5965528919329
GCAM 4.2,SSP4-Baseline,OECD90 and EU (and EU candidate) countries,Emissions|CH4,Mt CH4/yr,,63.763727643,56.959925997,58.59946602399999,58.63742470800001,59.100592476,60.067605457,58.890073853,56.988089149,52.831887438,53.82901512300001
GCAM 4.2,SSP4-Baseline,OECD90 and EU (and EU candidate) countries,Emissions|CH4|Energy,Mt CH4/yr,,20.264424178,14.335235,14.0402221,12.77336323,12.558513669,13.375994649,12.604631488,11.718165972,9.185779255,12.296223429
GCAM 4.2,SSP4-Baseline,OECD90 and EU (and EU candidate) countries,Emissions|CO2,Mt CO2/yr,,10660.1018745861,12388.3853668117,12935.4138225827,13483.9911519573,13455.858040746,13477.164907932,13080.705093966,12198.9524273613,11445.6051689529,10670.3855568196
GCAM 4.2,SSP4-Baseline,OECD90 and EU (and EU candidate) countries,Emissions|CO2|AFOLU,Mt CO2/yr,,-752.360736314001,51.4800023099997,-285.158587237333,-106.702285917333,-146.069057915,-98.67225068799988,-147.646696050333,-152.144152809,-183.718812676667,-180.608699410333
GCAM 4.2,SSP4-Baseline,OECD90 and EU (and EU candidate) countries,Emissions|CO2|Energy and Industrial Processes,Mt CO2/yr,,11412.4626109,12336.9053645017,13220.5724098201,13590.6934378747,13601.927098661,13575.83715862,13228.3517900164,12351.0965801703,11629.3239816296,10850.99425623
GCAM 4.2,SSP4-Baseline,OECD90 and EU (and EU candidate) countries,Emissions|CO2|Energy|Supply|Electricity,Mt CO2/yr,,4108.33153597533,4641.583129828329,4731.175226393,4585.47270438033,4418.488206476671,4191.745518543,3994.79265882033,3415.74469961266,3090.74664835566,2740.964927261
GCAM 4.2,SSP4-Baseline,OECD90 and EU (and EU candidate) countries,Final Energy,EJ/yr,,148.892581984,159.800930516,169.834214257,177.396008826,180.980670641,182.668873072,182.497391362,179.587759942,174.310682827,167.462169107
GCAM 4.2,SSP4-Baseline,OECD90 and EU (and EU candidate) countries,Final Energy|Electricity,EJ/yr,,30.761297831,38.333152111,43.028678164,47.158616569,50.27397621399999,52.208840312,53.577628005,54.078863895,53.593785812,52.04379016399999
GCAM 4.2,SSP4-Baseline,OECD90 and EU (and EU candidate) countries,Final Energy|Gases,EJ/yr,,31.313764108,32.154617324,34.360829337,35.339688632,35.320074944,35.039771622,34.30892718,33.164645619,31.887542692,30.70926275
GCAM 4.2,SSP4-Baseline,OECD90 and EU (and EU candidate) countries,Final Energy|Heat,EJ/yr,,0.0808569,0.100608528,0.115365856,0.121318220999999,0.120187563,0.115953168,0.108455036999999,0.099848749,0.091012960999999,0.082247393
GCAM 4.2,SSP4-Baseline,OECD90 and EU (and EU candidate) countries,Final Energy|Hydrogen,EJ/yr,,0.0,0.161467065,0.475389219,0.859668590999999,1.285237685,1.577919263,1.852817963,2.064733059,2.214818862,2.257893644
GCAM 4.2,SSP4-Baseline,OECD90 and EU (and EU candidate) countries,Final Energy|Industry,EJ/yr,,52.432250823,56.237214095,59.67747733100001,61.936953273,63.188995862,63.791643824,63.868350737,63.23089486600001,61.93069170899999,60.088492667
GCAM 4.2,SSP4-Baseline,OECD90 and EU (and EU candidate) countries,Final Energy|Liquids,EJ/yr,,74.258076255,77.221997464,80.367332338,82.804241194,83.39119468199999,83.730657623,83.293702661,81.555295805,78.737838577,75.397007249
GCAM 4.2,SSP4-Baseline,OECD90 and EU (and EU candidate) countries,Final Energy|Solids,EJ/yr,,12.47858689,11.829088024,11.486619343,11.112475619,10.589999553,9.995731084,9.355860516,8.624372815000001,7.785683923,6.9719679070000025
GCAM 4.2,SSP4-Baseline,OECD90 and EU (and EU candidate) countries,Final Energy|Solids|Biomass,EJ/yr,,5.67934563,5.146011162,4.863334008,4.644004962,4.43014075,4.14768641,3.953311415,3.683355963,3.358572646,3.023425086
GCAM 4.2,SSP4-Baseline,OECD90 and EU (and EU candidate) countries,Final Energy|Solids|Coal,EJ/yr,,6.799241260000001,6.683076862,6.623285335,6.468470657,6.159858803,5.8480446740000005,5.402549101,4.941016852,4.427111277,3.948542821
GCAM 4.2,SSP4-Baseline,OECD90 and EU (and EU candidate) countries,Final Energy|Transportation,EJ/yr,,50.41271738100001,53.977790054,57.89531694,61.815041349,64.142902526,66.164307131,67.639005013,67.960438822,67.303376912,66.084014553
GCAM 4.2,SSP4-Baseline,OECD90 and EU (and EU candidate) countries,Final Energy|Transportation|Electricity,EJ/yr,,0.336318191,0.436073861,0.620015833999999,0.8460651290000001,1.126195854,1.449977632,1.819546615,2.221342785,2.639228852,2.959508304
GCAM 4.2,SSP4-Baseline,OECD90 and EU (and EU candidate) countries,Final Energy|Transportation|Hydrogen,EJ/yr,,0.0,0.041314421,0.204580803999999,0.410469087,0.64367037,0.8839812300000001,1.118335622,1.318633272999999,1.470027486,1.549873712
GCAM 4.2,SSP4-Baseline,OECD90 and EU (and EU candidate) countries,Final Energy|Transportation|Liquids,EJ/yr,,49.972212875,52.278905068,54.092818718,55.717459417,55.751234569,55.690634225,55.276435702,54.046823389,52.166851474,50.045868792
GCAM 4.2,SSP4-Baseline,OECD90 and EU (and EU candidate) countries,Population,million,,1008.395,1058.173,1091.47,1110.964,1115.418,1106.845,1084.85,1049.468,1000.825,940.948
GCAM 4.2,SSP4-Baseline,OECD90 and EU (and EU candidate) countries,Primary Energy,EJ/yr,,188.1345698,207.01089403,226.879647185,239.618848304,245.088790228,249.043900957,246.112854344,237.445114981,227.729214893,216.415612151
GCAM 4.2,SSP4-Baseline,OECD90 and EU (and EU candidate) countries,Primary Energy|Biomass,EJ/yr,,8.497049,10.126844,13.577615,16.510915,18.602062,21.352291,21.712046,21.439045,20.452545,19.276155
GCAM 4.2,SSP4-Baseline,OECD90 and EU (and EU candidate) countries,Primary Energy|Coal,EJ/yr,,38.2854481,47.339862,57.052722,61.824905,63.875409,68.622465,68.08275,61.763339,57.965476,53.267662
GCAM 4.2,SSP4-Baseline,OECD90 and EU (and EU candidate) countries,Primary Energy|Fossil,EJ/yr,,166.24695251,177.6487614,189.9016145,195.4158872,195.686836,193.601821,187.61466,176.582757,166.452253,156.175474
GCAM 4.2,SSP4-Baseline,OECD90 and EU (and EU candidate) countries,Primary Energy|Gas,EJ/yr,,49.600793,53.427165,63.861095,69.574614,71.203969,70.52662,65.092438,60.60484,55.706217,52.425672
GCAM 4.2,SSP4-Baseline,OECD90 and EU (and EU candidate) countries,Primary Energy|Nuclear,EJ/yr,,7.451662400000001,9.218213699999998,10.81881552,12.90954315,15.28343249,17.18163843,19.05847744,20.20566052,20.22029675,18.92530315
GCAM 4.2,SSP4-Baseline,OECD90 and EU (and EU candidate) countries,Primary Energy|Oil,EJ/yr,,78.36071141,76.8817344,68.9877975,64.0163682,60.60745799999999,54.452736,54.43947199999999,54.214578,52.78055999999999,50.48214
GCAM 4.2,SSP4-Baseline,OECD90 and EU (and EU candidate) countries,Secondary Energy|Electricity,EJ/yr,,33.836154657,42.592473654,47.842859941,52.457069731,55.92277457100001,57.998661297,59.479762696,60.03264585,59.49147586300001,57.764095313
GCAM 4.2,SSP4-Baseline,OECD90 and EU (and EU candidate) countries,Secondary Energy|Electricity|Biomass,EJ/yr,,0.49135794,0.413683131,0.497263866,0.6295574730000001,0.7776088390000001,0.854268252,0.948102094,0.964102705,0.921639032,0.843423917999999
GCAM 4.2,SSP4-Baseline,OECD90 and EU (and EU candidate) countries,Secondary Energy|Electricity|Biomass|w/ CCS,EJ/yr,,0.0,0.0,0.0,0.0,0.0,0.0,0.0,0.0,0.0,0.0
GCAM 4.2,SSP4-Baseline,OECD90 and EU (and EU candidate) countries,Secondary Energy|Electricity|Biomass|w/o CCS,EJ/yr,,0.49135794,0.413683131,0.497263866,0.6295574730000001,0.7776088390000001,0.854268252,0.948102094,0.964102705,0.921639032,0.843423917999999
GCAM 4.2,SSP4-Baseline,OECD90 and EU (and EU candidate) countries,Secondary Energy|Electricity|Coal,EJ/yr,,11.68602823,14.168198845,14.651051992,14.437205815,14.259466355,14.311459852,14.432286789,12.605912824,11.846647371,10.685307606
GCAM 4.2,SSP4-Baseline,OECD90 and EU (and EU candidate) countries,Secondary Energy|Electricity|Coal|w/ CCS,EJ/yr,,0.0,0.0,0.0,0.0,0.0,0.0,0.0,0.0,0.0,0.0
GCAM 4.2,SSP4-Baseline,OECD90 and EU (and EU candidate) countries,Secondary Energy|Electricity|Coal|w/o CCS,EJ/yr,,11.68602823,14.168198845,14.651051992,14.437205815,14.259466355,14.311459852,14.432286789,12.605912824,11.846647371,10.685307606
GCAM 4.2,SSP4-Baseline,OECD90 and EU (and EU candidate) countries,Secondary Energy|Electricity|Gas,EJ/yr,,7.522676637000001,8.659387922999999,9.226639829,9.618963397,10.009287213,8.685961807,7.258779572999999,6.970159833999999,5.855819358,5.232157239
GCAM 4.2,SSP4-Baseline,OECD90 and EU (and EU candidate) countries,Secondary Energy|Electricity|Gas|w/ CCS,EJ/yr,,0.0,0.0,0.0,0.0,0.0,0.0,0.0,0.0,0.0,0.0
GCAM 4.2,SSP4-Baseline,OECD90 and EU (and EU candidate) countries,Secondary Energy|Electricity|Gas|w/o CCS,EJ/yr,,7.522676637000001,8.659387922999999,9.226639829,9.618963397,10.009287213,8.685961807,7.258779572999999,6.970159833999999,5.855819358,5.232157239
GCAM 4.2,SSP4-Baseline,OECD90 and EU (and EU candidate) countries,Secondary Energy|Electricity|Geothermal,EJ/yr,,0.13238103,0.63743631,0.94099128,1.08263161,1.15505822,1.167984578,1.169063793,1.192155602,1.156605712,1.11895924
GCAM 4.2,SSP4-Baseline,OECD90 and EU (and EU candidate) countries,Secondary Energy|Electricity|Hydro,EJ/yr,,4.745641,4.767845,4.804427,4.889751,5.023826000000001,5.157903,5.291969,5.426038,5.560125,5.627164
GCAM 4.2,SSP4-Baseline,OECD90 and EU (and EU candidate) countries,Secondary Energy|Electricity|Non-Biomass Renewables,EJ/yr,,5.93890629,10.01707493,12.581602165,14.782502954,15.516459738,16.908150527,17.727670904,19.217652461,20.604120143,22.038680001
GCAM 4.2,SSP4-Baseline,OECD90 and EU (and EU candidate) countries,Secondary Energy|Electricity|Nuclear,EJ/yr,,7.451662400000001,9.218213699999998,10.81881552,12.90954315,15.28343249,17.18163843,19.05847744,20.20566052,20.22029675,18.92530315
GCAM 4.2,SSP4-Baseline,OECD90 and EU (and EU candidate) countries,Secondary Energy|Electricity|Oil,EJ/yr,,0.74552316,0.115915125,0.067486569,0.079296942,0.076519936,0.057182429,0.054445895999999,0.069157506,0.042953209,0.039223399
GCAM 4.2,SSP4-Baseline,OECD90 and EU (and EU candidate) countries,Secondary Energy|Electricity|Solar,EJ/yr,,0.11037097,0.708518188,0.998436987,1.476207475,2.047347406,3.144034838999998,4.290168686,5.47675471,6.372226044,7.273006315
GCAM 4.2,SSP4-Baseline,OECD90 and EU (and EU candidate) countries,Secondary Energy|Electricity|Wind,EJ/yr,,0.95051329,3.903275432,5.837746898,7.333912869,7.290228112,7.43822811,6.976469425,7.122704149,7.515163387,8.019550446
GCAM 4.2,SSP4-Baseline,OECD90 and EU (and EU candidate) countries,Secondary Energy|Hydrogen,EJ/yr,,0.0,0.161464882,0.475389974,0.8596665870000001,1.285236617999999,1.577920421,1.8528175269999991,2.064734084,2.214819083,2.257893299999999
GCAM 4.2,SSP4-Baseline,World,Capacity|Electricity,GW,,4144.84828142649,5044.32312721129,6396.62798210645,7647.87779783978,8731.88174657789,9722.46987220396,10591.2509750633,11257.6523111109,11766.1022852105,12184.8199506873
GCAM 4.2,SSP4-Baseline,World,Capacity|Electricity|Biomass,GW,,30.3345299816083,51.8458971492897,82.3467174419711,112.063398536593,137.146626633054,157.713143986238,176.406790810502,184.675067105847,182.706612641109,169.190382697552
GCAM 4.2,SSP4-Baseline,World,Capacity|Electricity|Coal,GW,,1225.95827546296,1748.91203937563,2085.84955990772,2239.665858304789,2297.31047810439,2326.55846100488,2349.91181344337,1962.31208888255,1681.38653507103,1453.39298313832
GCAM 4.2,SSP4-Baseline,World,Capacity|Electricity|Gas,GW,,841.210098776002,1187.25712316876,1435.85041364631,1598.72050978247,1696.71195323598,1527.51385025843,1332.25216072901,1251.46989753773,1175.39288443366,1166.2257062722
GCAM 4.2,SSP4-Baseline,World,Capacity|Electricity|Nuclear,GW,,349.605290602627,481.874876754608,698.3522581599858,985.026864183438,1261.83718565026,1508.22378984864,1750.52101939935,2031.55142799763,2191.38379418231,2238.91383427758
GCAM 4.2,SSP4-Baseline,World,Capacity|Electricity|Oil,GW,,1085.21662861492,432.9275677796799,397.534318437658,307.398609842719,232.313094043316,250.944224338851,222.509047120751,234.555239052194,247.390961440893,235.092300703957
GCAM 4.2,SSP4-Baseline,World,Capacity|Electricity|Solar,GW,,18.7869999570383,194.760335327057,395.375945733364,760.153554404124,1292.63196463646,1997.32148317767,2705.51519754627,3307.7377171971,3810.33485336804,4281.43172425472
GCAM 4.2,SSP4-Baseline,World,Capacity|Electricity|Wind,GW,,92.8780660348868,365.990748280625,647.373296977367,929.242283559989,1040.9798233967,1128.07290906953,1179.40997827879,1357.15592034759,1502.61495338661,1648.49172780315
GCAM 4.2,SSP4-Baseline,World,Emissions|CH4,Mt CH4/yr,,368.28881567,415.035565768,478.179272953,525.0460647680001,546.53190229,562.831446765,575.108737803,569.799098275,567.662397105,562.470268469
GCAM 4.2,SSP4-Baseline,World,Emissions|CH4|Energy,Mt CH4/yr,,134.801787552,158.021117395,190.812390855,209.546245468,203.649414287,200.188817363,194.658011938,173.642041393,159.544533905,142.34334728
GCAM 4.2,SSP4-Baseline,World,Emissions|CO2,Mt CO2/yr,,35775.7624496598,41636.0266914142,49069.568163023,53846.9246204423,55664.4305961867,56953.9654885206,55898.1974954638,51172.9136027226,47532.7123322843,44784.72279519151
GCAM 4.2,SSP4-Baseline,World,Emissions|CO2|AFOLU,Mt CO2/yr,,3128.786017632,1218.53900552267,1375.235016991,2255.69981680633,2586.17880607167,3262.017103865671,2968.286160917,1752.11335240333,957.501541113333,455.399639049667
GCAM 4.2,SSP4-Baseline,World,Emissions|CO2|Energy and Industrial Processes,Mt CO2/yr,,32646.9764320278,40417.4876858915,47694.333146032,51591.224803636,53078.251790115,53691.9483846549,52929.9113345468,49420.8002503192,46575.210791171,44329.3231561418
GCAM 4.2,SSP4-Baseline,World,Emissions|CO2|Energy|Supply|Electricity,Mt CO2/yr,,11668.8311078277,15226.0956768543,17615.9930254953,18398.3871640617,18373.823342017,17765.346589243,17076.820795793,14086.4755021613,11985.609169138,10456.4371491763
GCAM 4.2,SSP4-Baseline,World,Final Energy,EJ/yr,,393.851397579,481.060108858,560.142686811,618.706839648,656.423071468,682.075829409,698.006143328,704.2906260980002,705.714819816,706.770912579
GCAM 4.2,SSP4-Baseline,World,Final Energy|Electricity,EJ/yr,,65.715268004,93.639352117,119.397569447,142.381684354,161.140991385,174.442961904,185.917206002,193.942471318,200.387650528,205.627863475
GCAM 4.2,SSP4-Baseline,World,Final Energy|Gases,EJ/yr,,63.538010698,73.723644955,85.663711542,94.205027695,99.45874586,103.332822842,105.805819154,107.226488276,108.714257374,111.001994713
GCAM 4.2,SSP4-Baseline,World,Final Energy|Heat,EJ/yr,,9.7270965,10.069438128,10.109848126,9.562060681,8.660675023,7.665166358,6.564914497,5.564371399,4.635414191000001,3.820047673
GCAM 4.2,SSP4-Baseline,World,Final Energy|Hydrogen,EJ/yr,,0.0,0.338036945,1.027918654,1.950284411,3.062059389,3.876856196,4.700188892,5.463677791,6.170926196,6.672708367
GCAM 4.2,SSP4-Baseline,World,Final Energy|Industry,EJ/yr,,174.628985141,215.018144405,247.918668778,271.104666298,286.554078532,296.204471208,302.183717055,305.445752092,307.803342971,310.932023446
GCAM 4.2,SSP4-Baseline,World,Final Energy|Liquids,EJ/yr,,157.828982203,189.780471121,222.192967141,246.329085449,261.944349153,275.0471365,283.885862537,288.770627224,291.040721689,292.832452354
GCAM 4.2,SSP4-Baseline,World,Final Energy|Solids,EJ/yr,,97.042040174,113.509165592,121.750671901,124.278697058,122.156250658,117.710885609,111.132152246,103.32299009,94.765849838,86.81584599700001
GCAM 4.2,SSP4-Baseline,World,Final Energy|Solids|Biomass,EJ/yr,,47.07149658100001,52.393032094,56.356629387,59.389402369,61.188515582,61.688897647,61.62036790600001,59.995076247,57.509699855,54.765942678
GCAM 4.2,SSP4-Baseline,World,Final Energy|Solids|Coal,EJ/yr,,49.970543593,61.116133498,65.39404251399999,64.889294689,60.967735076,56.021987962,49.51178434,43.32791384300001,37.256149983,32.049903319
GCAM 4.2,SSP4-Baseline,World,Final Energy|Transportation,EJ/yr,,98.44800895,118.734427153,141.690694829,162.045604858,176.967119268,191.054657833,202.988404414,211.804535864,218.595940022,224.438399779
GCAM 4.2,SSP4-Baseline,World,Final Energy|Transportation|Electricity,EJ/yr,,0.8815542940000001,1.340581352,1.895034243,2.498896186999999,3.146705306,3.861202982,4.651333917000001,5.507187535,6.465795462999999,7.334754206
GCAM 4.2,SSP4-Baseline,World,Final Energy|Transportation|Hydrogen,EJ/yr,,0.0,0.063402876,0.335006342,0.714634985,1.175250804,1.7059249040000002,2.242888961,2.756443593,3.23067214,3.620481383
GCAM 4.2,SSP4-Baseline,World,Final Energy|Transportation|Liquids,EJ/yr,,96.434236906,113.843237864,131.5209379,145.209730762,152.899730488,159.780865471,164.816834737,167.456049578,168.477208837,168.8440614
GCAM 4.2,SSP4-Baseline,World,GDP|PPP,billion US$2010/yr,,73630.72577,109821.96,155656.3519,200649.3539,240917.7523,276660.1571,309807.6199,338048.4976,363219.3079,387332.4543
GCAM 4.2,SSP4-Baseline,World,Population,million,,6895.882,7626.353,8258.565,8765.68,9146.527,9377.45,9472.529,9471.44,9401.586,9292.446
GCAM 4.2,SSP4-Baseline,World,Primary Energy,EJ/yr,,508.622852342,637.759360894,767.625700319,854.83215541,905.348772829,938.987516566,948.124639616,931.360589318,915.540120692,903.579846931
GCAM 4.2,SSP4-Baseline,World,Primary Energy|Biomass,EJ/yr,,51.530069752,67.158864333,83.83884129399999,96.687777327,105.518773866,114.327244485,116.740615734,116.323803838,113.880073892,110.786831755
GCAM 4.2,SSP4-Baseline,World,Primary Energy|Coal,EJ/yr,,143.25977845,197.212979,250.970104,278.107366,287.77771,299.834626,295.647957,263.088314,238.048772,218.19362
GCAM 4.2,SSP4-Baseline,World,Primary Energy|Fossil,EJ/yr,,433.18340324,535.4383629,634.5680642000002,691.6563182,717.1833319,725.5217719999997,716.568887,680.476464,651.473788,630.820841
GCAM 4.2,SSP4-Baseline,World,Primary Energy|Gas,EJ/yr,,113.8447856,146.950129,195.025761,226.11647,241.348954,243.242796,231.029408,220.252609,212.304647,210.282661
GCAM 4.2,SSP4-Baseline,World,Primary Energy|Nuclear,EJ/yr,,9.9226372,13.676765502,19.820913132,27.95742647,35.813967738,42.807010893,49.68398778100001,57.66030525,62.1967314,63.54574801
GCAM 4.2,SSP4-Baseline,World,Primary Energy|Oil,EJ/yr,,176.07883919,191.2752549,188.5721992,187.4324822,188.0566679,182.44435,189.891522,197.135541,201.120369,202.34456
GCAM 4.2,SSP4-Baseline,World,Secondary Energy|Electricity,EJ/yr,,78.38901521981,110.889073504,140.635323018,166.645727174,187.31776499,201.33561774,213.257615081,221.622679929,228.280719291,233.64222864
GCAM 4.2,SSP4-Baseline,World,Secondary Energy|Electricity|Biomass,EJ/yr,,0.789247180999999,1.325833146,2.091598795,2.8363604970000003,3.464765425,3.980880172,4.450531643,4.659130333999999,4.609468589,4.268470327
GCAM 4.2,SSP4-Baseline,World,Secondary Energy|Electricity|Biomass|w/ CCS,EJ/yr,,0.0,0.0,0.0,0.0,0.0,0.0,0.0,0.0,0.0,0.0
GCAM 4.2,SSP4-Baseline,World,Secondary Energy|Electricity|Biomass|w/o CCS,EJ/yr,,0.789247180999999,1.325833146,2.091598795,2.8363604970000003,3.464765425,3.980880172,4.450531643,4.659130333999999,4.609468589,4.268470327
GCAM 4.2,SSP4-Baseline,World,Secondary Energy|Electricity|Coal,EJ/yr,,31.86561027,44.947342646,53.307559427,56.97175655100001,58.20977725199999,58.807606722,59.28545515899999,49.506779228,42.419364616,36.667360893
GCAM 4.2,SSP4-Baseline,World,Secondary Energy|Electricity|Coal|w/ CCS,EJ/yr,,0.0,0.0,0.0,0.0,0.0,0.0,0.0,0.0,0.0,0.0
GCAM 4.2,SSP4-Baseline,World,Secondary Energy|Electricity|Coal|w/o CCS,EJ/yr,,31.86561027,44.947342646,53.307559427,56.97175655100001,58.20977725199999,58.807606722,59.28545515899999,49.506779228,42.419364616,36.667360893
GCAM 4.2,SSP4-Baseline,World,Secondary Energy|Electricity|Gas,EJ/yr,,18.35919912881,27.696324716,34.188063504,38.745475355,41.639456247,37.83245859,33.248782394,31.354030771,29.496367864,29.283581181
GCAM 4.2,SSP4-Baseline,World,Secondary Energy|Electricity|Gas|w/ CCS,EJ/yr,,0.0,0.0,0.0,0.0,0.0,0.0,0.0,0.0,0.0,0.0
GCAM 4.2,SSP4-Baseline,World,Secondary Energy|Electricity|Gas|w/o CCS,EJ/yr,,18.35919912881,27.696324716,34.188063504,38.745475355,41.639456247,37.83245859,33.248782394,31.354030771,29.496367864,29.283581181
GCAM 4.2,SSP4-Baseline,World,Secondary Energy|Electricity|Geothermal,EJ/yr,,0.2451255,1.631896223,2.833515818999999,3.444372398,3.646388424,3.743150279,3.724661066,3.82894403,3.762359986,3.573676688
GCAM 4.2,SSP4-Baseline,World,Secondary Energy|Electricity|Hydro,EJ/yr,,12.3909307,13.0198439,13.6647437,14.6095264,15.8542282,17.0989167,18.3436002,19.5883008,20.8329875,21.4553438
GCAM 4.2,SSP4-Baseline,World,Secondary Energy|Electricity|Non-Biomass Renewables,EJ/yr,,13.98674255,21.485368703,29.397881693,38.530633413,46.832699325,56.331489187,65.131149101,76.90001623100001,87.98952740000001,98.426426166
GCAM 4.2,SSP4-Baseline,World,Secondary Energy|Electricity|Nuclear,EJ/yr,,9.9226372,13.676765502,19.820913132,27.95742647,35.813967738,42.807010893,49.68398778100001,57.66030525,62.1967314,63.54574801
GCAM 4.2,SSP4-Baseline,World,Secondary Energy|Electricity|Oil,EJ/yr,,3.46557889,1.757438791,1.829306466999999,1.604074888,1.357099003,1.576172176,1.457709003,1.542418115,1.5692594219999991,1.450642063
GCAM 4.2,SSP4-Baseline,World,Secondary Energy|Electricity|Solar,EJ/yr,,0.12050522,1.6397799469999992,3.508461423,6.996626281,11.902762744,18.413466936,25.209828836,32.51112954,39.700947329,47.40398811399999
GCAM 4.2,SSP4-Baseline,World,Secondary Energy|Electricity|Wind,EJ/yr,,1.23018113,5.193848633,9.391160751,13.480108334,15.429319957,17.075955272,17.853058999,20.971641861,23.693232585,25.993417564
GCAM 4.2,SSP4-Baseline,World,Secondary Energy|Hydrogen,EJ/yr,,0.0,0.338037718,1.02791741,1.950282515,3.062057358999998,3.876857272,4.700185511,5.463677766,6.170927216,6.672707761
IMAGE 3.0.1,SSP1-Baseline,Asian countries except Japan,Capacity|Electricity,GW,689.691390625,1141.85353125,2074.3355078125,3291.643015625,4978.285984375,6966.63853125,8293.154703125,9526.12015625,10624.575671875,10346.72390625,9117.178078125
IMAGE 3.0.1,SSP1-Baseline,Asian countries except Japan,Capacity|Electricity|Biomass,GW,3.516564594181971,4.558582040523,9.57621187139443,11.4948354857053,12.1886901786412,8.29062198706851,4.86651257781859,3.2970053224294498,0.78413995850427,0.5174888688713061,0.477270118867183
IMAGE 3.0.1,SSP1-Baseline,Asian countries except Japan,Capacity|Electricity|Coal,GW,277.916607116699,459.30641957877,765.2859720007091,1123.18998962185,1539.00600500271,1812.09901263074,2025.64081087196,2160.70081876636,2106.9442440402,1913.67372927417,1566.59510524897
IMAGE 3.0.1,SSP1-Baseline,Asian countries except Japan,Capacity|Electricity|Gas,GW,135.50930902338,201.829681543946,405.049356057587,836.5881370773669,1235.38647643284,1587.90914419668,1785.16796416085,1699.87420457578,1537.9880932813,1446.21145228792,1648.88570095311
IMAGE 3.0.1,SSP1-Baseline,Asian countries except Japan,Capacity|Electricity|Hydro,GW,191.722116210938,308.851140136719,520.201101074219,624.8289365234381,711.1569384765628,724.844701171875,738.5325546875,752.22058203125,765.90846875,779.596314453125,793.28419921875
IMAGE 3.0.1,SSP1-Baseline,Asian countries except Japan,Capacity|Electricity|Nuclear,GW,33.558,47.743,62.35792883300779,63.41105695343021,62.6727785949707,54.0343590087891,43.5446044921875,20.48014184570311,7.099884468078611,6.177374458312991,4.043838081359859
IMAGE 3.0.1,SSP1-Baseline,Asian countries except Japan,Capacity|Electricity|Oil,GW,38.6405350036621,55.8638618492713,54.6885302069571,40.8906564489401,27.64131835232151,4.41895548935197,0.167081704937237,0.169911658045812,0.169910677233445,0.107540797353483,0.037562943473729
IMAGE 3.0.1,SSP1-Baseline,Asian countries except Japan,Capacity|Electricity|Solar,GW,0.098699997246265,1.70679996109009,67.7091362258941,255.714420163155,842.026949661255,1991.29502490234,2891.63180688477,4053.8183190918,5283.04166210938,5277.91316064453,4214.60606445313
IMAGE 3.0.1,SSP1-Baseline,Asian countries except Japan,Capacity|Electricity|Wind,GW,5.84790002441406,58.7652007957697,184.097324478149,325.014052215576,529.313035919189,759.343422973633,773.6884507446291,800.1352912292482,881.7046982116699,876.082390625,837.294115692139
IMAGE 3.0.1,SSP1-Baseline,Asian countries except Japan,Emissions|CH4,Mt CH4/yr,127.672181129456,149.743376493454,159.119595050812,159.466829538345,153.655736207962,147.258542776108,140.798722267151,130.301787614822,113.133507013321,98.7476155757904,89.1012589931488
IMAGE 3.0.1,SSP1-Baseline,Asian countries except Japan,Emissions|CH4|Energy,Mt CH4/yr,41.4722239168186,55.8385054834871,62.9419216837705,65.02485304736179,62.798771868489,60.0598882382037,56.81692924562961,49.6663459696283,36.26441588078161,26.076545485048,20.8823474083038
IMAGE 3.0.1,SSP1-Baseline,Asian countries except Japan,Emissions|CO2,Mt CO2/yr,10625.5419194026,13999.2666994742,17337.3690150446,19628.0698361756,20367.7991911013,20096.21694111729,19695.6757652386,18314.6706305305,14431.2883593645,12038.8332021849,10836.4697224614
IMAGE 3.0.1,SSP1-Baseline,Asian countries except Japan,Emissions|CO2|AFOLU,Mt CO2/yr,1256.43288714999,1505.99860575664,1058.4847411002,825.483249760368,161.806931833332,-413.064103255803,-770.30281292142,-566.728177838723,-670.568048128517,-581.244357964138,-689.514834718394
IMAGE 3.0.1,SSP1-Baseline,Asian countries except Japan,Emissions|CO2|Energy and Industrial Processes,Mt CO2/yr,9536.693182546873,12696.5228018717,16509.4381848154,19054.0995075094,20473.3526404533,20774.6534952925,20728.5146864456,19127.2111760209,15319.516720219,12810.5655966568,11691.4016976802
IMAGE 3.0.1,SSP1-Baseline,Asian countries except Japan,Emissions|CO2|Energy|Supply|Electricity,Mt CO2/yr,3874.591388702391,5444.72447967529,7926.392135620121,10182.0035705566,12078.8549804688,12479.3077087402,12860.8973999023,12359.4256286621,10238.6427459717,8932.39242553711,8505.25791168213
IMAGE 3.0.1,SSP1-Baseline,Asian countries except Japan,Final Energy,EJ/yr,99.81029052734378,128.659211425781,145.056011230469,172.375678710938,205.554145019531,229.287334472656,236.1727265625,233.04641015625,221.031357910156,203.843470214844,184.511793457031
IMAGE 3.0.1,SSP1-Baseline,Asian countries except Japan,Final Energy|Electricity,EJ/yr,13.1665538635254,20.2710327148437,33.2802650146484,50.4763303222656,69.93953112792971,84.6313270263672,94.9625208740234,101.184410888672,104.305604736328,102.741598754883,97.7646805419922
IMAGE 3.0.1,SSP1-Baseline,Asian countries except Japan,Final Energy|Gases,EJ/yr,5.01978308105469,6.78998614501953,14.0918520507812,24.86864184570311,40.365388671875,50.20439892578121,47.20505480957029,38.3052424316406,29.2660083007812,23.988371887207,22.7371760253906
IMAGE 3.0.1,SSP1-Baseline,Asian countries except Japan,Final Energy|Heat,EJ/yr,3.9514466857910193,5.72355828857422,4.8921297149658205,3.9792790832519502,4.28960873413086,4.06404112243652,3.01470606231689,2.10821125793457,1.40696418762207,0.8769449996948241,0.488535427093506
IMAGE 3.0.1,SSP1-Baseline,Asian countries except Japan,Final Energy|Hydrogen,EJ/yr,4.19490748750252e-13,7.056035385062391e-07,0.0001691350566815,0.005300832769833,0.068946379363536,0.308998124599456,0.955064014434814,1.6488323135376,2.32948709106445,2.84077757263184,3.11557174682617
IMAGE 3.0.1,SSP1-Baseline,Asian countries except Japan,Final Energy|Industry,EJ/yr,43.0049809570313,62.39864086914061,72.2604289550781,80.7863352050781,88.32417919921872,90.87835668945308,89.57377465820309,84.27508386230471,76.3072141113281,66.8563255615234,56.5844830932617
IMAGE 3.0.1,SSP1-Baseline,Asian countries except Japan,Final Energy|Liquids,EJ/yr,34.4997908866182,39.4403846715537,43.452082442631,47.72559500162661,50.8105756101647,53.59489971109671,54.6514140372997,54.5532663596574,48.9934870171978,41.4788781628972,34.6333781222257
IMAGE 3.0.1,SSP1-Baseline,Asian countries except Japan,Final Energy|Residential and Commercial,EJ/yr,32.4807677612305,37.5124510192871,38.66347589111329,48.47759182739259,62.9847727661133,74.85072399902342,83.22421752929691,87.63301171875,88.991989440918,86.65132177734378,82.19297247314451
IMAGE 3.0.1,SSP1-Baseline,Asian countries except Japan,Final Energy|Solar,EJ/yr,0.001130400020629,0.006670800095889,0.401747903661166,2.00816647065013,6.93737953957378,16.5747390917217,23.9781554713837,35.0816442063294,47.0661923648024,48.6401070000237,40.7248599746059
IMAGE 3.0.1,SSP1-Baseline,Asian countries except Japan,Final Energy|Solids,EJ/yr,43.17271835327151,56.4342426089868,49.3395087661743,45.3205337753296,40.08008645629879,36.48368352127071,35.3839675521851,35.24644664382929,34.7298112869263,31.9169025287628,25.7724738636017
IMAGE 3.0.1,SSP1-Baseline,Asian countries except Japan,Final Energy|Solids|Biomass,EJ/yr,21.5011028518677,25.98615395542231,16.7676843948364,16.9131945419312,22.7641755371094,24.1990276069641,24.9893072128296,27.3975413398743,29.5682088394165,28.30702116584781,23.4873591861725
IMAGE 3.0.1,SSP1-Baseline,Asian countries except Japan,Final Energy|Solids|Coal,EJ/yr,21.6716155014038,30.4480886535645,32.5718243713379,28.4073392333984,17.3159109191895,12.2846559143066,10.3946603393555,7.848905303955081,5.16160244750977,3.60988136291504,2.2851146774292
IMAGE 3.0.1,SSP1-Baseline,Asian countries except Japan,Final Energy|Transportation,EJ/yr,15.8365551147461,17.814083984375,25.49584252929689,33.611783203125,42.6842185058594,47.0815716552734,47.72619030761721,46.63935620117189,42.6318024902344,38.0297517089844,34.3442752685547
IMAGE 3.0.1,SSP1-Baseline,Asian countries except Japan,Final Energy|Transportation|Electricity,EJ/yr,0.147444598197936,0.233804062843323,0.8384708023071291,2.1096251335144,3.7797145118713393,6.09348056793213,7.67333825683594,8.77221127319336,10.4146273345947,11.895861541748,12.3137832336426
IMAGE 3.0.1,SSP1-Baseline,Asian countries except Japan,Final Energy|Transportation|Hydrogen,EJ/yr,4.19490748750252e-13,7.056035385062391e-07,0.0001691350566815,0.001344375396103,0.004934671849012,0.035992270803079,0.184563786273589,0.402776487327181,0.735394356012344,0.8409210886955251,0.820077312469482
IMAGE 3.0.1,SSP1-Baseline,Asian countries except Japan,Final Energy|Transportation|Liquids,EJ/yr,15.6891090018526,17.5802778265923,24.6343460221887,31.1260210467577,35.81627234005929,38.0967785050869,38.0269710582671,36.0014504392887,29.3876605547766,22.9045600695792,19.4685222625732
IMAGE 3.0.1,SSP1-Baseline,Asian countries except Japan,Population,million,3497.970283508301,3684.39625549316,3967.96375274658,4136.29085540771,4197.33831787109,4148.39985656738,4001.2495880127,3776.71212768555,3493.94988632202,3167.127490997311,2814.79217529297
IMAGE 3.0.1,SSP1-Baseline,Asian countries except Japan,Primary Energy,EJ/yr,135.524084960938,183.047383789063,222.951282226563,269.22841015625,310.7718828125,336.000668945313,344.709380859375,339.456052734375,313.851196289062,286.410634765625,261.437461425781
IMAGE 3.0.1,SSP1-Baseline,Asian countries except Japan,Primary Energy|Biomass,EJ/yr,21.9188886418343,27.5817705049515,18.818751411438,22.1342251205444,31.0916049804687,33.56106660842899,36.6591603927612,45.0168339729309,56.4518340835571,57.74581459236141,50.712079492569
IMAGE 3.0.1,SSP1-Baseline,Asian countries except Japan,Primary Energy|Coal,EJ/yr,59.1653786773682,90.41146253967293,103.524729370117,117.032283935547,126.381098876953,124.42665234375,125.846966186523,121.053721435547,98.89375268554691,82.53092150878899,71.34236798095701
IMAGE 3.0.1,SSP1-Baseline,Asian countries except Japan,Primary Energy|Fossil,EJ/yr,110.399473770142,150.633229629517,194.9623918457031,233.490984130859,257.918029296875,268.891416992188,267.000397094727,242.33978527832,193.004420288086,162.976886108398,153.454545654297
IMAGE 3.0.1,SSP1-Baseline,Asian countries except Japan,Primary Energy|Gas,EJ/yr,11.3338991699219,15.5463781738281,43.38444128417971,65.7804809570312,80.79994921875,91.6072236328125,88.85357861328129,73.0475639648438,57.6690122070313,53.53299267578129,61.3028876953125
IMAGE 3.0.1,SSP1-Baseline,Asian countries except Japan,Primary Energy|Nuclear,EJ/yr,0.934729215999999,1.057647584,1.52296985,1.55948807,1.549685624,1.343802114,1.085295616,0.511438092,0.161465557659111,0.143463065402039,0.096982483804439
IMAGE 3.0.1,SSP1-Baseline,Asian countries except Japan,Primary Energy|Oil,EJ/yr,39.9001959228516,44.67538891601561,48.0532211914062,50.6782192382813,50.73698120117189,52.857541015625,52.29985229492189,48.2384998779297,36.4416553955078,26.91297192382811,20.8092899780273
IMAGE 3.0.1,SSP1-Baseline,Asian countries except Japan,Secondary Energy|Electricity,EJ/yr,16.33501744,24.523500416,39.579751296,59.740780032,81.40716723199999,97.555570688,108.32250944,115.72595008,118.013668736,115.038096896,108.396596608
IMAGE 3.0.1,SSP1-Baseline,Asian countries except Japan,Secondary Energy|Electricity|Biomass,EJ/yr,0.0585617846875,0.21231858615625,0.155481563439453,0.264490884543771,0.078771749889324,0.049391610091065,0.057311209653204,0.035406655584594,0.007743334851813,0.006157744720561,0.005651756175401
IMAGE 3.0.1,SSP1-Baseline,Asian countries except Japan,Secondary Energy|Electricity|Biomass|w/ CCS,EJ/yr,0.0,0.0,0.0,0.0,0.0,0.0,0.0,0.0,0.0,0.0,0.0
IMAGE 3.0.1,SSP1-Baseline,Asian countries except Japan,Secondary Energy|Electricity|Biomass|w/o CCS,EJ/yr,0.0585617846875,0.21231858615625,0.155481563439453,0.264490884543771,0.078771749889324,0.049391610091065,0.057311209653204,0.035406655584594,0.007743334851813,0.006157744720561,0.005651756175401
IMAGE 3.0.1,SSP1-Baseline,Asian countries except Japan,Secondary Energy|Electricity|Coal,EJ/yr,10.371712214,16.090504074,21.670159981487,30.1348166790938,41.52536315074449,45.022934809439,47.7134430074191,48.4171114045937,41.5331874383422,36.0980093223501,32.3157047142977
IMAGE 3.0.1,SSP1-Baseline,Asian countries except Japan,Secondary Energy|Electricity|Coal|w/ CCS,EJ/yr,0.0,0.0,0.0,0.0,0.0,0.0,0.0,0.0,0.0,0.0,0.0
IMAGE 3.0.1,SSP1-Baseline,Asian countries except Japan,Secondary Energy|Electricity|Coal|w/o CCS,EJ/yr,10.371712214,16.090504074,21.670159981487,30.1348166790938,41.52536315074449,45.022934809439,47.7134430074191,48.4171114045937,41.5331874383422,36.0980093223501,32.3157047142977
IMAGE 3.0.1,SSP1-Baseline,Asian countries except Japan,Secondary Energy|Electricity|Gas,EJ/yr,1.80515073240625,2.6967901735,7.95317945549259,15.1207383115604,17.6155844055037,18.4016286994657,18.8572573986041,14.4493561852417,11.2907269187753,12.333587366462,17.7543443579465
IMAGE 3.0.1,SSP1-Baseline,Asian countries except Japan,Secondary Energy|Electricity|Gas|w/ CCS,EJ/yr,0.0,0.0,0.0,0.0,0.0,0.0,0.0,0.0,0.0,0.0,0.0
IMAGE 3.0.1,SSP1-Baseline,Asian countries except Japan,Secondary Energy|Electricity|Gas|w/o CCS,EJ/yr,1.80515073240625,2.6967901735,7.95317945549259,15.1207383115604,17.6155844055037,18.4016286994657,18.8572573986041,14.4493561852417,11.2907269187753,12.333587366462,17.7543443579465
IMAGE 3.0.1,SSP1-Baseline,Asian countries except Japan,Secondary Energy|Electricity|Hydro,EJ/yr,2.239272208,3.5294152800000003,5.997750143999999,7.22231196,8.232782592000001,8.400869823999999,8.561153264,8.732937976,8.885787896,9.052188512,9.221309608
IMAGE 3.0.1,SSP1-Baseline,Asian countries except Japan,Secondary Energy|Electricity|Non-Biomass Renewables,EJ/yr,2.330874208,3.844789633999999,7.76681827028735,12.2729484537969,20.618483706,32.733593887,40.606964245,52.310453872,65.018761945,66.45556430399999,58.223471458
IMAGE 3.0.1,SSP1-Baseline,Asian countries except Japan,Secondary Energy|Electricity|Nuclear,EJ/yr,0.934729215999999,1.057647584,1.52296985,1.55948807,1.549685624,1.343802114,1.085295616,0.511438092,0.161465557659111,0.143463065402039,0.096982483804439
IMAGE 3.0.1,SSP1-Baseline,Asian countries except Japan,Secondary Energy|Electricity|Oil,EJ/yr,0.83398858,0.621452007,0.5111438710082951,0.38830545019136,0.019280115565201,0.004219349443559,0.002243841423755,0.00217956184906,0.001782332922527,0.001309869078184,0.0004478715034335
IMAGE 3.0.1,SSP1-Baseline,Asian countries except Japan,Secondary Energy|Electricity|Solar,EJ/yr,0.0011304,0.006670799999999,0.401747905490479,2.00816610279688,6.937348481,16.616930147,24.134475626,35.5271794,49.110365288,51.091326032,42.058295776
IMAGE 3.0.1,SSP1-Baseline,Asian countries except Japan,Secondary Energy|Electricity|Wind,EJ/yr,0.0305891999999999,0.238676353999999,1.24765813179688,2.813178134,5.042465127,7.23514872,7.434001931,7.798757762,8.326832382000001,7.900710224,7.251000939
IMAGE 3.0.1,SSP1-Baseline,Asian countries except Japan,Secondary Energy|Hydrogen,EJ/yr,0.0,9.103090812776026e-13,0.000142526802735,0.007745543128989,0.155944790661561,0.509735164324947,1.24611898257258,1.98790575801272,2.6758392213378,3.2435732847436,3.500042912480529
IMAGE 3.0.1,SSP1-Baseline,Countries from the Reforming Economies of the Former Soviet Union,Capacity|Electricity,GW,399.68803125,421.36201953125,482.5488203125,573.3449609375,618.3399765625,603.2811328125,641.3788984375,689.9246015625,654.15940625,572.5181328125,638.212203125
IMAGE 3.0.1,SSP1-Baseline,Countries from the Reforming Economies of the Former Soviet Union,Capacity|Electricity|Biomass,GW,2.07063430209763,2.09104207312601,2.09932622579868,3.41389547729492,3.50292999649048,3.48266437415779,3.43673020011187,1.66771685492992,0.546719400763512,0.5022736080884931,0.5017955321073531
IMAGE 3.0.1,SSP1-Baseline,Countries from the Reforming Economies of the Former Soviet Union,Capacity|Electricity|Coal,GW,97.36082470703128,89.5696021728516,74.70878100585941,91.1670017547607,114.966416503906,109.57040447998,116.716774902344,117.237181884766,93.31744543457027,81.2154727935791,59.6096013183594
IMAGE 3.0.1,SSP1-Baseline,Countries from the Reforming Economies of the Former Soviet Union,Capacity|Electricity|Gas,GW,151.029638183594,177.951798217773,264.2641796875,327.525642578125,337.932788574219,318.482020996094,250.019410172462,194.531332380295,170.145323613882,146.756187871695,75.4905085947514
IMAGE 3.0.1,SSP1-Baseline,Countries from the Reforming Economies of the Former Soviet Union,Capacity|Electricity|Hydro,GW,66.356900390625,69.2381000976563,79.2676137695313,91.27792919921872,103.858299316406,114.226950683594,124.595603515625,134.964300292969,145.332881347656,155.701555664062,166.070231933594
IMAGE 3.0.1,SSP1-Baseline,Countries from the Reforming Economies of the Former Soviet Union,Capacity|Electricity|Nuclear,GW,39.342,42.342,44.612169921875,44.0579610900879,31.801541475296,12.0764596176147,8.21419479370117,3.542202087402339,0.151518081665039,0.156028274536133,0.15849903845787
IMAGE 3.0.1,SSP1-Baseline,Countries from the Reforming Economies of the Former Soviet Union,Capacity|Electricity|Oil,GW,43.36251391601561,39.92507878112789,14.0618558959961,1.8117811832428,0.228786728054285,0.116515840083361,0.026146121293306,0.038777776271104,0.005856447160242,0.005524954267253,1.10457636765204e-05
IMAGE 3.0.1,SSP1-Baseline,Countries from the Reforming Economies of the Former Soviet Union,Capacity|Electricity|Solar,GW,0.0,0.00290000000596,1.698755993187429,5.535917475163942,9.3106250076294,17.807525177002,64.9712552490234,126.996937011719,137.260849975586,111.805744445801,176.962162353516
IMAGE 3.0.1,SSP1-Baseline,Countries from the Reforming Economies of the Former Soviet Union,Capacity|Electricity|Wind,GW,0.086561001777648,0.159599998474121,1.386603954076769,7.17231137084961,14.0600548095703,24.6916596679688,70.42349609375,107.822500488281,104.126643066406,72.954875,155.850416503906
IMAGE 3.0.1,SSP1-Baseline,Countries from the Reforming Economies of the Former Soviet Union,Emissions|CH4,Mt CH4/yr,28.7744042873383,28.659597158432,30.3601682186127,33.8778414726257,38.6387181282043,37.8560445308685,30.3834359645844,22.7755455970764,18.0679471492767,14.9805998802185,11.8409390449524
IMAGE 3.0.1,SSP1-Baseline,Countries from the Reforming Economies of the Former Soviet Union,Emissions|CH4|Energy,Mt CH4/yr,20.5913141438214,20.36459592977189,21.9100583030668,25.5880418705638,30.6157500471818,30.1265167908496,23.0005669134625,15.7459624424519,11.419445192907,8.755593941885309,6.00146649447561
IMAGE 3.0.1,SSP1-Baseline,Countries from the Reforming Economies of the Former Soviet Union,Emissions|CO2,Mt CO2/yr,2463.98167696147,2506.7761181885,2734.65861790404,2896.27880122765,2844.46388779114,2488.62973808024,2234.76695017468,1891.3136750987,1461.86875547347,1276.49542756559,902.82607150338
IMAGE 3.0.1,SSP1-Baseline,Countries from the Reforming Economies of the Former Soviet Union,Emissions|CO2|AFOLU,Mt CO2/yr,-137.613771280414,-29.1336099539834,28.4980159487367,-37.8541389704996,-106.774433433975,-246.881089499491,-230.070327845318,-218.964372640633,-351.442573840476,-334.072061138212,-184.803391281902
IMAGE 3.0.1,SSP1-Baseline,Countries from the Reforming Economies of the Former Soviet Union,Emissions|CO2|Energy and Industrial Processes,Mt CO2/yr,2601.59566032887,2539.76045176387,2725.49400012195,2971.14483126998,3005.71786792576,2802.39153020084,2521.65236613154,2156.89567315578,1851.75766146183,1642.27877229452,1110.44086946547
IMAGE 3.0.1,SSP1-Baseline,Countries from the Reforming Economies of the Former Soviet Union,Emissions|CO2|Energy|Supply|Electricity,Mt CO2/yr,1171.11589050293,1160.46231079102,1259.29318237305,1392.64051818848,1452.95141601562,1353.02488708496,1229.90420532227,1018.27920532227,846.035568237305,767.3609085083009,398.37646484375
IMAGE 3.0.1,SSP1-Baseline,Countries from the Reforming Economies of the Former Soviet Union,Final Energy,EJ/yr,27.39291796875,27.2298090820313,28.821228515625,31.4683569335938,31.9740986328125,30.0637280273437,27.8039721679688,25.7214702148438,23.3162744140625,20.5709926757812,17.702560546875
IMAGE 3.0.1,SSP1-Baseline,Countries from the Reforming Economies of the Former Soviet Union,Final Energy|Electricity,EJ/yr,3.32906552124023,3.65819296264648,4.73904229736328,6.16595202636719,7.05239074707031,7.00970288085937,7.17765588378906,7.05178198242187,6.68181365966797,6.23393499755859,5.73691772460938
IMAGE 3.0.1,SSP1-Baseline,Countries from the Reforming Economies of the Former Soviet Union,Final Energy|Gases,EJ/yr,6.10360998535156,6.34972106933594,8.11611108398438,9.69187707519531,12.4629732666016,12.5469769287109,11.712712890625,10.7550380859375,10.0638220214844,8.41026843261719,6.56151739501953
IMAGE 3.0.1,SSP1-Baseline,Countries from the Reforming Economies of the Former Soviet Union,Final Energy|Heat,EJ/yr,6.923166625976561,6.6698079833984405,6.58795468139648,6.01520599365234,4.80562747192383,3.74839025878906,2.80261231994629,2.00110234069824,1.38068910217285,0.910153289794922,0.5557909774780271
IMAGE 3.0.1,SSP1-Baseline,Countries from the Reforming Economies of the Former Soviet Union,Final Energy|Hydrogen,EJ/yr,2.02833849808226e-21,5.537068140984051e-05,7.29245556576643e-05,0.037710954368114,0.161191180706024,0.153370070934296,0.190862603187561,0.313932729721068,0.504447029113769,0.69073860168457,0.96692448425293
IMAGE 3.0.1,SSP1-Baseline,Countries from the Reforming Economies of the Former Soviet Union,Final Energy|Industry,EJ/yr,10.2130538330078,9.92827709960937,11.2626088867188,12.2372880859375,11.9164245605469,10.7896989746094,9.39664379882812,8.28631225585938,7.0719111328125,5.88364501953125,4.82670074462891
IMAGE 3.0.1,SSP1-Baseline,Countries from the Reforming Economies of the Former Soviet Union,Final Energy|Liquids,EJ/yr,8.528348692655559,8.23267524142072,7.00211961944224,6.60279381030664,4.36190108015313,3.81838555175345,3.55965436953921,3.553189284226141,2.90593558776791,2.76693912298132,2.56156640332487
IMAGE 3.0.1,SSP1-Baseline,Countries from the Reforming Economies of the Former Soviet Union,Final Energy|Residential and Commercial,EJ/yr,9.93178393554687,9.48491012573242,9.97943704223633,10.6432147521973,10.7262760620117,10.1709585571289,9.694470520019529,9.26651470947266,8.62546957397461,7.801578338623049,6.741568756103519
IMAGE 3.0.1,SSP1-Baseline,Countries from the Reforming Economies of the Former Soviet Union,Final Energy|Solar,EJ/yr,0.0,3.5999999381602e-06,0.009454341114736,0.039175728589698,0.069355776149459,0.141141172344694,0.518115765897009,1.01079573017732,1.08111912811376,0.907636235840045,1.365121556314179
IMAGE 3.0.1,SSP1-Baseline,Countries from the Reforming Economies of the Former Soviet Union,Final Energy|Solids,EJ/yr,2.50872641372681,2.31935023617744,2.37592340421677,2.954819850921629,3.13001824951172,2.78690506744385,2.36046960449219,2.04643001937866,1.77956680297852,1.55895865154266,1.31984141850472
IMAGE 3.0.1,SSP1-Baseline,Countries from the Reforming Economies of the Former Soviet Union,Final Energy|Solids|Biomass,EJ/yr,0.198652927398682,0.392914506196976,0.64774666929245,0.7844178581237791,0.968932464599609,0.99224698638916,1.03884029388428,1.11956735610962,1.13498332214355,1.07656793498993,0.970307681322098
IMAGE 3.0.1,SSP1-Baseline,Countries from the Reforming Economies of the Former Soviet Union,Final Energy|Solids|Coal,EJ/yr,2.31007348632813,1.92643572998047,1.72817673492432,2.17040199279785,2.16108578491211,1.7946580810546902,1.321629310607909,0.9268626632690432,0.6445834808349611,0.482390716552734,0.349533737182617
IMAGE 3.0.1,SSP1-Baseline,Countries from the Reforming Economies of the Former Soviet Union,Final Energy|Transportation,EJ/yr,4.752304199218751,4.585306518554692,5.450341796875,6.81176739501953,7.74930798339844,7.68782781982422,7.47668682861328,7.04882751464844,6.63783355712891,6.02635198974609,5.37700732421875
IMAGE 3.0.1,SSP1-Baseline,Countries from the Reforming Economies of the Former Soviet Union,Final Energy|Transportation|Electricity,EJ/yr,0.222380098342896,0.249251487731934,0.432717811584472,0.811154418945312,0.965005599975586,0.8205706024169921,1.00876850891113,1.14702719116211,1.21290550231934,1.28589709472656,1.30976820373535
IMAGE 3.0.1,SSP1-Baseline,Countries from the Reforming Economies of the Former Soviet Union,Final Energy|Transportation|Hydrogen,EJ/yr,2.02833849808226e-21,5.537068140984051e-05,7.29245556576643e-05,0.0001086762796621,0.0003685296019539,0.004603253190405,0.019073097392916,0.048503455877304,0.086438362598419,0.108461718082428,0.374609159469604
IMAGE 3.0.1,SSP1-Baseline,Countries from the Reforming Economies of the Former Soviet Union,Final Energy|Transportation|Liquids,EJ/yr,4.529924032926559,4.32175804686546,4.95402649068832,5.48731326198578,3.61239119704068,3.2323727981762502,2.940882962999649,2.8244354505291893,2.15874102322808,2.0556580981282,1.9196395759016
IMAGE 3.0.1,SSP1-Baseline,Countries from the Reforming Economies of the Former Soviet Union,Population,million,277.777778625488,278.904090881348,279.427379608154,275.505401611328,270.289764404297,262.292106628418,251.030517578125,237.203315734863,220.361679077148,201.620651245117,182.386018753052
IMAGE 3.0.1,SSP1-Baseline,Countries from the Reforming Economies of the Former Soviet Union,Primary Energy,EJ/yr,39.413630859375,39.7936284179688,41.644396484375,45.5025966796875,46.09500634765629,43.172431640625,39.4889892578125,35.32189892578121,31.752521484375,28.7687875976562,22.7376684570313
IMAGE 3.0.1,SSP1-Baseline,Countries from the Reforming Economies of the Former Soviet Union,Primary Energy|Biomass,EJ/yr,0.421441838264465,0.686048454761505,1.18226982688904,1.79440997695923,2.12392948913574,2.17725202178955,2.27042990875244,2.18656824111938,2.0172071685791,1.87871358013153,1.87867881989479
IMAGE 3.0.1,SSP1-Baseline,Countries from the Reforming Economies of the Former Soviet Union,Primary Energy|Coal,EJ/yr,7.49394677734375,7.06430780029297,7.0896279296875,8.67655700683594,9.93123767089844,9.17135217285156,9.328071044921868,8.31132495117188,6.4157490234375,5.02452844238281,2.9903868408203103
IMAGE 3.0.1,SSP1-Baseline,Countries from the Reforming Economies of the Former Soviet Union,Primary Energy|Fossil,EJ/yr,37.2509555664063,37.29333990478521,38.4806405639648,41.39295794677729,41.6636013183594,38.8309935302734,34.0780458679199,29.0462883605957,25.5703842773437,23.131724105835,15.5550050964355
IMAGE 3.0.1,SSP1-Baseline,Countries from the Reforming Economies of the Former Soviet Union,Primary Energy|Gas,EJ/yr,18.9747600097656,20.221443359375,21.8104018554687,24.405775390625,26.46263403320311,25.0648217773437,20.4739841308594,16.570126953125,15.676939453125,14.7650400390625,9.51073913574219
IMAGE 3.0.1,SSP1-Baseline,Countries from the Reforming Economies of the Former Soviet Union,Primary Energy|Nuclear,EJ/yr,0.867304768,0.943405184,0.955177672,1.054145187,0.7793014021015631,0.298628634875,0.204512281,0.088620964378905,0.003492075859375,0.003923784699218,0.003665697410156
IMAGE 3.0.1,SSP1-Baseline,Countries from the Reforming Economies of the Former Soviet Union,Primary Energy|Oil,EJ/yr,10.7822487792969,10.0075887451172,9.580610778808593,8.31062554931641,5.26972961425781,4.59481958007812,4.27599069213867,4.16483645629883,3.47769580078125,3.342155624389649,3.05387911987305
IMAGE 3.0.1,SSP1-Baseline,Countries from the Reforming Economies of the Former Soviet Union,Secondary Energy|Electricity,EJ/yr,4.437917408000001,4.978071104,5.95670464,7.543080064,8.466041727999999,8.381183232,8.552421888,8.318226944,7.78717696,7.248936576,6.725176512000001
IMAGE 3.0.1,SSP1-Baseline,Countries from the Reforming Economies of the Former Soviet Union,Secondary Energy|Electricity|Biomass,EJ/yr,0.006941478,0.010439646,0.022306345601562,0.05221843921875,0.05174554459375,0.052597910855712,0.051436358648437,0.024106258132812,0.008242378051757,0.006278123219726,0.00442343776123
IMAGE 3.0.1,SSP1-Baseline,Countries from the Reforming Economies of the Former Soviet Union,Secondary Energy|Electricity|Biomass|w/ CCS,EJ/yr,0.0,0.0,0.0,0.0,0.0,0.0,0.0,0.0,0.0,0.0,0.0
IMAGE 3.0.1,SSP1-Baseline,Countries from the Reforming Economies of the Former Soviet Union,Secondary Energy|Electricity|Biomass|w/o CCS,EJ/yr,0.006941478,0.010439646,0.022306345601562,0.05221843921875,0.05174554459375,0.052597910855712,0.051436358648437,0.024106258132812,0.008242378051757,0.006278123219726,0.00442343776123
IMAGE 3.0.1,SSP1-Baseline,Countries from the Reforming Economies of the Former Soviet Union,Secondary Energy|Electricity|Coal,EJ/yr,0.75665171,0.938629024,1.220331064,1.5740132508125,1.947151264,1.956741234875,2.100620568,2.054884322,1.683604548,1.37623433,0.73600591
IMAGE 3.0.1,SSP1-Baseline,Countries from the Reforming Economies of the Former Soviet Union,Secondary Energy|Electricity|Coal|w/ CCS,EJ/yr,0.0,0.0,0.0,0.0,0.0,0.0,0.0,0.0,0.0,0.0,0.0
IMAGE 3.0.1,SSP1-Baseline,Countries from the Reforming Economies of the Former Soviet Union,Secondary Energy|Electricity|Coal|w/o CCS,EJ/yr,0.75665171,0.938629024,1.220331064,1.5740132508125,1.947151264,1.956741234875,2.100620568,2.054884322,1.683604548,1.37623433,0.73600591
IMAGE 3.0.1,SSP1-Baseline,Countries from the Reforming Economies of the Former Soviet Union,Secondary Energy|Electricity|Gas,EJ/yr,1.810973116,2.149381844,2.608970297,3.552974212,4.10266877,4.147195378,3.19712950925,2.08468122740625,1.86199709444336,2.03687536732227,0.614765052589844
IMAGE 3.0.1,SSP1-Baseline,Countries from the Reforming Economies of the Former Soviet Union,Secondary Energy|Electricity|Gas|w/ CCS,EJ/yr,0.0,0.0,0.0,0.0,0.0,0.0,0.0,0.0,0.0,0.0,0.0
IMAGE 3.0.1,SSP1-Baseline,Countries from the Reforming Economies of the Former Soviet Union,Secondary Energy|Electricity|Gas|w/o CCS,EJ/yr,1.810973116,2.149381844,2.608970297,3.552974212,4.10266877,4.147195378,3.19712950925,2.08468122740625,1.86199709444336,2.03687536732227,0.614765052589844
IMAGE 3.0.1,SSP1-Baseline,Countries from the Reforming Economies of the Former Soviet Union,Secondary Energy|Electricity|Hydro,EJ/yr,0.8737632160000001,0.870595199999998,1.005491095999999,1.144685408,1.303079708,1.4382181040000002,1.573374372,1.708734144,1.840136624,1.9781384359999992,2.01504876
IMAGE 3.0.1,SSP1-Baseline,Countries from the Reforming Economies of the Former Soviet Union,Secondary Energy|Electricity|Non-Biomass Renewables,EJ/yr,0.8754048160000001,0.8726436,1.03321159876465,1.28838096837354,1.58356788259375,1.92477571,2.998336157,4.065381801,4.229770607,3.825557517,5.366317248000001
IMAGE 3.0.1,SSP1-Baseline,Countries from the Reforming Economies of the Former Soviet Union,Secondary Energy|Electricity|Nuclear,EJ/yr,0.867304768,0.943405184,0.955177672,1.054145187,0.7793014021015631,0.298628634875,0.204512281,0.088620964378905,0.003492075859375,0.003923784699218,0.003665697410156
IMAGE 3.0.1,SSP1-Baseline,Countries from the Reforming Economies of the Former Soviet Union,Secondary Energy|Electricity|Oil,EJ/yr,0.120641151999999,0.063570937,0.11670738359375,0.021347521,0.001607115190917,0.001244731833007,0.000388034090332,0.0005527943312988,6.925571972656251e-05,6.785646118497853e-05,1.44978802204132e-07
IMAGE 3.0.1,SSP1-Baseline,Countries from the Reforming Economies of the Former Soviet Union,Secondary Energy|Electricity|Solar,EJ/yr,0.0,3.6000000000000007e-06,0.009454341999023,0.039175695373535,0.06935393459375,0.141137055999999,0.5181080450000001,1.014546641,1.091111992,0.908616166,1.380326146
IMAGE 3.0.1,SSP1-Baseline,Countries from the Reforming Economies of the Former Soviet Union,Secondary Energy|Electricity|Wind,EJ/yr,0.0001656,0.0002267999999999,0.011363996765625,0.077223475,0.15574074,0.28619449,0.84451704,1.28118278,1.240588048,0.868776544,1.932734188
IMAGE 3.0.1,SSP1-Baseline,Countries from the Reforming Economies of the Former Soviet Union,Secondary Energy|Hydrogen,EJ/yr,0.0,8.40551133778431e-13,7.21570750061576e-05,0.034759605114021,0.210135918382761,0.25092719145095,0.277450483965938,0.394238622845878,0.5769653835534131,0.7735082845330971,0.992012863403774
IMAGE 3.0.1,SSP1-Baseline,Countries of the Middle East and Africa,Capacity|Electricity,GW,223.180579589844,269.06323046875,396.207272460937,641.8500859375,1087.3393984375,1894.713984375,2990.97115625,4135.06140625,5248.314828125,6285.07640625,6987.677703125
IMAGE 3.0.1,SSP1-Baseline,Countries of the Middle East and Africa,Capacity|Electricity|Biomass,GW,2.81974779174875,2.902522854319819,2.66776858638361,2.24011201554335,1.32857527539799,0.7485577669380571,0.664044100451725,0.565616916931712,0.261297161919105,0.00933414412123,3.851904932901109e-07
IMAGE 3.0.1,SSP1-Baseline,Countries of the Middle East and Africa,Capacity|Electricity|Coal,GW,43.06874600219729,50.99871022655872,65.4647937881129,85.182021091659,121.949844386437,182.011974612106,260.727397701819,359.382941740236,495.33925471091,572.164022304722,555.286108899628
IMAGE 3.0.1,SSP1-Baseline,Countries of the Middle East and Africa,Capacity|Electricity|Gas,GW,73.94376898859441,91.8661869317842,159.971753821724,288.174338843725,487.073717628282,673.5094559682029,949.52950005261,1205.13703125383,1313.76987891147,1353.72796290218,1330.87795215969
IMAGE 3.0.1,SSP1-Baseline,Countries of the Middle East and Africa,Capacity|Electricity|Hydro,GW,33.34630029296881,39.5896206054688,61.972203125,90.52508251953128,119.094848144531,134.234285644531,149.373739746094,164.513191894531,179.652608886719,194.792062988281,209.931497558594
IMAGE 3.0.1,SSP1-Baseline,Countries of the Middle East and Africa,Capacity|Electricity|Nuclear,GW,1.93,2.93,2.93514605104923,3.02988151168823,3.23723289489746,2.34028451538086,2.6816718139648392,1.847561584472659,1.96795198059085,1.93514833068851,1.487174362182649
IMAGE 3.0.1,SSP1-Baseline,Countries of the Middle East and Africa,Capacity|Electricity|Oil,GW,67.5512487487793,79.2037842252339,87.3501999667338,81.8611129315547,49.35767264110361,30.4682989979735,11.5562237505333,3.46754005080864,0.6323058200881551,0.03224006687985,1.55502204968183e-08
IMAGE 3.0.1,SSP1-Baseline,Countries of the Middle East and Africa,Capacity|Electricity|Solar,GW,0.053349999785423,0.3344999996200199,6.994772474288943,41.41140645599371,150.789770385742,551.031230957031,1196.39145898437,1912.39627539062,2626.1828671875,3381.121265625,4043.2428046875
IMAGE 3.0.1,SSP1-Baseline,Countries of the Middle East and Africa,Capacity|Electricity|Wind,GW,0.32799999833107,1.02849997425079,7.44446071434021,45.040702331543,143.368132324219,280.070653808594,350.5881713867189,389.1323525390631,502.729864257812,624.355584472656,660.755032714844
IMAGE 3.0.1,SSP1-Baseline,Countries of the Middle East and Africa,Emissions|CH4,Mt CH4/yr,44.5986065864563,50.25818490982061,56.5022668838501,65.4502506256104,70.5376620292664,72.41235923767091,74.0981707572937,73.5565209388733,67.2464389801025,60.2178101539612,53.2604470252991
IMAGE 3.0.1,SSP1-Baseline,Countries of the Middle East and Africa,Emissions|CH4|Energy,Mt CH4/yr,17.0386184624449,19.6846840041899,21.7632456913852,25.2533472133437,29.7784037385645,34.2373715405847,36.4935036320967,35.3446406300354,29.052025781697,22.31667150689461,16.0011513007921
IMAGE 3.0.1,SSP1-Baseline,Countries of the Middle East and Africa,Emissions|CO2,Mt CO2/yr,3305.45708749939,3618.97496319928,4963.78008696859,6468.4965749899,6835.074590668571,6662.83874826603,7161.8591518555,7951.7930432237,8040.430301125641,7245.67873448438,6020.122983844
IMAGE 3.0.1,SSP1-Baseline,Countries of the Middle East and Africa,Emissions|CO2|AFOLU,Mt CO2/yr,975.396517391456,954.838461204042,1428.20715084477,2197.49263646125,1629.39861331626,471.4458111676509,-16.6309075405293,-93.60180904897368,-99.2065829006465,-181.72104565956,-465.340925524831
IMAGE 3.0.1,SSP1-Baseline,Countries of the Middle East and Africa,Emissions|CO2|Energy and Industrial Processes,Mt CO2/yr,2384.14984424692,2717.206258805,3607.03589930292,4362.911360610279,5327.809976549821,6348.71247607656,7351.92512679845,8226.94426844339,8319.56798591302,7597.590338896959,6640.686798629351
IMAGE 3.0.1,SSP1-Baseline,Countries of the Middle East and Africa,Emissions|CO2|Energy|Supply|Electricity,Mt CO2/yr,791.00504732132,1001.48342514038,1363.02543830872,1571.51109313965,1838.41729736328,2098.29711914062,2497.29396057129,2929.23806762695,3288.3225402832,3421.45959472656,3236.22679138184
IMAGE 3.0.1,SSP1-Baseline,Countries of the Middle East and Africa,Final Energy,EJ/yr,31.935296875,36.11519970703129,40.1693366699219,50.97698022460939,70.6272236328125,93.65746630859378,119.412201660156,141.057037597656,153.998432617188,158.408247070313,156.954810546875
IMAGE 3.0.1,SSP1-Baseline,Countries of the Middle East and Africa,Final Energy|Electricity,EJ/yr,3.48439865875244,4.539955902099611,6.64319041442871,10.0851782226562,15.7543399658203,22.7142814941406,33.0622319335938,44.69899169921879,56.4523029785156,66.78487915039061,73.8183830566406
IMAGE 3.0.1,SSP1-Baseline,Countries of the Middle East and Africa,Final Energy|Gases,EJ/yr,4.42527876710892,5.23952963900566,5.56305655670166,7.29870825195312,12.5583600463867,22.7512058105469,33.2310426025391,38.9788415527344,40.4920001220703,38.1193518066406,33.1629006347656
IMAGE 3.0.1,SSP1-Baseline,Countries of the Middle East and Africa,Final Energy|Heat,EJ/yr,0.0,0.0,0.0,0.0,0.0,0.0,0.0,0.0,0.0,0.0,0.0
IMAGE 3.0.1,SSP1-Baseline,Countries of the Middle East and Africa,Final Energy|Hydrogen,EJ/yr,1.459284473087169e-12,1.991385827626269e-07,2.31334874191352e-06,0.0003616137233329,0.003665154084563,0.02893036454916,0.101891405105591,0.260668008804321,0.7662676143646241,1.4671592960357691,2.19348875808716
IMAGE 3.0.1,SSP1-Baseline,Countries of the Middle East and Africa,Final Energy|Industry,EJ/yr,7.82062084960937,9.12841174316406,12.0825085449219,16.980501953125,23.79853637695311,31.9463037109375,40.780154296875,45.94119897460939,46.8835941162109,45.4368914794922,42.3315363769531
IMAGE 3.0.1,SSP1-Baseline,Countries of the Middle East and Africa,Final Energy|Liquids,EJ/yr,14.3747285638638,15.5103636678105,20.2760397973155,26.0078910545921,31.4882061778027,33.437663381045,34.7292405818749,37.8402932627613,37.93934179588821,34.9961191615457,32.3159738269701
IMAGE 3.0.1,SSP1-Baseline,Countries of the Middle East and Africa,Final Energy|Residential and Commercial,EJ/yr,13.2590265426636,14.2616154022217,12.8187981262207,14.4964101257324,20.2986398620606,26.9696971435547,36.984201965332,47.5990190429687,56.91227154541021,63.6544086914063,67.5156229553223
IMAGE 3.0.1,SSP1-Baseline,Countries of the Middle East and Africa,Final Energy|Solar,EJ/yr,4.3199999723583496e-05,0.001036799981258,0.05207287417234,0.387433237001726,1.48039474371146,5.547718639139,12.5296116030782,22.384705515772,33.0148251659014,42.78821645447839,50.743656698088
IMAGE 3.0.1,SSP1-Baseline,Countries of the Middle East and Africa,Final Energy|Solids,EJ/yr,9.65089234828949,10.8253487517834,7.68705062294006,7.58484997177124,10.8226562271118,14.72538146209719,18.2877947540283,19.2782399749756,18.3485062255859,17.0407350292206,15.4640665206909
IMAGE 3.0.1,SSP1-Baseline,Countries of the Middle East and Africa,Final Energy|Solids|Biomass,EJ/yr,8.7621875,9.83220378375053,6.56791585922241,6.375331893920901,9.20120221710205,12.0468504867554,14.6321506652832,15.2634803619385,14.61573857116699,13.897616186142,12.927867515564
IMAGE 3.0.1,SSP1-Baseline,Countries of the Middle East and Africa,Final Energy|Solids|Coal,EJ/yr,0.88870484828949,0.993144968032837,1.119134763717649,1.20951807785034,1.62145401000977,2.6785309753418,3.65564408874512,4.01475961303711,3.73276765441895,3.14311884307861,2.53619900512695
IMAGE 3.0.1,SSP1-Baseline,Countries of the Middle East and Africa,Final Energy|Transportation,EJ/yr,7.95940625,8.66803564453125,12.4378598327637,16.5775609130859,22.185880065918,27.5207852783203,32.6153719482422,37.0053709716797,38.8968709716797,38.2853819580078,36.9418642578125
IMAGE 3.0.1,SSP1-Baseline,Countries of the Middle East and Africa,Final Energy|Transportation|Electricity,EJ/yr,0.032802896380424,0.026233006954193,0.053475092649459,0.147388207912445,0.34726549911499,0.665033332824707,0.915344902038574,1.30418788146973,2.57515835571289,4.9684107818603485,7.14884573364258
IMAGE 3.0.1,SSP1-Baseline,Countries of the Middle East and Africa,Final Energy|Transportation|Hydrogen,EJ/yr,1.459284473087169e-12,1.991385827626269e-07,2.31334874191352e-06,2.52854903728848e-05,0.0001198068542188,0.0006029420980157,0.004180912815965,0.055700300633907,0.410473377227783,0.922748107910155,1.57452994346619
IMAGE 3.0.1,SSP1-Baseline,Countries of the Middle East and Africa,Final Energy|Transportation|Liquids,EJ/yr,7.926602938253429,8.641713907849281,12.3127919607432,16.1445250358869,20.8166794357653,24.6977171631366,28.3103069459656,31.7620371101429,31.6442304135032,28.2433317673902,25.1477045604107
IMAGE 3.0.1,SSP1-Baseline,Countries of the Middle East and Africa,Population,million,1111.01802062988,1248.59753036499,1510.062084198,1749.08113479614,1962.22996520996,2129.23197937012,2242.83079147339,2307.30850601196,2320.93787765503,2287.38139343262,2212.66994857788
IMAGE 3.0.1,SSP1-Baseline,Countries of the Middle East and Africa,Primary Energy,EJ/yr,43.44557885742189,50.4077177734375,57.5538129882813,70.5324333496094,92.70610009765622,119.167411132813,149.689268554688,176.468321289062,193.830202148438,201.429168945313,199.323491210938
IMAGE 3.0.1,SSP1-Baseline,Countries of the Middle East and Africa,Primary Energy|Biomass,EJ/yr,8.808256813883778,9.91728524208069,6.76522782897949,7.144180015563967,10.8456634750366,14.715141960144,19.4226177139282,23.5234596748352,28.7025402946472,36.526601140976,40.244767616272
IMAGE 3.0.1,SSP1-Baseline,Countries of the Middle East and Africa,Primary Energy|Coal,EJ/yr,4.60081324291229,5.03353793525696,6.815404556274411,8.23965380859375,10.6815902099609,14.1235268554688,17.1829349365234,21.0738149414063,25.2799915771484,26.8744708251953,24.35756341552731
IMAGE 3.0.1,SSP1-Baseline,Countries of the Middle East and Africa,Primary Energy|Fossil,EJ/yr,34.1669215025902,39.9680443024635,49.83234777832029,61.3304097290039,77.2448010253906,94.1575887451172,112.289905151367,124.840915405273,125.225182617187,113.831791687012,99.66773008728028
IMAGE 3.0.1,SSP1-Baseline,Countries of the Middle East and Africa,Primary Energy|Gas,EJ/yr,11.4007079606056,14.1974966015816,16.3372017669678,22.4552501220703,33.6543228759766,46.7557994384766,61.8237994384766,69.39208178710939,69.2082072753906,64.780130859375,58.96982104492189
IMAGE 3.0.1,SSP1-Baseline,Countries of the Middle East and Africa,Primary Energy|Nuclear,EJ/yr,0.0406548,0.0435563999999999,0.071461937751953,0.074606436375,0.080181785,0.057294951,0.058966527,0.037023358,0.036065102603209,0.035002338593408,0.026270852272991
IMAGE 3.0.1,SSP1-Baseline,Countries of the Middle East and Africa,Primary Energy|Oil,EJ/yr,18.1654002990723,20.737009765625,26.6797414550781,30.6355057983398,32.9088879394531,33.2782624511719,33.2831707763672,34.3750186767578,30.7369837646484,22.1771900024414,16.340345626831102
IMAGE 3.0.1,SSP1-Baseline,Countries of the Middle East and Africa,Secondary Energy|Electricity,EJ/yr,4.31340792,5.582711088,7.92826208,12.008009152,18.659902976,27.040574208,38.526506752,51.9457152,65.234638336,76.708514816,83.98661120000001
IMAGE 3.0.1,SSP1-Baseline,Countries of the Middle East and Africa,Secondary Energy|Electricity|Biomass,EJ/yr,0.005702399999999,0.007866,0.005384061296874,0.025650102066451,0.010631642471052,0.006758147847673,0.005023728158323,0.004895620915004,0.002303171441198,6.438632483539731e-05,3.5506286211311792e-09
IMAGE 3.0.1,SSP1-Baseline,Countries of the Middle East and Africa,Secondary Energy|Electricity|Biomass|w/ CCS,EJ/yr,0.0,0.0,0.0,0.0,0.0,0.0,0.0,0.0,0.0,0.0,0.0
IMAGE 3.0.1,SSP1-Baseline,Countries of the Middle East and Africa,Secondary Energy|Electricity|Biomass|w/o CCS,EJ/yr,0.005702399999999,0.007866,0.005384061296874,0.025650102066451,0.010631642471052,0.006758147847673,0.005023728158323,0.004895620915004,0.002303171441198,6.438632483539731e-05,3.5506286211311792e-09
IMAGE 3.0.1,SSP1-Baseline,Countries of the Middle East and Africa,Secondary Energy|Electricity|Coal,EJ/yr,1.0308564,1.059066015999999,1.700188866,2.31033142284596,3.28988798650017,4.43325774848488,5.4842772343947015,7.176514371857281,9.34786250693126,10.4582373639871,9.66001022772138
IMAGE 3.0.1,SSP1-Baseline,Countries of the Middle East and Africa,Secondary Energy|Electricity|Coal|w/ CCS,EJ/yr,0.0,0.0,0.0,0.0,0.0,0.0,0.0,0.0,0.0,0.0,0.0
IMAGE 3.0.1,SSP1-Baseline,Countries of the Middle East and Africa,Secondary Energy|Electricity|Coal|w/o CCS,EJ/yr,1.0308564,1.059066015999999,1.700188866,2.31033142284596,3.28988798650017,4.43325774848488,5.4842772343947015,7.176514371857281,9.34786250693126,10.4582373639871,9.66001022772138
IMAGE 3.0.1,SSP1-Baseline,Countries of the Middle East and Africa,Secondary Energy|Electricity|Gas,EJ/yr,1.89491386,2.753222008,3.305404153,5.91682601928581,9.88858567322993,11.3581787581406,13.7968543382051,14.9887647277225,13.8434560640523,12.7284285170937,12.1715029970702
IMAGE 3.0.1,SSP1-Baseline,Countries of the Middle East and Africa,Secondary Energy|Electricity|Gas|w/ CCS,EJ/yr,0.0,0.0,0.0,0.0,0.0,0.0,0.0,0.0,0.0,0.0,0.0
IMAGE 3.0.1,SSP1-Baseline,Countries of the Middle East and Africa,Secondary Energy|Electricity|Gas|w/o CCS,EJ/yr,1.89491386,2.753222008,3.305404153,5.91682601928581,9.88858567322993,11.3581787581406,13.7968543382051,14.9887647277225,13.8434560640523,12.7284285170937,12.1715029970702
IMAGE 3.0.1,SSP1-Baseline,Countries of the Middle East and Africa,Secondary Energy|Electricity|Hydro,EJ/yr,0.4263804,0.468381599999999,0.77838322,1.137940462,1.48745912,1.654967229,1.809974885,2.013595888,2.175323697,2.404902304,2.566059756
IMAGE 3.0.1,SSP1-Baseline,Countries of the Middle East and Africa,Secondary Energy|Electricity|Non-Biomass Renewables,EJ/yr,0.437140799999999,0.4896107999999999,0.916509733746094,2.0979080505,4.813802124,11.119311083,19.179543901,29.73792385,42.00492773,53.486779072,62.12882680600001
IMAGE 3.0.1,SSP1-Baseline,Countries of the Middle East and Africa,Secondary Energy|Electricity|Nuclear,EJ/yr,0.0406548,0.0435563999999999,0.071461937751953,0.074606436375,0.080181785,0.057294951,0.058966527,0.037023358,0.036065102603209,0.035002338593408,0.026270852272991
IMAGE 3.0.1,SSP1-Baseline,Countries of the Middle East and Africa,Secondary Energy|Electricity|Oil,EJ/yr,0.904140032,1.229389232,1.92931382779688,1.58268709289104,0.5768135466126421,0.065774568019639,0.001843227132812,0.0005948268125,2.393808984375001e-05,8.537224307656288e-11,6.664813123643399e-11
IMAGE 3.0.1,SSP1-Baseline,Countries of the Middle East and Africa,Secondary Energy|Electricity|Solar,EJ/yr,4.320000000000001e-05,0.0010368,0.052072875324217,0.387431268,1.479509776,5.539642672,12.66770096,23.284328928,35.473450496,46.90077177600001,56.23823504
IMAGE 3.0.1,SSP1-Baseline,Countries of the Middle East and Africa,Secondary Energy|Electricity|Wind,EJ/yr,0.0033228,0.009406801,0.05431658821875,0.457871398,1.567604851999999,3.038116032,3.58818412,3.6895958319999993,4.713400476,5.906890312000001,6.17132568
IMAGE 3.0.1,SSP1-Baseline,Countries of the Middle East and Africa,Secondary Energy|Hydrogen,EJ/yr,0.0,2.2278334934300301e-13,2.15882731946248e-06,0.0003708971508927,0.0118089021862,0.112473079924785,0.274548259263019,0.447850771454782,0.9155207441246652,1.6559610151231992,2.372984105934359
IMAGE 3.0.1,SSP1-Baseline,Latin American countries,Capacity|Electricity,GW,253.265831054688,278.322875,366.118287109375,551.9427265625,843.263203125,1184.946875,1483.666625,1722.7244375,1967.6656875,2026.0770625,1825.95709375
IMAGE 3.0.1,SSP1-Baseline,Latin American countries,Capacity|Electricity|Biomass,GW,2.91116921271592,3.56460542247508,7.752024475110089,6.440601623567781,2.27923267942551,1.04533918082572,0.39091696675196,0.249347378994236,0.047039929638569,5.259607321587391e-05,2.74174581016418e-09
IMAGE 3.0.1,SSP1-Baseline,Latin American countries,Capacity|Electricity|Coal,GW,34.2145119628906,36.1788857421875,38.3743516894527,42.1590363888713,55.2935630086462,77.76000128117829,100.695746274309,114.947008178779,107.778329223886,91.5809932258456,70.9638915218904
IMAGE 3.0.1,SSP1-Baseline,Latin American countries,Capacity|Electricity|Gas,GW,41.6383593444824,46.6608588256836,72.82598047103859,160.43485449728,262.365437505696,366.328482431265,437.536085980614,455.347304747211,425.103418027431,388.4674883352791,354.674234396298
IMAGE 3.0.1,SSP1-Baseline,Latin American countries,Capacity|Electricity|Hydro,GW,139.35600390625,154.18379296875,203.242331054687,250.213486816406,286.680002441406,302.774602539062,318.869220703125,334.963831054687,351.0585576171881,367.153171875,383.2476796875
IMAGE 3.0.1,SSP1-Baseline,Latin American countries,Capacity|Electricity|Nuclear,GW,4.39483333301544,4.394,4.40170772647858,4.44285081291199,3.98479819488525,2.524699661254879,0.858284358978271,0.244647998809814,0.231023273468018,0.157255380630493,0.047574932098388
IMAGE 3.0.1,SSP1-Baseline,Latin American countries,Capacity|Electricity|Oil,GW,29.1027795410156,29.6529685058594,16.4637191162276,9.60090362552959,5.11546722418395,0.277717895720031,1.10950575749058e-09,1.6297238452089902e-09,1.6121560704185402e-09,1.438125503572249e-09,5.94927735964034e-10
IMAGE 3.0.1,SSP1-Baseline,Latin American countries,Capacity|Electricity|Solar,GW,0.017153000023216,0.109353001143782,3.452292224884029,21.3769389343262,78.8160209960938,186.580844238281,324.048482421875,489.819736328125,739.42715625,839.60380859375,717.4097109375
IMAGE 3.0.1,SSP1-Baseline,Latin American countries,Capacity|Electricity|Wind,GW,0.218,2.09090002441406,17.67583835792539,50.7308118896484,138.455215332031,233.183000976562,282.596873046875,304.282636474609,316.951874023438,307.847155273438,264.14802734375
IMAGE 3.0.1,SSP1-Baseline,Latin American countries,Emissions|CH4,Mt CH4/yr,42.6083438396454,45.4178259372711,47.4910914897919,50.330685377121,54.5978498458862,53.4762153625488,49.3973977565765,45.3114521503448,42.7775876522064,39.2256991863251,36.097393989563
IMAGE 3.0.1,SSP1-Baseline,Latin American countries,Emissions|CH4|Energy,Mt CH4/yr,6.10885307982971,6.61890622173087,8.64430377344252,10.9975264681852,13.0326355858415,13.3853932196798,11.830647150724,8.82822741617565,7.11618206764979,5.18563192178408,3.64436159986508
IMAGE 3.0.1,SSP1-Baseline,Latin American countries,Emissions|CO2,Mt CO2/yr,3110.9615583069,3210.89411446833,3315.123098039,3379.16897105101,3831.1068423893,3763.5191246911,3426.0009082094,2819.5397468587,2112.03756987381,1588.42262028193,973.12725457455
IMAGE 3.0.1,SSP1-Baseline,Latin American countries,Emissions|CO2|AFOLU,Mt CO2/yr,1657.69591090341,1639.65022085773,1239.51420924935,987.915061724756,1189.33794484372,830.144311667916,343.669031376538,99.5705492453326,54.5284030390125,-10.9085006464954,-319.52509190154
IMAGE 3.0.1,SSP1-Baseline,Latin American countries,Emissions|CO2|Energy and Industrial Processes,Mt CO2/yr,1483.49160856009,1602.32694751024,2115.73500166833,2438.02444832772,2696.20125394315,2993.91947002709,3144.21107697487,2778.30079543591,2108.4828992188,1641.97732871771,1327.65250647068
IMAGE 3.0.1,SSP1-Baseline,Latin American countries,Emissions|CO2|Energy|Supply|Electricity,Mt CO2/yr,293.727478027344,355.134918212891,589.6255111694339,709.243728637695,810.888710021973,928.311309814453,1041.21600341797,1041.83288574219,845.9889984130859,680.108215332031,580.590606689453
IMAGE 3.0.1,SSP1-Baseline,Latin American countries,Final Energy,EJ/yr,20.7981188964844,22.3121328125,27.502517578125,33.8615075683594,41.877021484375,48.4622592773437,51.8043364257812,50.9520639648437,47.1059350585938,42.670982421875,37.9039428710938
IMAGE 3.0.1,SSP1-Baseline,Latin American countries,Final Energy|Electricity,EJ/yr,3.37666981506348,4.01846014404297,5.782259918212889,8.30866101074219,11.5801171875,14.6082868652344,17.3286181640625,19.151625,20.4663359375,20.6969748535156,19.6685747070313
IMAGE 3.0.1,SSP1-Baseline,Latin American countries,Final Energy|Gases,EJ/yr,2.62413868713379,2.762132751464839,4.23083316040039,7.43835443115234,11.4462442626953,13.3223038330078,13.0928870849609,12.0901827392578,11.0470600585938,9.50844592285156,7.63187005615234
IMAGE 3.0.1,SSP1-Baseline,Latin American countries,Final Energy|Heat,EJ/yr,0.0,0.0,0.0,0.0,0.0,0.0,0.0,0.0,0.0,0.0,0.0
IMAGE 3.0.1,SSP1-Baseline,Latin American countries,Final Energy|Hydrogen,EJ/yr,2.05689589351314e-18,6.687163555317178e-06,3.51955009437006e-05,0.00598882433772,0.038833935260772,0.071177257537841,0.118384921073914,0.263979804992676,0.53311784362793,0.662544448852537,0.6460334854125981
IMAGE 3.0.1,SSP1-Baseline,Latin American countries,Final Energy|Industry,EJ/yr,6.8739652709960914,7.21674078369141,9.154070739746093,11.7575432128906,14.5426669921875,15.0931369628906,14.8485407714844,13.7423780517578,12.47612109375,10.9198519287109,9.28631872558594
IMAGE 3.0.1,SSP1-Baseline,Latin American countries,Final Energy|Liquids,EJ/yr,11.1045211817473,11.616582830039,14.1805654824045,14.1381764799021,13.2063235456944,14.6935519572954,15.9310505224703,14.773990297697,10.8143669682526,8.10177614077986,6.77198060604241
IMAGE 3.0.1,SSP1-Baseline,Latin American countries,Final Energy|Residential and Commercial,EJ/yr,5.31223441314697,6.04202940368652,6.5430089111328105,8.59655813598633,12.2724141235352,15.8176649780273,18.4949619140625,19.7864660644531,19.8421467285156,18.9919410400391,17.4981839599609
IMAGE 3.0.1,SSP1-Baseline,Latin American countries,Final Energy|Solar,EJ/yr,0.0002159999944268,0.0003527999939396,0.021412043932404,0.174726456952089,0.676687096340232,1.66379961377626,3.038021574709009,4.94166760995354,7.92347985930072,9.20733366262557,8.26819346337783
IMAGE 3.0.1,SSP1-Baseline,Latin American countries,Final Energy|Solids,EJ/yr,3.69278952026367,3.91495207193494,3.30882730102539,3.97032776641846,5.6055089302063,5.7669365043640095,5.33339280509949,4.67227961349487,4.24505893135071,3.701245054244999,3.1854830942153898
IMAGE 3.0.1,SSP1-Baseline,Latin American countries,Final Energy|Solids|Biomass,EJ/yr,3.07048684692383,3.19452165201306,2.40504654693604,2.69438259887695,4.086482944488529,4.29754011154175,4.02292036247253,3.5986967124939,3.43882806587219,3.16728738212585,2.87862814426422
IMAGE 3.0.1,SSP1-Baseline,Latin American countries,Final Energy|Solids|Coal,EJ/yr,0.622302673339844,0.7204304199218751,0.9037807540893552,1.2759451675415,1.51902598571777,1.46939639282227,1.31047244262695,1.07358290100098,0.8062308654785161,0.533957672119141,0.306854949951171
IMAGE 3.0.1,SSP1-Baseline,Latin American countries,Final Energy|Transportation,EJ/yr,6.85327954101563,7.17653430175781,9.76592492675781,10.9622462158203,12.410140625,14.2178699951172,15.3090419921875,14.4011928710938,12.0512550048828,10.2966390380859,8.9909228515625
IMAGE 3.0.1,SSP1-Baseline,Latin American countries,Final Energy|Transportation|Electricity,EJ/yr,0.014556169867515,0.027121592164039,0.033221179723739,0.079452757835388,0.137401998519896,0.212608457565308,0.343342891693115,0.7782409057617191,1.839883056640629,2.72282431030273,3.03762878417969
IMAGE 3.0.1,SSP1-Baseline,Latin American countries,Final Energy|Transportation|Hydrogen,EJ/yr,2.05689589351314e-18,6.687163555317178e-06,3.51955009437006e-05,0.0004067759700556,0.001870937316678,0.004662890151142,0.020924416184425,0.134478939056396,0.38510368347168,0.485456703186035,0.425352584838867
IMAGE 3.0.1,SSP1-Baseline,Latin American countries,Final Energy|Transportation|Liquids,EJ/yr,6.838723543807862,7.14940370768309,9.70885274988413,10.6142933810949,10.3635637989044,12.3756081352234,13.943272819519,12.8815513916016,8.97939117431641,6.29651351928711,5.10756428527832
IMAGE 3.0.1,SSP1-Baseline,Latin American countries,Population,million,556.492286682129,589.496368408203,639.040687561035,669.366859436035,682.479454040527,678.23656463623,658.8923568725589,628.945083618164,590.654235839844,543.104156494141,486.243133544922
IMAGE 3.0.1,SSP1-Baseline,Latin American countries,Primary Energy,EJ/yr,27.381744140625,29.9923024902344,38.29078759765621,45.1183251953125,53.4551953125,60.8158046875,65.25065234375,65.0945205078125,59.899025390625,53.553705078125,47.2503369140625
IMAGE 3.0.1,SSP1-Baseline,Latin American countries,Primary Energy|Biomass,EJ/yr,4.203218200683589,4.73112223052979,4.16749773406982,3.907565231323241,5.58309675598145,6.420239452362059,7.194813611984251,9.46703454208374,10.8691657581329,10.0074890422821,9.31162457275391
IMAGE 3.0.1,SSP1-Baseline,Latin American countries,Primary Energy|Coal,EJ/yr,1.32540348052979,1.48334631347656,3.52404769897461,4.32977142333984,5.1731435546875,5.99605700683594,6.54993505859375,6.57644091796875,5.40234301757813,3.927611083984379,2.79723748779297
IMAGE 3.0.1,SSP1-Baseline,Latin American countries,Primary Energy|Fossil,EJ/yr,20.7477178421021,22.51934790039061,30.2813461608887,35.9991835327148,40.3579356689453,44.4488869628906,45.88019580078129,41.0454793701172,31.3528142089844,24.807557800293,20.24559527587889
IMAGE 3.0.1,SSP1-Baseline,Latin American countries,Primary Energy|Gas,EJ/yr,5.76276638793945,6.78488269042969,11.0883620605469,16.765673828125,21.6780070800781,23.8406708984375,24.12520385742189,22.2551196289063,18.9190502929687,16.3261870117188,14.0337139892578
IMAGE 3.0.1,SSP1-Baseline,Latin American countries,Primary Energy|Nuclear,EJ/yr,0.099118799999999,0.0992628,0.116231646796875,0.109335581999999,0.098546456999999,0.0627467128125,0.021287914406249,0.00566664021875,0.004938566125,0.00290048909375,0.0008969416953125
IMAGE 3.0.1,SSP1-Baseline,Latin American countries,Primary Energy|Oil,EJ/yr,13.6595479736328,14.2511188964844,15.6689364013672,14.90373828125,13.5067850341797,14.6121590576172,15.2050568847656,12.2139188232422,7.0314208984375,4.553759704589839,3.414643798828129
IMAGE 3.0.1,SSP1-Baseline,Latin American countries,Secondary Energy|Electricity,EJ/yr,4.12629824,4.834381568,6.86443616,9.873056512,13.601965056,16.970843904,19.98555392,22.071304192,23.52334592,23.56962688,22.134276864
IMAGE 3.0.1,SSP1-Baseline,Latin American countries,Secondary Energy|Electricity|Biomass,EJ/yr,0.0264563999999999,0.0420228,0.152364272,0.143905273,0.022403193213134,0.007581462632812,0.002192236765625,0.00162367880371,0.0003258774945459,4.891871948242189e-07,2.00932305306196e-11
IMAGE 3.0.1,SSP1-Baseline,Latin American countries,Secondary Energy|Electricity|Biomass|w/ CCS,EJ/yr,0.0,0.0,0.0,0.0,0.0,0.0,0.0,0.0,0.0,0.0,0.0
IMAGE 3.0.1,SSP1-Baseline,Latin American countries,Secondary Energy|Electricity|Biomass|w/o CCS,EJ/yr,0.0264563999999999,0.0420228,0.152364272,0.143905273,0.022403193213134,0.007581462632812,0.002192236765625,0.00162367880371,0.0003258774945459,4.891871948242189e-07,2.00932305306196e-11
IMAGE 3.0.1,SSP1-Baseline,Latin American countries,Secondary Energy|Electricity|Coal,EJ/yr,0.1925639999999999,0.2361096,0.900149067999999,1.141226220101139,1.475663624277199,1.933435247405929,2.350670692811509,2.5215230993733497,2.16714769305815,1.64958580094953,1.238330289294199
IMAGE 3.0.1,SSP1-Baseline,Latin American countries,Secondary Energy|Electricity|Coal|w/ CCS,EJ/yr,0.0,0.0,0.0,0.0,0.0,0.0,0.0,0.0,0.0,0.0,0.0
IMAGE 3.0.1,SSP1-Baseline,Latin American countries,Secondary Energy|Electricity|Coal|w/o CCS,EJ/yr,0.1925639999999999,0.2361096,0.900149067999999,1.141226220101139,1.475663624277199,1.933435247405929,2.350670692811509,2.5215230993733497,2.16714769305815,1.64958580094953,1.238330289294199
IMAGE 3.0.1,SSP1-Baseline,Latin American countries,Secondary Energy|Electricity|Gas,EJ/yr,0.798357515999999,1.124265648,1.705476336,3.24696440804165,4.3911005360579,4.82319657418215,5.1485849109546304,4.61652592688976,3.29547205667413,2.78197159221742,2.75301852202979
IMAGE 3.0.1,SSP1-Baseline,Latin American countries,Secondary Energy|Electricity|Gas|w/ CCS,EJ/yr,0.0,0.0,0.0,0.0,0.0,0.0,0.0,0.0,0.0,0.0,0.0
IMAGE 3.0.1,SSP1-Baseline,Latin American countries,Secondary Energy|Electricity|Gas|w/o CCS,EJ/yr,0.798357515999999,1.124265648,1.705476336,3.24696440804165,4.3911005360579,4.82319657418215,5.1485849109546304,4.61652592688976,3.29547205667413,2.78197159221742,2.75301852202979
IMAGE 3.0.1,SSP1-Baseline,Latin American countries,Secondary Energy|Electricity|Hydro,EJ/yr,2.32900544,2.625364416,3.556480264,4.326317552,4.965496864,5.248040752,5.543684327999999,5.80457256,5.838463888,5.801181536000001,6.319527487999999
IMAGE 3.0.1,SSP1-Baseline,Latin American countries,Secondary Energy|Electricity|Non-Biomass Renewables,EJ/yr,2.36367344,2.672693616,3.76079527314233,5.231623588447269,7.61425224463086,10.1430667735576,12.4628210360029,14.9259643546638,18.05546385721511,19.1351678051345,18.1420312336938
IMAGE 3.0.1,SSP1-Baseline,Latin American countries,Secondary Energy|Electricity|Nuclear,EJ/yr,0.099118799999999,0.0992628,0.116231646796875,0.109335581999999,0.098546456999999,0.0627467128125,0.021287914406249,0.00566664021875,0.004938566125,0.00290048909375,0.0008969416953125
IMAGE 3.0.1,SSP1-Baseline,Latin American countries,Secondary Energy|Electricity|Oil,EJ/yr,0.646127999999999,0.660027616,0.229418732,0.0,0.0,0.000817800296875,7.814011536538597e-12,2.422194927930831e-11,1.8384620547294588e-11,5.72637608274818e-12,0.0
IMAGE 3.0.1,SSP1-Baseline,Latin American countries,Secondary Energy|Electricity|Solar,EJ/yr,0.000216,0.0003528,0.021412043376953,0.174726056,0.6770781640000001,1.672536688,3.074350623999999,5.036368992,8.172789216,9.63344752,8.569132544
IMAGE 3.0.1,SSP1-Baseline,Latin American countries,Secondary Energy|Electricity|Wind,EJ/yr,0.002469599999999,0.0168552,0.14781190771875,0.6011909520000001,1.777925464,2.990707408,3.597573311999999,3.8585983919999993,3.953468976,3.767196288,3.147467296
IMAGE 3.0.1,SSP1-Baseline,Latin American countries,Secondary Energy|Hydrogen,EJ/yr,0.0,7.93846918758501e-14,2.3914811867714904e-05,0.006164053597491,0.077127585847555,0.144431809854114,0.203705873763568,0.340244979054119,0.611268059235967,0.7601148926169361,0.752500039879692
IMAGE 3.0.1,SSP1-Baseline,OECD90 and EU (and EU candidate) countries,Capacity|Electricity,GW,2232.02291015625,2413.08237890625,2750.01650390625,2979.21528125,3241.806703125,3969.7255,4638.596984375,5216.202390625,5549.74621875,5429.514609375,5201.824421875
IMAGE 3.0.1,SSP1-Baseline,OECD90 and EU (and EU candidate) countries,Capacity|Electricity|Biomass,GW,55.48115032672879,64.26322055149079,69.5854006239176,55.3018957472406,25.7481847408973,7.28044210982438,0.6160171298265861,0.5718080972616341,0.477101487861259,0.330911394327648,0.187879451484643
IMAGE 3.0.1,SSP1-Baseline,OECD90 and EU (and EU candidate) countries,Capacity|Electricity|Coal,GW,514.553466133118,510.563880989075,482.564569587708,415.771527950287,377.569491791368,390.251459962037,409.1846793834231,442.651352112916,423.626489289429,356.501615120522,281.368856864105
IMAGE 3.0.1,SSP1-Baseline,OECD90 and EU (and EU candidate) countries,Capacity|Electricity|Gas,GW,608.885046173096,648.038963867188,787.40415045166,995.957447937012,1188.8985022583,1364.01781542976,1435.07169655413,1476.66212330801,1503.67301494009,1455.10147722032,1339.83518928066
IMAGE 3.0.1,SSP1-Baseline,OECD90 and EU (and EU candidate) countries,Capacity|Electricity|Hydro,GW,440.447896484375,456.248188476563,481.352118164063,520.225278320313,541.4376796875,544.75601953125,547.411076171875,551.700927734375,555.990859375,560.280802734375,564.5706484375
IMAGE 3.0.1,SSP1-Baseline,OECD90 and EU (and EU candidate) countries,Capacity|Electricity|Nuclear,GW,323.872197265625,325.353697265625,333.5050703125,326.127466796875,208.531715510845,55.0328727464676,18.5942553949356,8.34697999668121,0.01008759021759,0.018926811218261,0.014415554285049
IMAGE 3.0.1,SSP1-Baseline,OECD90 and EU (and EU candidate) countries,Capacity|Electricity|Oil,GW,226.819965026855,230.169427307129,160.991515174866,122.699853034973,49.93107923126221,4.15369999981051,2.07712294006472,2.0673935375226,1.7543388805401792,1.00413361978579,0.485060609521132
IMAGE 3.0.1,SSP1-Baseline,OECD90 and EU (and EU candidate) countries,Capacity|Electricity|Solar,GW,4.73310144375637,37.9207999448776,174.004232860565,213.728296182506,331.312249399185,697.3318856048579,1139.74902073669,1603.31865768433,1808.43887298584,1776.73875901794,1829.69447930145
IMAGE 3.0.1,SSP1-Baseline,OECD90 and EU (and EU candidate) countries,Capacity|Electricity|Wind,GW,52.23570036625861,134.290509326935,251.2839504508969,305.846219055176,469.958798950195,852.45676550293,1025.42165332031,1064.38404248047,1183.24951464844,1200.98621862793,1101.08873797607
IMAGE 3.0.1,SSP1-Baseline,OECD90 and EU (and EU candidate) countries,Emissions|CH4,Mt CH4/yr,74.7440019845963,73.78165721893309,72.1655343770981,72.0611317157745,72.4217667579651,68.5001122951508,67.5123126506805,66.74237000942229,63.7334535121918,60.12480580806729,55.9070991277695
IMAGE 3.0.1,SSP1-Baseline,OECD90 and EU (and EU candidate) countries,Emissions|CH4|Energy,Mt CH4/yr,27.399859705878,24.9184591348712,22.7558373638894,23.51905438349789,25.1740584663712,22.9092787281697,23.2147965350741,23.8201102405947,22.541291336187,21.2707266745892,19.4479091310823
IMAGE 3.0.1,SSP1-Baseline,OECD90 and EU (and EU candidate) countries,Emissions|CO2,Mt CO2/yr,13121.7581875332,11576.5154404038,11086.6943776355,9608.72664983999,9170.8187467647,8680.83192141294,8328.52407658315,7522.618063021108,6689.97094024441,5882.98444165624,5366.85453082237
IMAGE 3.0.1,SSP1-Baseline,OECD90 and EU (and EU candidate) countries,Emissions|CO2|AFOLU,Mt CO2/yr,19.9181220650561,-564.014727134881,-577.934518758806,-1000.06106635522,-956.062229367775,-855.499691419417,-763.026090552271,-939.135252081577,-873.4980168922549,-906.9955841159688,-776.9066930797238
IMAGE 3.0.1,SSP1-Baseline,OECD90 and EU (and EU candidate) countries,Emissions|CO2|Energy and Industrial Processes,Mt CO2/yr,13388.3138874117,12425.6632935926,11934.5324422419,10854.0996205956,10357.6923280144,9748.93302149232,9291.998655643309,8647.05235514231,7733.154643779619,6940.944422708821,6278.82327108271
IMAGE 3.0.1,SSP1-Baseline,OECD90 and EU (and EU candidate) countries,Emissions|CO2|Energy|Supply|Electricity,Mt CO2/yr,4919.956840515139,4621.76001739502,4329.195198059079,4059.56481933594,4078.76528549194,4113.18030548096,4190.34229278564,4217.93564605713,4009.94916534424,3782.84515380859,3633.22973632812
IMAGE 3.0.1,SSP1-Baseline,OECD90 and EU (and EU candidate) countries,Final Energy,EJ/yr,160.838891357422,152.964500976563,153.708977539062,149.433610839844,150.1021328125,146.128827148437,146.007965332031,144.265624511719,140.544949707031,136.151084472656,131.236159667969
IMAGE 3.0.1,SSP1-Baseline,OECD90 and EU (and EU candidate) countries,Final Energy|Electricity,EJ/yr,30.1342110900879,30.87272387695311,33.8633733520508,37.2563837890625,40.6425837402344,44.8420120849609,49.5710126953125,53.0160864257813,54.6396702880859,54.14637414550779,52.86714331054689
IMAGE 3.0.1,SSP1-Baseline,OECD90 and EU (and EU candidate) countries,Final Energy|Gases,EJ/yr,34.5052530212402,33.175547088623,35.92662408447271,42.8725185546875,48.42527844238279,42.6068406982422,41.8257509765625,41.76902392578121,38.8253969726563,33.91315277099611,28.6194563598633
IMAGE 3.0.1,SSP1-Baseline,OECD90 and EU (and EU candidate) countries,Final Energy|Heat,EJ/yr,2.37509484481812,2.3079730253219592,2.34947995948791,2.372483568191529,2.22030046653748,2.03149449920654,1.7890867490768398,1.53022712469101,1.27413372731209,1.04462767624855,0.8516236190795891
IMAGE 3.0.1,SSP1-Baseline,OECD90 and EU (and EU candidate) countries,Final Energy|Hydrogen,EJ/yr,6.8739072713042115e-09,0.0003205460696053,0.015559973540112,0.864734006851912,2.77559941196442,2.86787087440491,3.66140508651733,5.761190864562991,8.536936004638669,11.9902095947266,15.7541338806152
IMAGE 3.0.1,SSP1-Baseline,OECD90 and EU (and EU candidate) countries,Final Energy|Industry,EJ/yr,35.7790202026367,33.0539619140625,33.6250358886719,35.0239263916016,37.3205473632812,36.5521893310547,35.3097944335938,33.7051910400391,31.96800805664061,29.8583050537109,27.2964671630859
IMAGE 3.0.1,SSP1-Baseline,OECD90 and EU (and EU candidate) countries,Final Energy|Liquids,EJ/yr,83.22971052148941,76.6919290970557,71.43686642910959,55.2855320149725,43.5513475540732,41.32894100002722,38.153410608687,32.3433156467055,28.0538746726802,26.4552309379149,25.261397860842
IMAGE 3.0.1,SSP1-Baseline,OECD90 and EU (and EU candidate) countries,Final Energy|Residential and Commercial,EJ/yr,55.5037818603516,55.18076452636721,54.7371230163574,56.59388696289061,58.2956595458984,58.25840637207029,59.40304858398439,59.9445288696289,59.2268214111328,57.705992980957,55.4624371948242
IMAGE 3.0.1,SSP1-Baseline,OECD90 and EU (and EU candidate) countries,Final Energy|Solar,EJ/yr,0.015069600319955,0.113349598854779,1.10215655947025,1.61832332249481,2.602033879848349,5.529518444583482,9.09291554976321,12.913805126686,15.1314467791044,15.8433399751029,16.949448067351
IMAGE 3.0.1,SSP1-Baseline,OECD90 and EU (and EU candidate) countries,Final Energy|Solids,EJ/yr,10.5946154098511,9.9160012724027,10.1170719070435,10.7819724235535,12.48702333498,12.4516656942368,11.0072939786911,9.8457744345665,9.214957778453831,8.60150291347504,7.88239578819275
IMAGE 3.0.1,SSP1-Baseline,OECD90 and EU (and EU candidate) countries,Final Energy|Solids|Biomass,EJ/yr,4.46081395721436,4.351475210390991,4.24218511962891,5.08947218704224,7.41336944246292,8.4145730009079,7.97029931163788,7.646714059352878,7.51911259794235,7.32136937046051,7.02173368644714
IMAGE 3.0.1,SSP1-Baseline,OECD90 and EU (and EU candidate) countries,Final Energy|Solids|Coal,EJ/yr,6.13380145263672,5.56452606201172,5.87488678741455,5.69250023651123,5.07365389251709,4.03709269332886,3.03699466705322,2.19906037521362,1.6958451805114692,1.28013354301453,0.8606621017456051
IMAGE 3.0.1,SSP1-Baseline,OECD90 and EU (and EU candidate) countries,Final Energy|Transportation,EJ/yr,54.8841253662109,51.14924072265629,51.6758559570312,46.39434252929689,45.65255419921871,44.14715014648439,44.0579556884766,43.42497448730471,42.6494179077148,42.3043426513672,42.53396722412111
IMAGE 3.0.1,SSP1-Baseline,OECD90 and EU (and EU candidate) countries,Final Energy|Transportation|Electricity,EJ/yr,0.368058352470398,0.345186052799225,0.6435421009063721,1.53123976659775,2.69565929508209,4.60470164871216,6.4738685760498,8.747673995971683,10.9875725708008,12.678078338623,13.753623046875
IMAGE 3.0.1,SSP1-Baseline,OECD90 and EU (and EU candidate) countries,Final Energy|Transportation|Hydrogen,EJ/yr,6.8739072713042115e-09,0.0003205460696053,0.015559973540112,0.07054421620653,0.175945159753785,0.339423061848618,0.7588820903673771,1.73211498624086,2.53362467193604,2.58571447563171,3.49767292785645
IMAGE 3.0.1,SSP1-Baseline,OECD90 and EU (and EU candidate) countries,Final Energy|Transportation|Liquids,EJ/yr,54.5160664480031,50.8037045701444,50.9524008008838,43.76538529157639,36.3151550022811,35.8208797270656,32.986752569411,27.3267449572408,23.82133112689731,23.0898921293364,22.0126721973419
IMAGE 3.0.1,SSP1-Baseline,OECD90 and EU (and EU candidate) countries,Population,million,1087.2905216217,1120.40413475037,1179.61062240601,1231.69411849976,1276.42444229126,1312.33925247192,1338.17258453369,1348.7812538147,1341.48283004761,1311.22069168091,1261.89805221558
IMAGE 3.0.1,SSP1-Baseline,OECD90 and EU (and EU candidate) countries,Primary Energy,EJ/yr,213.258084716797,202.651572753906,200.700241210937,194.393123535156,193.435490234375,189.086358886719,189.409959472656,186.996340332031,181.597579589844,174.951185058594,169.916449707031
IMAGE 3.0.1,SSP1-Baseline,OECD90 and EU (and EU candidate) countries,Primary Energy|Biomass,EJ/yr,8.529372359037401,9.812627017974853,10.172156504631,14.2904445571899,18.72393200349811,21.1405232725143,23.01543577861789,25.82788342428211,29.5856308836937,32.2457077951431,35.2063073558807
IMAGE 3.0.1,SSP1-Baseline,OECD90 and EU (and EU candidate) countries,Primary Energy|Coal,EJ/yr,44.895424987793,40.9917121582031,37.9479676818848,32.2866215820313,28.4909534606934,26.7305020141602,25.86609616088871,25.1472467956543,22.1449567260742,18.2090582733154,14.0915151672363
IMAGE 3.0.1,SSP1-Baseline,OECD90 and EU (and EU candidate) countries,Primary Energy|Fossil,EJ/yr,191.66780279541,179.089592163086,173.401050689697,160.968314453125,155.029166229248,144.351885314941,137.956449432373,128.798304229736,116.171361633301,105.991552696228,98.1232321777344
IMAGE 3.0.1,SSP1-Baseline,OECD90 and EU (and EU candidate) countries,Primary Energy|Gas,EJ/yr,54.4733505859375,56.0461607666016,60.3411918945312,73.59685546875,86.33617944335941,81.5902404785156,81.28073559570309,81.01143469238279,78.33401391601559,75.23387219238279,73.42263659667971
IMAGE 3.0.1,SSP1-Baseline,OECD90 and EU (and EU candidate) countries,Primary Energy|Nuclear,EJ/yr,8.02281968,7.778765184,7.904943936,7.972221856,5.144005072,1.36701222740625,0.4647447935,0.209728987203125,0.000218790203125,0.000444303703125,0.0003630225234375
IMAGE 3.0.1,SSP1-Baseline,OECD90 and EU (and EU candidate) countries,Primary Energy|Oil,EJ/yr,92.29902722167972,82.0517192382813,75.1118911132812,55.0848374023438,40.20203332519529,36.0311428222656,30.8096176757813,22.6396227416992,15.6923909912109,12.5486222305298,10.6090804138184
IMAGE 3.0.1,SSP1-Baseline,OECD90 and EU (and EU candidate) countries,Secondary Energy|Electricity,EJ/yr,36.176953152,36.647743936,38.849776512,42.16827199999999,45.691002624,50.557912704,55.48712217600001,59.088189696,60.886306816,59.728014848,58.11074048
IMAGE 3.0.1,SSP1-Baseline,OECD90 and EU (and EU candidate) countries,Secondary Energy|Electricity|Biomass,EJ/yr,0.6971261519003911,0.942434431312499,0.7280383951015631,0.482614103421875,0.255447030009689,0.114957477371581,0.007813792661375,0.00765622854371,0.006133595980145,0.004332179206937,0.002173015529501
IMAGE 3.0.1,SSP1-Baseline,OECD90 and EU (and EU candidate) countries,Secondary Energy|Electricity|Biomass|w/ CCS,EJ/yr,0.0,0.0,0.0,0.0,0.0,0.0,0.0,0.0,0.0,0.0,0.0
IMAGE 3.0.1,SSP1-Baseline,OECD90 and EU (and EU candidate) countries,Secondary Energy|Electricity|Biomass|w/o CCS,EJ/yr,0.6971261519003911,0.942434431312499,0.7280383951015631,0.482614103421875,0.255447030009689,0.114957477371581,0.007813792661375,0.00765622854371,0.006133595980145,0.004332179206937,0.002173015529501
IMAGE 3.0.1,SSP1-Baseline,OECD90 and EU (and EU candidate) countries,Secondary Energy|Electricity|Coal,EJ/yr,13.741303993,12.629112209,11.570561221,9.83708988859375,9.133252262855963,9.303645282,9.838901662,10.394237342,9.618660482,7.960288629,6.122562339130829
IMAGE 3.0.1,SSP1-Baseline,OECD90 and EU (and EU candidate) countries,Secondary Energy|Electricity|Coal|w/ CCS,EJ/yr,0.0,0.0,0.0,0.0,0.0,0.0,0.0,0.0,0.0,0.0,0.0
IMAGE 3.0.1,SSP1-Baseline,OECD90 and EU (and EU candidate) countries,Secondary Energy|Electricity|Coal|w/o CCS,EJ/yr,13.741303993,12.629112209,11.570561221,9.83708988859375,9.133252262855963,9.303645282,9.838901662,10.394237342,9.618660482,7.960288629,6.122562339130829
IMAGE 3.0.1,SSP1-Baseline,OECD90 and EU (and EU candidate) countries,Secondary Energy|Electricity|Gas,EJ/yr,6.86304151,8.2726629,8.5165024046875,11.676303008,15.279456551875,16.270991494,15.8414846232695,14.8656428907197,13.9236594838203,13.5052225750342,13.8110259083322
IMAGE 3.0.1,SSP1-Baseline,OECD90 and EU (and EU candidate) countries,Secondary Energy|Electricity|Gas|w/ CCS,EJ/yr,0.0,0.0,0.0,0.0,0.0,0.0,0.0,0.0,0.0,0.0,0.0
IMAGE 3.0.1,SSP1-Baseline,OECD90 and EU (and EU candidate) countries,Secondary Energy|Electricity|Gas|w/o CCS,EJ/yr,6.86304151,8.2726629,8.5165024046875,11.676303008,15.279456551875,16.270991494,15.8414846232695,14.8656428907197,13.9236594838203,13.5052225750342,13.8110259083322
IMAGE 3.0.1,SSP1-Baseline,OECD90 and EU (and EU candidate) countries,Secondary Energy|Electricity|Hydro,EJ/yr,4.68560864,4.8935631520000005,5.221088848,5.56147848,5.795166288,5.852557184,5.900792432,5.933904544,5.996100384,6.072386527999999,6.163233072000001
IMAGE 3.0.1,SSP1-Baseline,OECD90 and EU (and EU candidate) countries,Secondary Energy|Electricity|Non-Biomass Renewables,EJ/yr,5.14903306057617,6.1049955915,9.41943265226624,11.6933762575639,15.6459325713281,23.4428310895,29.3087955828125,33.5870601438125,37.320896267125,38.2475774995,38.169952165
IMAGE 3.0.1,SSP1-Baseline,OECD90 and EU (and EU candidate) countries,Secondary Energy|Electricity|Nuclear,EJ/yr,8.02281968,7.778765184,7.904943936,7.972221856,5.144005072,1.36701222740625,0.4647447935,0.209728987203125,0.000218790203125,0.000444303703125,0.0003630225234375
IMAGE 3.0.1,SSP1-Baseline,OECD90 and EU (and EU candidate) countries,Secondary Energy|Electricity|Oil,EJ/yr,1.7036275173125,0.9197709151015632,0.710303475,0.506669561703125,0.232911517507811,0.058472838228515,0.025373637124999,0.0238645955,0.016741650523437,0.010151819488281,0.004667669497314
IMAGE 3.0.1,SSP1-Baseline,OECD90 and EU (and EU candidate) countries,Secondary Energy|Electricity|Solar,EJ/yr,0.015069599999999,0.1133496,1.10215659129688,1.618323168251429,2.60203378559375,5.536159080875,9.1486619,13.193892087,15.516890587,16.195089499,17.446799268
IMAGE 3.0.1,SSP1-Baseline,OECD90 and EU (and EU candidate) countries,Secondary Energy|Electricity|Wind,EJ/yr,0.337399219576172,0.9636839435,2.8988349440625,3.982343448999999,6.141187447999999,10.86562876,13.036216124,13.464058968,14.891018402,15.00628959,13.686260372
IMAGE 3.0.1,SSP1-Baseline,OECD90 and EU (and EU candidate) countries,Secondary Energy|Hydrogen,EJ/yr,7.339896866486242e-09,1.68095444282174e-06,0.012846422799855,0.8288215787670591,2.93510686661915,3.18635485792249,3.80509117337753,5.8507430343496,8.604252476057919,12.0825292556404,15.6974440481357
IMAGE 3.0.1,SSP1-Baseline,World,Capacity|Electricity,GW,3797.849,4523.684,6069.227,8037.996,10769.04,14619.31,18047.77,21290.03,24044.46,24659.91,23770.85
IMAGE 3.0.1,SSP1-Baseline,World,Capacity|Electricity|Biomass,GW,66.799259765625,77.37998046875,91.68073828125,78.89133776283259,45.04761161804201,20.8476209716797,9.97422254943848,6.35149438476563,2.116297565460209,1.36006070613861,1.16694535040911
IMAGE 3.0.1,SSP1-Baseline,World,Capacity|Electricity|Coal,GW,967.114171875,1146.6175,1426.398703125,1757.46990625,2208.78588671875,2571.692515625,2912.96609375,3194.92,3227.005984375,3015.1366875,2533.823421875
IMAGE 3.0.1,SSP1-Baseline,World,Capacity|Electricity|Gas,GW,1011.005984375,1166.34746875,1689.515171875,2608.680796875,3511.65690625,4310.2465,4857.32473828125,5031.55229003906,4950.67963964844,4790.26407519531,4749.76366601562
IMAGE 3.0.1,SSP1-Baseline,World,Capacity|Electricity|Hydro,GW,871.2293125,1028.111,1346.035,1577.071,1762.227999999999,1820.837,1878.782,1938.363,1997.943,2057.524,2117.105
IMAGE 3.0.1,SSP1-Baseline,World,Capacity|Electricity|Nuclear,GW,403.097,422.7626875,447.812,441.0693125,310.22809375,126.008703125,73.8930234375,34.46153125,9.46046484375,8.444734375,5.7515019531250005
IMAGE 3.0.1,SSP1-Baseline,World,Capacity|Electricity|Oil,GW,405.477078125,434.81515625,333.555854138374,256.864291015625,132.274327636719,39.4351850585938,13.8265751953125,5.74362345504761,2.56241174316406,1.14943904495239,0.522634596422311
IMAGE 3.0.1,SSP1-Baseline,World,Capacity|Electricity|Solar,GW,4.9023053894043,40.0743515625,253.859172363281,537.767017578125,1412.2553984375,3444.04640625,5616.792625,8186.35,10594.352,11387.183,10981.915
IMAGE 3.0.1,SSP1-Baseline,World,Capacity|Electricity|Wind,GW,58.7161610107422,196.334699951172,461.888232421875,733.804015625,1295.1553125,2149.745875,2502.7185,2665.757125,2988.7633125,3082.226125,3019.136375
IMAGE 3.0.1,SSP1-Baseline,World,Emissions|CH4,Mt CH4/yr,318.3976135253906,347.8606872558594,365.6386108398438,381.1867065429688,389.8517150878906,379.5032958984375,362.1900024414062,338.6877136230469,304.9588928222656,273.2965087890625,246.2071075439453
IMAGE 3.0.1,SSP1-Baseline,World,Emissions|CH4|Energy,Mt CH4/yr,112.610867619514,127.425181243569,138.015383688733,150.382853602991,161.399610176682,160.718482064083,151.3564092163,133.405231930315,106.393340755254,83.6051710117608,65.9772384930402
IMAGE 3.0.1,SSP1-Baseline,World,Emissions|CO2,Mt CO2/yr,33166.0742217651,35488.81803708042,40069.00390989264,42653.23405335673,43778.49609772986,42454.75781635952,41601.92838919866,39217.53157908606,33392.29394834816,28618.41390234126,24612.91357645629
IMAGE 3.0.1,SSP1-Baseline,World,Emissions|CO2|AFOLU,Mt CO2/yr,3771.829776187905,3507.338834624453,3176.769579739087,2972.975654176934,1917.707023695601,-213.8544817959967,-1436.361388744359,-1718.85963048269,-1940.186854628275,-2014.941999871921,-2436.091829933655
IMAGE 3.0.1,SSP1-Baseline,World,Emissions|CO2|Energy and Industrial Processes,Mt CO2/yr,29394.24838256836,31981.48373413086,36892.23617553711,39680.27545166016,41860.77584838867,42668.6096496582,43038.29838562012,40936.40348815918,35332.48066711426,30633.36038208008,27049.00355529785
IMAGE 3.0.1,SSP1-Baseline,World,Emissions|CO2|Energy|Supply|Electricity,Mt CO2/yr,11050.400390625,12583.5703125,15467.5302734375,17914.9609375,20259.880859375,20972.119140625,21819.650390625,21566.7109375,19228.939453125,17584.169921875,16353.6796875
IMAGE 3.0.1,SSP1-Baseline,World,Final Energy,EJ/yr,340.7755,367.2808125,395.25809375,438.1161875,500.13459375,547.599625,581.2011875,595.042625,585.996875,561.6448125,528.3093125
IMAGE 3.0.1,SSP1-Baseline,World,Final Energy|Electricity,EJ/yr,53.49091015625,63.36037109375,84.3081328125,112.2925,144.969,173.80559375,202.102,225.10290625,242.545703125,250.603796875,249.855703125
IMAGE 3.0.1,SSP1-Baseline,World,Final Energy|Gases,EJ/yr,52.6780703125,54.31691015625,67.9284765625,92.1701015625,125.258296875,141.431703125,147.0675,141.898296875,129.694296875,113.9396015625,98.712921875
IMAGE 3.0.1,SSP1-Baseline,World,Final Energy|Heat,EJ/yr,13.2497099609375,14.70133984375,13.8295703125,12.3669697265625,11.3155400390625,9.8439267578125,7.60640478515625,5.6395400390625,4.061787109375,2.83172607421875,1.895949951171879
IMAGE 3.0.1,SSP1-Baseline,World,Final Energy|Hydrogen,EJ/yr,6.875784947624203e-09,0.0003835087120532,0.015839539527893,0.9140963134765632,3.048236083984379,3.43034594726563,5.02760791015625,8.248603515625,12.67025,17.6514296875,22.676150390625
IMAGE 3.0.1,SSP1-Baseline,World,Final Energy|Industry,EJ/yr,103.691703125,121.726,138.384703125,156.78559375,175.90240625,185.259703125,189.90890625,185.950203125,174.70690625,158.955,140.3255
IMAGE 3.0.1,SSP1-Baseline,World,Final Energy|Liquids,EJ/yr,151.737116943359,151.491941746712,156.347681510925,149.759981750488,143.418355415344,146.873436299726,147.024773040771,143.064062561035,128.707006347656,113.798949645996,101.54429864502
IMAGE 3.0.1,SSP1-Baseline,World,Final Energy|Residential and Commercial,EJ/yr,116.48759765625,122.48176171875,122.7418359375,138.80766796875,164.5777578125,186.0674296875,207.8008984375,224.2296015625,233.5986953125,234.8053046875,229.410796875
IMAGE 3.0.1,SSP1-Baseline,World,Final Energy|Solar,EJ/yr,0.016459199905395,0.121413597106934,1.5868439959362202,4.22782485901471,11.7658512578011,29.456916519165,49.1568222122192,76.332617641449,104.217085731506,117.386675140381,118.051278579712
IMAGE 3.0.1,SSP1-Baseline,World,Final Energy|Solids,EJ/yr,69.61975,83.40989819335941,72.828380859375,70.6124892578125,72.12530078125,72.2145693359375,72.372912109375,71.0891708984375,68.3178959960938,62.8193505859375,53.62426196289061
IMAGE 3.0.1,SSP1-Baseline,World,Final Energy|Solids|Biomass,EJ/yr,37.99325,43.75726928710939,30.630580078125,31.8567900390625,44.434169921875,49.9502392578125,52.65351171875,55.0260009765625,56.2768657226563,53.7698681640625,47.28589819335939
IMAGE 3.0.1,SSP1-Baseline,World,Final Energy|Solids|Coal,EJ/yr,31.6265,39.65262890625,42.19780078125,38.75569921875,27.691130859375,22.264330078125,19.719400390625,16.063169921875,12.0410302734375,9.049482421875,6.3383637695312505
IMAGE 3.0.1,SSP1-Baseline,World,Final Energy|Transportation,EJ/yr,90.285671875,89.393203125,104.825796875,114.357703125,130.6821015625,140.655203125,147.185296875,148.519703125,142.867203125,134.9425,128.188
IMAGE 3.0.1,SSP1-Baseline,World,Final Energy|Transportation|Electricity,EJ/yr,0.7852421875000001,0.88159619140625,2.00142700195312,4.67885986328125,7.9250458984375,12.3963896484375,16.41466015625,20.74933984375,27.030150390625,33.5510703125,37.5636484375
IMAGE 3.0.1,SSP1-Baseline,World,Final Energy|Transportation|Hydrogen,EJ/yr,6.875784947624203e-09,0.0003835087120532,0.015839539527893,0.072429321289062,0.183239105224608,0.38528448486328,0.9876242065429692,2.37357397460937,4.15103515625,4.94330322265625,6.6922421875
IMAGE 3.0.1,SSP1-Baseline,World,Final Energy|Transportation|Liquids,EJ/yr,89.50042553710941,88.4968662109375,102.562418701172,107.137532226562,106.924061523438,114.223360351563,116.208188476562,110.79621875,95.9913515625,82.589951171875,73.656099609375
IMAGE 3.0.1,SSP1-Baseline,World,GDP|PPP,billion US$2010/yr,63148.6668,75308.07109,111996.8266,171440.2766,245515.05,320431.5469,391920.5469,461220.3063,522961.1063,577363.3938,621928.5875
IMAGE 3.0.1,SSP1-Baseline,World,Population,million,6530.5478515625,6921.7978515625,7576.10498046875,8061.93798828125,8388.7626953125,8530.5,8492.17578125,8298.9501953125,7967.38720703125,7510.4541015625,6957.98876953125
IMAGE 3.0.1,SSP1-Baseline,World,Primary Energy,EJ/yr,459.02309375,505.89259375,561.1405,624.774875,696.4638125,748.242625,788.5483125,803.3371875,780.930625,745.1135,700.665375
IMAGE 3.0.1,SSP1-Baseline,World,Primary Energy|Biomass,EJ/yr,43.8811840820313,52.7288515625,41.105900390625,49.2708193359375,68.36823046875,78.0142314453125,88.56244921875,106.021778320313,127.626326660156,138.404325195313,137.353448974609
IMAGE 3.0.1,SSP1-Baseline,World,Primary Energy|Coal,EJ/yr,117.481,144.98440625,158.901796875,170.56490625,180.658,180.44809375,184.774,182.1625,158.136796875,136.56659375,115.5791015625
IMAGE 3.0.1,SSP1-Baseline,World,Primary Energy|Fossil,EJ/yr,394.23290625,429.5036015625,486.957796875,533.1818125,572.2135,590.6808125,597.205015625,566.0707109375,491.3241484375,430.7395,387.04613671875
IMAGE 3.0.1,SSP1-Baseline,World,Primary Energy|Gas,EJ/yr,101.9455,112.7963984375,152.96159375,203.004,248.93109375,268.8588125,276.5573125,262.2763125,239.807203125,224.638203125,217.239796875
IMAGE 3.0.1,SSP1-Baseline,World,Primary Energy|Nuclear,EJ/yr,9.964626944,9.9226368,10.570779648,10.769800192,7.651719168,3.129485056,1.83480704,0.8524780160000001,0.206180096,0.185733999999999,0.128179
IMAGE 3.0.1,SSP1-Baseline,World,Primary Energy|Oil,EJ/yr,174.80640625,171.722796875,175.09440625,159.61290625,142.62440625,141.37390625,135.873703125,121.6318984375,93.3801484375,69.534703125,54.22723828125
IMAGE 3.0.1,SSP1-Baseline,World,Secondary Energy|Electricity,EJ/yr,65.38958848,76.566413312,99.178930176,131.33320192,167.826096128,200.506097664,230.874103808,257.149403136,275.44518656,282.29320704,279.353393152
IMAGE 3.0.1,SSP1-Baseline,World,Secondary Energy|Electricity|Biomass,EJ/yr,0.794788288,1.215081536,1.06357472,0.9688787572968752,0.418999124,0.231286632,0.123777301999999,0.073688442999999,0.024748358624999,0.016832925828125,0.01224821388667
IMAGE 3.0.1,SSP1-Baseline,World,Secondary Energy|Electricity|Biomass|w/ CCS,EJ/yr,0.0,0.0,0.0,0.0,0.0,0.0,0.0,0.0,0.0,0.0,0.0
IMAGE 3.0.1,SSP1-Baseline,World,Secondary Energy|Electricity|Biomass|w/o CCS,EJ/yr,0.794788288,1.215081536,1.06357472,0.9688787572968752,0.418999124,0.231286632,0.123777301999999,0.073688442999999,0.024748358624999,0.016832925828125,0.01224821388667
IMAGE 3.0.1,SSP1-Baseline,World,Secondary Energy|Electricity|Coal,EJ/yr,26.093089408,30.953428096,37.061391104,44.997476864,57.371316096,62.650011904,67.487911936,70.564270592,64.350456576,57.54236454399999,50.07262528
IMAGE 3.0.1,SSP1-Baseline,World,Secondary Energy|Electricity|Coal|w/ CCS,EJ/yr,0.0,0.0,0.0,0.0,0.0,0.0,0.0,0.0,0.0,0.0,0.0
IMAGE 3.0.1,SSP1-Baseline,World,Secondary Energy|Electricity|Coal|w/o CCS,EJ/yr,26.093089408,30.953428096,37.061391104,44.997476864,57.371316096,62.650011904,67.487911936,70.564270592,64.350456576,57.54236454399999,50.07262528
IMAGE 3.0.1,SSP1-Baseline,World,Secondary Energy|Electricity|Gas,EJ/yr,13.17243756,16.996319416,24.089527552,39.513810176,51.277392384,55.001193088,56.841306432,51.004975104,44.21531592,43.386090872,47.104660184
IMAGE 3.0.1,SSP1-Baseline,World,Secondary Energy|Electricity|Gas|w/ CCS,EJ/yr,0.0,0.0,0.0,0.0,0.0,0.0,0.0,0.0,0.0,0.0,0.0
IMAGE 3.0.1,SSP1-Baseline,World,Secondary Energy|Electricity|Gas|w/o CCS,EJ/yr,13.17243756,16.996319416,24.089527552,39.513810176,51.277392384,55.001193088,56.841306432,51.004975104,44.21531592,43.386090872,47.104660184
IMAGE 3.0.1,SSP1-Baseline,World,Secondary Energy|Electricity|Hydro,EJ/yr,10.55403008,12.387319808,16.559190016,19.392729088,21.783980032,22.594650112,23.3889792,24.193748992,24.735809536,25.308790784,26.285180928
IMAGE 3.0.1,SSP1-Baseline,World,Secondary Energy|Electricity|Non-Biomass Renewables,EJ/yr,11.1561265,13.984732996,22.89676336,32.584232768,50.276035072,79.36357990399999,104.556463616,134.62678656,166.62982144,181.150643712,182.030609408
IMAGE 3.0.1,SSP1-Baseline,World,Secondary Energy|Electricity|Nuclear,EJ/yr,9.964626944,9.9226368,10.570779648,10.769800192,7.651719168,3.129485056,1.83480704,0.8524780160000001,0.206180096,0.185733999999999,0.128179
IMAGE 3.0.1,SSP1-Baseline,World,Secondary Energy|Electricity|Oil,EJ/yr,4.208525248,3.4942104,3.496887651796879,2.49900972,0.830612192,0.13052928,0.0298487371875,0.0271917768125,0.018617178089843,0.011529550072842,0.005115686055775
IMAGE 3.0.1,SSP1-Baseline,World,Secondary Energy|Electricity|Solar,EJ/yr,0.0164592,0.1214136,1.5868439680000002,4.22782272,11.765323648,29.506404352,49.543300096,78.056308736,109.364600832,124.729249792,125.692796928
IMAGE 3.0.1,SSP1-Baseline,World,Secondary Energy|Electricity|Wind,EJ/yr,0.37394642,1.228848788,4.359984768,7.931806976,14.684924416,24.415789056,28.50049024,30.092189696,33.125300224,33.449869312,32.188790784
IMAGE 3.0.1,SSP1-Baseline,World,Secondary Energy|Hydrogen,EJ/yr,7.414273159552031e-09,1.6809565422879698e-06,0.013101321248962,0.8945701553129871,3.390124101539799,4.20392171878349,5.806916375770121,9.02098170938144,13.3838463690381,18.5156878880359,23.3149827681133
MESSAGE-GLOBIOM 1.0,SSP2-Baseline,Asian countries except Japan,Capacity|Electricity,GW,883.63194,1587.86983,2382.68538,2874.32943,3788.11295,4703.62787,6054.95129,7572.61536,8567.82025,9614.10326,11095.37909
MESSAGE-GLOBIOM 1.0,SSP2-Baseline,Asian countries except Japan,Capacity|Electricity|Biomass,GW,0.82706,8.47677,40.92855,36.77257,30.1387,58.48699999999999,54.72979,30.50942,28.21868,54.92248000000001,63.52825
MESSAGE-GLOBIOM 1.0,SSP2-Baseline,Asian countries except Japan,Capacity|Electricity|Coal,GW,538.59942,928.25904,1169.83107,1095.96209,978.25309,1088.28139,1326.91422,1627.2227,1707.3686,1482.15451,1117.97879
MESSAGE-GLOBIOM 1.0,SSP2-Baseline,Asian countries except Japan,Capacity|Electricity|Gas,GW,95.42679,150.66085,287.28429,586.25771,1240.18549,1851.44267,2458.21804,2936.0139,3219.30065,3680.57039,4509.29547
MESSAGE-GLOBIOM 1.0,SSP2-Baseline,Asian countries except Japan,Capacity|Electricity|Hydro,GW,155.98415,331.905,425.2271,484.38968,610.1661,641.74443,693.5389700000003,772.6219,850.3212800000001,850.87684,851.12129
MESSAGE-GLOBIOM 1.0,SSP2-Baseline,Asian countries except Japan,Capacity|Electricity|Nuclear,GW,33.006,36.797,104.71,95.2545,82.859,87.08037,124.9642,217.12806,382.19206,638.35829,705.29406
MESSAGE-GLOBIOM 1.0,SSP2-Baseline,Asian countries except Japan,Capacity|Electricity|Oil,GW,50.59216,34.51306,24.1266,6.65827,1.18281,1.13731,0.718789999999998,4e-05,4e-05,0.0,0.0
MESSAGE-GLOBIOM 1.0,SSP2-Baseline,Asian countries except Japan,Capacity|Electricity|Solar,GW,0.0,2.1,110.5,110.5,109.0,61.98072,167.27803,428.02962,539.35271,684.35949,881.81033
MESSAGE-GLOBIOM 1.0,SSP2-Baseline,Asian countries except Japan,Capacity|Electricity|Wind,GW,6.00636,88.17312,214.30847,454.48961,736.32776,913.47397,1228.58923,1539.24968,1752.7166,2035.1244,2716.0899
MESSAGE-GLOBIOM 1.0,SSP2-Baseline,Asian countries except Japan,Emissions|CH4,Mt CH4/yr,138.227637087126,138.410129943103,147.937076061217,163.161171588767,167.905335015792,172.723592544699,178.131970070098,182.39008462315,178.290527706981,168.251238458502,154.992474184463
MESSAGE-GLOBIOM 1.0,SSP2-Baseline,Asian countries except Japan,Emissions|CH4|Energy,Mt CH4/yr,38.44216420000001,45.8702357,45.7252738,50.32024929999999,48.671435,51.7051483,58.2172861,65.2641442,64.64009920000001,58.0022616,48.1338259
MESSAGE-GLOBIOM 1.0,SSP2-Baseline,Asian countries except Japan,Emissions|CO2,Mt CO2/yr,10485.9312493214,13431.9743622427,15702.216223519,18817.9064009667,21055.219865282,23451.6803693382,25723.5891220699,28170.4215880391,30805.6705310204,31264.8415408042,31334.6921934347
MESSAGE-GLOBIOM 1.0,SSP2-Baseline,Asian countries except Japan,Emissions|CO2|AFOLU,Mt CO2/yr,1036.69484252144,1029.72884194275,755.693409118952,650.673933066658,683.567028681954,277.544110438183,16.8892690698681,-172.186317160901,-280.720221479612,-380.717662995799,-530.6172047652819
MESSAGE-GLOBIOM 1.0,SSP2-Baseline,Asian countries except Japan,Emissions|CO2|Energy and Industrial Processes,Mt CO2/yr,9449.2364068,12402.2455203,14946.5228144,18167.2324679,20371.6528366,23174.1362589,25706.699853,28342.6079052,31086.3907525,31645.5592038,31865.3093982
MESSAGE-GLOBIOM 1.0,SSP2-Baseline,Asian countries except Japan,Emissions|CO2|Energy|Supply|Electricity,Mt CO2/yr,4120.6886669,5396.2337311,6092.023665,7209.237568899999,7490.2852743,8673.127575299999,10298.2008465,11742.2288091,12051.1644613,11126.1921078,9900.2303296
MESSAGE-GLOBIOM 1.0,SSP2-Baseline,Asian countries except Japan,Final Energy,EJ/yr,90.50843,117.80589,155.14187,194.52429,228.20155,254.52824,273.00151,292.98703,316.05349,338.84113,361.08889
MESSAGE-GLOBIOM 1.0,SSP2-Baseline,Asian countries except Japan,Final Energy|Electricity,EJ/yr,13.27138,20.08719,30.73806,41.85304,51.7937,64.03511,78.74871999999998,92.44507,101.0993,108.96782,117.62889
MESSAGE-GLOBIOM 1.0,SSP2-Baseline,Asian countries except Japan,Final Energy|Gases,EJ/yr,4.28722,6.72951,5.84892,4.72711,7.53224,10.95016,12.58349,13.82555,15.89026,18.01318999999999,20.56878
MESSAGE-GLOBIOM 1.0,SSP2-Baseline,Asian countries except Japan,Final Energy|Heat,EJ/yr,2.01273,2.90547,5.63887,8.45573,8.903839999999997,8.061869999999999,6.931389999999999,6.848339999999999,7.33996,8.6354,8.84109
MESSAGE-GLOBIOM 1.0,SSP2-Baseline,Asian countries except Japan,Final Energy|Hydrogen,EJ/yr,0.0,0.0,0.0,0.0,0.0,0.0,0.0,1.39267,5.5731,11.84244,15.78646
MESSAGE-GLOBIOM 1.0,SSP2-Baseline,Asian countries except Japan,Final Energy|Industry,EJ/yr,40.31310999999999,57.45485,78.3542,96.72009,110.19019,122.28724,131.99453,138.69103,145.7768,150.49417,154.20346
MESSAGE-GLOBIOM 1.0,SSP2-Baseline,Asian countries except Japan,Final Energy|Liquids,EJ/yr,28.53753,36.57798,53.74374,63.86658000000001,78.13808,85.66529,81.62915,78.7378,89.18636,97.21103,104.27896
MESSAGE-GLOBIOM 1.0,SSP2-Baseline,Asian countries except Japan,Final Energy|Solar,EJ/yr,0.1245,0.7260500000000001,3.66236,9.14105,14.61641,17.20476,19.48794,21.27392,22.54443,23.57261,24.69265
MESSAGE-GLOBIOM 1.0,SSP2-Baseline,Asian countries except Japan,Final Energy|Solids,EJ/yr,42.27507,50.7797,55.50991,66.48076999999999,67.21727,68.61103,73.62080999999998,78.46368000000002,74.42011,70.59866,69.29205999999999
MESSAGE-GLOBIOM 1.0,SSP2-Baseline,Asian countries except Japan,Final Energy|Solids|Biomass,EJ/yr,23.08857,23.23542,23.61045,21.94273,18.08952,14.1907,12.53371,12.27424,6.28285,4.38224,4.67044
MESSAGE-GLOBIOM 1.0,SSP2-Baseline,Asian countries except Japan,Final Energy|Solids|Coal,EJ/yr,19.1865,27.54428,31.89946,44.53804,49.12775,54.42033000000001,61.0871,66.18944,68.13726,66.21642,64.62162000000001
MESSAGE-GLOBIOM 1.0,SSP2-Baseline,Asian countries except Japan,Final Energy|Transportation,EJ/yr,12.63478,18.11699,27.55355,40.25514,51.23387,58.52735999999999,59.05645,61.45399000000001,69.52811,77.29554,84.90231999999997
MESSAGE-GLOBIOM 1.0,SSP2-Baseline,Asian countries except Japan,Final Energy|Transportation|Electricity,EJ/yr,0.122479999999999,0.211519999999999,0.31054,0.47066,1.47572,4.242269999999999,10.16485,15.22237,17.38202,19.32389,21.22558
MESSAGE-GLOBIOM 1.0,SSP2-Baseline,Asian countries except Japan,Final Energy|Transportation|Hydrogen,EJ/yr,0.0,0.0,0.0,0.0,0.0,0.0,0.0,0.0,0.0,0.0,0.0
MESSAGE-GLOBIOM 1.0,SSP2-Baseline,Asian countries except Japan,Final Energy|Transportation|Liquids,EJ/yr,12.33276,17.47297,27.24301,39.78448,49.75815,54.28511,48.8916,46.23161,52.14608,57.97165,63.67673000000001
MESSAGE-GLOBIOM 1.0,SSP2-Baseline,Asian countries except Japan,Population,million,3494.07,3655.68,3990.21,4246.6,4408.6,4474.11,4442.37,4335.29,4174.36,3974.86,3762.15
MESSAGE-GLOBIOM 1.0,SSP2-Baseline,Asian countries except Japan,Primary Energy,EJ/yr,134.77306,171.03461,212.50416,256.88979,292.51831,332.9129700000001,365.83426,395.37454,427.69917,451.6369999999999,473.98029
MESSAGE-GLOBIOM 1.0,SSP2-Baseline,Asian countries except Japan,Primary Energy|Biomass,EJ/yr,24.06191,25.07671,28.45224,26.02999,21.59582,21.89254,20.53845,17.82037,13.73068,15.3047,16.763840000000002
MESSAGE-GLOBIOM 1.0,SSP2-Baseline,Asian countries except Japan,Primary Energy|Coal,EJ/yr,61.89059,84.43165,96.33529,117.89098,120.83278,133.58298,158.55213,186.50822,203.36986,195.36615,177.76613
MESSAGE-GLOBIOM 1.0,SSP2-Baseline,Asian countries except Japan,Primary Energy|Fossil,EJ/yr,107.33614,140.21849,169.52681,205.14781,233.98825,269.93208,298.03602,322.01325,350.73755,362.40434,374.63816
MESSAGE-GLOBIOM 1.0,SSP2-Baseline,Asian countries except Japan,Primary Energy|Gas,EJ/yr,10.69221,14.31583,16.54153,23.26528,35.55495999999999,52.50033000000001,62.4181,61.58028,63.28551,73.39321,95.39159
MESSAGE-GLOBIOM 1.0,SSP2-Baseline,Asian countries except Japan,Primary Energy|Nuclear,EJ/yr,0.93484,1.0359,2.26157,2.48103,2.14326,2.21029,3.1306,5.4623300000000015,9.67782,16.1414,17.83033
MESSAGE-GLOBIOM 1.0,SSP2-Baseline,Asian countries except Japan,Primary Energy|Oil,EJ/yr,34.75334,41.47101,56.64999,63.99155,77.60051,83.84877,77.06579,73.92475,84.08218000000002,93.64498,101.48044
MESSAGE-GLOBIOM 1.0,SSP2-Baseline,Asian countries except Japan,Secondary Energy|Electricity,EJ/yr,16.14017,24.20088,36.08555,48.6704,59.57671999999999,72.61551999999998,88.41212,103.1695,114.5383,126.10023,137.40121
MESSAGE-GLOBIOM 1.0,SSP2-Baseline,Asian countries except Japan,Secondary Energy|Electricity|Biomass,EJ/yr,0.01718,0.2237,1.0892,0.94161,0.80115,1.54894,1.44689,0.8034,0.74585,1.4453,1.67374
MESSAGE-GLOBIOM 1.0,SSP2-Baseline,Asian countries except Japan,Secondary Energy|Electricity|Biomass|w/ CCS,EJ/yr,0.0,0.0,0.0,0.0,0.0,0.0,0.0,0.0,0.0,0.0,0.0
MESSAGE-GLOBIOM 1.0,SSP2-Baseline,Asian countries except Japan,Secondary Energy|Electricity|Biomass|w/o CCS,EJ/yr,0.01718,0.2237,1.0892,0.94161,0.80115,1.54894,1.44689,0.8034,0.74585,1.4453,1.67374
MESSAGE-GLOBIOM 1.0,SSP2-Baseline,Asian countries except Japan,Secondary Energy|Electricity|Coal,EJ/yr,10.30372,15.83601,19.79888,24.06928,25.16812,28.54276,35.059,42.99269,45.14787000000001,39.08995,29.41697000000001
MESSAGE-GLOBIOM 1.0,SSP2-Baseline,Asian countries except Japan,Secondary Energy|Electricity|Coal|w/ CCS,EJ/yr,0.0,0.0,0.0,0.0,0.0,0.0,0.0,0.0,0.0,0.0,0.0
MESSAGE-GLOBIOM 1.0,SSP2-Baseline,Asian countries except Japan,Secondary Energy|Electricity|Coal|w/o CCS,EJ/yr,10.30372,15.83601,19.79888,24.06928,25.16812,28.54276,35.059,42.99269,45.14787000000001,39.08995,29.41697000000001
MESSAGE-GLOBIOM 1.0,SSP2-Baseline,Asian countries except Japan,Secondary Energy|Electricity|Gas,EJ/yr,1.770059999999999,2.62147,4.20217,8.7095,14.04361,21.05709,25.19777,23.95872,23.71693,28.14375,38.28551
MESSAGE-GLOBIOM 1.0,SSP2-Baseline,Asian countries except Japan,Secondary Energy|Electricity|Gas|w/ CCS,EJ/yr,0.0,0.0,0.0,0.0,0.0,0.0,0.0,0.0,0.0,0.0,0.0
MESSAGE-GLOBIOM 1.0,SSP2-Baseline,Asian countries except Japan,Secondary Energy|Electricity|Gas|w/o CCS,EJ/yr,1.770059999999999,2.62147,4.20217,8.7095,14.04361,21.05709,25.19777,23.95872,23.71693,28.14375,38.28551
MESSAGE-GLOBIOM 1.0,SSP2-Baseline,Asian countries except Japan,Secondary Energy|Electricity|Geothermal,EJ/yr,0.05912,0.15306,0.1259,0.0878,0.0,0.0,0.0,0.0,0.0,0.0,0.0
MESSAGE-GLOBIOM 1.0,SSP2-Baseline,Asian countries except Japan,Secondary Energy|Electricity|Hydro,EJ/yr,2.22357,3.66046,5.76932,6.89465,8.61684,8.951270000000003,9.57819,11.05621,12.15993,12.16782,12.17129
MESSAGE-GLOBIOM 1.0,SSP2-Baseline,Asian countries except Japan,Secondary Energy|Electricity|Non-Biomass Renewables,EJ/yr,2.32127,4.00398,8.56205,12.4354,17.46003,19.28579,23.60645,29.43488,32.99984,36.44243,43.70009
MESSAGE-GLOBIOM 1.0,SSP2-Baseline,Asian countries except Japan,Secondary Energy|Electricity|Nuclear,EJ/yr,0.93087,1.03139,2.22791,2.41971,2.08693,2.17502,3.10201,5.3943,9.55924,15.94577,17.61566000000001
MESSAGE-GLOBIOM 1.0,SSP2-Baseline,Asian countries except Japan,Secondary Energy|Electricity|Oil,EJ/yr,0.7970700000000001,0.48433,0.20534,0.0949,0.01688,0.00592,0.0,0.0,0.0,0.0,0.0
MESSAGE-GLOBIOM 1.0,SSP2-Baseline,Asian countries except Japan,Secondary Energy|Electricity|Solar,EJ/yr,0.0,0.00539,0.6676200000000001,0.66991,0.6588200000000001,0.37535,1.03464,2.6598599999999992,3.32793,4.19891,5.37436
MESSAGE-GLOBIOM 1.0,SSP2-Baseline,Asian countries except Japan,Secondary Energy|Electricity|Wind,EJ/yr,0.03858,0.18507,1.99921,4.78304,8.18437,9.95917,12.99362,15.71881,17.51198,20.0757,26.15444
MESSAGE-GLOBIOM 1.0,SSP2-Baseline,Asian countries except Japan,Secondary Energy|Hydrogen,EJ/yr,0.0,0.11994,0.0,0.0,0.0,0.0,0.0,1.63844,6.556589999999999,14.0477,18.57231
MESSAGE-GLOBIOM 1.0,SSP2-Baseline,Countries from the Reforming Economies of the Former Soviet Union,Capacity|Electricity,GW,345.42286,315.2132299999999,301.3124200000001,347.5892,415.30729,473.96613,593.92334,734.7908,840.50144,951.15997,1128.66403
MESSAGE-GLOBIOM 1.0,SSP2-Baseline,Countries from the Reforming Economies of the Former Soviet Union,Capacity|Electricity|Biomass,GW,4.38658,0.8347300000000001,0.051829999999999,0.01555,0.01015,0.343219999999999,0.33815,0.34401,0.34169,0.270669999999999,0.2653
MESSAGE-GLOBIOM 1.0,SSP2-Baseline,Countries from the Reforming Economies of the Former Soviet Union,Capacity|Electricity|Coal,GW,51.79764,53.97589,46.51388,37.74495,12.65447,3.74086,4.94117,5.225680000000001,5.54312,5.583460000000001,5.605919999999999
MESSAGE-GLOBIOM 1.0,SSP2-Baseline,Countries from the Reforming Economies of the Former Soviet Union,Capacity|Electricity|Gas,GW,144.4726,129.97534,114.93205,191.58797,281.13255,330.65928,409.65528,506.10755,573.8135900000002,574.40007,605.87955
MESSAGE-GLOBIOM 1.0,SSP2-Baseline,Countries from the Reforming Economies of the Former Soviet Union,Capacity|Electricity|Hydro,GW,74.08706,67.56351,67.56351,67.56351,67.56351,67.56351,67.56351,67.56351,67.56351,74.63224,82.44051
MESSAGE-GLOBIOM 1.0,SSP2-Baseline,Countries from the Reforming Economies of the Former Soviet Union,Capacity|Electricity|Nuclear,GW,42.75,43.85,69.05,46.4,38.35,34.75,34.0,34.0,13.13431,35.30385,73.17267
MESSAGE-GLOBIOM 1.0,SSP2-Baseline,Countries from the Reforming Economies of the Former Soviet Union,Capacity|Electricity|Oil,GW,27.86471,18.94948,3.13686,0.114109999999999,0.0,0.0,0.0,0.0,0.0,0.0,0.0
MESSAGE-GLOBIOM 1.0,SSP2-Baseline,Countries from the Reforming Economies of the Former Soviet Union,Capacity|Electricity|Solar,GW,0.0,0.0,0.0,0.0,0.0,0.0,0.0,0.0,0.0,6.603389999999999,23.96298
MESSAGE-GLOBIOM 1.0,SSP2-Baseline,Countries from the Reforming Economies of the Former Soviet Union,Capacity|Electricity|Wind,GW,0.0,0.0,0.0,4.13525,15.5966,36.90363,67.30723,108.16723,163.07981,236.87796,319.59101
MESSAGE-GLOBIOM 1.0,SSP2-Baseline,Countries from the Reforming Economies of the Former Soviet Union,Emissions|CH4,Mt CH4/yr,28.940145361236,28.7699832272928,26.9988780581838,26.9425958260217,28.1930726349064,30.46434496022049,29.27332455503069,28.96579972876,28.67463749707769,28.2401766586086,27.2465835624068
MESSAGE-GLOBIOM 1.0,SSP2-Baseline,Countries from the Reforming Economies of the Former Soviet Union,Emissions|CH4|Energy,Mt CH4/yr,15.5221137,14.9428797,13.2072903,13.2606428,14.5229769,16.8851824,15.8647125,15.7656119,15.7067628,15.5628241,14.8858638
MESSAGE-GLOBIOM 1.0,SSP2-Baseline,Countries from the Reforming Economies of the Former Soviet Union,Emissions|CO2,Mt CO2/yr,2741.15565356467,2656.15516184745,2725.9528861182,2881.12813151939,3108.0705454397,3333.044045848631,3329.18282951233,3261.519107135189,3366.54798050428,3518.725706738,4061.49429600489
MESSAGE-GLOBIOM 1.0,SSP2-Baseline,Countries from the Reforming Economies of the Former Soviet Union,Emissions|CO2|AFOLU,Mt CO2/yr,119.05144126467,96.31495484744993,57.9882484182036,53.1317814193935,77.4431988397039,65.5700548486299,-6.31676118767208,-23.809108664812,-67.98038509571589,-112.557565562003,-138.168090295106
MESSAGE-GLOBIOM 1.0,SSP2-Baseline,Countries from the Reforming Economies of the Former Soviet Union,Emissions|CO2|Energy and Industrial Processes,Mt CO2/yr,2622.1042123,2559.840207,2667.964637699999,2827.9963501,3030.6273466,3267.473991,3335.4995907,3285.3282158,3434.5283656,3631.283272300001,4199.6623863
MESSAGE-GLOBIOM 1.0,SSP2-Baseline,Countries from the Reforming Economies of the Former Soviet Union,Emissions|CO2|Energy|Supply|Electricity,Mt CO2/yr,920.6091365,819.0596693,763.7324407000001,691.3129043,560.4562239,512.12537,614.0825242999998,731.7044786,826.4570402,704.6483466,614.4100272000002
MESSAGE-GLOBIOM 1.0,SSP2-Baseline,Countries from the Reforming Economies of the Former Soviet Union,Final Energy,EJ/yr,24.82299,26.00765,29.81859,32.13545999999999,33.34115,33.19445,33.3151,33.90549,35.13821,36.83243,36.9948
MESSAGE-GLOBIOM 1.0,SSP2-Baseline,Countries from the Reforming Economies of the Former Soviet Union,Final Energy|Electricity,EJ/yr,3.43791,3.68183,4.52283,5.33053,6.08793,6.60915,7.81734,9.22532,9.96994,10.42161,11.58477
MESSAGE-GLOBIOM 1.0,SSP2-Baseline,Countries from the Reforming Economies of the Former Soviet Union,Final Energy|Gases,EJ/yr,7.41305,7.342410000000001,6.11603,5.38598,5.92694,7.11178,7.7972,8.33956,7.7986,7.619289999999999,7.43628
MESSAGE-GLOBIOM 1.0,SSP2-Baseline,Countries from the Reforming Economies of the Former Soviet Union,Final Energy|Heat,EJ/yr,6.288930000000001,5.96169,4.41605,3.4283200000000003,1.72437,0.7574700000000001,0.7574700000000001,0.7609600000000001,0.7418800000000001,0.7418800000000001,0.7418800000000001
MESSAGE-GLOBIOM 1.0,SSP2-Baseline,Countries from the Reforming Economies of the Former Soviet Union,Final Energy|Hydrogen,EJ/yr,0.0,0.0,0.0,0.0,0.0,0.00035,0.638239999999999,0.8441900000000001,1.07396,1.10316,1.11942
MESSAGE-GLOBIOM 1.0,SSP2-Baseline,Countries from the Reforming Economies of the Former Soviet Union,Final Energy|Industry,EJ/yr,10.65837,11.12597,12.77595,13.74875,13.88967,13.56771,13.54042,13.52523,13.5312,13.41173,13.18434
MESSAGE-GLOBIOM 1.0,SSP2-Baseline,Countries from the Reforming Economies of the Former Soviet Union,Final Energy|Liquids,EJ/yr,6.0815,6.948339999999999,10.86239,10.8599,11.01182,10.78057,8.75638,7.346760000000002,8.3002,9.85542,9.20925
MESSAGE-GLOBIOM 1.0,SSP2-Baseline,Countries from the Reforming Economies of the Former Soviet Union,Final Energy|Solar,EJ/yr,0.0,0.0,0.41251,0.81979,0.8470200000000001,1.18902,1.85924,2.02083,1.98744,1.9427,1.90027
MESSAGE-GLOBIOM 1.0,SSP2-Baseline,Countries from the Reforming Economies of the Former Soviet Union,Final Energy|Solids,EJ/yr,1.6016,2.07338,3.488769999999999,6.31095,7.743069999999999,6.7461,5.68924,5.36787,5.26617,5.14836,5.00292
MESSAGE-GLOBIOM 1.0,SSP2-Baseline,Countries from the Reforming Economies of the Former Soviet Union,Final Energy|Solids|Biomass,EJ/yr,0.154209999999999,0.23925,0.5473,0.90477,0.92855,0.0,0.0,0.0,0.0,0.0,0.0
MESSAGE-GLOBIOM 1.0,SSP2-Baseline,Countries from the Reforming Economies of the Former Soviet Union,Final Energy|Solids|Coal,EJ/yr,1.44739,1.83413,2.94147,5.40618,6.81452,6.7461,5.68924,5.36787,5.26617,5.14836,5.00292
MESSAGE-GLOBIOM 1.0,SSP2-Baseline,Countries from the Reforming Economies of the Former Soviet Union,Final Energy|Transportation,EJ/yr,3.21028,4.12745,5.36559,6.7644600000000015,8.06644,9.04017,8.49434,8.33875,9.03743,10.38705,10.2706
MESSAGE-GLOBIOM 1.0,SSP2-Baseline,Countries from the Reforming Economies of the Former Soviet Union,Final Energy|Transportation|Electricity,EJ/yr,0.24391,0.26441,0.34291,0.43231,0.5155200000000001,0.57776,1.392229999999999,2.08469,2.25936,2.04779,2.56765
MESSAGE-GLOBIOM 1.0,SSP2-Baseline,Countries from the Reforming Economies of the Former Soviet Union,Final Energy|Transportation|Hydrogen,EJ/yr,0.0,0.0,0.0,0.0,0.0,0.0,0.0,0.0,0.0,0.0,0.0
MESSAGE-GLOBIOM 1.0,SSP2-Baseline,Countries from the Reforming Economies of the Former Soviet Union,Final Energy|Transportation|Liquids,EJ/yr,2.90007,3.86093,5.02268,6.33214,7.55092,8.46241,7.102110000000001,5.8269800000000025,6.77807,8.339260000000001,7.702960000000001
MESSAGE-GLOBIOM 1.0,SSP2-Baseline,Countries from the Reforming Economies of the Former Soviet Union,Population,million,277.85,278.93,281.41,280.77,279.33,277.28,273.32,267.55,259.98,251.08,241.57
MESSAGE-GLOBIOM 1.0,SSP2-Baseline,Countries from the Reforming Economies of the Former Soviet Union,Primary Energy,EJ/yr,40.23808,38.65963,40.70494,42.35924,44.66973,48.88144000000001,50.61288,51.62058,53.55604,55.37927,58.67589
MESSAGE-GLOBIOM 1.0,SSP2-Baseline,Countries from the Reforming Economies of the Former Soviet Union,Primary Energy|Biomass,EJ/yr,0.36561,0.496639999999999,0.9489,0.9489,0.95736,0.97426,0.97215,0.98906,0.98272,0.98272,0.98272
MESSAGE-GLOBIOM 1.0,SSP2-Baseline,Countries from the Reforming Economies of the Former Soviet Union,Primary Energy|Coal,EJ/yr,7.29489,7.995260000000001,8.07709,10.47071,12.25451,12.11762,11.48839,11.16781,11.06689,10.91797,10.77253
MESSAGE-GLOBIOM 1.0,SSP2-Baseline,Countries from the Reforming Economies of the Former Soviet Union,Primary Energy|Fossil,EJ/yr,38.06698,36.31507,37.21700999999999,38.77916,41.84596,46.00454000000001,46.53433,46.89475,48.87244000000001,48.98618,50.15383
MESSAGE-GLOBIOM 1.0,SSP2-Baseline,Countries from the Reforming Economies of the Former Soviet Union,Primary Energy|Gas,EJ/yr,21.64675,19.55141,16.76647,15.62794,16.50519,18.6433,22.04527,25.99861,27.88846,26.46398,26.69301
MESSAGE-GLOBIOM 1.0,SSP2-Baseline,Countries from the Reforming Economies of the Former Soviet Union,Primary Energy|Nuclear,EJ/yr,0.8673500000000001,0.92097,1.21468,1.24772,1.08947,1.02576,1.01874,1.01874,0.39354,1.05781,2.19247
MESSAGE-GLOBIOM 1.0,SSP2-Baseline,Countries from the Reforming Economies of the Former Soviet Union,Primary Energy|Oil,EJ/yr,9.12534,8.7684,12.37345,12.68051,13.08626,15.24362,13.00067,9.72833,9.91709,11.60423,12.68829
MESSAGE-GLOBIOM 1.0,SSP2-Baseline,Countries from the Reforming Economies of the Former Soviet Union,Secondary Energy|Electricity,EJ/yr,4.933920000000001,5.077669999999999,5.702719999999999,6.33884,6.846789999999999,7.44415,9.07968,10.75846,11.71616,12.05813,13.35568
MESSAGE-GLOBIOM 1.0,SSP2-Baseline,Countries from the Reforming Economies of the Former Soviet Union,Secondary Energy|Electricity|Biomass,EJ/yr,0.00719,0.001019999999999,0.00147,0.00044,0.00029,0.00974,0.0096,0.00977,0.0097,0.007679999999999,0.007529999999999
MESSAGE-GLOBIOM 1.0,SSP2-Baseline,Countries from the Reforming Economies of the Former Soviet Union,Secondary Energy|Electricity|Biomass|w/ CCS,EJ/yr,0.0,0.0,0.0,0.0,0.0,0.0,0.0,0.0,0.0,0.0,0.0
MESSAGE-GLOBIOM 1.0,SSP2-Baseline,Countries from the Reforming Economies of the Former Soviet Union,Secondary Energy|Electricity|Biomass|w/o CCS,EJ/yr,0.00719,0.001019999999999,0.00147,0.00044,0.00029,0.00974,0.0096,0.00977,0.0097,0.007679999999999,0.007529999999999
MESSAGE-GLOBIOM 1.0,SSP2-Baseline,Countries from the Reforming Economies of the Former Soviet Union,Secondary Energy|Electricity|Coal,EJ/yr,0.9312,1.12062,1.08843,0.91937,0.32633,0.10619,0.14026,0.14834,0.15735,0.15849,0.15913
MESSAGE-GLOBIOM 1.0,SSP2-Baseline,Countries from the Reforming Economies of the Former Soviet Union,Secondary Energy|Electricity|Coal|w/ CCS,EJ/yr,0.0,0.0,0.0,0.0,0.0,0.0,0.0,0.0,0.0,0.0,0.0
MESSAGE-GLOBIOM 1.0,SSP2-Baseline,Countries from the Reforming Economies of the Former Soviet Union,Secondary Energy|Electricity|Coal|w/o CCS,EJ/yr,0.9312,1.12062,1.08843,0.91937,0.32633,0.10619,0.14026,0.14834,0.15735,0.15849,0.15913
MESSAGE-GLOBIOM 1.0,SSP2-Baseline,Countries from the Reforming Economies of the Former Soviet Union,Secondary Energy|Electricity|Gas,EJ/yr,2.09022,2.07306,2.5292,3.24355,4.3467,4.9512300000000025,5.95274,7.12237,8.05293,6.8669,6.013009999999999
MESSAGE-GLOBIOM 1.0,SSP2-Baseline,Countries from the Reforming Economies of the Former Soviet Union,Secondary Energy|Electricity|Gas|w/ CCS,EJ/yr,0.0,0.0,0.0,0.0,0.0,0.0,0.0,0.0,0.0,0.0,0.0
MESSAGE-GLOBIOM 1.0,SSP2-Baseline,Countries from the Reforming Economies of the Former Soviet Union,Secondary Energy|Electricity|Gas|w/o CCS,EJ/yr,2.09022,2.07306,2.5292,3.24355,4.3467,4.9512300000000025,5.95274,7.12237,8.05293,6.8669,6.013009999999999
MESSAGE-GLOBIOM 1.0,SSP2-Baseline,Countries from the Reforming Economies of the Former Soviet Union,Secondary Energy|Electricity|Geothermal,EJ/yr,0.00125,0.00128,0.00131,0.00058,0.0,0.0,0.0,0.0,0.0,0.0,0.0
MESSAGE-GLOBIOM 1.0,SSP2-Baseline,Countries from the Reforming Economies of the Former Soviet Union,Secondary Energy|Electricity|Hydro,EJ/yr,0.95893,0.95893,0.95893,0.95893,0.95893,0.95893,0.95893,0.95893,0.95893,1.05926,1.17008
MESSAGE-GLOBIOM 1.0,SSP2-Baseline,Countries from the Reforming Economies of the Former Soviet Union,Secondary Energy|Electricity|Non-Biomass Renewables,EJ/yr,0.960179999999998,0.96021,0.96024,1.0069,1.13284,1.36805,1.703679999999999,2.114309999999999,2.65121,3.512669999999998,4.536230000000002
MESSAGE-GLOBIOM 1.0,SSP2-Baseline,Countries from the Reforming Economies of the Former Soviet Union,Secondary Energy|Electricity|Nuclear,EJ/yr,0.76285,0.8288700000000001,1.123379999999999,1.16858,1.04063,1.008789999999999,1.00215,1.00489,0.38854,1.04355,2.16402
MESSAGE-GLOBIOM 1.0,SSP2-Baseline,Countries from the Reforming Economies of the Former Soviet Union,Secondary Energy|Electricity|Oil,EJ/yr,0.18228,0.09389,0.0,0.0,0.0,0.0,0.0,0.0,0.0,0.0,0.0
MESSAGE-GLOBIOM 1.0,SSP2-Baseline,Countries from the Reforming Economies of the Former Soviet Union,Secondary Energy|Electricity|Solar,EJ/yr,0.0,0.0,0.0,0.0,0.0,0.0,0.0,0.0,0.0,0.03957,0.1436
MESSAGE-GLOBIOM 1.0,SSP2-Baseline,Countries from the Reforming Economies of the Former Soviet Union,Secondary Energy|Electricity|Wind,EJ/yr,0.0,0.0,0.0,0.047389999999999,0.173909999999999,0.40912,0.74475,1.155379999999999,1.69228,2.41384,3.22255
MESSAGE-GLOBIOM 1.0,SSP2-Baseline,Countries from the Reforming Economies of the Former Soviet Union,Secondary Energy|Hydrogen,EJ/yr,0.0,0.0,0.0,0.0,0.0,0.00042,0.750869999999998,0.99316,1.26349,1.297839999999999,1.31697
MESSAGE-GLOBIOM 1.0,SSP2-Baseline,Countries of the Middle East and Africa,Capacity|Electricity,GW,238.30583,310.94118,460.77373,735.40327,1173.78187,1861.858,2864.89917,4360.680429999999,5712.89519,7602.8744,10026.28201
MESSAGE-GLOBIOM 1.0,SSP2-Baseline,Countries of the Middle East and Africa,Capacity|Electricity|Biomass,GW,0.00854,0.02134,0.02134,0.0064,0.0,0.0,0.0,7.768689999999999,20.55756,41.17022,41.21822
MESSAGE-GLOBIOM 1.0,SSP2-Baseline,Countries of the Middle East and Africa,Capacity|Electricity|Coal,GW,38.76846,40.37254,43.59659,35.2811,43.8293,99.72549,215.97125,203.77129,376.38012,702.9603099999997,985.26865
MESSAGE-GLOBIOM 1.0,SSP2-Baseline,Countries of the Middle East and Africa,Capacity|Electricity|Gas,GW,118.04789,172.42973,315.0475600000001,564.48404,931.11884,1345.83634,1877.08847,2653.07261,3237.42634,3433.988520000001,3816.35862
MESSAGE-GLOBIOM 1.0,SSP2-Baseline,Countries of the Middle East and Africa,Capacity|Electricity|Hydro,GW,35.31119,41.97701,56.80064,69.47216999999999,80.10851,87.0045,94.08924,113.40741,144.64876,195.40815,203.88449
MESSAGE-GLOBIOM 1.0,SSP2-Baseline,Countries of the Middle East and Africa,Capacity|Electricity|Nuclear,GW,1.8,1.8,0.72,0.0,0.0,4.426769999999999,24.8388,66.11708,147.84373,319.91886,674.57123
MESSAGE-GLOBIOM 1.0,SSP2-Baseline,Countries of the Middle East and Africa,Capacity|Electricity|Oil,GW,43.40606,48.72688,38.74677,27.587,9.61011,8.972760000000003,8.972760000000003,0.051089999999999,0.00105,0.00105,0.0
MESSAGE-GLOBIOM 1.0,SSP2-Baseline,Countries of the Middle East and Africa,Capacity|Electricity|Solar,GW,0.0,1.5750000000000002,1.5750000000000002,1.5750000000000002,1.05,24.01259,87.82972,217.14439,432.9451,784.46077,1357.0411
MESSAGE-GLOBIOM 1.0,SSP2-Baseline,Countries of the Middle East and Africa,Capacity|Electricity|Wind,GW,0.8351200000000001,3.760119999999999,3.98729,36.82256,108.06511,291.87956,556.10893,1095.48112,1325.6197,1870.2694,2440.5243
MESSAGE-GLOBIOM 1.0,SSP2-Baseline,Countries of the Middle East and Africa,Emissions|CH4,Mt CH4/yr,46.34310206624721,43.4224126118287,51.2791360917424,60.36210786131989,68.0024075856336,73.5630142808313,80.6633380408542,78.3609807361904,78.23935758391531,80.0748568574145,77.4394055440478
MESSAGE-GLOBIOM 1.0,SSP2-Baseline,Countries of the Middle East and Africa,Emissions|CH4|Energy,Mt CH4/yr,11.6495843,15.2930439,19.9230303,26.0046729,30.659363,32.7706322,36.5970292,32.4444209,31.7294979,33.71397039999999,31.5585462
MESSAGE-GLOBIOM 1.0,SSP2-Baseline,Countries of the Middle East and Africa,Emissions|CO2,Mt CO2/yr,4474.075760800411,5126.08427357754,5685.053385643771,6971.584193644079,8447.39722823643,10068.8407322385,12118.5294492908,13540.5760295142,16541.7256978989,20269.3746268072,23649.3287435064
MESSAGE-GLOBIOM 1.0,SSP2-Baseline,Countries of the Middle East and Africa,Emissions|CO2|AFOLU,Mt CO2/yr,1928.70454090041,2012.49659187754,1672.64662544377,1767.00677964408,1746.35563013643,1595.40286533846,1092.08272809082,588.096003814216,82.40390559886991,63.2119500071964,22.9682936063945
MESSAGE-GLOBIOM 1.0,SSP2-Baseline,Countries of the Middle East and Africa,Emissions|CO2|Energy and Industrial Processes,Mt CO2/yr,2545.3712199,3113.5876817,4012.4067602,5204.577414,6701.041598100002,8473.4378669,11026.4467212,12952.4800257,16459.32179229999,20206.1626768,23626.36044990001
MESSAGE-GLOBIOM 1.0,SSP2-Baseline,Countries of the Middle East and Africa,Emissions|CO2|Energy|Supply|Electricity,Mt CO2/yr,704.4174077,845.8862961000003,948.241668,1201.4216444,1596.9142313,2364.4355345,3469.8502339,4088.4899636,5441.5299607,6783.1703258,8143.0835058
MESSAGE-GLOBIOM 1.0,SSP2-Baseline,Countries of the Middle East and Africa,Final Energy,EJ/yr,28.90723,39.63443,53.52103,70.48671,89.53551999999998,110.62557,134.8289,162.26126,194.94342,232.38867,278.96932
MESSAGE-GLOBIOM 1.0,SSP2-Baseline,Countries of the Middle East and Africa,Final Energy|Electricity,EJ/yr,3.4457199999999992,4.546209999999999,6.70262,10.41402,15.3592,22.92512,33.901,47.08837,60.77831,75.86279,95.84625
MESSAGE-GLOBIOM 1.0,SSP2-Baseline,Countries of the Middle East and Africa,Final Energy|Gases,EJ/yr,4.21278,6.3846,10.46975,15.72183,19.6948,21.62789,22.2716,20.68699,21.37588,19.78464,16.0784
MESSAGE-GLOBIOM 1.0,SSP2-Baseline,Countries of the Middle East and Africa,Final Energy|Heat,EJ/yr,0.0,0.0,0.31223,0.37571,0.520189999999998,1.56236,3.03187,5.46354,10.54182,21.09323,25.99758
MESSAGE-GLOBIOM 1.0,SSP2-Baseline,Countries of the Middle East and Africa,Final Energy|Hydrogen,EJ/yr,0.0,0.0,0.0,0.0,0.0,0.0,0.0,0.246819999999999,1.73299,6.19014,7.67559
MESSAGE-GLOBIOM 1.0,SSP2-Baseline,Countries of the Middle East and Africa,Final Energy|Industry,EJ/yr,8.90086,11.39391,15.67117,21.1239,26.88748,34.17719,45.30192,56.88950999999999,67.48761,79.66856999999997,92.78038
MESSAGE-GLOBIOM 1.0,SSP2-Baseline,Countries of the Middle East and Africa,Final Energy|Liquids,EJ/yr,12.97009,14.94042,19.73294,22.81972,26.2803,29.69801,32.4178,38.2951,49.79947,64.40933000000001,80.32458000000003
MESSAGE-GLOBIOM 1.0,SSP2-Baseline,Countries of the Middle East and Africa,Final Energy|Solar,EJ/yr,0.03445,0.564589999999999,2.10242,3.623999999999999,5.82337,8.97148,10.88187,12.35541,13.46195,14.25523,14.85511
MESSAGE-GLOBIOM 1.0,SSP2-Baseline,Countries of the Middle East and Africa,Final Energy|Solids,EJ/yr,8.24422,13.19863,14.20109,17.53144,21.85768,25.84071,32.32477,38.12505,37.25301,30.79333,38.19181
MESSAGE-GLOBIOM 1.0,SSP2-Baseline,Countries of the Middle East and Africa,Final Energy|Solids|Biomass,EJ/yr,7.42323,12.49465,13.06342,14.94263,17.15056,18.19634,19.20959,18.07032,11.81465,0.5750700000000001,0.5740500000000001
MESSAGE-GLOBIOM 1.0,SSP2-Baseline,Countries of the Middle East and Africa,Final Energy|Solids|Coal,EJ/yr,0.8209900000000001,0.70398,1.13767,2.58881,4.70712,7.6443699999999986,13.11518,20.05473,25.43836,30.21826,37.61776
MESSAGE-GLOBIOM 1.0,SSP2-Baseline,Countries of the Middle East and Africa,Final Energy|Transportation,EJ/yr,7.17472,8.81603,12.05493,16.12396,20.55371,24.80824,27.49049,31.6081,41.23487,53.09738,67.20123000000001
MESSAGE-GLOBIOM 1.0,SSP2-Baseline,Countries of the Middle East and Africa,Final Energy|Transportation|Electricity,EJ/yr,0.0224,0.02565,0.03256,0.13621,0.6868700000000001,1.93923,4.65555,7.90203,10.30872,13.27434,16.80031
MESSAGE-GLOBIOM 1.0,SSP2-Baseline,Countries of the Middle East and Africa,Final Energy|Transportation|Hydrogen,EJ/yr,0.0,0.0,0.0,0.0,0.0,0.0,0.0,0.0,0.0,0.0,0.0
MESSAGE-GLOBIOM 1.0,SSP2-Baseline,Countries of the Middle East and Africa,Final Energy|Transportation|Liquids,EJ/yr,7.13025,8.70838,12.02237,15.98775,19.86684,22.86901,22.83494,23.70607,30.92615,39.82303,50.40092
MESSAGE-GLOBIOM 1.0,SSP2-Baseline,Countries of the Middle East and Africa,Population,million,1100.84,1235.88,1528.48,1829.21,2124.69,2398.46,2627.73,2811.99,2948.99,3038.86,3087.57
MESSAGE-GLOBIOM 1.0,SSP2-Baseline,Countries of the Middle East and Africa,Primary Energy,EJ/yr,46.37600000000001,57.59345,73.12598,95.37304,120.93683,148.58623,184.06213,216.05641,258.8755,303.79718,358.5161
MESSAGE-GLOBIOM 1.0,SSP2-Baseline,Countries of the Middle East and Africa,Primary Energy|Biomass,EJ/yr,11.93164,13.76524,13.06342,14.9608,17.15056,18.19634,19.22442,19.39203,16.38485,10.52513,11.98156
MESSAGE-GLOBIOM 1.0,SSP2-Baseline,Countries of the Middle East and Africa,Primary Energy|Coal,EJ/yr,4.637919999999999,4.496469999999999,5.18357,7.740239999999999,13.37118,23.39749,37.66665,41.16307000000001,56.88480999999999,85.3963,109.23001
MESSAGE-GLOBIOM 1.0,SSP2-Baseline,Countries of the Middle East and Africa,Primary Energy|Fossil,EJ/yr,33.95952,42.6669,57.19264,76.74761,98.25116,118.20841,144.44922,165.4336,203.23885,238.53199,271.03694
MESSAGE-GLOBIOM 1.0,SSP2-Baseline,Countries of the Middle East and Africa,Primary Energy|Gas,EJ/yr,12.45282,16.20096,25.50973,39.0444,51.81336,60.87865,69.9183,81.41405,91.78521,83.90032,77.60544
MESSAGE-GLOBIOM 1.0,SSP2-Baseline,Countries of the Middle East and Africa,Primary Energy|Nuclear,EJ/yr,0.04069,0.04144,0.01658,0.0,0.0,0.09913,0.56406,1.52229,3.49724,7.56768,15.95698
MESSAGE-GLOBIOM 1.0,SSP2-Baseline,Countries of the Middle East and Africa,Primary Energy|Oil,EJ/yr,16.86877999999999,21.96947,26.49934,29.96297,33.06662,33.93227,36.86427,42.85648,54.56883000000001,69.23536999999999,84.20149
MESSAGE-GLOBIOM 1.0,SSP2-Baseline,Countries of the Middle East and Africa,Secondary Energy|Electricity,EJ/yr,4.328119999999998,5.68138,7.997719999999997,11.99908,17.52225,25.88918,37.86451,52.42406,68.26796,87.54003,111.27875
MESSAGE-GLOBIOM 1.0,SSP2-Baseline,Countries of the Middle East and Africa,Secondary Energy|Electricity|Biomass,EJ/yr,0.0002399999999999,0.00061,0.0,0.00018,0.0,0.0,0.0,0.20138,0.520389999999998,1.00209,1.01338
MESSAGE-GLOBIOM 1.0,SSP2-Baseline,Countries of the Middle East and Africa,Secondary Energy|Electricity|Biomass|w/ CCS,EJ/yr,0.0,0.0,0.0,0.0,0.0,0.0,0.0,0.0,0.0,0.0,0.0
MESSAGE-GLOBIOM 1.0,SSP2-Baseline,Countries of the Middle East and Africa,Secondary Energy|Electricity|Biomass|w/o CCS,EJ/yr,0.0002399999999999,0.00061,0.0,0.00018,0.0,0.0,0.0,0.20138,0.520389999999998,1.00209,1.01338
MESSAGE-GLOBIOM 1.0,SSP2-Baseline,Countries of the Middle East and Africa,Secondary Energy|Electricity|Coal,EJ/yr,1.03934,1.082339999999999,1.13863,0.8980799999999991,1.161479999999999,2.62904,5.73678,5.29887,9.54955,17.18208,24.30231
MESSAGE-GLOBIOM 1.0,SSP2-Baseline,Countries of the Middle East and Africa,Secondary Energy|Electricity|Coal|w/ CCS,EJ/yr,0.0,0.0,0.0,0.0,0.0,0.0,0.0,0.0,0.0,0.0,0.0
MESSAGE-GLOBIOM 1.0,SSP2-Baseline,Countries of the Middle East and Africa,Secondary Energy|Electricity|Coal|w/o CCS,EJ/yr,1.03934,1.082339999999999,1.13863,0.8980799999999991,1.161479999999999,2.62904,5.73678,5.29887,9.54955,17.18208,24.30231
MESSAGE-GLOBIOM 1.0,SSP2-Baseline,Countries of the Middle East and Africa,Secondary Energy|Electricity|Gas,EJ/yr,1.78832,2.836859999999999,5.39537,9.32109,13.68939,18.01521,22.79678,29.58984,33.94345,30.5338,29.21619
MESSAGE-GLOBIOM 1.0,SSP2-Baseline,Countries of the Middle East and Africa,Secondary Energy|Electricity|Gas|w/ CCS,EJ/yr,0.0,0.0,0.0,0.0,0.0,0.0,0.0,0.0,0.0,0.0,0.0
MESSAGE-GLOBIOM 1.0,SSP2-Baseline,Countries of the Middle East and Africa,Secondary Energy|Electricity|Gas|w/o CCS,EJ/yr,1.78832,2.836859999999999,5.39537,9.32109,13.68939,18.01521,22.79678,29.58984,33.94345,30.5338,29.21619
MESSAGE-GLOBIOM 1.0,SSP2-Baseline,Countries of the Middle East and Africa,Secondary Energy|Electricity|Geothermal,EJ/yr,0.002839999999999,0.00615,0.00603,0.0038,0.0,0.0,0.0,0.0,0.0,0.0,0.0
MESSAGE-GLOBIOM 1.0,SSP2-Baseline,Countries of the Middle East and Africa,Secondary Energy|Electricity|Hydro,EJ/yr,0.39665,0.49549,0.6882,0.86767,1.01149,1.11242,1.22141,1.524789999999999,2.01684,2.8171,2.95057
MESSAGE-GLOBIOM 1.0,SSP2-Baseline,Countries of the Middle East and Africa,Secondary Energy|Electricity|Non-Biomass Renewables,EJ/yr,0.40972,0.55528,0.7508100000000001,1.362539999999999,2.43758,5.06643,8.746189999999999,15.74157,20.15261,29.09066,38.41242
MESSAGE-GLOBIOM 1.0,SSP2-Baseline,Countries of the Middle East and Africa,Secondary Energy|Electricity|Nuclear,EJ/yr,0.04069,0.04144,0.01625,0.0,0.0,0.09767,0.5595800000000001,1.48872,3.36544,7.100589999999999,15.07232
MESSAGE-GLOBIOM 1.0,SSP2-Baseline,Countries of the Middle East and Africa,Secondary Energy|Electricity|Oil,EJ/yr,1.04981,1.16485,0.6966600000000001,0.417189999999999,0.2338,0.08083,0.02518,2e-05,0.0,0.0,0.0
MESSAGE-GLOBIOM 1.0,SSP2-Baseline,Countries of the Middle East and Africa,Secondary Energy|Electricity|Solar,EJ/yr,0.0,0.01043,0.01043,0.01449,0.00927,0.19368,0.62983,1.48634,2.90686,5.18371,8.81659
MESSAGE-GLOBIOM 1.0,SSP2-Baseline,Countries of the Middle East and Africa,Secondary Energy|Electricity|Wind,EJ/yr,0.01023,0.04321,0.04615,0.47658,1.41682,3.76033,6.89495,12.73044,15.22891,21.08985,26.64526
MESSAGE-GLOBIOM 1.0,SSP2-Baseline,Countries of the Middle East and Africa,Secondary Energy|Hydrogen,EJ/yr,0.0,0.0,0.0,0.0,0.0,0.0,0.0,0.290369999999999,2.03881,7.42388,9.03011
MESSAGE-GLOBIOM 1.0,SSP2-Baseline,Latin American countries,Capacity|Electricity,GW,292.1954,317.0846200000001,341.45413,448.4559,640.09909,890.62171,1267.77532,1774.58721,2145.22185,2578.75606,3129.53648
MESSAGE-GLOBIOM 1.0,SSP2-Baseline,Latin American countries,Capacity|Electricity|Biomass,GW,2.9657,5.47961,5.2737,3.49958,0.14027,0.40128,1.32294,29.52149,71.90236,63.84266,103.17719
MESSAGE-GLOBIOM 1.0,SSP2-Baseline,Latin American countries,Capacity|Electricity|Coal,GW,9.80358,11.7508,8.616019999999999,4.840669999999999,0.99596,0.6735800000000001,0.17574,0.0,0.0,0.0,0.038919999999999
MESSAGE-GLOBIOM 1.0,SSP2-Baseline,Latin American countries,Capacity|Electricity|Gas,GW,32.9524,50.89906,102.66029,167.98916,296.65296,456.47189,711.99369,970.37065,1133.1708,1351.5545,1509.9568
MESSAGE-GLOBIOM 1.0,SSP2-Baseline,Latin American countries,Capacity|Electricity|Hydro,GW,171.39535,201.91663,208.41861,227.97675,240.06977,247.09303,251.04652,253.23256,254.4186,255.06976,255.4186
MESSAGE-GLOBIOM 1.0,SSP2-Baseline,Latin American countries,Capacity|Electricity|Nuclear,GW,4.18,4.18,3.22,1.5975,0.635,0.0,0.0,0.0,0.0,0.0,0.0
MESSAGE-GLOBIOM 1.0,SSP2-Baseline,Latin American countries,Capacity|Electricity|Oil,GW,68.79201,40.56236,4.25315,4.25315,4.25315,0.3096,0.3096,0.3096,0.0,0.0,0.0
MESSAGE-GLOBIOM 1.0,SSP2-Baseline,Latin American countries,Capacity|Electricity|Solar,GW,0.0,0.075,0.075,0.075,0.05,0.05,9.64286,96.63043,194.6364,349.11504,625.76307
MESSAGE-GLOBIOM 1.0,SSP2-Baseline,Latin American countries,Capacity|Electricity|Wind,GW,0.54923,0.13902,6.85522,37.54907,97.30197,185.62233,293.28398,424.52248,491.0937,559.1741,635.1819
MESSAGE-GLOBIOM 1.0,SSP2-Baseline,Latin American countries,Emissions|CH4,Mt CH4/yr,45.0864910489522,43.1409200952423,46.9639504758396,50.6675692751114,54.0158963355326,54.6291710513966,52.17697593577972,50.7799298978246,49.3818269508338,48.4914801720331,47.6035582793756
MESSAGE-GLOBIOM 1.0,SSP2-Baseline,Latin American countries,Emissions|CH4|Energy,Mt CH4/yr,5.9661717,5.82419,5.9597628,6.9875216,8.623327,8.2227798,5.7807075,4.7369246,4.1411046,4.3542494,4.757135099999998
MESSAGE-GLOBIOM 1.0,SSP2-Baseline,Latin American countries,Emissions|CO2,Mt CO2/yr,5085.784048767779,5277.76790051193,4954.13975780478,4664.37257510468,4858.453064309099,4838.90632179163,4844.89339425654,5097.7967810017,6251.49483652305,8027.205329424491,8712.122654858531
MESSAGE-GLOBIOM 1.0,SSP2-Baseline,Latin American countries,Emissions|CO2|AFOLU,Mt CO2/yr,3438.080461267781,3573.45078351193,2903.46193370478,2077.07593000468,1622.5929189091,1278.20216859163,1087.92911205654,897.9603261017011,756.107809423053,717.1200745244887,657.9868259585253
MESSAGE-GLOBIOM 1.0,SSP2-Baseline,Latin American countries,Emissions|CO2|Energy and Industrial Processes,Mt CO2/yr,1647.7035875,1704.317117000001,2050.6778241,2587.2966451,3235.8601454,3560.7041532,3756.9642822,4199.8364549,5495.387027100001,7310.085254899999,8054.135828899999
MESSAGE-GLOBIOM 1.0,SSP2-Baseline,Latin American countries,Emissions|CO2|Energy|Supply|Electricity,Mt CO2/yr,322.080335,250.1923749,348.8830801000001,477.0753372,589.4662706,744.2870623,1035.0450412,1215.5017343,1295.589619,1482.861474299999,1471.2451611
MESSAGE-GLOBIOM 1.0,SSP2-Baseline,Latin American countries,Final Energy,EJ/yr,20.6034,24.28009,30.60777,37.71975,44.23051,48.69853,52.60126999999999,56.25836,62.76013,69.31909,75.71118
MESSAGE-GLOBIOM 1.0,SSP2-Baseline,Latin American countries,Final Energy|Electricity,EJ/yr,3.2071099999999992,3.991,5.283959999999999,7.067439999999999,9.11537,11.77042,15.80438,20.22865,23.40079,26.64484,29.87805
MESSAGE-GLOBIOM 1.0,SSP2-Baseline,Latin American countries,Final Energy|Gases,EJ/yr,2.80517,3.0474,3.35924,3.208059999999999,2.9442,4.58453,6.11488,6.4741,6.104880000000001,6.302569999999999,8.4654
MESSAGE-GLOBIOM 1.0,SSP2-Baseline,Latin American countries,Final Energy|Heat,EJ/yr,0.0,0.0,0.0,0.0,0.0,0.0,0.0,0.0,0.0,0.09865,0.7536600000000001
MESSAGE-GLOBIOM 1.0,SSP2-Baseline,Latin American countries,Final Energy|Hydrogen,EJ/yr,0.0,0.0,0.0,0.0,0.0,0.0,0.0,0.0,0.0,0.0,0.0
MESSAGE-GLOBIOM 1.0,SSP2-Baseline,Latin American countries,Final Energy|Industry,EJ/yr,8.230369999999999,9.39741,11.85827,13.9397,15.60141,17.17139,18.83436,20.21082,21.44358,22.82373,23.84087
MESSAGE-GLOBIOM 1.0,SSP2-Baseline,Latin American countries,Final Energy|Liquids,EJ/yr,10.87348,13.03928,15.79687,18.44418,20.74539,21.0427,19.12292,17.54175,20.44709,22.64121,22.89314
MESSAGE-GLOBIOM 1.0,SSP2-Baseline,Latin American countries,Final Energy|Solar,EJ/yr,0.01009,0.17292,0.59026,1.14656,1.9714099999999992,3.01259,3.363759999999999,3.71391,4.08461,4.51497,4.97429
MESSAGE-GLOBIOM 1.0,SSP2-Baseline,Latin American countries,Final Energy|Solids,EJ/yr,3.70755,4.0295,5.57744,7.8535,9.45414,8.288269999999999,8.19533,8.29995,8.722760000000001,9.11685,8.74663
MESSAGE-GLOBIOM 1.0,SSP2-Baseline,Latin American countries,Final Energy|Solids|Biomass,EJ/yr,3.28321,3.54493,4.587280000000002,5.81275,5.24809,4.47043,6.1818,7.58732,8.38199,8.94646,8.39546
MESSAGE-GLOBIOM 1.0,SSP2-Baseline,Latin American countries,Final Energy|Solids|Coal,EJ/yr,0.424339999999999,0.48457,0.99016,2.04075,4.20605,3.81784,2.01353,0.7126300000000001,0.340769999999999,0.17039,0.35117
MESSAGE-GLOBIOM 1.0,SSP2-Baseline,Latin American countries,Final Energy|Transportation,EJ/yr,6.97375,8.620619999999999,11.29331,14.45555,17.18329,19.25419,19.42841,18.97499,21.10278,22.87638,24.67395
MESSAGE-GLOBIOM 1.0,SSP2-Baseline,Latin American countries,Final Energy|Transportation|Electricity,EJ/yr,0.01262,0.01493,0.02268,0.02903,0.3812,1.17259,2.86764,4.74375,5.2757,5.71909,6.16849
MESSAGE-GLOBIOM 1.0,SSP2-Baseline,Latin American countries,Final Energy|Transportation|Hydrogen,EJ/yr,0.0,0.0,0.0,0.0,0.0,0.0,0.0,0.0,0.0,0.0,0.0
MESSAGE-GLOBIOM 1.0,SSP2-Baseline,Latin American countries,Final Energy|Transportation|Liquids,EJ/yr,6.7618,8.38176,11.27063,14.42652,16.80209,18.08159,16.56078,14.23124,15.82709,17.15728,18.50546
MESSAGE-GLOBIOM 1.0,SSP2-Baseline,Latin American countries,Population,million,551.95,584.08,642.88,690.44,723.21,740.67,742.69,733.99,717.22,694.53,669.25
MESSAGE-GLOBIOM 1.0,SSP2-Baseline,Latin American countries,Primary Energy,EJ/yr,29.298,31.56338,39.00197,47.06656,56.36901,63.82018000000001,71.61731,80.08609,92.94985,108.21269,118.06223
MESSAGE-GLOBIOM 1.0,SSP2-Baseline,Latin American countries,Primary Energy|Biomass,EJ/yr,4.4434000000000005,5.36869,7.00404,6.529319999999999,5.64628,5.60952,9.93709,13.88848,17.34553,20.41222,23.07945
MESSAGE-GLOBIOM 1.0,SSP2-Baseline,Latin American countries,Primary Energy|Coal,EJ/yr,1.324679999999999,1.44231,1.789959999999999,3.48119,5.98782,5.20728,2.74848,1.248489999999999,0.9222,0.7990200000000001,1.07382
MESSAGE-GLOBIOM 1.0,SSP2-Baseline,Latin American countries,Primary Energy|Fossil,EJ/yr,22.38659,23.19571,28.58361,35.85749000000001,44.26983,49.32803,51.47741,53.284,60.50496999999999,71.51691,75.50399
MESSAGE-GLOBIOM 1.0,SSP2-Baseline,Latin American countries,Primary Energy|Gas,EJ/yr,6.06976,6.3605,9.53262,12.17682,14.21892,19.01929,26.42985,30.62605,32.18367,36.63627,39.11114
MESSAGE-GLOBIOM 1.0,SSP2-Baseline,Latin American countries,Primary Energy|Nuclear,EJ/yr,0.09904,0.1002,0.07718,0.03829,0.01522,0.0,0.0,0.0,0.0,0.0,0.0
MESSAGE-GLOBIOM 1.0,SSP2-Baseline,Latin American countries,Primary Energy|Oil,EJ/yr,14.99215,15.3929,17.26103,20.19948,24.06309,25.10146,22.29908,21.40946,27.3991,34.08162,35.31903
MESSAGE-GLOBIOM 1.0,SSP2-Baseline,Latin American countries,Secondary Energy|Electricity,EJ/yr,4.00889,4.751180000000002,6.18006,8.123510000000001,10.29984,13.07824,17.56042,22.47626,26.00088,29.60539,33.19783
MESSAGE-GLOBIOM 1.0,SSP2-Baseline,Latin American countries,Secondary Energy|Electricity|Biomass,EJ/yr,0.07887,0.14019,0.1425,0.00717,0.00398,0.01139,0.03755,0.79381,1.92977,1.71339,2.74644
MESSAGE-GLOBIOM 1.0,SSP2-Baseline,Latin American countries,Secondary Energy|Electricity|Biomass|w/ CCS,EJ/yr,0.0,0.0,0.0,0.0,0.0,0.0,0.0,0.0,0.0,0.0,0.0
MESSAGE-GLOBIOM 1.0,SSP2-Baseline,Latin American countries,Secondary Energy|Electricity|Biomass|w/o CCS,EJ/yr,0.07887,0.14019,0.1425,0.00717,0.00398,0.01139,0.03755,0.79381,1.92977,1.71339,2.74644
MESSAGE-GLOBIOM 1.0,SSP2-Baseline,Latin American countries,Secondary Energy|Electricity|Coal,EJ/yr,0.21447,0.25232,0.1807,0.10432,0.02827,0.019119999999999,0.00499,0.0,0.0,0.0,0.0011
MESSAGE-GLOBIOM 1.0,SSP2-Baseline,Latin American countries,Secondary Energy|Electricity|Coal|w/ CCS,EJ/yr,0.0,0.0,0.0,0.0,0.0,0.0,0.0,0.0,0.0,0.0,0.0
MESSAGE-GLOBIOM 1.0,SSP2-Baseline,Latin American countries,Secondary Energy|Electricity|Coal|w/o CCS,EJ/yr,0.21447,0.25232,0.1807,0.10432,0.02827,0.019119999999999,0.00499,0.0,0.0,0.0,0.0011
MESSAGE-GLOBIOM 1.0,SSP2-Baseline,Latin American countries,Secondary Energy|Electricity|Gas,EJ/yr,0.74119,1.27386,2.72844,4.3165700000000005,5.68892,7.230919999999998,10.1429,11.96319,12.80477,14.6918,14.51418
MESSAGE-GLOBIOM 1.0,SSP2-Baseline,Latin American countries,Secondary Energy|Electricity|Gas|w/ CCS,EJ/yr,0.0,0.0,0.0,0.0,0.0,0.0,0.0,0.0,0.0,0.0,0.0
MESSAGE-GLOBIOM 1.0,SSP2-Baseline,Latin American countries,Secondary Energy|Electricity|Gas|w/o CCS,EJ/yr,0.74119,1.27386,2.72844,4.3165700000000005,5.68892,7.230919999999998,10.1429,11.96319,12.80477,14.6918,14.51418
MESSAGE-GLOBIOM 1.0,SSP2-Baseline,Latin American countries,Secondary Energy|Electricity|Geothermal,EJ/yr,0.03438,0.04597,0.04597,0.0149,0.0,0.0,0.0,0.0,0.0,0.0,0.0
MESSAGE-GLOBIOM 1.0,SSP2-Baseline,Latin American countries,Secondary Energy|Electricity|Hydro,EJ/yr,2.3245,2.73843,2.82661,3.09187,3.25587,3.35112,3.40474,3.43439,3.45048,3.45931,3.46404
MESSAGE-GLOBIOM 1.0,SSP2-Baseline,Latin American countries,Secondary Energy|Electricity|Non-Biomass Renewables,EJ/yr,2.35888,2.785059999999999,2.9640500000000003,3.60495,4.54525,5.81046,7.374969999999998,9.71926,11.26634,13.2002,15.93611
MESSAGE-GLOBIOM 1.0,SSP2-Baseline,Latin American countries,Secondary Energy|Electricity|Nuclear,EJ/yr,0.09904,0.1002,0.07718,0.03829,0.01522,0.0,0.0,0.0,0.0,0.0,0.0
MESSAGE-GLOBIOM 1.0,SSP2-Baseline,Latin American countries,Secondary Energy|Electricity|Oil,EJ/yr,0.51644,0.19955,0.08719,0.05221,0.0182,0.00635,1e-05,0.0,0.0,0.0,0.0
MESSAGE-GLOBIOM 1.0,SSP2-Baseline,Latin American countries,Secondary Energy|Electricity|Solar,EJ/yr,0.0,0.00066,0.00066,0.00077,0.00044,0.00044,0.08516,0.6613100000000001,1.31044,2.33362,4.16597
MESSAGE-GLOBIOM 1.0,SSP2-Baseline,Latin American countries,Secondary Energy|Electricity|Wind,EJ/yr,0.0,0.0,0.09081,0.49741,1.28894,2.4589,3.88507,5.62356,6.50542,7.40727,8.3061
MESSAGE-GLOBIOM 1.0,SSP2-Baseline,Latin American countries,Secondary Energy|Hydrogen,EJ/yr,0.0,0.0,0.0,0.0,0.0,0.0,0.0,0.0,0.0,0.0,0.0
MESSAGE-GLOBIOM 1.0,SSP2-Baseline,OECD90 and EU (and EU candidate) countries,Capacity|Electricity,GW,2102.35819,2213.25359,2621.05144,2963.27155,3326.98111,3793.06647,4597.967570000002,5544.782679999998,6106.17201,6611.97095,7332.486059999997
MESSAGE-GLOBIOM 1.0,SSP2-Baseline,OECD90 and EU (and EU candidate) countries,Capacity|Electricity|Biomass,GW,19.86599,26.51667,18.53192,10.86392,1.24641,2.01203,2.26732,1.22613,2.8113200000000003,7.77538,12.14898
MESSAGE-GLOBIOM 1.0,SSP2-Baseline,OECD90 and EU (and EU candidate) countries,Capacity|Electricity|Coal,GW,569.60357,516.90253,365.0735,226.5482,210.59692,209.44307,245.77368,352.69359,529.35474,505.2728099999999,288.3198700000001
MESSAGE-GLOBIOM 1.0,SSP2-Baseline,OECD90 and EU (and EU candidate) countries,Capacity|Electricity|Gas,GW,495.78267,561.39181,956.89336,1428.4683,1902.4022,2289.00032,2717.251610000001,3280.10096,3410.1851,3555.26094,3850.20325
MESSAGE-GLOBIOM 1.0,SSP2-Baseline,OECD90 and EU (and EU candidate) countries,Capacity|Electricity|Hydro,GW,418.38097,483.95988,461.083,450.24035,451.548,452.98103,453.72871,454.16483,454.41635,454.54096,454.6367099999999
MESSAGE-GLOBIOM 1.0,SSP2-Baseline,OECD90 and EU (and EU candidate) countries,Capacity|Electricity|Nuclear,GW,324.123,328.5030000000001,332.8030000000001,293.753,159.033,38.3205,32.76093,61.79628,127.16444,178.11496,312.18975
MESSAGE-GLOBIOM 1.0,SSP2-Baseline,OECD90 and EU (and EU candidate) countries,Capacity|Electricity|Oil,GW,217.80397,90.11939,17.51114,6.49602,3.87835,0.28394,0.28394,0.28394,0.0,0.0,0.0
MESSAGE-GLOBIOM 1.0,SSP2-Baseline,OECD90 and EU (and EU candidate) countries,Capacity|Electricity|Solar,GW,3.7,36.031,147.031,145.181,128.12868,73.61633,117.30372,157.36686,169.00702,272.41576,486.35427
MESSAGE-GLOBIOM 1.0,SSP2-Baseline,OECD90 and EU (and EU candidate) countries,Capacity|Electricity|Wind,GW,48.27706,163.16698,315.6003100000001,399.29574,461.73198,694.00507,989.08385,1194.8632,1358.29165,1551.83109,1838.89099
MESSAGE-GLOBIOM 1.0,SSP2-Baseline,OECD90 and EU (and EU candidate) countries,Emissions|CH4,Mt CH4/yr,74.4381878919019,71.4258077080774,70.6323191248004,70.5537533327352,74.37168922154659,79.24044830307609,84.590151974766,92.0042082604348,100.933782596514,108.16870993173,114.00463682992
MESSAGE-GLOBIOM 1.0,SSP2-Baseline,OECD90 and EU (and EU candidate) countries,Emissions|CH4|Energy,Mt CH4/yr,23.9430246,21.3559899,19.3135385,18.6969891,21.1497224,24.9417592,29.3044438,36.0203354,44.6211154,51.8164612,58.0790679
MESSAGE-GLOBIOM 1.0,SSP2-Baseline,OECD90 and EU (and EU candidate) countries,Emissions|CO2,Mt CO2/yr,14479.5267804929,13198.6902354925,12479.4139321504,12631.6251453711,13400.403710286,14251.9759718101,14709.6272025071,15245.5053460924,16471.5337648707,17216.9947439301,17163.062440832
MESSAGE-GLOBIOM 1.0,SSP2-Baseline,OECD90 and EU (and EU candidate) countries,Emissions|CO2|AFOLU,Mt CO2/yr,372.415821992875,449.452113892481,-275.38992514959,-327.639798128918,-264.222502614021,-179.560793989929,-255.403137492918,-382.486414107627,-424.159528629266,-535.62837376989,-493.7331229679869
MESSAGE-GLOBIOM 1.0,SSP2-Baseline,OECD90 and EU (and EU candidate) countries,Emissions|CO2|Energy and Industrial Processes,Mt CO2/yr,14107.1109585,12749.2381216,12754.8038573,12959.2649435,13664.6262129,14431.5367658,14965.03034,15627.9917602,16895.6932935,17752.6231177,17656.7955638
MESSAGE-GLOBIOM 1.0,SSP2-Baseline,OECD90 and EU (and EU candidate) countries,Emissions|CO2|Energy|Supply|Electricity,Mt CO2/yr,5043.059545699999,4380.498535899998,3726.2171471,3403.0430752,3849.151481800001,4283.9487618,4772.266886,5808.5474239,6615.5856217,6400.6811735,5206.412769699999
MESSAGE-GLOBIOM 1.0,SSP2-Baseline,OECD90 and EU (and EU candidate) countries,Final Energy,EJ/yr,151.90861,147.37007,162.80456,175.12413,181.97289,186.47109,189.76817,189.3952,194.79353,202.45649,209.10476
MESSAGE-GLOBIOM 1.0,SSP2-Baseline,OECD90 and EU (and EU candidate) countries,Final Energy|Electricity,EJ/yr,30.83295,31.42925,34.63304,38.37562,41.42429,45.29635,52.25684,61.82576,67.16385,70.03194,73.61274
MESSAGE-GLOBIOM 1.0,SSP2-Baseline,OECD90 and EU (and EU candidate) countries,Final Energy|Gases,EJ/yr,29.46983,29.03162,28.84775,24.12808,22.7336,22.0324,21.50129,24.40947,25.6479,25.01752,24.37616
MESSAGE-GLOBIOM 1.0,SSP2-Baseline,OECD90 and EU (and EU candidate) countries,Final Energy|Heat,EJ/yr,2.6563600000000003,2.67553,2.17248,1.94732,1.13297,1.05869,1.00689,0.7450800000000001,0.7466600000000001,0.6759200000000001,0.62707
MESSAGE-GLOBIOM 1.0,SSP2-Baseline,OECD90 and EU (and EU candidate) countries,Final Energy|Hydrogen,EJ/yr,0.0,0.0,0.0,0.0,0.53717,2.10714,2.49253,2.66745,3.4657,5.47275,5.6609300000000005
MESSAGE-GLOBIOM 1.0,SSP2-Baseline,OECD90 and EU (and EU candidate) countries,Final Energy|Industry,EJ/yr,48.73869000000001,45.66281,48.03877,50.84135999999999,53.37909000000001,55.37533000000001,57.99876999999999,61.35131,63.80958,66.07732,67.83577
MESSAGE-GLOBIOM 1.0,SSP2-Baseline,OECD90 and EU (and EU candidate) countries,Final Energy|Liquids,EJ/yr,78.66024,72.96231999999998,82.81403,88.50395,86.84799,83.5303,75.58413,58.99941,53.77903000000001,56.95748,59.71276
MESSAGE-GLOBIOM 1.0,SSP2-Baseline,OECD90 and EU (and EU candidate) countries,Final Energy|Solar,EJ/yr,0.12389,0.767139999999998,2.04176,4.17105,6.40369,8.500689999999999,10.97482,11.93057,12.07491,12.07758,12.11945
MESSAGE-GLOBIOM 1.0,SSP2-Baseline,OECD90 and EU (and EU candidate) countries,Final Energy|Solids,EJ/yr,10.16536,10.50419,12.2955,17.99814,22.89317,23.94553,25.95164,28.81744,31.91551,32.22328,32.99562
MESSAGE-GLOBIOM 1.0,SSP2-Baseline,OECD90 and EU (and EU candidate) countries,Final Energy|Solids|Biomass,EJ/yr,5.006480000000002,5.34425,6.57279,9.33024,11.19606,11.06635,11.39153,11.62963,11.30513,10.1078,9.86297
MESSAGE-GLOBIOM 1.0,SSP2-Baseline,OECD90 and EU (and EU candidate) countries,Final Energy|Solids|Coal,EJ/yr,5.15888,5.15994,5.72271,8.6679,11.69711,12.87918,14.56011,17.18781,20.61038,22.11548,23.13265
MESSAGE-GLOBIOM 1.0,SSP2-Baseline,OECD90 and EU (and EU candidate) countries,Final Energy|Transportation,EJ/yr,50.36591,49.09252,55.96654,62.07017,67.58428,69.15618,66.41418,59.20346,58.84544,61.33255,63.66999000000001
MESSAGE-GLOBIOM 1.0,SSP2-Baseline,OECD90 and EU (and EU candidate) countries,Final Energy|Transportation|Electricity,EJ/yr,0.3788,0.39415,0.45563,0.5117200000000001,0.5638200000000001,2.35554,6.2682400000000005,12.37113,14.71136,15.33313,15.91749
MESSAGE-GLOBIOM 1.0,SSP2-Baseline,OECD90 and EU (and EU candidate) countries,Final Energy|Transportation|Hydrogen,EJ/yr,0.0,0.0,0.0,0.0,0.0,0.0,0.0,0.0,0.0,0.0,0.0
MESSAGE-GLOBIOM 1.0,SSP2-Baseline,OECD90 and EU (and EU candidate) countries,Final Energy|Transportation|Liquids,EJ/yr,49.92774,48.62942,55.51091,61.55844,67.02048,66.80064,60.14595,46.83233,44.13409,45.99941,47.75248
MESSAGE-GLOBIOM 1.0,SSP2-Baseline,OECD90 and EU (and EU candidate) countries,Population,million,1078.42,1112.82,1168.27,1214.97,1251.29,1278.59,1298.59,1308.06,1306.71,1294.62,1271.88
MESSAGE-GLOBIOM 1.0,SSP2-Baseline,OECD90 and EU (and EU candidate) countries,Primary Energy,EJ/yr,207.46575,195.3968,206.6557,215.85149,226.42005,237.74605,247.78726,257.16298,268.63625,279.17524,283.04674
MESSAGE-GLOBIOM 1.0,SSP2-Baseline,OECD90 and EU (and EU candidate) countries,Primary Energy|Biomass,EJ/yr,7.64935,10.29435,12.7912,12.86667,12.87942,12.81887,12.83677,12.80236,12.82533,12.89607,12.85244
MESSAGE-GLOBIOM 1.0,SSP2-Baseline,OECD90 and EU (and EU candidate) countries,Primary Energy|Coal,EJ/yr,46.1509,41.36815,32.38521,25.88914,28.62138,32.86908,40.40046,51.77659,65.75284,69.00587,60.24428
MESSAGE-GLOBIOM 1.0,SSP2-Baseline,OECD90 and EU (and EU candidate) countries,Primary Energy|Fossil,EJ/yr,186.33371,169.40631,173.494,180.36552,190.24234,200.55597,204.88758,210.00601,217.49375,224.70344,221.61513
MESSAGE-GLOBIOM 1.0,SSP2-Baseline,OECD90 and EU (and EU candidate) countries,Primary Energy|Gas,EJ/yr,49.5965,49.26675,54.10525999999999,61.91356999999999,71.61139,80.68316,86.49559,98.12367,94.96723,94.20466,96.45119
MESSAGE-GLOBIOM 1.0,SSP2-Baseline,OECD90 and EU (and EU candidate) countries,Primary Energy|Nuclear,EJ/yr,8.0241,7.7988,8.37241,7.3793,4.00497,0.98009,0.93909,1.8516,3.8102199999999993,5.33686,9.35414
MESSAGE-GLOBIOM 1.0,SSP2-Baseline,OECD90 and EU (and EU candidate) countries,Primary Energy|Oil,EJ/yr,90.58631,78.77141,87.00353,92.56281,90.00957,87.00373,77.99153000000003,60.10575,56.77368000000001,61.49290999999999,64.91966
MESSAGE-GLOBIOM 1.0,SSP2-Baseline,OECD90 and EU (and EU candidate) countries,Secondary Energy|Electricity,EJ/yr,35.66914000000001,35.76369000000001,38.81351,42.67736,46.24497,51.22025,59.11976,69.82737,76.09846,80.13863,84.1975
MESSAGE-GLOBIOM 1.0,SSP2-Baseline,OECD90 and EU (and EU candidate) countries,Secondary Energy|Electricity|Biomass,EJ/yr,0.3813,0.42453,0.49048,0.2868,0.03377,0.0543,0.0606,0.03327,0.07564,0.20865,0.32529
MESSAGE-GLOBIOM 1.0,SSP2-Baseline,OECD90 and EU (and EU candidate) countries,Secondary Energy|Electricity|Biomass|w/ CCS,EJ/yr,0.0,0.0,0.0,0.0,0.0,0.0,0.0,0.0,0.0,0.0,0.0
MESSAGE-GLOBIOM 1.0,SSP2-Baseline,OECD90 and EU (and EU candidate) countries,Secondary Energy|Electricity|Biomass|w/o CCS,EJ/yr,0.3813,0.42453,0.49048,0.2868,0.03377,0.0543,0.0606,0.03327,0.07564,0.20865,0.32529
MESSAGE-GLOBIOM 1.0,SSP2-Baseline,OECD90 and EU (and EU candidate) countries,Secondary Energy|Electricity|Coal,EJ/yr,14.05549,12.80113,9.69398,6.01623,5.62692,5.61271,6.5991800000000005,9.46785,14.20091,13.56441,7.7567
MESSAGE-GLOBIOM 1.0,SSP2-Baseline,OECD90 and EU (and EU candidate) countries,Secondary Energy|Electricity|Coal|w/ CCS,EJ/yr,0.0,0.0,0.0,0.0,0.0,0.0,0.0,0.0,0.0,0.0,0.0
MESSAGE-GLOBIOM 1.0,SSP2-Baseline,OECD90 and EU (and EU candidate) countries,Secondary Energy|Electricity|Coal|w/o CCS,EJ/yr,14.05549,12.80113,9.69398,6.01623,5.62692,5.61271,6.5991800000000005,9.46785,14.20091,13.56441,7.7567
MESSAGE-GLOBIOM 1.0,SSP2-Baseline,OECD90 and EU (and EU candidate) countries,Secondary Energy|Electricity|Gas,EJ/yr,6.6458,7.48158,10.74162,18.46686,24.81716,30.03193,33.15662,37.55240999999999,35.0106,34.62465,36.05167
MESSAGE-GLOBIOM 1.0,SSP2-Baseline,OECD90 and EU (and EU candidate) countries,Secondary Energy|Electricity|Gas|w/ CCS,EJ/yr,0.0,0.0,0.0,0.0,0.0,0.0,0.0,0.0,0.0,0.0,0.0
MESSAGE-GLOBIOM 1.0,SSP2-Baseline,OECD90 and EU (and EU candidate) countries,Secondary Energy|Electricity|Gas|w/o CCS,EJ/yr,6.6458,7.48158,10.74162,18.46686,24.81716,30.03193,33.15662,37.55240999999999,35.0106,34.62465,36.05167
MESSAGE-GLOBIOM 1.0,SSP2-Baseline,OECD90 and EU (and EU candidate) countries,Secondary Energy|Electricity|Geothermal,EJ/yr,0.10889,0.14886,0.14274,0.053,0.0,0.0,0.0,0.0,0.0,0.0,0.0
MESSAGE-GLOBIOM 1.0,SSP2-Baseline,OECD90 and EU (and EU candidate) countries,Secondary Energy|Electricity|Hydro,EJ/yr,4.69946,5.01812,5.035419999999999,5.088769999999999,5.14384,5.15834,5.16591,5.17033,5.17285,5.17411,5.17506
MESSAGE-GLOBIOM 1.0,SSP2-Baseline,OECD90 and EU (and EU candidate) countries,Secondary Energy|Electricity|Non-Biomass Renewables,EJ/yr,5.16162,6.83096,9.45141,10.52168,11.54004,13.64454,17.30829,19.79372,21.53734,24.09178,28.32447
MESSAGE-GLOBIOM 1.0,SSP2-Baseline,OECD90 and EU (and EU candidate) countries,Secondary Energy|Electricity|Nuclear,EJ/yr,7.9399,7.705139999999999,8.28593,7.31352,3.98483,0.9754299999999992,0.93573,1.84645,3.80105,5.323209999999999,9.33346
MESSAGE-GLOBIOM 1.0,SSP2-Baseline,OECD90 and EU (and EU candidate) countries,Secondary Energy|Electricity|Oil,EJ/yr,1.485029999999999,0.5203500000000001,0.15009,0.07227,0.01664,0.0058,1e-05,0.0,0.0,0.0,0.0
MESSAGE-GLOBIOM 1.0,SSP2-Baseline,OECD90 and EU (and EU candidate) countries,Secondary Energy|Electricity|Solar,EJ/yr,0.01484,0.23142,0.90581,0.9266,0.7908000000000001,0.45919,0.72465,0.96585,1.0356,1.655279999999999,2.96804
MESSAGE-GLOBIOM 1.0,SSP2-Baseline,OECD90 and EU (and EU candidate) countries,Secondary Energy|Electricity|Wind,EJ/yr,0.33843,1.43256,3.36744,4.45331,5.6054,8.02701,11.41773,13.65754,15.32889,17.26239,20.18137
MESSAGE-GLOBIOM 1.0,SSP2-Baseline,OECD90 and EU (and EU candidate) countries,Secondary Energy|Hydrogen,EJ/yr,0.0,0.09847,0.0,0.0,0.63197,2.47898,2.93239,3.138179999999999,4.077290000000001,6.43854,6.65993
MESSAGE-GLOBIOM 1.0,SSP2-Baseline,World,Capacity|Electricity,GW,3861.914,4744.362,6107.276999999999,7369.049,9344.282,11723.14,15379.517,19987.456,23372.611,27358.865,32712.348
MESSAGE-GLOBIOM 1.0,SSP2-Baseline,World,Capacity|Electricity|Biomass,GW,28.054,41.32899999999999,64.807,51.158,31.535,61.244,58.658,69.37,123.832,167.982,220.338
MESSAGE-GLOBIOM 1.0,SSP2-Baseline,World,Capacity|Electricity|Coal,GW,1208.573,1551.261,1633.631,1400.377000000001,1246.33,1401.864,1793.776,2188.913,2618.646,2695.971,2397.212
MESSAGE-GLOBIOM 1.0,SSP2-Baseline,World,Capacity|Electricity|Gas,GW,886.682,1065.357,1776.817,2938.788,4651.492,6273.41,8174.206,10345.665,11573.896,12595.774,14291.694
MESSAGE-GLOBIOM 1.0,SSP2-Baseline,World,Capacity|Electricity|Hydro,GW,855.159,1127.322,1219.093,1299.642,1449.456,1496.386,1559.967,1660.99,1771.369,1830.528,1847.502
MESSAGE-GLOBIOM 1.0,SSP2-Baseline,World,Capacity|Electricity|Nuclear,GW,405.859,415.13,510.503,437.005,280.877,164.578,216.564,379.041,670.335,1171.696,1765.227999999999
MESSAGE-GLOBIOM 1.0,SSP2-Baseline,World,Capacity|Electricity|Oil,GW,408.459,232.871,87.775,45.10899999999999,18.924,10.704,10.285,0.645,0.001,0.001,0.0
MESSAGE-GLOBIOM 1.0,SSP2-Baseline,World,Capacity|Electricity|Solar,GW,3.7,39.781,259.181,257.331,238.229,159.66,382.054,899.171,1335.941,2096.954,3374.932
MESSAGE-GLOBIOM 1.0,SSP2-Baseline,World,Capacity|Electricity|Wind,GW,55.668,255.239,540.752,932.293,1419.024,2121.885,3134.374000000001,4362.284000000001,5090.800999999999,6253.276999999999,7950.278
MESSAGE-GLOBIOM 1.0,SSP2-Baseline,World,Emissions|CH4,Mt CH4/yr,334.2713519554629,326.5312226855446,345.345695611783,373.120315183955,393.4950936934113,411.4333682402236,425.5901577765281,433.3253072463601,436.4184341353216,434.1247641782885,422.1849603002128
MESSAGE-GLOBIOM 1.0,SSP2-Baseline,World,Emissions|CH4|Energy,Mt CH4/yr,96.7588472,104.6483084,105.6632316,116.703193,124.6335171,135.3382991,146.5185762,155.055741,161.7368818,164.3480687,158.3127406999999
MESSAGE-GLOBIOM 1.0,SSP2-Baseline,World,Emissions|CO2,Mt CO2/yr,37768.99435534717,40294.63827957214,42262.42524863612,46727.5506498059,51606.45150045317,56651.62919102698,61402.26901453664,65996.97900148257,74133.62928391735,81028.37688380398,85684.20438873653
MESSAGE-GLOBIOM 1.0,SSP2-Baseline,World,Emissions|CO2|AFOLU,Mt CO2/yr,6894.948482947171,7161.443786072146,5114.400391536115,4220.248626005896,3865.736273953165,3037.158405226978,1935.181210536636,907.574489982578,65.6515798173296,-248.5715777960071,-481.5632984634557
MESSAGE-GLOBIOM 1.0,SSP2-Baseline,World,Emissions|CO2|Energy and Industrial Processes,Mt CO2/yr,30874.0458724,33133.19449349999,37148.0248571,42507.3020238,47740.7152265,53614.4707858,59467.087804,65089.40451149999,74067.97770410002,81276.9484616,86165.76768719999
MESSAGE-GLOBIOM 1.0,SSP2-Baseline,World,Emissions|CO2|Energy|Supply|Electricity,Mt CO2/yr,11031.2213963,11666.5619101,11837.20626,12948.8367652,14083.1210912,16592.0792172,20201.5361422,23596.9824098,26246.3493301,26516.8771629,25359.1579849
MESSAGE-GLOBIOM 1.0,SSP2-Baseline,World,Final Energy,EJ/yr,323.0370000000001,361.844,440.328,519.2869999999998,587.1659999999998,643.931,694.289,745.93,815.125,891.559,973.842
MESSAGE-GLOBIOM 1.0,SSP2-Baseline,World,Final Energy|Electricity,EJ/yr,54.195,63.735,81.881,103.041,123.78,150.636,188.528,230.813,262.412,291.9290000000001,328.551
MESSAGE-GLOBIOM 1.0,SSP2-Baseline,World,Final Energy|Gases,EJ/yr,48.188,52.536,55.60100000000001,56.108,65.844,75.762,81.01100000000002,84.859,88.25399999999998,88.458,88.898
MESSAGE-GLOBIOM 1.0,SSP2-Baseline,World,Final Energy|Heat,EJ/yr,10.958,11.543,12.54,14.207,12.281,11.44,11.728,13.818,19.37,31.245,36.961
MESSAGE-GLOBIOM 1.0,SSP2-Baseline,World,Final Energy|Hydrogen,EJ/yr,0.0,0.0,0.0,0.0,0.537,2.107,3.131,5.151,11.846,24.609,30.242
MESSAGE-GLOBIOM 1.0,SSP2-Baseline,World,Final Energy|Industry,EJ/yr,116.841,135.035,166.698,196.374,219.948,242.579,267.67,290.668,312.0490000000001,332.476,351.845
MESSAGE-GLOBIOM 1.0,SSP2-Baseline,World,Final Energy|Liquids,EJ/yr,143.409,151.216,190.425,210.855,225.896,231.675,217.541,200.921,221.512,251.075,276.419
MESSAGE-GLOBIOM 1.0,SSP2-Baseline,World,Final Energy|Solar,EJ/yr,0.293,2.231,8.809,18.902,29.662,38.879,46.56800000000001,51.295,54.153,56.363,58.542
MESSAGE-GLOBIOM 1.0,SSP2-Baseline,World,Final Energy|Solids,EJ/yr,65.994,80.585,91.072,116.175,129.166,133.432,145.782,159.074,157.578,147.881,154.229
MESSAGE-GLOBIOM 1.0,SSP2-Baseline,World,Final Energy|Solids|Biomass,EJ/yr,38.956,44.858,48.381,52.933,52.613,47.924,49.317,49.562,37.785,24.012,23.503
MESSAGE-GLOBIOM 1.0,SSP2-Baseline,World,Final Energy|Solids|Coal,EJ/yr,27.038,35.727,42.691,63.242,76.553,85.508,96.465,109.512,119.793,123.869,130.726
MESSAGE-GLOBIOM 1.0,SSP2-Baseline,World,Final Energy|Transportation,EJ/yr,86.645,95.52,120.668,148.966,174.506,191.199,191.658,190.702,211.185,236.71,262.691
MESSAGE-GLOBIOM 1.0,SSP2-Baseline,World,Final Energy|Transportation|Electricity,EJ/yr,0.78,0.910999999999998,1.164,1.58,3.623,10.287,25.349,42.324,49.937,55.698,62.68
MESSAGE-GLOBIOM 1.0,SSP2-Baseline,World,Final Energy|Transportation|Hydrogen,EJ/yr,0.0,0.0,0.0,0.0,0.0,0.0,0.0,0.0,0.0,0.0,0.0
MESSAGE-GLOBIOM 1.0,SSP2-Baseline,World,Final Energy|Transportation|Liquids,EJ/yr,85.339,93.8,118.545,144.45,163.871,171.457,155.566,136.829,149.812,169.291,188.038
MESSAGE-GLOBIOM 1.0,SSP2-Baseline,World,GDP|PPP,billion US$2010/yr,62186.08,74281.68,111368.95,157376.67,204550.06,254430.22,308566.94,370533.35,438348.02,512431.15,593265.64
MESSAGE-GLOBIOM 1.0,SSP2-Baseline,World,Population,million,6503.13,6867.39,7611.25,8261.99,8787.12,9169.11,9384.7,9456.88,9407.26,9253.95,9032.42
MESSAGE-GLOBIOM 1.0,SSP2-Baseline,World,Primary Energy,EJ/yr,464.437,500.994,580.427,666.837,750.798,842.36,930.688,1011.424,1113.153,1209.922,1304.254
MESSAGE-GLOBIOM 1.0,SSP2-Baseline,World,Primary Energy|Biomass,EJ/yr,48.452,55.002,62.26,61.33600000000001,58.229,59.492,63.50899999999999,64.892,61.269,60.121,65.66
MESSAGE-GLOBIOM 1.0,SSP2-Baseline,World,Primary Energy|Coal,EJ/yr,121.299,139.734,143.771,165.472,181.068,207.174,250.856,291.8640000000001,337.997,361.485,359.087
MESSAGE-GLOBIOM 1.0,SSP2-Baseline,World,Primary Energy|Fossil,EJ/yr,394.369,418.549,474.448,546.195,618.4830000000002,694.442,756.158,808.755,892.284,957.863,1004.921
MESSAGE-GLOBIOM 1.0,SSP2-Baseline,World,Primary Energy|Gas,EJ/yr,100.458,105.695,123.415,154.965,196.716,241.18,278.05,308.866,321.546,326.319,347.225
MESSAGE-GLOBIOM 1.0,SSP2-Baseline,World,Primary Energy|Nuclear,EJ/yr,9.966,9.897,11.942,11.146,7.252999999999999,4.315,5.652,9.855,17.379,30.104,45.334
MESSAGE-GLOBIOM 1.0,SSP2-Baseline,World,Primary Energy|Oil,EJ/yr,172.612,173.12,207.262,225.758,240.699,246.088,227.252,208.025,232.741,270.059,298.6090000000001
MESSAGE-GLOBIOM 1.0,SSP2-Baseline,World,Secondary Energy|Electricity,EJ/yr,65.08,75.475,94.78,117.81,140.491,170.247,212.036,258.657,296.621,335.4430000000001,379.431
MESSAGE-GLOBIOM 1.0,SSP2-Baseline,World,Secondary Energy|Electricity|Biomass,EJ/yr,0.452999999999999,0.789,1.699,1.217,0.8290000000000001,1.62,1.557,1.839,3.2689999999999992,4.398,5.746
MESSAGE-GLOBIOM 1.0,SSP2-Baseline,World,Secondary Energy|Electricity|Biomass|w/ CCS,EJ/yr,0.0,0.0,0.0,0.0,0.0,0.0,0.0,0.0,0.0,0.0,0.0
MESSAGE-GLOBIOM 1.0,SSP2-Baseline,World,Secondary Energy|Electricity|Biomass|w/o CCS,EJ/yr,0.452999999999999,0.789,1.699,1.217,0.8290000000000001,1.62,1.557,1.839,3.2689999999999992,4.398,5.746
MESSAGE-GLOBIOM 1.0,SSP2-Baseline,World,Secondary Energy|Electricity|Coal,EJ/yr,26.318,30.935,31.957,32.298,32.575,37.037,47.526,57.93,69.101,70.582,62.622
MESSAGE-GLOBIOM 1.0,SSP2-Baseline,World,Secondary Energy|Electricity|Coal|w/ CCS,EJ/yr,0.0,0.0,0.0,0.0,0.0,0.0,0.0,0.0,0.0,0.0,0.0
MESSAGE-GLOBIOM 1.0,SSP2-Baseline,World,Secondary Energy|Electricity|Coal|w/o CCS,EJ/yr,26.318,30.935,31.957,32.298,32.575,37.037,47.526,57.93,69.101,70.582,62.622
MESSAGE-GLOBIOM 1.0,SSP2-Baseline,World,Secondary Energy|Electricity|Gas,EJ/yr,13.294,16.407,25.557,43.78899999999999,62.31800000000001,81.15,97.254,110.14,113.432,114.088,122.855
MESSAGE-GLOBIOM 1.0,SSP2-Baseline,World,Secondary Energy|Electricity|Gas|w/ CCS,EJ/yr,0.0,0.0,0.0,0.0,0.0,0.0,0.0,0.0,0.0,0.0,0.0
MESSAGE-GLOBIOM 1.0,SSP2-Baseline,World,Secondary Energy|Electricity|Gas|w/o CCS,EJ/yr,13.294,16.407,25.557,43.78899999999999,62.31800000000001,81.15,97.254,110.14,113.432,114.088,122.855
MESSAGE-GLOBIOM 1.0,SSP2-Baseline,World,Secondary Energy|Electricity|Geothermal,EJ/yr,0.204,0.353,0.32,0.159,0.0,0.0,0.0,0.0,0.0,0.0,0.0
MESSAGE-GLOBIOM 1.0,SSP2-Baseline,World,Secondary Energy|Electricity|Hydro,EJ/yr,10.603,12.871,15.278,16.902,18.987,19.532,20.329,22.145,23.759,24.678,24.931
MESSAGE-GLOBIOM 1.0,SSP2-Baseline,World,Secondary Energy|Electricity|Non-Biomass Renewables,EJ/yr,11.209,15.133,22.686,28.931,37.115,45.176,58.739,76.804,88.60700000000001,106.338,130.91
MESSAGE-GLOBIOM 1.0,SSP2-Baseline,World,Secondary Energy|Electricity|Nuclear,EJ/yr,9.804,9.764,11.761,10.951,7.147,4.27,5.603,9.762,17.178,29.57800000000001,44.445
MESSAGE-GLOBIOM 1.0,SSP2-Baseline,World,Secondary Energy|Electricity|Oil,EJ/yr,4.002,2.447,1.12,0.624,0.281,0.098,0.026,0.0,0.0,0.0,0.0
MESSAGE-GLOBIOM 1.0,SSP2-Baseline,World,Secondary Energy|Electricity|Solar,EJ/yr,0.015,0.248,1.584,1.6119999999999992,1.459,1.029,2.474,5.773,8.581,13.411,21.469
MESSAGE-GLOBIOM 1.0,SSP2-Baseline,World,Secondary Energy|Electricity|Wind,EJ/yr,0.387,1.661,5.504,10.258,16.669,24.615,35.936,48.886,56.267,68.249,84.51
MESSAGE-GLOBIOM 1.0,SSP2-Baseline,World,Secondary Energy|Hydrogen,EJ/yr,0.0,0.218,0.0,0.0,0.632,2.479,3.683,6.06,13.936,29.208,35.579
REMIND-MAgPIE 1.5,SSP5-Baseline,Asian countries except Japan,Capacity|Electricity,GW,840.2,1267.0,2281.7,3516.3,4679.9,5755.0,6747.0,7647.0,8748.0,10447.0,12368.0
REMIND-MAgPIE 1.5,SSP5-Baseline,Asian countries except Japan,Capacity|Electricity|Biomass,GW,0.0304,0.6088,5.2089,8.4161,8.8348,11.682,28.75800000000001,69.9131,108.3066,117.4553,105.3069
REMIND-MAgPIE 1.5,SSP5-Baseline,Asian countries except Japan,Capacity|Electricity|Coal,GW,438.01,677.77,1011.54,1543.9,2247.3,2867.5,3301.5,3425.3,3201.6,2678.9,1960.4
REMIND-MAgPIE 1.5,SSP5-Baseline,Asian countries except Japan,Capacity|Electricity|Gas,GW,134.062,202.46,545.69,1156.3,1702.4,2046.7,2169.1,2200.9,2172.4,2015.2,1756.5
REMIND-MAgPIE 1.5,SSP5-Baseline,Asian countries except Japan,Capacity|Electricity|Hydro,GW,157.25,188.91,188.7,176.2,171.21,194.43,284.66,472.03,684.62,816.4,947.1
REMIND-MAgPIE 1.5,SSP5-Baseline,Asian countries except Japan,Capacity|Electricity|Nuclear,GW,37.941,41.688,112.47,173.29,182.29,175.53,156.96,174.01,331.5490000000001,646.894,1067.565
REMIND-MAgPIE 1.5,SSP5-Baseline,Asian countries except Japan,Capacity|Electricity|Solar,GW,0.0114,2.47,82.023,78.733,60.502,8.9727,18.788,145.7,664.9,1915.2,3678.1
REMIND-MAgPIE 1.5,SSP5-Baseline,Asian countries except Japan,Capacity|Electricity|Wind,GW,2.5991,45.1,208.922,288.81,296.48,438.59,775.2,1148.4,1572.7,2245.9,2842.3
REMIND-MAgPIE 1.5,SSP5-Baseline,Asian countries except Japan,Emissions|CH4,Mt CH4/yr,128.5442,145.2684,145.9655,145.8559,154.6963,155.8196,135.0189,122.4246,102.2751,85.3265,72.4708
REMIND-MAgPIE 1.5,SSP5-Baseline,Asian countries except Japan,Emissions|CH4|Energy,Mt CH4/yr,41.625,50.268,39.148,28.096,28.729,29.691,33.758,36.398,28.003,23.447,19.946
REMIND-MAgPIE 1.5,SSP5-Baseline,Asian countries except Japan,Emissions|CO2,Mt CO2/yr,12583.3727,14111.7674,17715.1262,22935.4027,29283.8321,35457.0292,42039.9319,47519.9432,50739.4369,49169.4631,44950.5766
REMIND-MAgPIE 1.5,SSP5-Baseline,Asian countries except Japan,Emissions|CO2|AFOLU,Mt CO2/yr,2956.4727,1651.6674,937.0762,362.6027,127.8221,-32.1747,42.7167,20.0962,-44.0989,-219.5359,-642.3524
REMIND-MAgPIE 1.5,SSP5-Baseline,Asian countries except Japan,Emissions|CO2|Energy and Industrial Processes,Mt CO2/yr,9627.0,12460.0,16779.0,22566.0,29159.0,35490.0,42000.0,47500.0,50790.0,49390.0,45590.0
REMIND-MAgPIE 1.5,SSP5-Baseline,Asian countries except Japan,Emissions|CO2|Energy|Supply|Electricity,Mt CO2/yr,3557.7,5255.0,7808.0,11271.0,14833.0,17374.0,18705.0,18711.0,17283.0,14563.0,11011.0
REMIND-MAgPIE 1.5,SSP5-Baseline,Asian countries except Japan,Final Energy,EJ/yr,94.22,113.06,155.63,215.85,276.37,325.82,354.5,369.5,379.3,374.3,367.48
REMIND-MAgPIE 1.5,SSP5-Baseline,Asian countries except Japan,Final Energy|Electricity,EJ/yr,12.965,19.987,36.4,60.48,86.36,110.7,125.69,134.87,141.33,146.33,148.21
REMIND-MAgPIE 1.5,SSP5-Baseline,Asian countries except Japan,Final Energy|Gases,EJ/yr,4.3144,7.0622,12.181,16.208,26.716,36.05,46.69,59.06,62.45,59.13,64.7
REMIND-MAgPIE 1.5,SSP5-Baseline,Asian countries except Japan,Final Energy|Heat,EJ/yr,1.9161,1.8722,1.8288,2.4136,2.9934000000000003,3.0547,2.8154,2.3722,2.2652,2.439,2.6264000000000003
REMIND-MAgPIE 1.5,SSP5-Baseline,Asian countries except Japan,Final Energy|Hydrogen,EJ/yr,0.0945,0.1056,0.1537,0.3255,0.5789000000000001,0.8649,0.976,0.9727,1.0211,1.0802,1.1729
REMIND-MAgPIE 1.5,SSP5-Baseline,Asian countries except Japan,Final Energy|Liquids,EJ/yr,26.381,29.736,56.84,96.13,119.97,138.75,149.4,150.47,156.53,153.81,142.91
REMIND-MAgPIE 1.5,SSP5-Baseline,Asian countries except Japan,Final Energy|Solids,EJ/yr,48.53899999999999,54.31,48.24,40.31,39.79,36.368,28.872,21.753,15.712,11.491,7.926
REMIND-MAgPIE 1.5,SSP5-Baseline,Asian countries except Japan,Final Energy|Solids|Biomass,EJ/yr,23.517,24.193,23.888,21.158,18.653,15.731,13.026,9.627,7.371,5.746,3.743
REMIND-MAgPIE 1.5,SSP5-Baseline,Asian countries except Japan,Final Energy|Solids|Coal,EJ/yr,25.021,30.107,24.34,19.148,21.131,20.631,15.846,12.126,8.342,5.746,4.181999999999999
REMIND-MAgPIE 1.5,SSP5-Baseline,Asian countries except Japan,Final Energy|Transportation,EJ/yr,14.659,19.138,35.4,58.9,80.81,105.53,121.51,128.0,139.47,140.99,140.53
REMIND-MAgPIE 1.5,SSP5-Baseline,Asian countries except Japan,Final Energy|Transportation|Electricity,EJ/yr,0.1243,0.1553,0.4073,0.9139,1.5447000000000002,2.334,2.8598,3.1863,4.0074,6.0488,9.973
REMIND-MAgPIE 1.5,SSP5-Baseline,Asian countries except Japan,Final Energy|Transportation|Hydrogen,EJ/yr,0.0,0.0,0.0,0.0009,0.0036,0.0061,0.0094,0.0114,0.057999999999999,0.209,0.4992
REMIND-MAgPIE 1.5,SSP5-Baseline,Asian countries except Japan,Final Energy|Transportation|Liquids,EJ/yr,14.535,18.982,34.982,57.99,79.26,103.2,118.64,124.8,135.4,134.73,130.06
REMIND-MAgPIE 1.5,SSP5-Baseline,Asian countries except Japan,Population,million,3495.0,3681.0,3960.0,4120.0,4173.0,4116.0,3961.0,3733.0,3448.8,3123.1,2775.2
REMIND-MAgPIE 1.5,SSP5-Baseline,Asian countries except Japan,Primary Energy,EJ/yr,135.82,168.53,233.03,319.12,403.47,480.2,553.8,614.9,656.4,655.0,635.8
REMIND-MAgPIE 1.5,SSP5-Baseline,Asian countries except Japan,Primary Energy|Biomass,EJ/yr,24.47300000000001,25.425,25.717,23.544,22.835,23.525,25.787,28.213,30.535,32.802,34.502
REMIND-MAgPIE 1.5,SSP5-Baseline,Asian countries except Japan,Primary Energy|Coal,EJ/yr,63.418,83.52,94.45,114.56,153.89,205.92,278.69,351.99,400.9,405.6,381.1
REMIND-MAgPIE 1.5,SSP5-Baseline,Asian countries except Japan,Primary Energy|Fossil,EJ/yr,108.05,138.83,199.17,285.33,370.26,445.1,513.4,566.3,593.6,569.9,524.8
REMIND-MAgPIE 1.5,SSP5-Baseline,Asian countries except Japan,Primary Energy|Gas,EJ/yr,9.47,15.222,32.735,56.74800000000001,84.99,105.31,119.36,133.58,135.77,125.42,120.33
REMIND-MAgPIE 1.5,SSP5-Baseline,Asian countries except Japan,Primary Energy|Nuclear,EJ/yr,0.9572,1.052,2.8374,4.3726,4.599,4.428,3.96,4.3913,8.3643,16.321,26.9277
REMIND-MAgPIE 1.5,SSP5-Baseline,Asian countries except Japan,Primary Energy|Oil,EJ/yr,35.153,40.089,72.02,114.02,131.35,133.96,115.41,80.78,56.901,38.792,23.459
REMIND-MAgPIE 1.5,SSP5-Baseline,Asian countries except Japan,Secondary Energy|Electricity,EJ/yr,16.358,24.821,43.576,69.59,95.83,118.34,134.64,144.93,151.89,156.99,159.24
REMIND-MAgPIE 1.5,SSP5-Baseline,Asian countries except Japan,Secondary Energy|Electricity|Biomass,EJ/yr,0.0004,0.0089,0.0758,0.1365,0.2617,0.5535,1.0939,1.9892,2.7671,3.1405,3.2423
REMIND-MAgPIE 1.5,SSP5-Baseline,Asian countries except Japan,Secondary Energy|Electricity|Biomass|w/ CCS,EJ/yr,0.0,0.0,0.0,0.0,0.0,0.0,0.0,0.0,0.0,0.0,0.0
REMIND-MAgPIE 1.5,SSP5-Baseline,Asian countries except Japan,Secondary Energy|Electricity|Biomass|w/o CCS,EJ/yr,0.0004,0.0089,0.0758,0.1365,0.2617,0.5535,1.0939,1.9892,2.7671,3.1405,3.2423
REMIND-MAgPIE 1.5,SSP5-Baseline,Asian countries except Japan,Secondary Energy|Electricity|Coal,EJ/yr,10.362,16.023,23.857,36.333,52.922,67.63,77.98,80.99,75.78,63.45,46.47
REMIND-MAgPIE 1.5,SSP5-Baseline,Asian countries except Japan,Secondary Energy|Electricity|Coal|w/ CCS,EJ/yr,0.0,0.0,0.0,0.0,0.0,0.0,0.0,0.0,0.0,0.0,0.0
REMIND-MAgPIE 1.5,SSP5-Baseline,Asian countries except Japan,Secondary Energy|Electricity|Coal|w/o CCS,EJ/yr,10.362,16.023,23.857,36.333,52.922,67.63,77.98,80.99,75.78,63.45,46.47
REMIND-MAgPIE 1.5,SSP5-Baseline,Asian countries except Japan,Secondary Energy|Electricity|Gas,EJ/yr,1.8326,3.1877,10.046,21.838,32.218,38.725,41.04,41.64,41.1,38.1,33.045
REMIND-MAgPIE 1.5,SSP5-Baseline,Asian countries except Japan,Secondary Energy|Electricity|Gas|w/ CCS,EJ/yr,0.0,0.0,0.0,0.0,0.0,0.0,0.0,0.0,0.0,0.0,0.0
REMIND-MAgPIE 1.5,SSP5-Baseline,Asian countries except Japan,Secondary Energy|Electricity|Gas|w/o CCS,EJ/yr,1.8326,3.1877,10.046,21.838,32.218,38.725,41.04,41.64,41.1,38.1,33.045
REMIND-MAgPIE 1.5,SSP5-Baseline,Asian countries except Japan,Secondary Energy|Electricity|Geothermal,EJ/yr,0.0612,0.096,0.1386,0.2554,0.3111,0.336,0.336,0.3355,0.336,0.336,0.336
REMIND-MAgPIE 1.5,SSP5-Baseline,Asian countries except Japan,Secondary Energy|Electricity|Hydro,EJ/yr,2.2625,2.6865,2.6851000000000003,2.5458,2.4919,2.8243,3.8438,5.9117,8.258,9.343,10.166
REMIND-MAgPIE 1.5,SSP5-Baseline,Asian countries except Japan,Secondary Energy|Electricity|Non-Biomass Renewables,EJ/yr,2.3469,3.2258,5.2228,5.872999999999998,5.853,7.006,10.573,15.909,23.87,35.975,49.55
REMIND-MAgPIE 1.5,SSP5-Baseline,Asian countries except Japan,Secondary Energy|Electricity|Nuclear,EJ/yr,0.9572,1.052,2.8374,4.3726,4.599,4.428,3.96,4.3913,8.3643,16.321,26.9277
REMIND-MAgPIE 1.5,SSP5-Baseline,Asian countries except Japan,Secondary Energy|Electricity|Oil,EJ/yr,0.8593000000000001,1.3207,1.538,1.0237,0.0,0.0,0.0,0.0,0.0,0.0,0.0
REMIND-MAgPIE 1.5,SSP5-Baseline,Asian countries except Japan,Secondary Energy|Electricity|Solar,EJ/yr,0.0001,0.0151,0.5056,0.4857,0.3738,0.0616,0.1243,0.9325,4.213,11.94,22.111
REMIND-MAgPIE 1.5,SSP5-Baseline,Asian countries except Japan,Secondary Energy|Electricity|Wind,EJ/yr,0.023,0.4286,1.8939,2.5866,2.676,3.7838,6.268,8.73,11.064,14.364,16.939
REMIND-MAgPIE 1.5,SSP5-Baseline,Asian countries except Japan,Secondary Energy|Hydrogen,EJ/yr,0.0945,0.1056,0.1537,0.3255,0.5789000000000001,0.8649,0.976,0.9727,1.0211,1.0802,1.1729
REMIND-MAgPIE 1.5,SSP5-Baseline,Countries from the Reforming Economies of the Former Soviet Union,Capacity|Electricity,GW,135.7,160.5,230.0,285.7,330.9,355.7,357.7,369.4,376.9,398.3,480.1
REMIND-MAgPIE 1.5,SSP5-Baseline,Countries from the Reforming Economies of the Former Soviet Union,Capacity|Electricity|Biomass,GW,0.502,0.7869,2.843,8.254,17.9,31.87,36.47,38.01,40.07,43.2,55.46
REMIND-MAgPIE 1.5,SSP5-Baseline,Countries from the Reforming Economies of the Former Soviet Union,Capacity|Electricity|Coal,GW,19.92,15.07,5.322999999999999,0.1751,0.087,0.0184,0.003,0.003,0.003,0.0031,0.0031
REMIND-MAgPIE 1.5,SSP5-Baseline,Countries from the Reforming Economies of the Former Soviet Union,Capacity|Electricity|Gas,GW,67.2,86.28,141.2,200.9,253.6,280.7,298.9,310.7,275.4,189.6,94.07
REMIND-MAgPIE 1.5,SSP5-Baseline,Countries from the Reforming Economies of the Former Soviet Union,Capacity|Electricity|Hydro,GW,31.4,30.89,26.48,22.06,17.66,13.33,10.07,12.46,32.42,94.11,204.2
REMIND-MAgPIE 1.5,SSP5-Baseline,Countries from the Reforming Economies of the Former Soviet Union,Capacity|Electricity|Nuclear,GW,16.35,23.22,44.15,46.16,40.13,29.45,11.0,0.0056,0.001,0.0012,0.0011
REMIND-MAgPIE 1.5,SSP5-Baseline,Countries from the Reforming Economies of the Former Soviet Union,Capacity|Electricity|Solar,GW,0.0,0.0,1.999,1.926,1.501999999999999,0.264,0.1436,0.131,0.1286,3.041,17.34
REMIND-MAgPIE 1.5,SSP5-Baseline,Countries from the Reforming Economies of the Former Soviet Union,Capacity|Electricity|Wind,GW,0.002,0.02,0.0448,0.0562,0.0651,0.069,1.115999999999999,7.841,27.42,65.36,105.0
REMIND-MAgPIE 1.5,SSP5-Baseline,Countries from the Reforming Economies of the Former Soviet Union,Emissions|CH4,Mt CH4/yr,31.346,32.3115,34.3042,37.0045,43.4195,50.3139,58.067,67.915,73.5705,75.9827,74.7731
REMIND-MAgPIE 1.5,SSP5-Baseline,Countries from the Reforming Economies of the Former Soviet Union,Emissions|CH4|Energy,Mt CH4/yr,17.88,17.47,15.98,18.69,23.33,29.87,36.96,44.44,53.36,55.26,54.96
REMIND-MAgPIE 1.5,SSP5-Baseline,Countries from the Reforming Economies of the Former Soviet Union,Emissions|CO2,Mt CO2/yr,1405.9706,1358.9556,1369.995,1692.0035,2074.0031,2447.9995,2888.9997,3148.9986,3026.9989,2580.9996,2111.9983
REMIND-MAgPIE 1.5,SSP5-Baseline,Countries from the Reforming Economies of the Former Soviet Union,Emissions|CO2|AFOLU,Mt CO2/yr,-134.0294,-167.8444,-213.305,-89.8365,-63.7669,-96.1705,-97.5103,-87.4514,-94.3111,-85.9604,-62.5717
REMIND-MAgPIE 1.5,SSP5-Baseline,Countries from the Reforming Economies of the Former Soviet Union,Emissions|CO2|Energy and Industrial Processes,Mt CO2/yr,1540.0,1527.0,1583.0,1781.0,2138.0,2543.0,2986.0,3237.0,3121.0,2667.0,2172.0
REMIND-MAgPIE 1.5,SSP5-Baseline,Countries from the Reforming Economies of the Former Soviet Union,Emissions|CO2|Energy|Supply|Electricity,Mt CO2/yr,447.2,450.3,517.8,596.6,639.7,627.7,650.3,669.8,598.4,416.3,209.8
REMIND-MAgPIE 1.5,SSP5-Baseline,Countries from the Reforming Economies of the Former Soviet Union,Final Energy,EJ/yr,17.76,18.68,21.43,25.4,29.97,32.18,32.68,32.01,29.98,26.27,23.08
REMIND-MAgPIE 1.5,SSP5-Baseline,Countries from the Reforming Economies of the Former Soviet Union,Final Energy|Electricity,EJ/yr,2.224,2.555,3.767,4.736000000000002,5.412999999999999,5.757999999999999,5.678,5.787999999999999,5.742999999999999,5.557,5.683
REMIND-MAgPIE 1.5,SSP5-Baseline,Countries from the Reforming Economies of the Former Soviet Union,Final Energy|Gases,EJ/yr,5.36,6.501,8.276,10.12,13.26,13.57,13.44,12.63,10.98,9.017,7.38
REMIND-MAgPIE 1.5,SSP5-Baseline,Countries from the Reforming Economies of the Former Soviet Union,Final Energy|Heat,EJ/yr,4.934,4.559,4.41,4.864,5.631,6.394,6.466,6.576000000000001,6.297000000000001,5.232,4.35
REMIND-MAgPIE 1.5,SSP5-Baseline,Countries from the Reforming Economies of the Former Soviet Union,Final Energy|Hydrogen,EJ/yr,0.0315,0.0359,0.0345,0.0438,0.068,0.0902,0.1054,0.1214,0.1396,0.146,0.1787
REMIND-MAgPIE 1.5,SSP5-Baseline,Countries from the Reforming Economies of the Former Soviet Union,Final Energy|Liquids,EJ/yr,3.716,3.622,4.115,5.109,5.271,6.151,6.809,6.7570000000000014,6.683,6.181,5.343
REMIND-MAgPIE 1.5,SSP5-Baseline,Countries from the Reforming Economies of the Former Soviet Union,Final Energy|Solids,EJ/yr,1.49,1.402,0.8293,0.5258,0.3229,0.2201,0.1818,0.1385,0.1377,0.1366,0.1457
REMIND-MAgPIE 1.5,SSP5-Baseline,Countries from the Reforming Economies of the Former Soviet Union,Final Energy|Solids|Biomass,EJ/yr,0.238,0.231999999999999,0.1821,0.1166,0.0867,0.1162,0.0975,0.0713,0.0376,0.0037,0.0
REMIND-MAgPIE 1.5,SSP5-Baseline,Countries from the Reforming Economies of the Former Soviet Union,Final Energy|Solids|Coal,EJ/yr,1.252,1.17,0.6471,0.4092,0.2362,0.1039,0.0843,0.0672,0.1001,0.1328,0.1457
REMIND-MAgPIE 1.5,SSP5-Baseline,Countries from the Reforming Economies of the Former Soviet Union,Final Energy|Transportation,EJ/yr,2.457,2.648,3.121,3.997,4.845,5.7,6.343999999999999,6.51,6.597,6.138999999999999,5.572999999999999
REMIND-MAgPIE 1.5,SSP5-Baseline,Countries from the Reforming Economies of the Former Soviet Union,Final Energy|Transportation|Electricity,EJ/yr,0.2059,0.2062,0.2379,0.3285,0.4381,0.5056,0.5362,0.5805,0.6268,0.7254,0.9327
REMIND-MAgPIE 1.5,SSP5-Baseline,Countries from the Reforming Economies of the Former Soviet Union,Final Energy|Transportation|Hydrogen,EJ/yr,0.0,0.0,0.0,0.0,0.0,0.0002,0.0006,0.0005,0.003,0.0111,0.027
REMIND-MAgPIE 1.5,SSP5-Baseline,Countries from the Reforming Economies of the Former Soviet Union,Final Energy|Transportation|Liquids,EJ/yr,2.251,2.442,2.883,3.668999999999999,4.407,5.195,5.807,5.928999999999999,5.967000000000001,5.4030000000000005,4.614
REMIND-MAgPIE 1.5,SSP5-Baseline,Countries from the Reforming Economies of the Former Soviet Union,Population,million,143.8,143.0,142.0,140.7,139.9,138.1,134.8,129.6,121.8,112.2,101.7
REMIND-MAgPIE 1.5,SSP5-Baseline,Countries from the Reforming Economies of the Former Soviet Union,Primary Energy,EJ/yr,24.88,25.68,28.35,32.06,36.96,40.35,43.64,44.76,42.44,36.8,31.24
REMIND-MAgPIE 1.5,SSP5-Baseline,Countries from the Reforming Economies of the Former Soviet Union,Primary Energy|Biomass,EJ/yr,0.9286,1.147,1.185,1.253,1.291999999999999,1.309,1.337,1.361,1.394,1.462,1.871
REMIND-MAgPIE 1.5,SSP5-Baseline,Countries from the Reforming Economies of the Former Soviet Union,Primary Energy|Coal,EJ/yr,3.946,3.068,1.2819999999999991,0.8288000000000001,2.719,7.169,12.0,15.39,16.12,14.57,12.63
REMIND-MAgPIE 1.5,SSP5-Baseline,Countries from the Reforming Economies of the Former Soviet Union,Primary Energy|Fossil,EJ/yr,23.07,23.48,25.63,29.29,34.36,38.07,41.84,43.1,40.25,33.25,25.61
REMIND-MAgPIE 1.5,SSP5-Baseline,Countries from the Reforming Economies of the Former Soviet Union,Primary Energy|Gas,EJ/yr,14.03,15.4,18.8,22.22,26.67,27.15,27.47,26.88,23.68,18.11,12.46
REMIND-MAgPIE 1.5,SSP5-Baseline,Countries from the Reforming Economies of the Former Soviet Union,Primary Energy|Nuclear,EJ/yr,0.4126,0.5857,1.114,1.165,1.012,0.7431,0.2775,0.0001,0.0,0.0,0.0
REMIND-MAgPIE 1.5,SSP5-Baseline,Countries from the Reforming Economies of the Former Soviet Union,Primary Energy|Oil,EJ/yr,5.088999999999999,5.011,5.547999999999999,6.241000000000001,4.971,3.752,2.367,0.8303,0.4456,0.5711,0.5243
REMIND-MAgPIE 1.5,SSP5-Baseline,Countries from the Reforming Economies of the Former Soviet Union,Secondary Energy|Electricity,EJ/yr,2.609,3.014,4.38,5.491000000000001,6.362,6.741000000000001,6.649,6.725,6.596,6.302,6.352
REMIND-MAgPIE 1.5,SSP5-Baseline,Countries from the Reforming Economies of the Former Soviet Union,Secondary Energy|Electricity|Biomass,EJ/yr,0.0073,0.0114,0.0413,0.1198,0.2597,0.4623,0.5291,0.5514,0.5812,0.6267,0.8046000000000001
REMIND-MAgPIE 1.5,SSP5-Baseline,Countries from the Reforming Economies of the Former Soviet Union,Secondary Energy|Electricity|Biomass|w/ CCS,EJ/yr,0.0,0.0,0.0,0.0,0.0,0.0,0.0,0.0,0.0,0.0,0.0
REMIND-MAgPIE 1.5,SSP5-Baseline,Countries from the Reforming Economies of the Former Soviet Union,Secondary Energy|Electricity|Biomass|w/o CCS,EJ/yr,0.0073,0.0114,0.0413,0.1198,0.2597,0.4623,0.5291,0.5514,0.5812,0.6267,0.8046000000000001
REMIND-MAgPIE 1.5,SSP5-Baseline,Countries from the Reforming Economies of the Former Soviet Union,Secondary Energy|Electricity|Coal,EJ/yr,0.4405,0.3333,0.1179,0.0041,0.002,0.0004,0.0001,0.0001,0.0001,0.0012,0.0062
REMIND-MAgPIE 1.5,SSP5-Baseline,Countries from the Reforming Economies of the Former Soviet Union,Secondary Energy|Electricity|Coal|w/ CCS,EJ/yr,0.0,0.0,0.0,0.0,0.0,0.0,0.0,0.0,0.0,0.0,0.0
REMIND-MAgPIE 1.5,SSP5-Baseline,Countries from the Reforming Economies of the Former Soviet Union,Secondary Energy|Electricity|Coal|w/o CCS,EJ/yr,0.4405,0.3333,0.1179,0.0041,0.002,0.0004,0.0001,0.0001,0.0001,0.0012,0.0062
REMIND-MAgPIE 1.5,SSP5-Baseline,Countries from the Reforming Economies of the Former Soviet Union,Secondary Energy|Electricity|Gas,EJ/yr,1.267,1.558,2.586,3.768,4.796,5.311,5.656000000000001,5.877999999999999,5.211,3.586999999999999,1.78
REMIND-MAgPIE 1.5,SSP5-Baseline,Countries from the Reforming Economies of the Former Soviet Union,Secondary Energy|Electricity|Gas|w/ CCS,EJ/yr,0.0,0.0,0.0,0.0,0.0,0.0,0.0,0.0,0.0,0.0,0.0
REMIND-MAgPIE 1.5,SSP5-Baseline,Countries from the Reforming Economies of the Former Soviet Union,Secondary Energy|Electricity|Gas|w/o CCS,EJ/yr,1.267,1.558,2.586,3.768,4.796,5.311,5.656000000000001,5.877999999999999,5.211,3.586999999999999,1.78
REMIND-MAgPIE 1.5,SSP5-Baseline,Countries from the Reforming Economies of the Former Soviet Union,Secondary Energy|Electricity|Geothermal,EJ/yr,0.0011,0.0017,0.0016,0.0011,0.0001,0.0,0.0,0.0085,0.0422,0.0835,0.111999999999999
REMIND-MAgPIE 1.5,SSP5-Baseline,Countries from the Reforming Economies of the Former Soviet Union,Secondary Energy|Electricity|Hydro,EJ/yr,0.4767,0.4711,0.4085,0.3458,0.2834,0.2219,0.1747,0.2095,0.4928,1.368,2.64
REMIND-MAgPIE 1.5,SSP5-Baseline,Countries from the Reforming Economies of the Former Soviet Union,Secondary Energy|Electricity|Non-Biomass Renewables,EJ/yr,0.4779,0.473,0.4208,0.3574,0.2919,0.223999999999999,0.1864,0.2954,0.8038000000000001,2.086,3.761
REMIND-MAgPIE 1.5,SSP5-Baseline,Countries from the Reforming Economies of the Former Soviet Union,Secondary Energy|Electricity|Nuclear,EJ/yr,0.4126,0.5857,1.114,1.165,1.012,0.7431,0.2775,0.0001,0.0,0.0,0.0
REMIND-MAgPIE 1.5,SSP5-Baseline,Countries from the Reforming Economies of the Former Soviet Union,Secondary Energy|Electricity|Oil,EJ/yr,0.0032,0.0527,0.0996,0.078,0.0,0.0,0.0,0.0,0.0,0.0,0.0
REMIND-MAgPIE 1.5,SSP5-Baseline,Countries from the Reforming Economies of the Former Soviet Union,Secondary Energy|Electricity|Solar,EJ/yr,0.0,0.0,0.0104,0.01,0.0078,0.0014,0.0007,0.0007,0.0007,0.0157,0.0897
REMIND-MAgPIE 1.5,SSP5-Baseline,Countries from the Reforming Economies of the Former Soviet Union,Secondary Energy|Electricity|Wind,EJ/yr,0.0,0.0002,0.0004,0.0005,0.0006,0.0007,0.0109,0.0766,0.2681,0.6187,0.9199
REMIND-MAgPIE 1.5,SSP5-Baseline,Countries from the Reforming Economies of the Former Soviet Union,Secondary Energy|Hydrogen,EJ/yr,0.0315,0.0359,0.0345,0.0438,0.068,0.0902,0.1054,0.1214,0.1396,0.146,0.1787
REMIND-MAgPIE 1.5,SSP5-Baseline,Countries of the Middle East and Africa,Capacity|Electricity,GW,309.52,356.84,486.97,753.5,1264.1,1916.0,2696.0,3565.0,4652.0,6255.0,8194.0
REMIND-MAgPIE 1.5,SSP5-Baseline,Countries of the Middle East and Africa,Capacity|Electricity|Biomass,GW,0.0,0.001,0.003,0.004,1.729,17.7221,61.4274,115.898,177.885,233.993,252.802
REMIND-MAgPIE 1.5,SSP5-Baseline,Countries of the Middle East and Africa,Capacity|Electricity|Coal,GW,18.0343,17.387,10.948,15.862,65.9023,230.7199,517.3031,785.441,944.924,996.8,992.28
REMIND-MAgPIE 1.5,SSP5-Baseline,Countries of the Middle East and Africa,Capacity|Electricity|Gas,GW,158.936,216.61,373.52,658.8,1105.0,1474.2,1671.3,1727.4,1685.1,1487.6,1052.5
REMIND-MAgPIE 1.5,SSP5-Baseline,Countries of the Middle East and Africa,Capacity|Electricity|Hydro,GW,39.69,43.25,38.87,35.14,38.14,69.2,158.98,306.39,463.27,582.9,673.8
REMIND-MAgPIE 1.5,SSP5-Baseline,Countries of the Middle East and Africa,Capacity|Electricity|Nuclear,GW,0.4151,1.5235,13.171,18.831,17.797,14.7338,8.1965,2.6364,7.1441,16.285,30.092
REMIND-MAgPIE 1.5,SSP5-Baseline,Countries of the Middle East and Africa,Capacity|Electricity|Solar,GW,0.0029,0.88,12.43,11.876,8.95,2.064,16.196,111.64,494.33,1490.9,3120.3
REMIND-MAgPIE 1.5,SSP5-Baseline,Countries of the Middle East and Africa,Capacity|Electricity|Wind,GW,0.321,1.02,1.7567,4.7473,25.2005,103.764,257.74,508.9,871.2,1438.7,2065.0
REMIND-MAgPIE 1.5,SSP5-Baseline,Countries of the Middle East and Africa,Emissions|CH4,Mt CH4/yr,55.5653,66.8308,95.3725,146.0693,208.692,260.3282,284.8101,294.2143,286.9564,261.6951,230.8047
REMIND-MAgPIE 1.5,SSP5-Baseline,Countries of the Middle East and Africa,Emissions|CH4|Energy,Mt CH4/yr,23.834,30.237,45.474,66.089,88.99,91.41,92.9,93.18,86.02,77.683,72.969
REMIND-MAgPIE 1.5,SSP5-Baseline,Countries of the Middle East and Africa,Emissions|CO2,Mt CO2/yr,3426.4845,4032.9058,5693.0235,10656.2772,13547.2629,16365.5677,19921.4952,25189.7708,30349.8681,33219.9332,34240.2449
REMIND-MAgPIE 1.5,SSP5-Baseline,Countries of the Middle East and Africa,Emissions|CO2|AFOLU,Mt CO2/yr,1066.5935,966.0148,666.9735,3953.3372,3933.1129,2610.5177,614.3202,120.3938,145.9311,9.4638,-560.7851
REMIND-MAgPIE 1.5,SSP5-Baseline,Countries of the Middle East and Africa,Emissions|CO2|Energy and Industrial Processes,Mt CO2/yr,2360.7,3067.2,5026.6,6703.0,9615.0,13755.0,19310.0,25060.0,30200.0,33210.0,34800.0
REMIND-MAgPIE 1.5,SSP5-Baseline,Countries of the Middle East and Africa,Emissions|CO2|Energy|Supply|Electricity,Mt CO2/yr,760.21,867.79,1080.4,1531.7,2433.0,3691.0,5152.0,6293.0,6819.0,6636.0,5844.0
REMIND-MAgPIE 1.5,SSP5-Baseline,Countries of the Middle East and Africa,Final Energy,EJ/yr,35.66,44.52,69.23,86.82,115.99,150.18,181.26,213.45,243.12,260.57,277.91
REMIND-MAgPIE 1.5,SSP5-Baseline,Countries of the Middle East and Africa,Final Energy|Electricity,EJ/yr,3.208999999999999,4.0705,6.726,11.656,20.632,32.89,45.62,57.52,69.32,81.94,93.89
REMIND-MAgPIE 1.5,SSP5-Baseline,Countries of the Middle East and Africa,Final Energy|Gases,EJ/yr,6.6415,8.885,11.2518,15.975,26.149,30.776,37.48,46.08,49.66,52.21,61.89
REMIND-MAgPIE 1.5,SSP5-Baseline,Countries of the Middle East and Africa,Final Energy|Heat,EJ/yr,0.1495,0.1512,0.1329,0.2007,0.5644,1.3803,1.8362,2.154,2.385,2.5144,2.5215
REMIND-MAgPIE 1.5,SSP5-Baseline,Countries of the Middle East and Africa,Final Energy|Hydrogen,EJ/yr,0.063,0.0752,0.1315,0.33,0.7793,1.8573,2.9346,3.606,3.9951,3.8537,3.4421
REMIND-MAgPIE 1.5,SSP5-Baseline,Countries of the Middle East and Africa,Final Energy|Liquids,EJ/yr,12.528,17.103,34.569,42.84,53.66,72.1,84.94,97.92,113.07,117.33,114.74
REMIND-MAgPIE 1.5,SSP5-Baseline,Countries of the Middle East and Africa,Final Energy|Solids,EJ/yr,13.0709,14.2425,16.437,15.8196,14.2079,11.1766,8.4555,6.1666,4.7155000000000005,2.7026,1.4111
REMIND-MAgPIE 1.5,SSP5-Baseline,Countries of the Middle East and Africa,Final Energy|Solids|Biomass,EJ/yr,12.7795,13.3083,13.3822,9.9183,5.9957,4.4819,4.0145,3.296,2.3573,1.3508,0.5690000000000001
REMIND-MAgPIE 1.5,SSP5-Baseline,Countries of the Middle East and Africa,Final Energy|Solids|Coal,EJ/yr,0.2963,0.9385,3.0508,5.9063,8.2081,6.6957,4.441,2.8705,2.3573,1.3518,0.8423
REMIND-MAgPIE 1.5,SSP5-Baseline,Countries of the Middle East and Africa,Final Energy|Transportation,EJ/yr,7.592000000000001,10.586,21.886,28.184,34.188,44.17,56.47,67.62,82.42,89.55,97.49
REMIND-MAgPIE 1.5,SSP5-Baseline,Countries of the Middle East and Africa,Final Energy|Transportation|Electricity,EJ/yr,0.0154,0.0218,0.0596,0.1255,0.2204,0.3316,0.4521,0.6731,1.2509,2.6717,5.529
REMIND-MAgPIE 1.5,SSP5-Baseline,Countries of the Middle East and Africa,Final Energy|Transportation|Hydrogen,EJ/yr,0.0,0.0,0.0,0.0,0.0,0.0018,0.0041,0.0063,0.0321,0.1184,0.3187
REMIND-MAgPIE 1.5,SSP5-Baseline,Countries of the Middle East and Africa,Final Energy|Transportation|Liquids,EJ/yr,7.577000000000001,10.564,21.826,28.064,33.967,43.83,56.02,66.94,81.14,86.76,91.63
REMIND-MAgPIE 1.5,SSP5-Baseline,Countries of the Middle East and Africa,Population,million,1126.9,1264.3,1522.3,1751.3,1950.1,2098.6,2193.0,2241.1,2243.2,2204.4,2129.1
REMIND-MAgPIE 1.5,SSP5-Baseline,Countries of the Middle East and Africa,Primary Energy,EJ/yr,49.52,61.2,91.1,113.19,152.23,204.15,267.9,335.4,398.2,441.1,473.2
REMIND-MAgPIE 1.5,SSP5-Baseline,Countries of the Middle East and Africa,Primary Energy|Biomass,EJ/yr,13.526,14.384,14.498,10.958,7.013,6.284,7.74,9.257,10.771,12.28,13.226
REMIND-MAgPIE 1.5,SSP5-Baseline,Countries of the Middle East and Africa,Primary Energy|Coal,EJ/yr,1.776,2.2903,3.9574,7.6526,17.174,43.49,94.5,151.08,206.76,251.59,280.59
REMIND-MAgPIE 1.5,SSP5-Baseline,Countries of the Middle East and Africa,Primary Energy|Fossil,EJ/yr,35.35800000000001,46.069,75.55,101.06,143.82,195.3,255.2,316.5,369.2,395.6,405.7
REMIND-MAgPIE 1.5,SSP5-Baseline,Countries of the Middle East and Africa,Primary Energy|Gas,EJ/yr,15.0403,20.4509,29.631,44.371,68.48,82.6,94.47,105.11,107.38,103.75,100.56
REMIND-MAgPIE 1.5,SSP5-Baseline,Countries of the Middle East and Africa,Primary Energy|Nuclear,EJ/yr,0.0105,0.0384,0.3322,0.475,0.4489,0.3718,0.2068,0.0665,0.1802,0.4109,0.7593000000000001
REMIND-MAgPIE 1.5,SSP5-Baseline,Countries of the Middle East and Africa,Primary Energy|Oil,EJ/yr,18.535,23.333,41.962,49.04,58.16,69.23,66.23,60.23,55.11,40.24,24.54
REMIND-MAgPIE 1.5,SSP5-Baseline,Countries of the Middle East and Africa,Secondary Energy|Electricity,EJ/yr,4.4386,5.5306,8.578,14.085,23.877,36.16,49.9,62.85,75.45,88.87,101.92
REMIND-MAgPIE 1.5,SSP5-Baseline,Countries of the Middle East and Africa,Secondary Energy|Electricity|Biomass,EJ/yr,0.0,0.0,0.0,0.0003,0.0371,0.3105,0.9777,1.7909000000000002,2.7179,3.578999999999999,3.9274
REMIND-MAgPIE 1.5,SSP5-Baseline,Countries of the Middle East and Africa,Secondary Energy|Electricity|Biomass|w/ CCS,EJ/yr,0.0,0.0,0.0,0.0,0.0,0.0,0.0,0.0,0.0,0.0,0.0
REMIND-MAgPIE 1.5,SSP5-Baseline,Countries of the Middle East and Africa,Secondary Energy|Electricity|Biomass|w/o CCS,EJ/yr,0.0,0.0,0.0,0.0003,0.0371,0.3105,0.9777,1.7909000000000002,2.7179,3.578999999999999,3.9274
REMIND-MAgPIE 1.5,SSP5-Baseline,Countries of the Middle East and Africa,Secondary Energy|Electricity|Coal,EJ/yr,0.4146,0.4008,0.2508,0.3615,1.533,5.4585,12.3301,18.7503,22.5981,23.864,23.748
REMIND-MAgPIE 1.5,SSP5-Baseline,Countries of the Middle East and Africa,Secondary Energy|Electricity|Coal|w/ CCS,EJ/yr,0.0,0.0,0.0,0.0,0.0,0.0,0.0,0.0,0.0,0.0,0.0
REMIND-MAgPIE 1.5,SSP5-Baseline,Countries of the Middle East and Africa,Secondary Energy|Electricity|Coal|w/o CCS,EJ/yr,0.4146,0.4008,0.2508,0.3615,1.533,5.4585,12.3301,18.7503,22.5981,23.864,23.748
REMIND-MAgPIE 1.5,SSP5-Baseline,Countries of the Middle East and Africa,Secondary Energy|Electricity|Gas,EJ/yr,2.2206,3.4332000000000003,6.818,12.451,20.908,27.893,31.63,32.68,31.89,28.132,19.898
REMIND-MAgPIE 1.5,SSP5-Baseline,Countries of the Middle East and Africa,Secondary Energy|Electricity|Gas|w/ CCS,EJ/yr,0.0,0.0,0.0,0.0,0.0,0.0,0.0,0.0,0.0,0.0,0.0
REMIND-MAgPIE 1.5,SSP5-Baseline,Countries of the Middle East and Africa,Secondary Energy|Electricity|Gas|w/o CCS,EJ/yr,2.2206,3.4332000000000003,6.818,12.451,20.908,27.893,31.63,32.68,31.89,28.132,19.898
REMIND-MAgPIE 1.5,SSP5-Baseline,Countries of the Middle East and Africa,Secondary Energy|Electricity|Geothermal,EJ/yr,0.0033,0.0051,0.0048,0.0069,0.0393,0.1025,0.1413,0.19,0.223999999999999,0.223999999999999,0.223999999999999
REMIND-MAgPIE 1.5,SSP5-Baseline,Countries of the Middle East and Africa,Secondary Energy|Electricity|Hydro,EJ/yr,0.6255000000000001,0.6792,0.6171,0.5642,0.6067,1.0475,2.1653,3.8613,5.707999999999998,6.774,7.556
REMIND-MAgPIE 1.5,SSP5-Baseline,Countries of the Middle East and Africa,Secondary Energy|Electricity|Non-Biomass Renewables,EJ/yr,0.6319,0.7001000000000001,0.721,0.6959000000000001,0.9518,2.1295,4.766,9.565,18.074,32.88800000000001,53.59
REMIND-MAgPIE 1.5,SSP5-Baseline,Countries of the Middle East and Africa,Secondary Energy|Electricity|Nuclear,EJ/yr,0.0105,0.0384,0.3322,0.475,0.4489,0.3718,0.2068,0.0665,0.1802,0.4109,0.7593000000000001
REMIND-MAgPIE 1.5,SSP5-Baseline,Countries of the Middle East and Africa,Secondary Energy|Electricity|Oil,EJ/yr,1.1609,0.9582,0.4563,0.100999999999999,0.0,0.0,0.0,0.0,0.0,0.0,0.0
REMIND-MAgPIE 1.5,SSP5-Baseline,Countries of the Middle East and Africa,Secondary Energy|Electricity|Solar,EJ/yr,0.0,0.0059,0.0818,0.0784,0.0594,0.0208,0.1819,1.228,5.3286,15.711,32.336
REMIND-MAgPIE 1.5,SSP5-Baseline,Countries of the Middle East and Africa,Secondary Energy|Electricity|Wind,EJ/yr,0.0031,0.0098,0.0171,0.0464,0.2464,0.9584,2.2772,4.286,6.816,10.177,13.469
REMIND-MAgPIE 1.5,SSP5-Baseline,Countries of the Middle East and Africa,Secondary Energy|Hydrogen,EJ/yr,0.063,0.0752,0.1315,0.33,0.7793,1.8573,2.9346,3.606,3.9951,3.8537,3.4421
REMIND-MAgPIE 1.5,SSP5-Baseline,Latin American countries,Capacity|Electricity,GW,266.5,302.5,431.0,560.0,722.5,911.0,1084.0,1289.0,1575.0,1969.0,2335.0
REMIND-MAgPIE 1.5,SSP5-Baseline,Latin American countries,Capacity|Electricity|Biomass,GW,0.0,0.2575,1.490999999999999,1.989,4.662,9.854,12.28,16.39,24.8,30.16,28.23
REMIND-MAgPIE 1.5,SSP5-Baseline,Latin American countries,Capacity|Electricity|Coal,GW,8.836,12.14,38.3,98.37,179.4,267.0,330.0,353.7,351.6,326.0,278.9
REMIND-MAgPIE 1.5,SSP5-Baseline,Latin American countries,Capacity|Electricity|Gas,GW,57.75,85.09,193.4,269.1,323.2,341.6,306.9,265.5,209.4,140.0,75.33
REMIND-MAgPIE 1.5,SSP5-Baseline,Latin American countries,Capacity|Electricity|Hydro,GW,146.3,156.6,153.8,142.2,138.2,164.4,241.0,351.7,467.3,518.2,518.2
REMIND-MAgPIE 1.5,SSP5-Baseline,Latin American countries,Capacity|Electricity|Nuclear,GW,4.078,4.263999999999999,5.074,4.273,3.341,2.295,0.9142,0.3554,1.005,2.334,3.972
REMIND-MAgPIE 1.5,SSP5-Baseline,Latin American countries,Capacity|Electricity|Solar,GW,0.0202,0.41,5.237,5.004,3.768,0.5337000000000001,2.599,24.27,114.7,334.4,634.5
REMIND-MAgPIE 1.5,SSP5-Baseline,Latin American countries,Capacity|Electricity|Wind,GW,0.1479,2.0,12.83,32.62,67.16,121.5,186.8,273.5,402.7,613.5,792.3
REMIND-MAgPIE 1.5,SSP5-Baseline,Latin American countries,Emissions|CH4,Mt CH4/yr,42.4399,49.595,61.6158,68.555,67.4321,51.5467,46.8339,43.4124,39.0066,31.8864,28.0544
REMIND-MAgPIE 1.5,SSP5-Baseline,Latin American countries,Emissions|CH4|Energy,Mt CH4/yr,7.811,10.32,12.08,12.12,14.61,14.78,14.51,14.92,14.44,11.27,10.25
REMIND-MAgPIE 1.5,SSP5-Baseline,Latin American countries,Emissions|CO2,Mt CO2/yr,2106.9731,2773.8912,5890.661999999998,4589.2934,4327.1115,5051.0951,5593.1797,6356.142,6793.0477,6595.1229,6340.8089
REMIND-MAgPIE 1.5,SSP5-Baseline,Latin American countries,Emissions|CO2|AFOLU,Mt CO2/yr,623.5731,1146.8912,3684.662,1411.2934,103.2115,-124.8049,-388.2203,-267.058,-116.8523,-133.2771,-146.7911
REMIND-MAgPIE 1.5,SSP5-Baseline,Latin American countries,Emissions|CO2|Energy and Industrial Processes,Mt CO2/yr,1483.0,1627.0,2206.0,3178.0,4224.0,5176.0,5982.0,6624.0,6910.0,6728.0,6487.0
REMIND-MAgPIE 1.5,SSP5-Baseline,Latin American countries,Emissions|CO2|Energy|Supply|Electricity,Mt CO2/yr,282.6,345.3,661.7,1054.0,1484.0,1858.0,2012.0,1989.0,1844.0,1594.0,1277.0
REMIND-MAgPIE 1.5,SSP5-Baseline,Latin American countries,Final Energy,EJ/yr,21.4,23.57,31.13,39.72,48.78,58.64,65.86,72.89,77.44,76.11,77.07
REMIND-MAgPIE 1.5,SSP5-Baseline,Latin American countries,Final Energy|Electricity,EJ/yr,3.259,3.841,6.202999999999999,8.887,12.06,15.65,17.95,19.58,21.5,23.65,25.01
REMIND-MAgPIE 1.5,SSP5-Baseline,Latin American countries,Final Energy|Gases,EJ/yr,2.983,4.056,6.218999999999999,6.547999999999999,9.376,12.75,15.74,20.55,23.12,22.28,25.51
REMIND-MAgPIE 1.5,SSP5-Baseline,Latin American countries,Final Energy|Heat,EJ/yr,0.0003,0.0012,0.0122,0.0217,0.0491,0.1088,0.125,0.1627,0.2462,0.3081,0.3378
REMIND-MAgPIE 1.5,SSP5-Baseline,Latin American countries,Final Energy|Hydrogen,EJ/yr,0.0315,0.0347,0.0366,0.0574,0.0932,0.1495,0.1912,0.2234,0.2945,0.3826,0.4807
REMIND-MAgPIE 1.5,SSP5-Baseline,Latin American countries,Final Energy|Liquids,EJ/yr,10.34,10.42,13.5,20.45,24.84,28.43,30.74,31.42,31.42,28.58,24.94
REMIND-MAgPIE 1.5,SSP5-Baseline,Latin American countries,Final Energy|Solids,EJ/yr,4.7780000000000005,5.221,5.157,3.761,2.364,1.553,1.117,0.9546,0.8599,0.9019,0.7937000000000001
REMIND-MAgPIE 1.5,SSP5-Baseline,Latin American countries,Final Energy|Solids|Biomass,EJ/yr,4.312,4.53,4.671,3.435,2.055,1.25,0.7951,0.5507000000000001,0.43,0.451,0.3969
REMIND-MAgPIE 1.5,SSP5-Baseline,Latin American countries,Final Energy|Solids|Coal,EJ/yr,0.4663,0.6910000000000001,0.4858,0.3257,0.3093,0.3032,0.322,0.4039,0.43,0.451,0.3969
REMIND-MAgPIE 1.5,SSP5-Baseline,Latin American countries,Final Energy|Transportation,EJ/yr,6.874,7.677,9.88,12.99,16.66,20.23,23.46,25.82,28.0,26.71,25.52
REMIND-MAgPIE 1.5,SSP5-Baseline,Latin American countries,Final Energy|Transportation|Electricity,EJ/yr,0.0132,0.0134,0.018,0.0288,0.0449,0.069,0.1179,0.2498,0.6041000000000001,1.371999999999999,2.764
REMIND-MAgPIE 1.5,SSP5-Baseline,Latin American countries,Final Energy|Transportation|Hydrogen,EJ/yr,0.0,0.0,0.0,0.0,0.0,0.0009,0.002,0.0022,0.0138,0.0512,0.1309
REMIND-MAgPIE 1.5,SSP5-Baseline,Latin American countries,Final Energy|Transportation|Liquids,EJ/yr,6.861000000000002,7.664,9.862,12.97,16.61,20.16,23.34,25.57,27.39,25.29,22.63
REMIND-MAgPIE 1.5,SSP5-Baseline,Latin American countries,Population,million,552.7,585.8,632.5,656.5,663.0,652.4,627.3,593.3,553.2,506.1,451.9
REMIND-MAgPIE 1.5,SSP5-Baseline,Latin American countries,Primary Energy,EJ/yr,28.84,31.87,43.24,54.52,65.78,78.03,87.83,97.2,103.5,103.0,106.9
REMIND-MAgPIE 1.5,SSP5-Baseline,Latin American countries,Primary Energy|Biomass,EJ/yr,4.678999999999999,5.215,7.491,5.735,3.09,3.598,4.036,4.442,4.853,5.268,5.695
REMIND-MAgPIE 1.5,SSP5-Baseline,Latin American countries,Primary Energy|Coal,EJ/yr,1.078,1.490999999999999,2.7,5.651,9.771,14.63,19.02,22.27,25.43,28.85,33.83
REMIND-MAgPIE 1.5,SSP5-Baseline,Latin American countries,Primary Energy|Fossil,EJ/yr,21.6,23.89,32.87,45.88,59.53,70.38,78.1,84.97,87.73,82.73,82.23
REMIND-MAgPIE 1.5,SSP5-Baseline,Latin American countries,Primary Energy|Gas,EJ/yr,6.0,8.459,15.04,17.58,22.03,25.6,27.53,31.78,33.08,30.02,31.93
REMIND-MAgPIE 1.5,SSP5-Baseline,Latin American countries,Primary Energy|Nuclear,EJ/yr,0.1029,0.1076,0.128,0.1078,0.0843,0.0579,0.0231,0.009,0.0253,0.0589,0.1002
REMIND-MAgPIE 1.5,SSP5-Baseline,Latin American countries,Primary Energy|Oil,EJ/yr,14.52,13.94,15.12,22.65,27.73,30.15,31.55,30.93,29.22,23.86,16.48
REMIND-MAgPIE 1.5,SSP5-Baseline,Latin American countries,Secondary Energy|Electricity,EJ/yr,4.156000000000001,4.922,7.626,10.4,13.63,17.11,19.68,21.64,23.78,26.01,27.62
REMIND-MAgPIE 1.5,SSP5-Baseline,Latin American countries,Secondary Energy|Electricity|Biomass,EJ/yr,0.0,0.0037,0.0216,0.0302,0.1007,0.2646,0.3567,0.4486,0.5863,0.6775,0.6848000000000001
REMIND-MAgPIE 1.5,SSP5-Baseline,Latin American countries,Secondary Energy|Electricity|Biomass|w/ CCS,EJ/yr,0.0,0.0,0.0,0.0,0.0,0.0,0.0,0.0,0.0,0.0,0.0
REMIND-MAgPIE 1.5,SSP5-Baseline,Latin American countries,Secondary Energy|Electricity|Biomass|w/o CCS,EJ/yr,0.0,0.0037,0.0216,0.0302,0.1007,0.2646,0.3567,0.4486,0.5863,0.6775,0.6848000000000001
REMIND-MAgPIE 1.5,SSP5-Baseline,Latin American countries,Secondary Energy|Electricity|Coal,EJ/yr,0.2098,0.2873,0.905,2.328,4.248,6.326000000000001,7.819,8.384,8.34,7.742000000000001,6.636
REMIND-MAgPIE 1.5,SSP5-Baseline,Latin American countries,Secondary Energy|Electricity|Coal|w/ CCS,EJ/yr,0.0,0.0,0.0,0.0,0.0,0.0,0.0,0.0,0.0,0.0,0.0
REMIND-MAgPIE 1.5,SSP5-Baseline,Latin American countries,Secondary Energy|Electricity|Coal|w/o CCS,EJ/yr,0.2098,0.2873,0.905,2.328,4.248,6.326000000000001,7.819,8.384,8.34,7.742000000000001,6.636
REMIND-MAgPIE 1.5,SSP5-Baseline,Latin American countries,Secondary Energy|Electricity|Gas,EJ/yr,0.7805000000000001,1.361999999999999,3.576,5.091,6.115,6.462999999999999,5.807,5.024,3.961999999999999,2.65,1.425
REMIND-MAgPIE 1.5,SSP5-Baseline,Latin American countries,Secondary Energy|Electricity|Gas|w/ CCS,EJ/yr,0.0,0.0,0.0,0.0,0.0,0.0,0.0,0.0,0.0,0.0,0.0
REMIND-MAgPIE 1.5,SSP5-Baseline,Latin American countries,Secondary Energy|Electricity|Gas|w/o CCS,EJ/yr,0.7805000000000001,1.361999999999999,3.576,5.091,6.115,6.462999999999999,5.807,5.024,3.961999999999999,2.65,1.425
REMIND-MAgPIE 1.5,SSP5-Baseline,Latin American countries,Secondary Energy|Electricity|Geothermal,EJ/yr,0.0365,0.0555,0.0546,0.0648,0.0794,0.1097,0.111999999999999,0.111999999999999,0.111999999999999,0.111999999999999,0.111999999999999
REMIND-MAgPIE 1.5,SSP5-Baseline,Latin American countries,Secondary Energy|Electricity|Hydro,EJ/yr,2.418,2.582,2.542,2.378,2.322,2.692,3.78,5.002,6.2780000000000005,6.84,6.84
REMIND-MAgPIE 1.5,SSP5-Baseline,Latin American countries,Secondary Energy|Electricity|Non-Biomass Renewables,EJ/yr,2.456,2.66,2.756999999999999,2.793999999999999,3.083,3.995,5.671,7.775,10.87,14.89,18.77
REMIND-MAgPIE 1.5,SSP5-Baseline,Latin American countries,Secondary Energy|Electricity|Nuclear,EJ/yr,0.1029,0.1076,0.128,0.1078,0.0843,0.0579,0.0231,0.009,0.0253,0.0589,0.1002
REMIND-MAgPIE 1.5,SSP5-Baseline,Latin American countries,Secondary Energy|Electricity|Oil,EJ/yr,0.6074,0.5014000000000001,0.2388,0.0529,0.0,0.0,0.0,0.0,0.0,0.0,0.0
REMIND-MAgPIE 1.5,SSP5-Baseline,Latin American countries,Secondary Energy|Electricity|Solar,EJ/yr,0.0001,0.0027,0.0344,0.0331,0.0253,0.0046,0.0248,0.2249,1.074,3.24,6.092000000000001
REMIND-MAgPIE 1.5,SSP5-Baseline,Latin American countries,Secondary Energy|Electricity|Wind,EJ/yr,0.0014,0.0196,0.1254,0.3189,0.6566000000000001,1.188,1.754,2.436,3.406,4.693000000000001,5.729
REMIND-MAgPIE 1.5,SSP5-Baseline,Latin American countries,Secondary Energy|Hydrogen,EJ/yr,0.0315,0.0347,0.0366,0.0574,0.0932,0.1495,0.1912,0.2234,0.2945,0.3826,0.4807
REMIND-MAgPIE 1.5,SSP5-Baseline,OECD90 and EU (and EU candidate) countries,Capacity|Electricity,GW,2004.7,2089.7,2384.7,2626.2,3133.0,3841.3,4547.6,5468.0,6929.3,9147.0,11753.1
REMIND-MAgPIE 1.5,SSP5-Baseline,OECD90 and EU (and EU candidate) countries,Capacity|Electricity|Biomass,GW,23.3949,32.9655,34.5485,37.358,58.9539,89.8062,109.006,112.306,115.5061,140.006,196.7061
REMIND-MAgPIE 1.5,SSP5-Baseline,OECD90 and EU (and EU candidate) countries,Capacity|Electricity|Coal,GW,649.41,576.53,511.32,571.91,769.41,1015.461,1300.042,1645.466,1978.4,2200.52,2286.8
REMIND-MAgPIE 1.5,SSP5-Baseline,OECD90 and EU (and EU candidate) countries,Capacity|Electricity|Gas,GW,507.31,556.44,773.17,1130.07,1657.0,2116.7,2271.6,2294.1,2311.2,2224.0,1900.0
REMIND-MAgPIE 1.5,SSP5-Baseline,OECD90 and EU (and EU candidate) countries,Capacity|Electricity|Hydro,GW,327.86,323.68,280.91,235.07,199.07,197.35,261.68,397.29,545.83,627.84,667.34
REMIND-MAgPIE 1.5,SSP5-Baseline,OECD90 and EU (and EU candidate) countries,Capacity|Electricity|Nuclear,GW,342.22,333.03,305.95,244.91,182.04,126.56,69.28,26.556,43.4043,97.7633,202.7236
REMIND-MAgPIE 1.5,SSP5-Baseline,OECD90 and EU (and EU candidate) countries,Capacity|Electricity|Solar,GW,1.0184,35.59,167.822,157.007,108.628,10.6633,5.8652,70.7279,398.81,1339.93,2959.68
REMIND-MAgPIE 1.5,SSP5-Baseline,OECD90 and EU (and EU candidate) countries,Capacity|Electricity|Wind,GW,36.6196,132.3,260.967,233.892,149.572,272.71,515.57,905.79,1521.54,2501.08,3523.2
REMIND-MAgPIE 1.5,SSP5-Baseline,OECD90 and EU (and EU candidate) countries,Emissions|CH4,Mt CH4/yr,76.2,76.6609,70.4551,79.6535,96.2573,112.6214,119.693,118.1425,118.9023,127.9462,133.9165
REMIND-MAgPIE 1.5,SSP5-Baseline,OECD90 and EU (and EU candidate) countries,Emissions|CH4|Energy,Mt CH4/yr,27.6552,26.878,20.0178,23.6237,36.0319,47.7373,52.2725,48.9644,48.5379,56.89,47.576
REMIND-MAgPIE 1.5,SSP5-Baseline,OECD90 and EU (and EU candidate) countries,Emissions|CO2,Mt CO2/yr,15759.0006,14090.8955,13936.9611,16862.5427,20633.0125,25110.0071,30886.9901,35239.0003,38564.0391,38841.0374,38456.003
REMIND-MAgPIE 1.5,SSP5-Baseline,OECD90 and EU (and EU candidate) countries,Emissions|CO2|AFOLU,Mt CO2/yr,1220.0306,574.3955,-13.0174,-70.9447,-74.7625,-50.9015,-20.8899,-24.6547,-38.5209,-66.0586,-117.817
REMIND-MAgPIE 1.5,SSP5-Baseline,OECD90 and EU (and EU candidate) countries,Emissions|CO2|Energy and Industrial Processes,Mt CO2/yr,14538.0,13517.0,13951.0,16933.0,20709.0,25171.0,30915.0,35268.0,38600.0,38903.0,38570.0
REMIND-MAgPIE 1.5,SSP5-Baseline,OECD90 and EU (and EU candidate) countries,Emissions|CO2|Energy|Supply|Electricity,Mt CO2/yr,5198.4,4761.7,4597.9,5277.2,6912.1,8623.6,9961.6,11203.0,12372.0,12967.0,12664.3
REMIND-MAgPIE 1.5,SSP5-Baseline,OECD90 and EU (and EU candidate) countries,Final Energy,EJ/yr,161.72,156.6,173.02,207.53,240.94,270.87,306.1,337.81,377.73,403.84,421.24
REMIND-MAgPIE 1.5,SSP5-Baseline,OECD90 and EU (and EU candidate) countries,Final Energy|Electricity,EJ/yr,31.841,32.526,36.57,42.57,54.002,68.49,79.218,90.973,106.66,123.991,139.079
REMIND-MAgPIE 1.5,SSP5-Baseline,OECD90 and EU (and EU candidate) countries,Final Energy|Gases,EJ/yr,32.01300000000001,30.251,29.94400000000001,34.582,49.705,60.26600000000001,69.456,82.124,93.862,102.778,111.929
REMIND-MAgPIE 1.5,SSP5-Baseline,OECD90 and EU (and EU candidate) countries,Final Energy|Heat,EJ/yr,4.0226,3.9464,4.1616,5.0407,6.9354,9.0163,10.1797,9.9409,9.2399,10.1122,12.0363
REMIND-MAgPIE 1.5,SSP5-Baseline,OECD90 and EU (and EU candidate) countries,Final Energy|Hydrogen,EJ/yr,0.126,0.1405,0.129,0.1755,0.2516,0.3846,0.5544,0.8305,1.3956,2.366,3.9091
REMIND-MAgPIE 1.5,SSP5-Baseline,OECD90 and EU (and EU candidate) countries,Final Energy|Liquids,EJ/yr,76.544,73.779,91.409,117.75,122.991,126.708,141.561,149.101,162.02,160.218,149.681
REMIND-MAgPIE 1.5,SSP5-Baseline,OECD90 and EU (and EU candidate) countries,Final Energy|Solids,EJ/yr,17.174,15.957,10.805,7.4086,7.0965,6.0222,5.16,4.8526,4.5589,4.3906,4.5719
REMIND-MAgPIE 1.5,SSP5-Baseline,OECD90 and EU (and EU candidate) countries,Final Energy|Solids|Biomass,EJ/yr,7.6178,7.8062,7.2094,4.9964,4.3195,3.4298,2.7894,2.4912,2.2794,2.1953,2.2811
REMIND-MAgPIE 1.5,SSP5-Baseline,OECD90 and EU (and EU candidate) countries,Final Energy|Solids|Coal,EJ/yr,9.556,8.151,3.5957,2.4125,2.7774,2.5912,2.3703,2.3612,2.2794,2.1953,2.2906
REMIND-MAgPIE 1.5,SSP5-Baseline,OECD90 and EU (and EU candidate) countries,Final Energy|Transportation,EJ/yr,55.32899999999999,53.521,66.622,90.307,94.388,101.28,117.685,128.758,145.41,149.461,152.115
REMIND-MAgPIE 1.5,SSP5-Baseline,OECD90 and EU (and EU candidate) countries,Final Energy|Transportation|Electricity,EJ/yr,0.4482,0.4561,0.5833,0.8974000000000001,1.0767,1.3503,2.2501,4.223,8.0686,13.462,20.619
REMIND-MAgPIE 1.5,SSP5-Baseline,OECD90 and EU (and EU candidate) countries,Final Energy|Transportation|Hydrogen,EJ/yr,0.0,0.0,0.0,0.0037,0.0103,0.0087,0.0107,0.0227,0.1322,0.4939,1.3865
REMIND-MAgPIE 1.5,SSP5-Baseline,OECD90 and EU (and EU candidate) countries,Final Energy|Transportation|Liquids,EJ/yr,54.881,53.057,66.044,89.4,93.29,99.914,115.433,124.515,137.219,135.494,130.11
REMIND-MAgPIE 1.5,SSP5-Baseline,OECD90 and EU (and EU candidate) countries,Population,million,1187.3,1220.0,1295.5,1385.6,1477.4,1573.6,1672.8,1761.0,1833.6,1885.3,1916.1
REMIND-MAgPIE 1.5,SSP5-Baseline,OECD90 and EU (and EU candidate) countries,Primary Energy,EJ/yr,225.59,215.42,231.11,270.66,316.96,367.59,430.92,483.79,535.26,559.47,577.16
REMIND-MAgPIE 1.5,SSP5-Baseline,OECD90 and EU (and EU candidate) countries,Primary Energy|Biomass,EJ/yr,12.2278,13.6587,17.0555,13.8297,11.8335,13.0217,14.1512,14.7797,15.5054,17.0878,19.6072
REMIND-MAgPIE 1.5,SSP5-Baseline,OECD90 and EU (and EU candidate) countries,Primary Energy|Coal,EJ/yr,51.94,44.98699999999999,34.485,35.066,50.038,82.24700000000001,127.068,163.185,180.281,176.17,180.18
REMIND-MAgPIE 1.5,SSP5-Baseline,OECD90 and EU (and EU candidate) countries,Primary Energy|Fossil,EJ/yr,199.33,186.78,198.38,243.59,295.05,345.29,405.73,453.49,494.6,499.84,492.18
REMIND-MAgPIE 1.5,SSP5-Baseline,OECD90 and EU (and EU candidate) countries,Primary Energy|Gas,EJ/yr,53.537,52.633,60.113,77.348,111.405,137.859,152.338,166.2190000000001,178.166,183.168,181.204
REMIND-MAgPIE 1.5,SSP5-Baseline,OECD90 and EU (and EU candidate) countries,Primary Energy|Nuclear,EJ/yr,8.632,8.4007,7.7173,6.178,4.5923,3.1926,1.7478,0.67,1.095,2.4664,5.1147
REMIND-MAgPIE 1.5,SSP5-Baseline,OECD90 and EU (and EU candidate) countries,Primary Energy|Oil,EJ/yr,93.86,89.15700000000002,103.77,131.2,133.61,125.18,126.31,124.099,136.175,140.531,130.801
REMIND-MAgPIE 1.5,SSP5-Baseline,OECD90 and EU (and EU candidate) countries,Secondary Energy|Electricity,EJ/yr,38.666,39.203,42.894,48.757,60.692,75.104,86.85799999999998,99.903,117.214,136.536,153.67
REMIND-MAgPIE 1.5,SSP5-Baseline,OECD90 and EU (and EU candidate) countries,Secondary Energy|Electricity|Biomass,EJ/yr,0.3393,0.4781,0.5012,0.5691,1.0503,1.6813,2.0519,2.1505,2.2502,2.6605,3.5174
REMIND-MAgPIE 1.5,SSP5-Baseline,OECD90 and EU (and EU candidate) countries,Secondary Energy|Electricity|Biomass|w/ CCS,EJ/yr,0.0,0.0,0.0,0.0,0.0,0.0,0.0,0.0,0.0,0.0,0.0
REMIND-MAgPIE 1.5,SSP5-Baseline,OECD90 and EU (and EU candidate) countries,Secondary Energy|Electricity|Biomass|w/o CCS,EJ/yr,0.3393,0.4781,0.5012,0.5691,1.0503,1.6813,2.0519,2.1505,2.2502,2.6605,3.5174
REMIND-MAgPIE 1.5,SSP5-Baseline,OECD90 and EU (and EU candidate) countries,Secondary Energy|Electricity|Coal,EJ/yr,15.2789,13.5752,12.057,13.514,18.2088,24.0509,30.7921,38.9855,46.8992,52.242,54.405
REMIND-MAgPIE 1.5,SSP5-Baseline,OECD90 and EU (and EU candidate) countries,Secondary Energy|Electricity|Coal|w/ CCS,EJ/yr,0.0,0.0,0.0,0.0,0.0,0.0,0.0,0.0,0.0,0.0,0.0
REMIND-MAgPIE 1.5,SSP5-Baseline,OECD90 and EU (and EU candidate) countries,Secondary Energy|Electricity|Coal|w/o CCS,EJ/yr,15.2789,13.5752,12.057,13.514,18.2088,24.0509,30.7921,38.9855,46.8992,52.242,54.405
REMIND-MAgPIE 1.5,SSP5-Baseline,OECD90 and EU (and EU candidate) countries,Secondary Energy|Electricity|Gas,EJ/yr,7.5996,9.005,14.085,21.309,31.35,40.051,42.979,43.407,43.72600000000001,42.082,35.951
REMIND-MAgPIE 1.5,SSP5-Baseline,OECD90 and EU (and EU candidate) countries,Secondary Energy|Electricity|Gas|w/ CCS,EJ/yr,0.0,0.0,0.0,0.0,0.0,0.0,0.0,0.0,0.0,0.0,0.0
REMIND-MAgPIE 1.5,SSP5-Baseline,OECD90 and EU (and EU candidate) countries,Secondary Energy|Electricity|Gas|w/o CCS,EJ/yr,7.5996,9.005,14.085,21.309,31.35,40.051,42.979,43.407,43.72600000000001,42.082,35.951
REMIND-MAgPIE 1.5,SSP5-Baseline,OECD90 and EU (and EU candidate) countries,Secondary Energy|Electricity|Geothermal,EJ/yr,0.1173,0.1694,0.1615,0.1735,0.2265,0.3386,0.4223,0.447999999999999,0.447999999999999,0.4438,0.447999999999999
REMIND-MAgPIE 1.5,SSP5-Baseline,OECD90 and EU (and EU candidate) countries,Secondary Energy|Electricity|Hydro,EJ/yr,4.9093,4.9,4.3163,3.6765,3.1577,3.1328,4.037,5.809,7.5278,8.433,8.789
REMIND-MAgPIE 1.5,SSP5-Baseline,OECD90 and EU (and EU candidate) countries,Secondary Energy|Electricity|Non-Biomass Renewables,EJ/yr,5.3915,6.5662,7.9738,7.0633,5.5006,6.1324,9.2814,14.6837,23.239,37.078,54.669
REMIND-MAgPIE 1.5,SSP5-Baseline,OECD90 and EU (and EU candidate) countries,Secondary Energy|Electricity|Nuclear,EJ/yr,8.632,8.4007,7.7173,6.178,4.5923,3.1926,1.7478,0.67,1.095,2.4664,5.1147
REMIND-MAgPIE 1.5,SSP5-Baseline,OECD90 and EU (and EU candidate) countries,Secondary Energy|Electricity|Oil,EJ/yr,1.4237,1.1751,0.5595,0.124,0.0,0.0,0.0,0.0,0.0,0.0,0.0
REMIND-MAgPIE 1.5,SSP5-Baseline,OECD90 and EU (and EU candidate) countries,Secondary Energy|Electricity|Solar,EJ/yr,0.006,0.213,1.019,0.9538,0.6616000000000001,0.068,0.0407,0.4621,2.6719,9.1823,20.2657
REMIND-MAgPIE 1.5,SSP5-Baseline,OECD90 and EU (and EU candidate) countries,Secondary Energy|Electricity|Wind,EJ/yr,0.3574,1.2843,2.4774000000000003,2.2593,1.4551,2.5929,4.781000000000001,7.9629,12.5913,19.0182,25.1755
REMIND-MAgPIE 1.5,SSP5-Baseline,OECD90 and EU (and EU candidate) countries,Secondary Energy|Hydrogen,EJ/yr,0.126,0.1405,0.129,0.1755,0.2516,0.3846,0.5544,0.8305,1.3956,2.366,3.9091
REMIND-MAgPIE 1.5,SSP5-Baseline,World,Capacity|Electricity,GW,3557.0,4176.0,5814.0,7741.0,10130.0,12780.0,15430.0,18340.0,22280.0,28220.0,35130.0
REMIND-MAgPIE 1.5,SSP5-Baseline,World,Capacity|Electricity|Biomass,GW,23.92,34.61,44.09,56.02,92.08,160.9,247.9,352.5,466.6,564.8,638.5
REMIND-MAgPIE 1.5,SSP5-Baseline,World,Capacity|Electricity|Coal,GW,1134.0,1299.0,1577.0,2231.0,3262.0,4381.0,5449.0,6210.0,6476.0,6202.0,5519.0
REMIND-MAgPIE 1.5,SSP5-Baseline,World,Capacity|Electricity|Gas,GW,925.2,1147.0,2027.0,3415.0,5041.0,6260.0,6718.0,6798.0,6654.0,6056.0,4878.0
REMIND-MAgPIE 1.5,SSP5-Baseline,World,Capacity|Electricity|Hydro,GW,702.4,743.3,688.8,610.6,564.3,638.7,956.4,1540.0,2193.0,2640.0,3011.0
REMIND-MAgPIE 1.5,SSP5-Baseline,World,Capacity|Electricity|Nuclear,GW,400.9,403.7,480.8,487.5,425.6,348.6,246.4,203.6,383.1,763.2,1304.0
REMIND-MAgPIE 1.5,SSP5-Baseline,World,Capacity|Electricity|Solar,GW,1.053,39.35,269.5,254.6,183.3,22.5,43.59,352.5,1673.0,5083.0,10410.0
REMIND-MAgPIE 1.5,SSP5-Baseline,World,Capacity|Electricity|Wind,GW,39.69,180.4,484.5,560.1,538.5,936.7,1736.0,2845.0,4396.0,6864.0,9328.0
REMIND-MAgPIE 1.5,SSP5-Baseline,World,Emissions|CH4,Mt CH4/yr,334.1,370.6797,407.7094,477.146,570.4728,630.6605,644.5621,646.0209,620.7559,582.7779,540.0246
REMIND-MAgPIE 1.5,SSP5-Baseline,World,Emissions|CH4|Energy,Mt CH4/yr,118.8,135.2,132.7,148.6,191.7,213.5,230.4,237.9,230.4,224.5,205.7
REMIND-MAgPIE 1.5,SSP5-Baseline,World,Emissions|CO2,Mt CO2/yr,35279.6405,36371.1246,44610.3893,56726.452,69861.617,84436.4661,101301.6164,117499.8259,129499.3478,130397.5318,126097.6827
REMIND-MAgPIE 1.5,SSP5-Baseline,World,Emissions|CO2|AFOLU,Mt CO2/yr,5732.6405,4171.1246,5062.3893,5566.452,4025.617,2306.4661,150.4164,-238.6741,-147.8522,-495.3682,-1530.3173
REMIND-MAgPIE 1.5,SSP5-Baseline,World,Emissions|CO2|Energy and Industrial Processes,Mt CO2/yr,29550.0,32200.0,39550.0,51160.0,65840.0,82130.0,101200.0,117700.0,129600.0,130900.0,127600.0
REMIND-MAgPIE 1.5,SSP5-Baseline,World,Emissions|CO2|Energy|Supply|Electricity,Mt CO2/yr,10250.0,11680.0,14670.0,19730.0,26300.0,32170.0,36480.0,38870.0,38920.0,36180.0,31010.0
REMIND-MAgPIE 1.5,SSP5-Baseline,World,Final Energy,EJ/yr,330.7,356.4,450.5,575.3,712.1,837.7,940.4,1026.0,1108.0,1141.0,1167.0
REMIND-MAgPIE 1.5,SSP5-Baseline,World,Final Energy|Electricity,EJ/yr,53.5,62.97,89.67,128.3,178.5,233.5,274.1,308.7,344.5,381.5,411.9
REMIND-MAgPIE 1.5,SSP5-Baseline,World,Final Energy|Gases,EJ/yr,51.31,56.76,67.86,83.43,125.2,153.4,182.8,220.5,240.1,245.4,271.4
REMIND-MAgPIE 1.5,SSP5-Baseline,World,Final Energy|Heat,EJ/yr,11.02,10.53,10.55,12.54,16.17,19.95,21.42,21.21,20.43,20.61,21.87
REMIND-MAgPIE 1.5,SSP5-Baseline,World,Final Energy|Hydrogen,EJ/yr,0.3469,0.392,0.4852,0.9322,1.771,3.346,4.761,5.754,6.846,7.827999999999999,9.183
REMIND-MAgPIE 1.5,SSP5-Baseline,World,Final Energy|Liquids,EJ/yr,129.5,134.6,200.4,282.3,326.7,372.1,413.5,435.7,469.7,466.1,437.6
REMIND-MAgPIE 1.5,SSP5-Baseline,World,Final Energy|Solids,EJ/yr,85.06,91.12,81.46,67.83,63.77,55.33,43.79,33.87,25.98,19.62,14.85
REMIND-MAgPIE 1.5,SSP5-Baseline,World,Final Energy|Solids|Biomass,EJ/yr,48.46,50.06,49.33,39.62,31.11,25.01,20.72,16.04,12.48,9.746,6.99
REMIND-MAgPIE 1.5,SSP5-Baseline,World,Final Energy|Solids|Coal,EJ/yr,36.6,41.06,32.12,28.2,32.66,30.33,23.06,17.83,13.51,9.876,7.858
REMIND-MAgPIE 1.5,SSP5-Baseline,World,Final Energy|Transportation,EJ/yr,86.91,93.57,136.9,194.4,230.9,276.9,325.5,356.7,401.9,412.8,421.2
REMIND-MAgPIE 1.5,SSP5-Baseline,World,Final Energy|Transportation|Electricity,EJ/yr,0.807,0.8529,1.306,2.294,3.325,4.59,6.216,8.913,14.56,24.28,39.82
REMIND-MAgPIE 1.5,SSP5-Baseline,World,Final Energy|Transportation|Hydrogen,EJ/yr,0.0,0.0,0.0,0.0047,0.0138,0.0177,0.0268,0.0433,0.2392,0.8837,2.362
REMIND-MAgPIE 1.5,SSP5-Baseline,World,Final Energy|Transportation|Liquids,EJ/yr,86.1,92.72,135.6,192.1,227.6,272.3,319.2,347.7,387.1,387.7,379.0
REMIND-MAgPIE 1.5,SSP5-Baseline,World,GDP|PPP,billion US$2010/yr,62359.0,74327.0,112090.0,182380.0,286220.0,401170.0,526130.0,666380.0,814660.0,970530.0,1134100.0
REMIND-MAgPIE 1.5,SSP5-Baseline,World,Population,million,6505.0,6894.0,7552.0,8054.0,8403.0,8579.0,8589.0,8457.0,8200.0,7831.0,7375.0
REMIND-MAgPIE 1.5,SSP5-Baseline,World,Primary Energy,EJ/yr,464.6,502.7,626.8,789.6,975.5,1170.0,1384.0,1576.0,1736.0,1795.0,1824.0
REMIND-MAgPIE 1.5,SSP5-Baseline,World,Primary Energy|Biomass,EJ/yr,55.83,59.83,65.95,55.32,46.07,47.73,53.05,58.06,63.05,68.89,74.9
REMIND-MAgPIE 1.5,SSP5-Baseline,World,Primary Energy|Coal,EJ/yr,122.2,135.4,136.9,163.8,233.6,353.4,531.3,703.9,829.5,876.8,888.2
REMIND-MAgPIE 1.5,SSP5-Baseline,World,Primary Energy|Fossil,EJ/yr,387.4,419.1,531.6,705.2,903.0,1094.0,1294.0,1464.0,1585.0,1581.0,1530.0
REMIND-MAgPIE 1.5,SSP5-Baseline,World,Primary Energy|Gas,EJ/yr,98.08,112.2,156.3,218.2,313.6,378.5,421.2,463.6,478.1,460.5,446.5
REMIND-MAgPIE 1.5,SSP5-Baseline,World,Primary Energy|Nuclear,EJ/yr,10.12,10.19,12.13,12.3,10.74,8.794,6.215,5.136,9.665,19.25,32.91
REMIND-MAgPIE 1.5,SSP5-Baseline,World,Primary Energy|Oil,EJ/yr,167.2,171.5,238.4,323.2,355.8,362.3,341.9,296.9,277.8,244.0,195.8
REMIND-MAgPIE 1.5,SSP5-Baseline,World,Secondary Energy|Electricity,EJ/yr,66.23,77.49,107.1,148.3,200.4,253.5,297.7,336.0,374.9,414.7,448.8
REMIND-MAgPIE 1.5,SSP5-Baseline,World,Secondary Energy|Electricity|Biomass,EJ/yr,0.347,0.5021,0.64,0.8559,1.709,3.272,5.01,6.931,8.902000000000003,10.68,12.18
REMIND-MAgPIE 1.5,SSP5-Baseline,World,Secondary Energy|Electricity|Biomass|w/ CCS,EJ/yr,0.0,0.0,0.0,0.0,0.0,0.0,0.0,0.0,0.0,0.0,0.0
REMIND-MAgPIE 1.5,SSP5-Baseline,World,Secondary Energy|Electricity|Biomass|w/o CCS,EJ/yr,0.347,0.5021,0.64,0.8559,1.709,3.272,5.01,6.931,8.902000000000003,10.68,12.18
REMIND-MAgPIE 1.5,SSP5-Baseline,World,Secondary Energy|Electricity|Coal,EJ/yr,26.71,30.62,37.19,52.54,76.91,103.5,128.9,147.1,153.6,147.3,131.3
REMIND-MAgPIE 1.5,SSP5-Baseline,World,Secondary Energy|Electricity|Coal|w/ CCS,EJ/yr,0.0,0.0,0.0,0.0,0.0,0.0,0.0,0.0,0.0,0.0,0.0
REMIND-MAgPIE 1.5,SSP5-Baseline,World,Secondary Energy|Electricity|Coal|w/o CCS,EJ/yr,26.71,30.62,37.19,52.54,76.91,103.5,128.9,147.1,153.6,147.3,131.3
REMIND-MAgPIE 1.5,SSP5-Baseline,World,Secondary Energy|Electricity|Gas,EJ/yr,13.7,18.55,37.11,64.46,95.37,118.4,127.1,128.6,125.9,114.6,92.1
REMIND-MAgPIE 1.5,SSP5-Baseline,World,Secondary Energy|Electricity|Gas|w/ CCS,EJ/yr,0.0,0.0,0.0,0.0,0.0,0.0,0.0,0.0,0.0,0.0,0.0
REMIND-MAgPIE 1.5,SSP5-Baseline,World,Secondary Energy|Electricity|Gas|w/o CCS,EJ/yr,13.7,18.55,37.11,64.46,95.37,118.4,127.1,128.6,125.9,114.6,92.1
REMIND-MAgPIE 1.5,SSP5-Baseline,World,Secondary Energy|Electricity|Geothermal,EJ/yr,0.2193,0.3277,0.3612,0.5018,0.6563,0.8869,1.012,1.094,1.162,1.199,1.232
REMIND-MAgPIE 1.5,SSP5-Baseline,World,Secondary Energy|Electricity|Hydro,EJ/yr,10.69,11.32,10.57,9.51,8.862,9.919,14.0,20.79,28.27,32.76,35.99
REMIND-MAgPIE 1.5,SSP5-Baseline,World,Secondary Energy|Electricity|Non-Biomass Renewables,EJ/yr,11.3,13.63,17.1,16.78,15.68,19.49,30.48,48.23,76.86,122.9,180.4
REMIND-MAgPIE 1.5,SSP5-Baseline,World,Secondary Energy|Electricity|Nuclear,EJ/yr,10.12,10.19,12.13,12.3,10.74,8.794,6.215,5.136,9.665,19.25,32.91
REMIND-MAgPIE 1.5,SSP5-Baseline,World,Secondary Energy|Electricity|Oil,EJ/yr,4.053999999999999,4.008,2.892,1.379,0.0001,0.0001,0.0001,0.0001,0.0001,0.0001,0.0001
REMIND-MAgPIE 1.5,SSP5-Baseline,World,Secondary Energy|Electricity|Solar,EJ/yr,0.0062,0.2366,1.651,1.561,1.128,0.1566,0.3724,2.848,13.29,40.09,80.89
REMIND-MAgPIE 1.5,SSP5-Baseline,World,Secondary Energy|Electricity|Wind,EJ/yr,0.385,1.742,4.513999999999999,5.212999999999999,5.035,8.523,15.09,23.49,34.15,48.87,62.23
REMIND-MAgPIE 1.5,SSP5-Baseline,World,Secondary Energy|Hydrogen,EJ/yr,0.3469,0.392,0.4852,0.9322,1.771,3.346,4.761,5.754,6.846,7.827999999999999,9.183
GCAM 4.2,SSP1-Baseline,Asian countries except Japan,Capacity|Electricity,GW,,1207.62010431012,1637.02857615817,2359.99527644349,3192.61925421502,3973.95108597549,4576.209777447671,5027.253175254121,5225.4288398982,5180.21927323742,4953.828227999989
GCAM 4.2,SSP1-Baseline,Asian countries except Japan,Capacity|Electricity|Biomass,GW,,3.32077189561137,13.2189433108194,32.251667380137,58.5646203148782,82.4437345811137,99.8375803050482,114.917298722095,126.6331669362,122.982053565766,104.442075445523
GCAM 4.2,SSP1-Baseline,Asian countries except Japan,Capacity|Electricity|Coal,GW,,643.797682410579,965.0606796201172,1220.7661178098,1379.79266354325,1433.85027742104,1449.05810074201,1461.20696109209,1205.55104444127,954.911927241882,716.500873208397
GCAM 4.2,SSP1-Baseline,Asian countries except Japan,Capacity|Electricity|Gas,GW,,155.245738203957,249.709286371131,366.333229642314,476.304962423896,541.554677717529,503.725373985286,435.7640792110601,366.114370655759,288.135203671994,237.085838248351
GCAM 4.2,SSP1-Baseline,Asian countries except Japan,Capacity|Electricity|Nuclear,GW,,37.580035514967,35.250716359434,33.9064155603472,31.4122932873894,28.0937230114437,26.1829735681267,25.2372855008738,28.8097011880603,29.1044068154913,26.4264018899036
GCAM 4.2,SSP1-Baseline,Asian countries except Japan,Capacity|Electricity|Oil,GW,,196.573617453069,87.60664217085241,114.857149250063,109.735888944381,76.84367667110601,62.9873796613395,54.54692755898021,51.2807299197742,44.1304067573567,31.34138488552761
GCAM 4.2,SSP1-Baseline,Asian countries except Japan,Capacity|Electricity|Solar,GW,,1.143816590563159,55.0237855661119,192.563967567637,514.6614519406639,1015.028101400431,1581.82183464333,2076.46059325613,2470.08130859616,2709.70970532826,2819.99966917039
GCAM 4.2,SSP1-Baseline,Asian countries except Japan,Capacity|Electricity|Wind,GW,,18.0612255683603,55.68061263318111,191.332759523967,384.513670849602,531.08844926973,563.249361708313,551.07392014946,648.5221036664277,688.225057902081,675.887170218163
GCAM 4.2,SSP1-Baseline,Asian countries except Japan,Emissions|CH4,Mt CH4/yr,,164.683437773,148.662549608,157.624348617,166.503041185,168.443591786,165.2802477,157.764182992,144.957743701,132.836764824,116.958367639
GCAM 4.2,SSP1-Baseline,Asian countries except Japan,Emissions|CH4|Energy,Mt CH4/yr,,58.96663390000001,41.843355302,45.91973728600001,50.146085703,48.363657703,46.82766394300001,45.564992085,41.225533381,38.833347343,33.898399654
GCAM 4.2,SSP1-Baseline,Asian countries except Japan,Emissions|CO2,Mt CO2/yr,,15069.2826838856,16685.1449777479,20423.1008491178,22919.5072970278,23328.9237691502,23163.1915389888,22098.6098912657,19046.169422797,15952.1477878341,13025.208517607
GCAM 4.2,SSP1-Baseline,Asian countries except Japan,Emissions|CO2|AFOLU,Mt CO2/yr,,1363.61447697567,-1091.569736235,-1248.59084051167,-1075.94210002767,-1119.681309197,-823.940723954334,-709.193230999,-686.575943500333,-727.7257166080002,-774.0999732986659
GCAM 4.2,SSP1-Baseline,Asian countries except Japan,Emissions|CO2|Energy and Industrial Processes,Mt CO2/yr,,13705.66820691,17776.7147139829,21671.6916896295,23995.4493970554,24448.6050783473,23987.1322629432,22807.8031222647,19732.7453662973,16679.8735044421,13799.3084909057
GCAM 4.2,SSP1-Baseline,Asian countries except Japan,Emissions|CO2|Energy|Supply|Electricity,Mt CO2/yr,,5320.38260941733,7419.68130863667,9139.56581101667,10082.4290025067,10228.8402017633,10007.6146508067,9736.80252893333,7789.828166633341,5998.47927668,4431.10837436666
GCAM 4.2,SSP1-Baseline,Asian countries except Japan,Final Energy,EJ/yr,,137.403880477,168.632199454,202.752532279,231.335750146,246.650157349,250.939303761,247.000435611,236.556660684,221.966406972,204.997777901
GCAM 4.2,SSP1-Baseline,Asian countries except Japan,Final Energy|Electricity,EJ/yr,,21.244348915,31.560237378,43.49966244100001,55.860827598,66.208679731,72.86514294199999,77.597637367,78.700169171,77.612052218,74.563342099
GCAM 4.2,SSP1-Baseline,Asian countries except Japan,Final Energy|Gases,EJ/yr,,10.744730629,16.732440025,23.392327931,28.102320245,29.912415353,29.798776406,28.65924584,27.221388958,25.812900705,24.730174469
GCAM 4.2,SSP1-Baseline,Asian countries except Japan,Final Energy|Heat,EJ/yr,,3.0529687,4.029422400000001,4.5886602,4.663074099999998,4.345074700000001,3.8350096,3.212867,2.6598134,2.1258319,1.598728
GCAM 4.2,SSP1-Baseline,Asian countries except Japan,Final Energy|Hydrogen,EJ/yr,,0.0,0.07458155400000001,0.210864885,0.401314306,0.6177754430000001,0.707096647999999,0.765783575999999,0.7779604670000001,0.75845675,0.6973866310000001
GCAM 4.2,SSP1-Baseline,Asian countries except Japan,Final Energy|Industry,EJ/yr,,74.871795933,94.111815396,108.900741434,118.383343043,121.051670824,118.719821303,113.331513496,105.95476415,97.524014348,88.663804554
GCAM 4.2,SSP1-Baseline,Asian countries except Japan,Final Energy|Liquids,EJ/yr,,42.63673069,56.76634006800001,74.285523427,88.250206838,96.0508119,99.514216573,98.73047088,95.091433594,89.34880622700001,82.379356975
GCAM 4.2,SSP1-Baseline,Asian countries except Japan,Final Energy|Solids,EJ/yr,,59.725101543,59.469178029,56.775493395,54.058007059,49.515400222,44.219061592,38.034430948,32.105895094,26.308359172,21.028789727
GCAM 4.2,SSP1-Baseline,Asian countries except Japan,Final Energy|Solids|Biomass,EJ/yr,,22.340332883,15.849146054,11.501886818,9.344001887,8.124240469,7.12753516,6.28196662,5.399331102000001,4.510672093999999,3.696585705
GCAM 4.2,SSP1-Baseline,Asian countries except Japan,Final Energy|Solids|Coal,EJ/yr,,37.38476866,43.620031975,45.273606577,44.714005172,41.391159753,37.09152643199999,31.752464328,26.706563992,21.797687078,17.332204022
GCAM 4.2,SSP1-Baseline,Asian countries except Japan,Final Energy|Transportation,EJ/yr,,21.363663039,27.342204351,35.260642536,42.596712486,47.931552695,52.16555596600001,55.005153349,56.330528653,56.384630269,55.493236921
GCAM 4.2,SSP1-Baseline,Asian countries except Japan,Final Energy|Transportation|Electricity,EJ/yr,,0.22901339999999998,0.3222811,0.40388353600000004,0.48236161800000005,0.549808022,0.611319311,0.6714503270000001,0.725892042,0.7802557010000001,0.82633903
GCAM 4.2,SSP1-Baseline,Asian countries except Japan,Final Energy|Transportation|Hydrogen,EJ/yr,,0.0,0.002446737,0.014045433000000001,0.031865422000000004,0.055741704,0.086953414,0.118515938,0.14873935400000002,0.174422438999999,0.19140884
GCAM 4.2,SSP1-Baseline,Asian countries except Japan,Final Energy|Transportation|Liquids,EJ/yr,,20.55078079,26.136453582,33.075016075,38.972898999,42.73677809300001,45.597211293,47.30183414800001,47.752215142,47.076928575,45.568497357
GCAM 4.2,SSP1-Baseline,Asian countries except Japan,Population,million,,3758.607,4046.614,4216.628,4278.076,4228.3,4078.987,3851.657,3565.537000000001,3234.731,2878.462
GCAM 4.2,SSP1-Baseline,Asian countries except Japan,Primary Energy,EJ/yr,,183.43320752,235.009979623,293.713941415,338.03135296,358.706042355,363.178548509,354.358874793,327.594673094,297.521948427,266.40848059
GCAM 4.2,SSP1-Baseline,Asian countries except Japan,Primary Energy|Biomass,EJ/yr,,23.21659806,21.07294835,22.10794401,25.21078373,27.925107375,29.946851302,30.36107242,30.204102858,28.769559762,26.733336333
GCAM 4.2,SSP1-Baseline,Asian countries except Japan,Primary Energy|Coal,EJ/yr,,89.0045685,119.203084,145.046479,158.056601,158.400252,156.01839,148.70749,123.95168,100.39478,78.6074
GCAM 4.2,SSP1-Baseline,Asian countries except Japan,Primary Energy|Fossil,EJ/yr,,155.07137598,207.2607573,260.82475,295.247171,305.282167,300.856992,286.062788,250.97239,215.684627,182.705427
GCAM 4.2,SSP1-Baseline,Asian countries except Japan,Primary Energy|Gas,EJ/yr,,18.653152,31.908393,53.74655,70.07267,76.95613,75.69918,67.81378000000001,58.65530699999999,50.428101,45.09334000000001
GCAM 4.2,SSP1-Baseline,Asian countries except Japan,Primary Energy|Nuclear,EJ/yr,,1.0666115999999999,1.000500011,0.9623454490000001,0.8915562730000001,0.797367284,0.7431356290000001,0.716294732,0.8176884630000001,0.8260529160000001,0.7500447090000001
GCAM 4.2,SSP1-Baseline,Asian countries except Japan,Primary Energy|Oil,EJ/yr,,47.41365548,56.14928029999999,62.031721,67.1179,69.925785,69.139422,69.54151800000001,68.365403,64.861746,59.004687
GCAM 4.2,SSP1-Baseline,Asian countries except Japan,Secondary Energy|Electricity,EJ/yr,,25.111875411,37.36160179199999,51.508133661,65.896635615,77.453767443,84.31898327100001,88.95841312200001,89.590549376,87.84006527700001,83.897541842
GCAM 4.2,SSP1-Baseline,Asian countries except Japan,Secondary Energy|Electricity|Biomass,EJ/yr,,0.08377909,0.333498776,0.813670865999999,1.477515093,2.079956491,2.518782345,2.8992255460000003,3.194802842,3.102689633,2.6349482330000003
GCAM 4.2,SSP1-Baseline,Asian countries except Japan,Secondary Energy|Electricity|Biomass|w/ CCS,EJ/yr,,0.0,0.0,0.0,0.0,0.0,0.0,0.0,0.0,0.0,0.0
GCAM 4.2,SSP1-Baseline,Asian countries except Japan,Secondary Energy|Electricity|Biomass|w/o CCS,EJ/yr,,0.08377909,0.333498776,0.813670865999999,1.477515093,2.079956491,2.518782345,2.8992255460000003,3.194802842,3.102689633,2.6349482330000003
GCAM 4.2,SSP1-Baseline,Asian countries except Japan,Secondary Energy|Electricity|Coal,EJ/yr,,16.24224297,24.347322874,30.798464233,34.81051315,36.174321879,36.557997012,36.86449818,30.41460619,24.09128203,18.07645723
GCAM 4.2,SSP1-Baseline,Asian countries except Japan,Secondary Energy|Electricity|Coal|w/ CCS,EJ/yr,,0.0,0.0,0.0,0.0,0.0,0.0,0.0,0.0,0.0,0.0
GCAM 4.2,SSP1-Baseline,Asian countries except Japan,Secondary Energy|Electricity|Coal|w/o CCS,EJ/yr,,16.24224297,24.347322874,30.798464233,34.81051315,36.174321879,36.557997012,36.86449818,30.41460619,24.09128203,18.07645723
GCAM 4.2,SSP1-Baseline,Asian countries except Japan,Secondary Energy|Electricity|Gas,EJ/yr,,3.020705311,5.637818133,8.572130526,11.445926344,13.236265326,12.454097193,10.887737017,9.214474479,7.292519256,6.020245516
GCAM 4.2,SSP1-Baseline,Asian countries except Japan,Secondary Energy|Electricity|Gas|w/ CCS,EJ/yr,,0.0,0.0,0.0,0.0,0.0,0.0,0.0,0.0,0.0,0.0
GCAM 4.2,SSP1-Baseline,Asian countries except Japan,Secondary Energy|Electricity|Gas|w/o CCS,EJ/yr,,3.020705311,5.637818133,8.572130526,11.445926344,13.236265326,12.454097193,10.887737017,9.214474479,7.292519256,6.020245516
GCAM 4.2,SSP1-Baseline,Asian countries except Japan,Secondary Energy|Electricity|Geothermal,EJ/yr,,0.0700198,0.42895969899999903,1.012365675,1.402282964,1.6143787319999992,1.747869354,1.740077994,1.7749577140000001,1.6633626920000002,1.401494306999999
GCAM 4.2,SSP1-Baseline,Asian countries except Japan,Secondary Energy|Electricity|Hydro,EJ/yr,,3.762164700000001,3.998137399999999,4.2348203,4.592930200000001,5.072475499999999,5.552012599999999,6.0315557,6.5110989,6.9906331999999995,7.2304088
GCAM 4.2,SSP1-Baseline,Asian countries except Japan,Secondary Energy|Electricity|Non-Biomass Renewables,EJ/yr,,4.07862188,5.675773962,9.818901956,16.681841957,24.701400696,31.631569578,37.218719641,45.600491773,52.241708749,56.219672548
GCAM 4.2,SSP1-Baseline,Asian countries except Japan,Secondary Energy|Electricity|Nuclear,EJ/yr,,1.0666115999999999,1.000500011,0.9623454490000001,0.8915562730000001,0.797367284,0.7431356290000001,0.716294732,0.8176884630000001,0.8260529160000001,0.7500447090000001
GCAM 4.2,SSP1-Baseline,Asian countries except Japan,Secondary Energy|Electricity|Oil,EJ/yr,,0.61991456,0.36668803600000005,0.542620631,0.589282797999999,0.464455767,0.413401513999998,0.37193800600000004,0.348485628999999,0.285812693,0.19617360600000003
GCAM 4.2,SSP1-Baseline,Asian countries except Japan,Secondary Energy|Electricity|Solar,EJ/yr,,0.00721428,0.458502295,1.796135126,5.108658027,10.142795956,15.805624326,21.105325717,27.293056559,32.735780144,36.930380541
GCAM 4.2,SSP1-Baseline,Asian countries except Japan,Secondary Energy|Electricity|Wind,EJ/yr,,0.2392231,0.7901745680000001,2.7755808550000003,5.577970766,7.871750508,8.526063298,8.34176023,10.0213786,10.851932713,10.6573889
GCAM 4.2,SSP1-Baseline,Asian countries except Japan,Secondary Energy|Hydrogen,EJ/yr,,0.0,0.07457928400000001,0.21086621400000002,0.401315835,0.617774774,0.707096997999999,0.765783057,0.7779600170000001,0.7584577560000001,0.69738735
GCAM 4.2,SSP1-Baseline,Countries from the Reforming Economies of the Former Soviet Union,Capacity|Electricity,GW,,297.486780514886,364.738955161979,421.227507098201,474.7224113357331,511.727165013073,546.065946860923,571.557537138958,580.123440903644,571.399580064862,554.192999770228
GCAM 4.2,SSP1-Baseline,Countries from the Reforming Economies of the Former Soviet Union,Capacity|Electricity|Biomass,GW,,1.36414732369355,2.49066479578894,4.05533751109843,6.00040969051244,7.81252639840183,10.3741665081177,11.5832540984906,11.8643004819888,11.3850494672755,9.4634003202689
GCAM 4.2,SSP1-Baseline,Countries from the Reforming Economies of the Former Soviet Union,Capacity|Electricity|Coal,GW,,66.892559297311,88.2292019438103,95.7373105339928,96.7811382229832,94.1307347158803,94.6654085806697,94.6567946156774,74.8606029616946,64.3337003741755,52.8794643423389
GCAM 4.2,SSP1-Baseline,Countries from the Reforming Economies of the Former Soviet Union,Capacity|Electricity|Gas,GW,,129.355593607306,178.681490677321,193.459083745561,192.447237284374,178.775101661593,125.621041032471,93.6454405758498,70.7209947678842,50.80718845129379,35.510919710806704
GCAM 4.2,SSP1-Baseline,Countries from the Reforming Economies of the Former Soviet Union,Capacity|Electricity|Nuclear,GW,,44.44810868707371,40.8968740487062,35.4898968022436,26.679384301539,17.5914977944078,12.3163607376402,8.01637127233778,7.238254340718192,6.88382906308134,6.068716176221889
GCAM 4.2,SSP1-Baseline,Countries from the Reforming Economies of the Former Soviet Union,Capacity|Electricity|Oil,GW,,21.8497019279554,4.36099988901573,4.24364856830289,3.4522282470827,2.22080796549974,2.30587955035515,1.6139394660071,1.40802852295789,1.53166412988331,1.09534294140031
GCAM 4.2,SSP1-Baseline,Countries from the Reforming Economies of the Former Soviet Union,Capacity|Electricity|Solar,GW,,0.381844558599696,6.958545621207019,16.3367317348095,33.23629717542681,50.7744215225947,81.1678664219898,109.06088969283,137.496915844945,162.066420871136,181.171874593181
GCAM 4.2,SSP1-Baseline,Countries from the Reforming Economies of the Former Soviet Union,Capacity|Electricity|Wind,GW,,1.1314657775845,5.37984328316139,26.18486622603849,63.4446457326892,102.414117739132,154.794326920028,185.070788675377,205.791090519161,201.117896055302,195.103756341959
GCAM 4.2,SSP1-Baseline,Countries from the Reforming Economies of the Former Soviet Union,Emissions|CH4,Mt CH4/yr,,35.540279537,51.48343933899999,62.964551199,66.377769525,59.178497137,48.235013891,43.62407912800001,38.573552215,32.350240796,26.457081432
GCAM 4.2,SSP1-Baseline,Countries from the Reforming Economies of the Former Soviet Union,Emissions|CH4|Energy,Mt CH4/yr,,24.580523278,41.686229967,53.711130543,57.560575378,50.70090600899999,40.105142649,35.915635784,31.371587593,25.713856024000002,20.404146553
GCAM 4.2,SSP1-Baseline,Countries from the Reforming Economies of the Former Soviet Union,Emissions|CO2,Mt CO2/yr,,2318.50324816733,2836.86243796871,2761.9525208759,2938.9375978534,2857.74986596733,2888.527422253,2614.278619788,2216.368159357,1923.53928536733,1628.69941687567
GCAM 4.2,SSP1-Baseline,Countries from the Reforming Economies of the Former Soviet Union,Emissions|CO2|AFOLU,Mt CO2/yr,,-493.26226235,-217.090281283334,-437.38327358,-265.106356119,-200.145723268334,69.9299416053333,11.103286634,-40.3088337006667,-52.1846626583333,-78.4894534673334
GCAM 4.2,SSP1-Baseline,Countries from the Reforming Economies of the Former Soviet Union,Emissions|CO2|Energy and Industrial Processes,Mt CO2/yr,,2811.76551051733,3053.95271925205,3199.3357944559,3204.0439539724,3057.895589235671,2818.59748064766,2603.175333154,2256.67699305766,1975.72394802566,1707.188870343
GCAM 4.2,SSP1-Baseline,Countries from the Reforming Economies of the Former Soviet Union,Emissions|CO2|Energy|Supply|Electricity,Mt CO2/yr,,900.233223083334,1114.77633380667,1166.68311261333,1122.25575025667,1024.19334743,865.06660834,763.002067336667,574.067279096667,461.4164897466661,359.6204216
GCAM 4.2,SSP1-Baseline,Countries from the Reforming Economies of the Former Soviet Union,Final Energy,EJ/yr,,34.98710206,36.504108186,37.939097009,38.480352309,37.492453826,36.065459136,34.359092382,32.098245575,29.708232816,27.388624081
GCAM 4.2,SSP1-Baseline,Countries from the Reforming Economies of the Former Soviet Union,Final Energy|Electricity,EJ/yr,,5.069809919,6.787658615,7.838706753999999,8.692252059,9.242375509,9.521963906,9.748899315,9.707129128,9.576362471,9.269672448
GCAM 4.2,SSP1-Baseline,Countries from the Reforming Economies of the Former Soviet Union,Final Energy|Gases,EJ/yr,,8.808095083,9.108086414,9.628606852,9.706987382,9.218628289,8.567750689,7.8080634579999995,6.991636495,6.223541642000001,5.595959871
GCAM 4.2,SSP1-Baseline,Countries from the Reforming Economies of the Former Soviet Union,Final Energy|Heat,EJ/yr,,6.5932709,6.113238799999999,5.8224605,5.3690166999999995,4.76032477,4.15008552,3.53922086,2.95766117,2.40614351,1.94180946
GCAM 4.2,SSP1-Baseline,Countries from the Reforming Economies of the Former Soviet Union,Final Energy|Hydrogen,EJ/yr,,0.0,0.017803751,0.046036682,0.08081529500000001,0.11804174,0.137466563,0.153211798,0.161410474,0.164042256,0.158928279
GCAM 4.2,SSP1-Baseline,Countries from the Reforming Economies of the Former Soviet Union,Final Energy|Industry,EJ/yr,,18.223892538,18.484345042,18.552961795,18.286781077,17.670743514,16.907510041000002,16.050344021,15.026844901,13.965085556,12.916724955
GCAM 4.2,SSP1-Baseline,Countries from the Reforming Economies of the Former Soviet Union,Final Energy|Liquids,EJ/yr,,9.67148797,10.184729414,10.771061226,11.148007581,11.017835611,10.890941984,10.665484654,10.196035473,9.618027613,9.015331782
GCAM 4.2,SSP1-Baseline,Countries from the Reforming Economies of the Former Soviet Union,Final Energy|Solids,EJ/yr,,4.844438188,4.292591192,3.832224995,3.483273292,3.1352479069999992,2.797250474,2.444212297,2.084372835,1.720115324,1.406922241
GCAM 4.2,SSP1-Baseline,Countries from the Reforming Economies of the Former Soviet Union,Final Energy|Solids|Biomass,EJ/yr,,0.9774730180000001,0.9584622220000001,0.870993475,0.7926352120000001,0.726729437,0.636886759,0.56587942,0.493096635,0.418558551,0.35009811700000004
GCAM 4.2,SSP1-Baseline,Countries from the Reforming Economies of the Former Soviet Union,Final Energy|Solids|Coal,EJ/yr,,3.8669651700000003,3.33412897,2.96123152,2.6906380800000003,2.40851847,2.160363715,1.8783328769999992,1.591276199999999,1.301556773,1.056824124
GCAM 4.2,SSP1-Baseline,Countries from the Reforming Economies of the Former Soviet Union,Final Energy|Transportation,EJ/yr,,6.299913263,6.863289387000001,7.509848573999999,8.040224712,8.099377833,8.146511278,8.151226196,7.954125179,7.697840215,7.412959461
GCAM 4.2,SSP1-Baseline,Countries from the Reforming Economies of the Former Soviet Union,Final Energy|Transportation|Electricity,EJ/yr,,0.28255979999999903,0.350928527999998,0.41199683400000003,0.471885149,0.520394299,0.561004856,0.6046939050000001,0.6409541280000001,0.6787499210000001,0.707127198
GCAM 4.2,SSP1-Baseline,Countries from the Reforming Economies of the Former Soviet Union,Final Energy|Transportation|Hydrogen,EJ/yr,,0.0,0.0022093910000000002,0.012109018999999001,0.026126965000000002,0.042830045000000004,0.060570665,0.076426273,0.088570799,0.097962139,0.102051363
GCAM 4.2,SSP1-Baseline,Countries from the Reforming Economies of the Former Soviet Union,Final Energy|Transportation|Liquids,EJ/yr,,6.00467123,6.371825274,6.767816459000001,7.037676516,6.87363488,6.745697588000001,6.60835746,6.323623807000001,5.999296973,5.672488829
GCAM 4.2,SSP1-Baseline,Countries from the Reforming Economies of the Former Soviet Union,Population,million,,305.238,299.625,291.963,284.168,275.308,264.278,250.481,233.581,214.522,194.804
GCAM 4.2,SSP1-Baseline,Countries from the Reforming Economies of the Former Soviet Union,Primary Energy,EJ/yr,,45.27955985,49.744998697,53.140054899,54.456470219,53.21408461,50.69336304300001,47.863155241,43.776958762,40.058929035,36.435052255
GCAM 4.2,SSP1-Baseline,Countries from the Reforming Economies of the Former Soviet Union,Primary Energy|Biomass,EJ/yr,,1.2792029999999999,1.809207,2.436594,2.988311,3.383941000000001,3.998714,4.12486,4.111372,3.995241000000001,3.800728
GCAM 4.2,SSP1-Baseline,Countries from the Reforming Economies of the Former Soviet Union,Primary Energy|Coal,EJ/yr,,9.92063,11.09175,12.11372,12.45205,12.26176,12.54871,12.20945,10.43409,9.14079,7.7575400000000005
GCAM 4.2,SSP1-Baseline,Countries from the Reforming Economies of the Former Soviet Union,Primary Energy|Fossil,EJ/yr,,41.912498,45.683847,47.9995701,48.094892,45.73037429999999,41.232468,37.36558,32.298897,28.090789,24.314223
GCAM 4.2,SSP1-Baseline,Countries from the Reforming Economies of the Former Soviet Union,Primary Energy|Gas,EJ/yr,,20.97471,23.90372,26.13493,26.51663,24.92668,21.05258,17.60777000000001,14.54231,12.01144,10.12323
GCAM 4.2,SSP1-Baseline,Countries from the Reforming Economies of the Former Soviet Union,Primary Energy|Nuclear,EJ/yr,,1.261544,1.160751438,1.007288447,0.757224957,0.49928892700000005,0.349567877,0.22752385600000002,0.20543903,0.19537959,0.17224473
GCAM 4.2,SSP1-Baseline,Countries from the Reforming Economies of the Former Soviet Union,Primary Energy|Oil,EJ/yr,,11.017158,10.688377,9.7509201,9.126212,8.541934300000001,7.631178,7.548360000000002,7.322497,6.938559,6.433453
GCAM 4.2,SSP1-Baseline,Countries from the Reforming Economies of the Former Soviet Union,Secondary Energy|Electricity,EJ/yr,,8.853292695,10.38249563,11.166780125,11.50834663,11.515488861,11.431521071,11.412255224,11.343647065,11.172459049,10.795278676
GCAM 4.2,SSP1-Baseline,Countries from the Reforming Economies of the Former Soviet Union,Secondary Energy|Electricity|Biomass,EJ/yr,,0.058359192000000004,0.081625058,0.117693559,0.16171832800000002,0.202544193999999,0.26403565,0.292231601,0.299322064,0.287231136,0.238750233999999
GCAM 4.2,SSP1-Baseline,Countries from the Reforming Economies of the Former Soviet Union,Secondary Energy|Electricity|Biomass|w/ CCS,EJ/yr,,0.0,0.0,0.0,0.0,0.0,0.0,0.0,0.0,0.0,0.0
GCAM 4.2,SSP1-Baseline,Countries from the Reforming Economies of the Former Soviet Union,Secondary Energy|Electricity|Biomass|w/o CCS,EJ/yr,,0.058359192000000004,0.081625058,0.117693559,0.16171832800000002,0.202544193999999,0.26403565,0.292231601,0.299322064,0.287231136,0.238750233999999
GCAM 4.2,SSP1-Baseline,Countries from the Reforming Economies of the Former Soviet Union,Secondary Energy|Electricity|Coal,EJ/yr,,2.6223499,3.04906649,3.09834446,2.90854357,2.62566316,2.49930865,2.38807734,1.8886431799999999,1.62306206,1.33408543
GCAM 4.2,SSP1-Baseline,Countries from the Reforming Economies of the Former Soviet Union,Secondary Energy|Electricity|Coal|w/ CCS,EJ/yr,,0.0,0.0,0.0,0.0,0.0,0.0,0.0,0.0,0.0,0.0
GCAM 4.2,SSP1-Baseline,Countries from the Reforming Economies of the Former Soviet Union,Secondary Energy|Electricity|Coal|w/o CCS,EJ/yr,,2.6223499,3.04906649,3.09834446,2.90854357,2.62566316,2.49930865,2.38807734,1.8886431799999999,1.62306206,1.33408543
GCAM 4.2,SSP1-Baseline,Countries from the Reforming Economies of the Former Soviet Union,Secondary Energy|Electricity|Gas,EJ/yr,,3.974589043,4.980701348999999,5.226549398,5.046452001,4.574407373000001,3.19138606,2.3486325580000003,1.779715626,1.279648385999999,0.8956299630000001
GCAM 4.2,SSP1-Baseline,Countries from the Reforming Economies of the Former Soviet Union,Secondary Energy|Electricity|Gas|w/ CCS,EJ/yr,,0.0,0.0,0.0,0.0,0.0,0.0,0.0,0.0,0.0,0.0
GCAM 4.2,SSP1-Baseline,Countries from the Reforming Economies of the Former Soviet Union,Secondary Energy|Electricity|Gas|w/o CCS,EJ/yr,,3.974589043,4.980701348999999,5.226549398,5.046452001,4.574407373000001,3.19138606,2.3486325580000003,1.779715626,1.279648385999999,0.8956299630000001
GCAM 4.2,SSP1-Baseline,Countries from the Reforming Economies of the Former Soviet Union,Secondary Energy|Electricity|Geothermal,EJ/yr,,0.00181788,0.07087309,0.19760928,0.288614596,0.32837905100000003,0.40563584900000005,0.38894719,0.365794792999999,0.33501874400000003,0.27826064500000003
GCAM 4.2,SSP1-Baseline,Countries from the Reforming Economies of the Former Soviet Union,Secondary Energy|Electricity|Hydro,EJ/yr,,0.8071022,0.8812955,0.9558673999999999,1.040465599999999,1.1350921,1.2297176,1.3243421,1.4189726,1.5135920999999999,1.5609069
GCAM 4.2,SSP1-Baseline,Countries from the Reforming Economies of the Former Soviet Union,Secondary Energy|Electricity|Non-Biomass Renewables,EJ/yr,,0.82631485,1.091193259,1.6966023520000002,2.616042261999999,3.600480383,5.112613166,6.145191385,7.161250732,7.777519445,8.147856525
GCAM 4.2,SSP1-Baseline,Countries from the Reforming Economies of the Former Soviet Union,Secondary Energy|Electricity|Nuclear,EJ/yr,,1.261544,1.160751438,1.007288447,0.757224957,0.49928892700000005,0.349567877,0.22752385600000002,0.20543903,0.19537959,0.17224473
GCAM 4.2,SSP1-Baseline,Countries from the Reforming Economies of the Former Soviet Union,Secondary Energy|Electricity|Oil,EJ/yr,,0.11013571,0.019158036,0.020301909,0.018365512,0.013104824000000001,0.014609668000000001,0.010598483999999,0.009276433,0.009618432000000001,0.006711794
GCAM 4.2,SSP1-Baseline,Countries from the Reforming Economies of the Former Soviet Union,Secondary Energy|Electricity|Solar,EJ/yr,,0.00240837,0.062677656,0.163273356,0.36659850600000005,0.619035372,1.134094648,1.6304337469999992,2.196467702,2.757681616,3.23229295
GCAM 4.2,SSP1-Baseline,Countries from the Reforming Economies of the Former Soviet Union,Secondary Energy|Electricity|Wind,EJ/yr,,0.014986399999999999,0.076347012999999,0.379852316,0.92036356,1.5179738600000001,2.343165069,2.801468348,3.180015637,3.171226985,3.07639603
GCAM 4.2,SSP1-Baseline,Countries from the Reforming Economies of the Former Soviet Union,Secondary Energy|Hydrogen,EJ/yr,,0.0,0.017805993000000003,0.046036115999999,0.080814325999999,0.118042534,0.137466728,0.153212213,0.16141065200000002,0.16404259300000001,0.158928295
GCAM 4.2,SSP1-Baseline,Countries of the Middle East and Africa,Capacity|Electricity,GW,,632.277985948787,572.072251535325,778.55019285444,1129.44010586797,1622.47070753047,2214.79529601779,2788.463497656149,3248.09638648781,3563.83810448942,3732.752865738849
GCAM 4.2,SSP1-Baseline,Countries of the Middle East and Africa,Capacity|Electricity|Biomass,GW,,0.119720319634703,3.54998810882801,9.67084859367073,19.8499581034373,33.9817173230593,51.1017751537924,69.94275443144339,86.2373030029172,96.567388857179,97.5284662766362
GCAM 4.2,SSP1-Baseline,Countries of the Middle East and Africa,Capacity|Electricity|Coal,GW,,42.0344082952816,59.8740447425165,76.2276255707763,91.45988275304408,106.822566947298,122.773694151129,139.219501125698,143.139644771055,147.44078196347,147.448875491502
GCAM 4.2,SSP1-Baseline,Countries of the Middle East and Africa,Capacity|Electricity|Gas,GW,,151.500532724505,258.441856616248,336.171321473872,411.984565456938,478.300988061263,479.598234287798,474.784575944952,467.6719835109089,443.4537832477169,418.276629375951
GCAM 4.2,SSP1-Baseline,Countries of the Middle East and Africa,Capacity|Electricity|Nuclear,GW,,1.53462709284627,1.438869616381979,1.95976154236428,3.21520417582727,4.53538217345961,6.346615825300193,8.53876035853205,11.2706269025875,13.4424839337054,14.4890456761937
GCAM 4.2,SSP1-Baseline,Countries of the Middle East and Africa,Capacity|Electricity|Oil,GW,,418.5238647894471,177.312371416793,163.67538416413,155.795450635781,138.438809535134,161.489615241312,150.2138643138,145.79186465468,139.510542039257,105.315648187785
GCAM 4.2,SSP1-Baseline,Countries of the Middle East and Africa,Capacity|Electricity|Solar,GW,,0.054794520547944,32.3870978758391,85.74048283945379,223.089034231148,490.222579885947,879.651758161579,1313.41624858895,1678.77962365521,1966.12260924325,2177.34521952676
GCAM 4.2,SSP1-Baseline,Countries of the Middle East and Africa,Capacity|Electricity|Wind,GW,,0.7101709912782971,11.0958191696262,60.038360438312,161.560258117707,292.231229085031,420.7703528639231,526.448708750846,597.908020894811,629.8750697615429,642.099908675798
GCAM 4.2,SSP1-Baseline,Countries of the Middle East and Africa,Emissions|CH4,Mt CH4/yr,,56.63757382399999,56.29086806399999,63.03530703600001,69.14231365,76.113865763,81.16712543199999,84.9567565,85.472506129,85.520238073,80.45803533
GCAM 4.2,SSP1-Baseline,Countries of the Middle East and Africa,Emissions|CH4|Energy,Mt CH4/yr,,23.099272895,17.923145295,20.601277503,23.019865925,25.823904548,27.498420232,27.678937392,24.764641692,22.478905831,17.991003389
GCAM 4.2,SSP1-Baseline,Countries of the Middle East and Africa,Emissions|CO2,Mt CO2/yr,,4574.22155361127,4009.405988605371,4722.075157786428,6183.1087625894,6971.61845069103,7454.66932950692,7969.02951568203,8169.229927515441,8038.452964703331,7624.102233413591
GCAM 4.2,SSP1-Baseline,Countries of the Middle East and Africa,Emissions|CO2|AFOLU,Mt CO2/yr,,1609.99114841033,491.912716210666,220.613616824334,588.515478532668,360.058195537333,-55.4094875839999,-166.919537719,-225.938348694666,-283.620598873333,-342.865741383
GCAM 4.2,SSP1-Baseline,Countries of the Middle East and Africa,Emissions|CO2|Energy and Industrial Processes,Mt CO2/yr,,2964.23040520094,3517.493272394699,4501.46154096209,5594.593284056739,6611.5602551537,7510.07881709093,8135.94905340104,8395.1682762101,8322.07356357666,7966.9679747966
GCAM 4.2,SSP1-Baseline,Countries of the Middle East and Africa,Emissions|CO2|Energy|Supply|Electricity,Mt CO2/yr,,1002.54673722867,1166.407257576,1427.226269117,1660.84306491033,1853.64820421,1931.84787686,1963.74006917,1913.98491192333,1832.44119586,1714.24091993
GCAM 4.2,SSP1-Baseline,Countries of the Middle East and Africa,Final Energy,EJ/yr,,44.920991915,55.547791692,68.79456922,83.87520802899999,99.964200814,115.903709212,129.931629371,139.79769376,144.999691289,146.180281097
GCAM 4.2,SSP1-Baseline,Countries of the Middle East and Africa,Final Energy|Electricity,EJ/yr,,4.53228389,7.375757117999999,11.021972625,16.207334945,22.768848905,29.449673293,35.953854043,41.503175656,45.691397802,48.401936241
GCAM 4.2,SSP1-Baseline,Countries of the Middle East and Africa,Final Energy|Gases,EJ/yr,,8.411787687999999,10.246534601,12.606733163,15.080203575,16.979312251,18.306214958,19.089076881,19.238751737,18.986202761,18.573008129
GCAM 4.2,SSP1-Baseline,Countries of the Middle East and Africa,Final Energy|Heat,EJ/yr,,0.0,0.0,0.0,0.0,0.0,0.0,0.0,0.0,0.0,0.0
GCAM 4.2,SSP1-Baseline,Countries of the Middle East and Africa,Final Energy|Hydrogen,EJ/yr,,0.0,0.032909918999999004,0.127224674,0.316839311,0.61694161,0.8770626880000001,1.118861204,1.298431163,1.4097761,1.414333148
GCAM 4.2,SSP1-Baseline,Countries of the Middle East and Africa,Final Energy|Industry,EJ/yr,,16.296187857,21.461833726000002,28.278927201,36.223146242,43.449687916,48.38701546399999,51.575317488,53.257084126,53.78633219100001,53.446211807
GCAM 4.2,SSP1-Baseline,Countries of the Middle East and Africa,Final Energy|Liquids,EJ/yr,,16.982188317,20.900351273,26.679830863,34.292497886,42.639591945,51.678383272,59.410563132,64.718469249,67.322268951,67.64476818600001
GCAM 4.2,SSP1-Baseline,Countries of the Middle East and Africa,Final Energy|Solids,EJ/yr,,14.99473202,16.992238781,18.358807895,17.978332312,16.959506103,15.592375001,14.359274111,13.038865955,11.590045675,10.146235393
GCAM 4.2,SSP1-Baseline,Countries of the Middle East and Africa,Final Energy|Solids|Biomass,EJ/yr,,13.784981687,15.62962641,16.85400046,16.31399161,15.211839579,13.813509748,12.637541505,11.419491884,10.118491446,8.845897068
GCAM 4.2,SSP1-Baseline,Countries of the Middle East and Africa,Final Energy|Solids|Coal,EJ/yr,,1.2097503330000001,1.362612371,1.504807435,1.6643407019999992,1.747666524,1.7788652530000002,1.721732606,1.6193740710000002,1.471554229,1.300338325
GCAM 4.2,SSP1-Baseline,Countries of the Middle East and Africa,Final Energy|Transportation,EJ/yr,,10.789353979,13.155291728,16.388968104,20.413036995,24.615841805,29.576593477,34.516683912,38.759594719,42.006312823,44.106656117
GCAM 4.2,SSP1-Baseline,Countries of the Middle East and Africa,Final Energy|Transportation|Electricity,EJ/yr,,0.01736861,0.029030748000000002,0.046177835,0.06969884500000001,0.10282210500000001,0.15122549300000002,0.213836243,0.295760756,0.396604302,0.49249544100000003
GCAM 4.2,SSP1-Baseline,Countries of the Middle East and Africa,Final Energy|Transportation|Hydrogen,EJ/yr,,0.0,0.006036191000000001,0.033700033000000004,0.07680418600000001,0.13425055500000002,0.213135878,0.299571133999999,0.38687113300000003,0.46138746,0.510695987999998
GCAM 4.2,SSP1-Baseline,Countries of the Middle East and Africa,Final Energy|Transportation|Liquids,EJ/yr,,10.559908481,12.678901916000001,15.345891783,18.457750946,21.532683095,25.288571192,29.028952032,32.154679479,34.372799071,35.596756126
GCAM 4.2,SSP1-Baseline,Countries of the Middle East and Africa,Population,million,,1237.419,1496.27,1732.63,1941.813,2103.957000000001,2212.665,2272.694,2282.777,2246.708,2170.133
GCAM 4.2,SSP1-Baseline,Countries of the Middle East and Africa,Primary Energy,EJ/yr,,58.26001119,71.20290676100001,91.1360346,112.954596419,135.197744698,156.443540359,173.374066464,184.630546008,189.836324229,189.803733601
GCAM 4.2,SSP1-Baseline,Countries of the Middle East and Africa,Primary Energy|Biomass,EJ/yr,,13.7989868,16.9061354,20.38607671,22.67822197,24.891873054,27.575628093,29.773771477,31.680302086,32.912183864,33.414612578
GCAM 4.2,SSP1-Baseline,Countries of the Middle East and Africa,Primary Energy|Coal,EJ/yr,,4.601230200000002,6.623435000000002,10.960721,14.935732,18.53981,22.87445,25.7475,27.17371,27.75377000000001,27.21022
GCAM 4.2,SSP1-Baseline,Countries of the Middle East and Africa,Primary Energy|Fossil,EJ/yr,,43.9586468,53.1323762,67.9494389,84.24452020000003,99.362201,111.704274,120.037901,123.431404,122.285086,117.758005
GCAM 4.2,SSP1-Baseline,Countries of the Middle East and Africa,Primary Energy|Gas,EJ/yr,,16.7746766,24.044044,33.332419,42.454397,49.500328,52.36048,51.926987,49.507263,45.75335,42.281577
GCAM 4.2,SSP1-Baseline,Countries of the Middle East and Africa,Primary Energy|Nuclear,EJ/yr,,0.043556399999999995,0.040838186000000005,0.055622736000000006,0.091255211999999,0.12872503100000002,0.180132189,0.24235051200000002,0.319887441,0.381529956,0.41123389
GCAM 4.2,SSP1-Baseline,Countries of the Middle East and Africa,Primary Energy|Oil,EJ/yr,,22.58274,22.4648972,23.6562989,26.8543912,31.322063,36.469344,42.363414,46.750431,48.777966,48.266208
GCAM 4.2,SSP1-Baseline,Countries of the Middle East and Africa,Secondary Energy|Electricity,EJ/yr,,5.56746661681,8.905470951,13.20667604,19.276271748,26.85309267,34.451582694,41.851697801,48.238233557,53.075111775,56.195446553
GCAM 4.2,SSP1-Baseline,Countries of the Middle East and Africa,Secondary Energy|Electricity|Biomass,EJ/yr,,0.0030204,0.08956194,0.24398390500000003,0.500790623,0.85731795,1.289236465,1.7645717630000002,2.17566367,2.43627934,2.46052617
GCAM 4.2,SSP1-Baseline,Countries of the Middle East and Africa,Secondary Energy|Electricity|Biomass|w/ CCS,EJ/yr,,0.0,0.0,0.0,0.0,0.0,0.0,0.0,0.0,0.0,0.0
GCAM 4.2,SSP1-Baseline,Countries of the Middle East and Africa,Secondary Energy|Electricity|Biomass|w/o CCS,EJ/yr,,0.0030204,0.08956194,0.24398390500000003,0.500790623,0.85731795,1.289236465,1.7645717630000002,2.17566367,2.43627934,2.46052617
GCAM 4.2,SSP1-Baseline,Countries of the Middle East and Africa,Secondary Energy|Electricity|Coal,EJ/yr,,1.06047768,1.5105503,1.92313152,2.30742309,2.695005177,3.097432975,3.51234095,3.61124147,3.719754,3.71995819
GCAM 4.2,SSP1-Baseline,Countries of the Middle East and Africa,Secondary Energy|Electricity|Coal|w/ CCS,EJ/yr,,0.0,0.0,0.0,0.0,0.0,0.0,0.0,0.0,0.0,0.0
GCAM 4.2,SSP1-Baseline,Countries of the Middle East and Africa,Secondary Energy|Electricity|Coal|w/o CCS,EJ/yr,,1.06047768,1.5105503,1.92313152,2.30742309,2.695005177,3.097432975,3.51234095,3.61124147,3.719754,3.71995819
GCAM 4.2,SSP1-Baseline,Countries of the Middle East and Africa,Secondary Energy|Electricity|Gas,EJ/yr,,2.6817340868099997,5.43083452,7.4936685050000005,9.626730175,11.544928414,11.847951093,11.966309769,11.893777562,11.319565812,10.675923835
GCAM 4.2,SSP1-Baseline,Countries of the Middle East and Africa,Secondary Energy|Electricity|Gas|w/ CCS,EJ/yr,,0.0,0.0,0.0,0.0,0.0,0.0,0.0,0.0,0.0,0.0
GCAM 4.2,SSP1-Baseline,Countries of the Middle East and Africa,Secondary Energy|Electricity|Gas|w/o CCS,EJ/yr,,2.6817340868099997,5.43083452,7.4936685050000005,9.626730175,11.544928414,11.847951093,11.966309769,11.893777562,11.319565812,10.675923835
GCAM 4.2,SSP1-Baseline,Countries of the Middle East and Africa,Secondary Energy|Electricity|Geothermal,EJ/yr,,0.00529559,0.10938964,0.3879972,0.61038895,0.7187173480000001,0.81882663,0.8611634140000001,0.8672283040000001,0.8412508780000001,0.7717397009999991
GCAM 4.2,SSP1-Baseline,Countries of the Middle East and Africa,Secondary Energy|Electricity|Hydro,EJ/yr,,0.4437737,0.5963155,0.748974199999998,0.9660516,1.2475506,1.5290475,1.810543399999999,2.092042299999999,2.3735402,2.5142881
GCAM 4.2,SSP1-Baseline,Countries of the Middle East and Africa,Secondary Energy|Electricity|Non-Biomass Renewables,EJ/yr,,0.45882119,1.123557023,2.744896254,5.940599037,10.814945613,16.983506077,23.320043475,29.198952481,34.257524409,38.219882133
GCAM 4.2,SSP1-Baseline,Countries of the Middle East and Africa,Secondary Energy|Electricity|Nuclear,EJ/yr,,0.043556399999999995,0.040838186000000005,0.055622736000000006,0.091255211999999,0.12872503100000002,0.180132189,0.24235051200000002,0.319887441,0.381529956,0.41123389
GCAM 4.2,SSP1-Baseline,Countries of the Middle East and Africa,Secondary Energy|Electricity|Oil,EJ/yr,,1.31985686,0.7101289820000001,0.74537312,0.809473610999999,0.812170485,1.053323895,1.046081332,1.038710933,0.9604582580000001,0.707922335
GCAM 4.2,SSP1-Baseline,Countries of the Middle East and Africa,Secondary Energy|Electricity|Solar,EJ/yr,,0.0003456,0.26038938500000003,0.7369749940000001,2.020474909,4.517249766,8.2663133,12.679335151,17.000424477,21.110863231,24.809222972
GCAM 4.2,SSP1-Baseline,Countries of the Middle East and Africa,Secondary Energy|Electricity|Wind,EJ/yr,,0.0094063,0.157462498,0.87094986,2.3436835780000003,4.3314278989999995,6.369318647,7.96900151,9.2392574,9.9318701,10.12463136
GCAM 4.2,SSP1-Baseline,Countries of the Middle East and Africa,Secondary Energy|Hydrogen,EJ/yr,,0.0,0.032909794,0.127224473,0.31683901200000003,0.616940572999999,0.877064135,1.118861619,1.298431175,1.409776352,1.414331445
GCAM 4.2,SSP1-Baseline,Latin American countries,Capacity|Electricity,GW,,396.364036509295,411.010189873111,545.7105363027259,708.716022083284,878.587741697029,1032.99054844371,1141.00369626856,1187.42370203434,1181.36535186524,1124.45125631768
GCAM 4.2,SSP1-Baseline,Latin American countries,Capacity|Electricity|Biomass,GW,,6.05381785895484,15.2629885289828,21.40545158707511,26.2465767694064,30.4196341086378,34.2603126585489,36.4883671042618,31.2094167776509,26.83950572361751,21.3193365518772
GCAM 4.2,SSP1-Baseline,Latin American countries,Capacity|Electricity|Coal,GW,,10.0881330067225,21.3732765728057,30.286022720066,37.7494313641553,43.5074957984527,49.2671829813545,54.399030948757,48.5276668331431,43.8810343734145,38.0915731624175
GCAM 4.2,SSP1-Baseline,Latin American countries,Capacity|Electricity|Gas,GW,,57.2371630834601,109.688994561771,153.112986031837,189.478043949772,211.536096191654,194.356622780315,164.792781265855,134.440680095764,105.04811279173,81.9862295313293
GCAM 4.2,SSP1-Baseline,Latin American countries,Capacity|Electricity|Nuclear,GW,,3.49733637747336,3.20169386662157,2.88984744066746,2.44668209876543,2.0847921599301,2.0893604839618902,2.15972155279328,2.568753241445399,2.8509570719882698,2.8460214428660002
GCAM 4.2,SSP1-Baseline,Latin American countries,Capacity|Electricity|Oil,GW,,212.502727042111,104.757715071664,96.8361866596906,76.73604753297809,53.9721575738838,44.4860097190513,32.6176644549086,26.9667827641425,22.700066550926,13.8530660197869
GCAM 4.2,SSP1-Baseline,Latin American countries,Capacity|Electricity|Solar,GW,,0.026319127346524,18.8261672790033,48.99303517469279,112.786734619083,210.964872767017,329.615267485267,436.408382086178,507.240631169817,542.871399605214,543.961535586696
GCAM 4.2,SSP1-Baseline,Latin American countries,Capacity|Electricity|Wind,GW,,1.21192106979778,13.9265645611365,49.7844821928837,104.441198671498,154.285188895906,195.915193416519,221.158538984547,233.608103534412,226.082201610857,210.462244419077
GCAM 4.2,SSP1-Baseline,Latin American countries,Emissions|CH4,Mt CH4/yr,,47.663797361,42.961978968,43.284313959,42.992299961,40.72334383,38.876153451,36.130304215,33.381111454,30.727727827,27.406352416
GCAM 4.2,SSP1-Baseline,Latin American countries,Emissions|CH4|Energy,Mt CH4/yr,,7.8909337760000025,4.073997234,5.1533998180000005,6.445625565,5.956597875,6.116107359,5.489428303,4.98985792,4.752821064,4.062798098
GCAM 4.2,SSP1-Baseline,Latin American countries,Emissions|CO2,Mt CO2/yr,,3153.32032800643,2093.11146197572,2397.87079780783,2726.43129091637,2891.7064872256,3118.9971504556,3035.09441928403,2835.2558392037,2579.67690321,2258.32136972347
GCAM 4.2,SSP1-Baseline,Latin American countries,Emissions|CO2|AFOLU,Mt CO2/yr,,1400.46895894767,-148.592387434333,-339.549396956,-396.708029065334,-442.918425147,-271.254642919333,-286.89945174,-297.801431642,-324.333379128,-364.3407378013329
GCAM 4.2,SSP1-Baseline,Latin American countries,Emissions|CO2|Energy and Industrial Processes,Mt CO2/yr,,1752.85136905877,2241.70384941005,2737.42019476383,3123.13931998171,3334.6249123726,3390.25179337493,3321.993871024031,3133.057270845701,2904.010282338,2622.6621075248
GCAM 4.2,SSP1-Baseline,Latin American countries,Emissions|CO2|Energy|Supply|Electricity,Mt CO2/yr,,337.337038936334,478.384885348333,628.348756837999,734.1008540800011,788.691018243333,760.753191132,698.995276664666,575.696300824333,471.507392103,378.0865052433329
GCAM 4.2,SSP1-Baseline,Latin American countries,Final Energy,EJ/yr,,27.646858621,33.366998321,39.193754591,44.996540933,49.326301577,51.84833594,52.830667976,52.389129063,50.75788115100001,47.960152703
GCAM 4.2,SSP1-Baseline,Latin American countries,Final Energy|Electricity,EJ/yr,,4.107527449,6.086279055,8.494731175,11.216202812,13.839758715,15.844992227,17.1529364,17.745495929,17.810099767,17.20202948
GCAM 4.2,SSP1-Baseline,Latin American countries,Final Energy|Gases,EJ/yr,,4.259633825,5.040864353,6.209237437000001,7.371405912,8.184548646,8.585175239,8.723560379,8.673720021,8.522661369,8.31743377
GCAM 4.2,SSP1-Baseline,Latin American countries,Final Energy|Heat,EJ/yr,,0.0,0.0,0.0,0.0,0.0,0.0,0.0,0.0,0.0,0.0
GCAM 4.2,SSP1-Baseline,Latin American countries,Final Energy|Hydrogen,EJ/yr,,0.0,0.041307231,0.12481262400000001,0.236998651,0.35636119200000005,0.41666137299999906,0.46406894,0.49200331700000005,0.49422040500000003,0.46385029
GCAM 4.2,SSP1-Baseline,Latin American countries,Final Energy|Industry,EJ/yr,,12.80485799,15.709807912,18.158780621,19.977849108,20.935380339,21.106005019,20.80729821,20.141487472,19.171687374,17.867262413
GCAM 4.2,SSP1-Baseline,Latin American countries,Final Energy|Liquids,EJ/yr,,14.280515814,17.901995367,20.406784347,22.543074365,23.687938219,24.17665917,24.034195391,23.373630517,22.190317756,20.581350274000002
GCAM 4.2,SSP1-Baseline,Latin American countries,Final Energy|Solids,EJ/yr,,4.999181533,4.296552315,3.958189008,3.6288591930000003,3.257694805,2.824847931,2.455906866,2.104279279,1.7405818540000002,1.3954888890000001
GCAM 4.2,SSP1-Baseline,Latin American countries,Final Energy|Solids|Biomass,EJ/yr,,4.289363363000001,3.521090105,3.148981733,2.80281632,2.461615205,2.082552999,1.793389682,1.531113304,1.267878611,1.019928902
GCAM 4.2,SSP1-Baseline,Latin American countries,Final Energy|Solids|Coal,EJ/yr,,0.70981817,0.77546221,0.809207275,0.826042873,0.7960795999999991,0.7422949320000001,0.662517184,0.573165975,0.47270324300000005,0.37555998700000004
GCAM 4.2,SSP1-Baseline,Latin American countries,Final Energy|Transportation,EJ/yr,,9.582377566,11.238252899,13.014471859,15.00034095,16.564190054,17.71888441,18.540724395,18.998059056,19.102510706,18.781708399
GCAM 4.2,SSP1-Baseline,Latin American countries,Final Energy|Transportation|Electricity,EJ/yr,,0.016294293,0.062656314,0.11934659500000001,0.19050739600000002,0.27638475,0.359830518999999,0.432873197999998,0.49785590100000005,0.5480603540000001,0.568165028
GCAM 4.2,SSP1-Baseline,Latin American countries,Final Energy|Transportation|Hydrogen,EJ/yr,,0.0,0.006878933,0.03823893,0.08419375,0.137722968,0.189562676,0.23659458500000002,0.27523849,0.29847179100000004,0.30033566700000003
GCAM 4.2,SSP1-Baseline,Latin American countries,Final Energy|Transportation|Liquids,EJ/yr,,9.346679273,10.702447995,11.854145421,12.88704437,13.383251138,13.6632454,13.762297768,13.647247669,13.294170902,12.666355174
GCAM 4.2,SSP1-Baseline,Latin American countries,Population,million,,586.2230000000002,635.8919999999998,666.432,679.828,675.908,656.9019999999998,627.284,589.321,542.067,485.474
GCAM 4.2,SSP1-Baseline,Latin American countries,Primary Energy,EJ/yr,,33.515515082,42.418409237,52.481117185,61.335706439,67.363018434,70.753880616,70.995928579,68.986993402,65.862033072,61.356031149
GCAM 4.2,SSP1-Baseline,Latin American countries,Primary Energy|Biomass,EJ/yr,,4.738232892,5.400478073,6.628766959,7.585309334,8.181978809,8.956469256,8.920014587999999,8.410060867999999,7.911424104,7.314915078999999
GCAM 4.2,SSP1-Baseline,Latin American countries,Primary Energy|Coal,EJ/yr,,1.44790165,2.9599647,5.660005,7.497355000000002,8.609882,10.005478,10.268892,9.651731999999999,8.974909,8.083555
GCAM 4.2,SSP1-Baseline,Latin American countries,Primary Energy|Fossil,EJ/yr,,25.99394105,33.4449935,40.995842,47.048168,50.383758,50.744315,49.147098,46.056189,42.47541,38.429236
GCAM 4.2,SSP1-Baseline,Latin American countries,Primary Energy|Gas,EJ/yr,,7.841464,11.536172,16.993552,21.41563,23.86546,23.95185,22.04038,19.72768,17.51865,15.62213
GCAM 4.2,SSP1-Baseline,Latin American countries,Primary Energy|Nuclear,EJ/yr,,0.0992628,0.09087143,0.082020806,0.06944271,0.059171405,0.05930106500000001,0.061298081000000004,0.072907382,0.080917004,0.080776919
GCAM 4.2,SSP1-Baseline,Latin American countries,Primary Energy|Oil,EJ/yr,,16.7045754,18.9488568,18.342285,18.135183,17.908416,16.786987,16.837826,16.676777,15.981851,14.723551
GCAM 4.2,SSP1-Baseline,Latin American countries,Secondary Energy|Electricity,EJ/yr,,5.020225841,7.375117271000001,10.163547618,13.24230339,16.127062377,18.246571962,19.562800864,20.102041748,20.062464138,19.274288087
GCAM 4.2,SSP1-Baseline,Latin American countries,Secondary Energy|Electricity|Biomass,EJ/yr,,0.15273056000000002,0.38506704900000005,0.5400338570000001,0.662169636,0.767450865,0.8643465760000001,0.920557715999999,0.7873761340000001,0.6771285220000001,0.537861277999998
GCAM 4.2,SSP1-Baseline,Latin American countries,Secondary Energy|Electricity|Biomass|w/ CCS,EJ/yr,,0.0,0.0,0.0,0.0,0.0,0.0,0.0,0.0,0.0,0.0
GCAM 4.2,SSP1-Baseline,Latin American countries,Secondary Energy|Electricity|Biomass|w/o CCS,EJ/yr,,0.15273056000000002,0.38506704900000005,0.5400338570000001,0.662169636,0.767450865,0.8643465760000001,0.920557715999999,0.7873761340000001,0.6771285220000001,0.537861277999998
GCAM 4.2,SSP1-Baseline,Latin American countries,Secondary Energy|Electricity|Coal,EJ/yr,,0.25451149,0.53922212,0.76408001,0.952372854,1.09764191,1.242951906,1.372422271999999,1.224294800999999,1.10706584,0.961004680999999
GCAM 4.2,SSP1-Baseline,Latin American countries,Secondary Energy|Electricity|Coal|w/ CCS,EJ/yr,,0.0,0.0,0.0,0.0,0.0,0.0,0.0,0.0,0.0,0.0
GCAM 4.2,SSP1-Baseline,Latin American countries,Secondary Energy|Electricity|Coal|w/o CCS,EJ/yr,,0.25451149,0.53922212,0.76408001,0.952372854,1.09764191,1.242951906,1.372422271999999,1.224294800999999,1.10706584,0.961004680999999
GCAM 4.2,SSP1-Baseline,Latin American countries,Secondary Energy|Electricity|Gas,EJ/yr,,1.159494051,2.468253149,3.566786176,4.5308743,5.1507220789999995,4.799746226,4.11918131,3.384902446,2.654627109,2.075427039
GCAM 4.2,SSP1-Baseline,Latin American countries,Secondary Energy|Electricity|Gas|w/ CCS,EJ/yr,,0.0,0.0,0.0,0.0,0.0,0.0,0.0,0.0,0.0,0.0
GCAM 4.2,SSP1-Baseline,Latin American countries,Secondary Energy|Electricity|Gas|w/o CCS,EJ/yr,,1.159494051,2.468253149,3.566786176,4.5308743,5.1507220789999995,4.799746226,4.11918131,3.384902446,2.654627109,2.075427039
GCAM 4.2,SSP1-Baseline,Latin American countries,Secondary Energy|Electricity|Geothermal,EJ/yr,,0.035611199999999,0.35143421,0.67199001,0.88679528,0.95946545,0.98664951,0.98344389,0.97780744,0.93050272,0.82419511
GCAM 4.2,SSP1-Baseline,Latin American countries,Secondary Energy|Electricity|Hydro,EJ/yr,,2.6322491,2.7762504999999997,2.9206548,3.120327999999999,3.375283999999999,3.630236,3.88519,4.140149,4.395097,4.522576
GCAM 4.2,SSP1-Baseline,Latin American countries,Secondary Energy|Electricity|Non-Biomass Renewables,EJ/yr,,2.68407834,3.4820663489999992,4.77448742,6.632786396,8.73811022,10.993795295,12.86751791,14.447836152,15.394281964,15.531103151
GCAM 4.2,SSP1-Baseline,Latin American countries,Secondary Energy|Electricity|Nuclear,EJ/yr,,0.0992628,0.09087143,0.082020806,0.06944271,0.059171405,0.05930106500000001,0.061298081000000004,0.072907382,0.080917004,0.080776919
GCAM 4.2,SSP1-Baseline,Latin American countries,Secondary Energy|Electricity|Oil,EJ/yr,,0.6701486,0.40963717400000005,0.436139349,0.394657494,0.313965898,0.286430894,0.22182357500000002,0.184724833,0.148443699,0.088115019
GCAM 4.2,SSP1-Baseline,Latin American countries,Secondary Energy|Electricity|Solar,EJ/yr,,0.00016600000000000002,0.15674622800000002,0.45964063600000005,1.110580474,2.116558043,3.411286646,4.651145291000001,5.720017787000002,6.503818089,6.865763371
GCAM 4.2,SSP1-Baseline,Latin American countries,Secondary Energy|Electricity|Wind,EJ/yr,,0.01605204,0.197635411,0.7222019740000001,1.515082641999999,2.286802727,2.965623139,3.347738728999999,3.609861925,3.564864155,3.31856867
GCAM 4.2,SSP1-Baseline,Latin American countries,Secondary Energy|Hydrogen,EJ/yr,,0.0,0.041305497000000004,0.12481391500000001,0.23699793700000002,0.35635980500000003,0.416661452999998,0.464068385,0.492002879,0.494220222999998,0.463850272
GCAM 4.2,SSP1-Baseline,OECD90 and EU (and EU candidate) countries,Capacity|Electricity,GW,,1611.0993741434,1846.6167681723,2126.652536294189,2437.48361534734,2694.80757731165,2922.50617558041,3181.63635586345,3384.404814077269,3495.24713199843,3539.69483582677
GCAM 4.2,SSP1-Baseline,OECD90 and EU (and EU candidate) countries,Capacity|Electricity|Biomass,GW,,19.47607258371389,16.1243301306443,20.2954919774226,28.2932236967276,40.801643756342,50.04386863425921,61.2460421026763,65.7095566574708,65.85605046613401,61.3818400399543
GCAM 4.2,SSP1-Baseline,OECD90 and EU (and EU candidate) countries,Capacity|Electricity|Coal,GW,,463.145492453069,529.823627520928,530.434374524354,514.030731425989,523.849734826864,543.804213953894,579.319661775431,557.864757657915,553.789887430239,515.026409024607
GCAM 4.2,SSP1-Baseline,OECD90 and EU (and EU candidate) countries,Capacity|Electricity|Gas,GW,,347.871071156773,361.021044774226,387.854239377219,418.490289399416,469.740130026002,447.298413067605,412.649805301877,394.2965984271949,322.354550894216,268.467222158802
GCAM 4.2,SSP1-Baseline,OECD90 and EU (and EU candidate) countries,Capacity|Electricity|Nuclear,GW,,262.545182930266,235.49089576639,199.357334932916,143.475005355432,89.05351788432259,54.56662773408879,28.4841059600315,30.0551057345398,30.9767675038051,29.7255053131518
GCAM 4.2,SSP1-Baseline,OECD90 and EU (and EU candidate) countries,Capacity|Electricity|Oil,GW,,235.766717402334,34.3281769247844,22.3809015490233,22.5369401636225,20.9986487268518,15.3614358590183,16.6481613473491,16.4501869292238,11.9069243483638,10.7429849219939
GCAM 4.2,SSP1-Baseline,OECD90 and EU (and EU candidate) countries,Capacity|Electricity|Solar,GW,,17.180225159981,79.386483006141,119.107240283324,187.357009356406,303.261607946844,492.019556608789,713.154529929951,918.4478360488988,1075.24671550616,1204.94497682259
GCAM 4.2,SSP1-Baseline,OECD90 and EU (and EU candidate) countries,Capacity|Electricity|Wind,GW,,71.763282627866,378.56693021027,618.339143876978,877.757344539298,982.1262718999968,1038.31691908982,1073.98751294817,1098.77720764866,1134.86027650939,1156.09592338914
GCAM 4.2,SSP1-Baseline,OECD90 and EU (and EU candidate) countries,Emissions|CH4,Mt CH4/yr,,63.763727695,65.13157725399999,68.567660316,69.660539559,70.61858893899999,72.765666755,71.62491206,68.453543657,63.298698488,61.510047073
GCAM 4.2,SSP1-Baseline,OECD90 and EU (and EU candidate) countries,Emissions|CH4|Energy,Mt CH4/yr,,20.264424231,24.15897093,26.486530777,26.63126276,26.710956309,28.099225815,26.634731231,23.680428423,19.533630804,19.438677629
GCAM 4.2,SSP1-Baseline,OECD90 and EU (and EU candidate) countries,Emissions|CO2,Mt CO2/yr,,10660.1038555798,11214.257338988,11435.1851271702,11819.9457603227,11992.7835703911,12530.908368176,12359.4840133145,11790.0338311323,11174.0653625223,10303.5147312596
GCAM 4.2,SSP1-Baseline,OECD90 and EU (and EU candidate) countries,Emissions|CO2|AFOLU,Mt CO2/yr,,-752.360736314001,-756.744936203667,-988.321942138666,-733.405970542667,-607.063604986667,-136.687118417667,-199.639634696333,-197.597672539667,-210.777258538,-263.488613663
GCAM 4.2,SSP1-Baseline,OECD90 and EU (and EU candidate) countries,Emissions|CO2|Energy and Industrial Processes,Mt CO2/yr,,11412.4645918938,11971.0022751917,12423.5070693089,12553.3517308654,12599.8471753777,12667.5954865937,12559.1236480109,11987.631503672,11384.8426210603,10567.0033449226
GCAM 4.2,SSP1-Baseline,OECD90 and EU (and EU candidate) countries,Emissions|CO2|Energy|Supply|Electricity,Mt CO2/yr,,4108.33153626866,4423.29992802134,4424.80656929667,4277.481716002,4285.15418154633,4219.76955449867,4231.02640081,3933.839967354,3708.172450895,3350.405262017
GCAM 4.2,SSP1-Baseline,OECD90 and EU (and EU candidate) countries,Final Energy,EJ/yr,,148.892618636,156.909748666,164.122032972,170.360746001,174.128022768,177.420294511,179.573584154,179.502209696,176.779720658,172.108513355
GCAM 4.2,SSP1-Baseline,OECD90 and EU (and EU candidate) countries,Final Energy|Electricity,EJ/yr,,30.761297942,36.443406113,40.320810805,44.09680300300001,47.926055719,50.849461333,54.15528131399999,57.36515373,59.138105364,59.629578077
GCAM 4.2,SSP1-Baseline,OECD90 and EU (and EU candidate) countries,Final Energy|Gases,EJ/yr,,31.31376412900001,32.9683513,35.960804829,37.405824804,37.123856814,36.530214805,35.018067734,32.95062917,31.022773115,29.401037834
GCAM 4.2,SSP1-Baseline,OECD90 and EU (and EU candidate) countries,Final Energy|Heat,EJ/yr,,0.0808569,0.09966073700000001,0.11551267,0.12165002,0.11735329900000001,0.108228604,0.09615242700000001,0.082718658,0.069689547,0.057548031000000006
GCAM 4.2,SSP1-Baseline,OECD90 and EU (and EU candidate) countries,Final Energy|Hydrogen,EJ/yr,,0.0,0.15995779200000002,0.454040614,0.8135668030000001,1.213586284,1.492148545,1.764252739,1.965200377,2.116206783,2.155911019
GCAM 4.2,SSP1-Baseline,OECD90 and EU (and EU candidate) countries,Final Energy|Industry,EJ/yr,,52.432250823,56.069321843,59.661830467,62.341506907,64.291322164,65.855917401,67.00537055699999,67.592921471,67.404759056,66.610252245
GCAM 4.2,SSP1-Baseline,OECD90 and EU (and EU candidate) countries,Final Energy|Liquids,EJ/yr,,74.258112775,75.16342031800001,75.707902734,76.62199991899999,76.774817191,77.797975839,78.371165564,77.730331418,75.910467712,73.27159451899999
GCAM 4.2,SSP1-Baseline,OECD90 and EU (and EU candidate) countries,Final Energy|Solids,EJ/yr,,12.47858689,12.074952406,11.56296132,11.300901452,10.972353461,10.642265385,10.168664376,9.408176343000001,8.522478137,7.592843875
GCAM 4.2,SSP1-Baseline,OECD90 and EU (and EU candidate) countries,Final Energy|Solids|Biomass,EJ/yr,,5.67934563,5.426164539,5.234778487,5.178745159,5.129477425,4.9949649360000015,4.902517892000001,4.657999154000001,4.337165499,3.954767148
GCAM 4.2,SSP1-Baseline,OECD90 and EU (and EU candidate) countries,Final Energy|Solids|Coal,EJ/yr,,6.799241260000001,6.648787867,6.328182833,6.122156293,5.842876036,5.647300448999999,5.266146484,4.750177189,4.185312638,3.638076727
GCAM 4.2,SSP1-Baseline,OECD90 and EU (and EU candidate) countries,Final Energy|Transportation,EJ/yr,,50.412754033,51.26472710399999,51.786093584,53.041001207,53.627125027,54.96028065,56.405553873,57.207163869,57.195577523,56.64744943199999
GCAM 4.2,SSP1-Baseline,OECD90 and EU (and EU candidate) countries,Final Energy|Transportation|Electricity,EJ/yr,,0.336318302,0.42514878300000003,0.5839543650000001,0.762836603,0.9774748390000001,1.239245533,1.554197874,1.91649175,2.299565194,2.607717147
GCAM 4.2,SSP1-Baseline,OECD90 and EU (and EU candidate) countries,Final Energy|Transportation|Hydrogen,EJ/yr,,0.0,0.035317699,0.166669548,0.320206353999999,0.491426867999998,0.6810007560000001,0.8820099280000001,1.069229577,1.22149083,1.314038369
GCAM 4.2,SSP1-Baseline,OECD90 and EU (and EU candidate) countries,Final Energy|Transportation|Liquids,EJ/yr,,49.972249395,49.760765798,48.66107392600001,48.262978697,47.253962285,47.08296942899999,47.072696642,46.590730501,45.512432774,44.116705777
GCAM 4.2,SSP1-Baseline,OECD90 and EU (and EU candidate) countries,Population,million,,1008.395,1066.706,1118.886,1164.807,1202.545,1231.149,1245.822,1243.736,1219.818,1177.267
GCAM 4.2,SSP1-Baseline,OECD90 and EU (and EU candidate) countries,Primary Energy,EJ/yr,,188.1345698,201.942600872,216.520710635,226.616141437,232.955045842,239.071287877,240.161738118,236.617689333,230.456205625,221.411261331
GCAM 4.2,SSP1-Baseline,OECD90 and EU (and EU candidate) countries,Primary Energy|Biomass,EJ/yr,,8.497049,10.319677,13.512808,16.612209,19.450766,23.115576,24.44154,24.865378,24.305018,23.272022
GCAM 4.2,SSP1-Baseline,OECD90 and EU (and EU candidate) countries,Primary Energy|Coal,EJ/yr,,38.285448099999996,44.7751722,50.450837,52.41423,54.10720500000001,58.525693,60.05463100000001,57.47095,55.825376,51.868019
GCAM 4.2,SSP1-Baseline,OECD90 and EU (and EU candidate) countries,Primary Energy|Fossil,EJ/yr,,166.24695251,173.5539639,181.5659902,185.175997,186.476798,186.07196,182.58464,174.118457,164.565294,153.499854
GCAM 4.2,SSP1-Baseline,OECD90 and EU (and EU candidate) countries,Primary Energy|Gas,EJ/yr,,49.600793,53.574625,64.607388,71.396976,74.09895,73.81029000000002,67.58792,61.07756,54.02004,49.16629099999999
GCAM 4.2,SSP1-Baseline,OECD90 and EU (and EU candidate) countries,Primary Energy|Nuclear,EJ/yr,,7.451662400000001,6.6837968,5.658239622999999,4.072164992,2.527552566,1.548731855,0.8084472890000001,0.8530360330000001,0.8791950059999991,0.8436811820000001
GCAM 4.2,SSP1-Baseline,OECD90 and EU (and EU candidate) countries,Primary Energy|Oil,EJ/yr,,78.36071141,75.2041667,66.5077652,61.364791,58.27064300000001,53.735977,54.942089,55.569947,54.719878,52.46554399999999
GCAM 4.2,SSP1-Baseline,OECD90 and EU (and EU candidate) countries,Secondary Energy|Electricity,EJ/yr,,33.836154657,40.364795331,44.596285313,48.730217921,52.962395077,56.103030912,59.763393987,63.403507614,65.434710303,66.035296266
GCAM 4.2,SSP1-Baseline,OECD90 and EU (and EU candidate) countries,Secondary Energy|Electricity|Biomass,EJ/yr,,0.49135794,0.4067975,0.5120309080000001,0.713804082,1.02937651,1.262546753,1.545164147,1.6577732630000002,1.6614691259999992,1.548590165999999
GCAM 4.2,SSP1-Baseline,OECD90 and EU (and EU candidate) countries,Secondary Energy|Electricity|Biomass|w/ CCS,EJ/yr,,0.0,0.0,0.0,0.0,0.0,0.0,0.0,0.0,0.0,0.0
GCAM 4.2,SSP1-Baseline,OECD90 and EU (and EU candidate) countries,Secondary Energy|Electricity|Biomass|w/o CCS,EJ/yr,,0.49135794,0.4067975,0.5120309080000001,0.713804082,1.02937651,1.262546753,1.545164147,1.6577732630000002,1.6614691259999992,1.548590165999999
GCAM 4.2,SSP1-Baseline,OECD90 and EU (and EU candidate) countries,Secondary Energy|Electricity|Coal,EJ/yr,,11.68602823,13.368066002,13.383259568,12.969084847,13.216477308,13.719693192,14.615539883,14.074258398,13.971454312,12.993498268
GCAM 4.2,SSP1-Baseline,OECD90 and EU (and EU candidate) countries,Secondary Energy|Electricity|Coal|w/ CCS,EJ/yr,,0.0,0.0,0.0,0.0,0.0,0.0,0.0,0.0,0.0,0.0
GCAM 4.2,SSP1-Baseline,OECD90 and EU (and EU candidate) countries,Secondary Energy|Electricity|Coal|w/o CCS,EJ/yr,,11.68602823,13.368066002,13.383259568,12.969084847,13.216477308,13.719693192,14.615539883,14.074258398,13.971454312,12.993498268
GCAM 4.2,SSP1-Baseline,OECD90 and EU (and EU candidate) countries,Secondary Energy|Electricity|Gas,EJ/yr,,7.522676637000001,8.38521721,9.16474963,10.107393805,11.567082021000001,11.141309124,10.358508795,9.930505464,8.140615214,6.788204213999999
GCAM 4.2,SSP1-Baseline,OECD90 and EU (and EU candidate) countries,Secondary Energy|Electricity|Gas|w/ CCS,EJ/yr,,0.0,0.0,0.0,0.0,0.0,0.0,0.0,0.0,0.0,0.0
GCAM 4.2,SSP1-Baseline,OECD90 and EU (and EU candidate) countries,Secondary Energy|Electricity|Gas|w/o CCS,EJ/yr,,7.522676637000001,8.38521721,9.16474963,10.107393805,11.567082021000001,11.141309124,10.358508795,9.930505464,8.140615214,6.788204213999999
GCAM 4.2,SSP1-Baseline,OECD90 and EU (and EU candidate) countries,Secondary Energy|Electricity|Geothermal,EJ/yr,,0.13238103,0.57751406,0.97003686,1.30500604,1.6612010700000002,1.933790084,2.17945274,2.21333258,2.014972546999999,1.772694676
GCAM 4.2,SSP1-Baseline,OECD90 and EU (and EU candidate) countries,Secondary Energy|Electricity|Hydro,EJ/yr,,4.745641,4.7678449999999994,4.8044270000000004,4.889751,5.023826000000001,5.157903,5.291969,5.426038,5.560125,5.627164
GCAM 4.2,SSP1-Baseline,OECD90 and EU (and EU candidate) countries,Secondary Energy|Electricity|Non-Biomass Renewables,EJ/yr,,5.93890629,11.385163199,15.783672812,20.755770445,24.499929276,28.335020022,32.327110829,36.78081829999999,40.706698619,43.795704149
GCAM 4.2,SSP1-Baseline,OECD90 and EU (and EU candidate) countries,Secondary Energy|Electricity|Nuclear,EJ/yr,,7.451662400000001,6.6837968,5.658239622999999,4.072164992,2.527552566,1.548731855,0.8084472890000001,0.8530360330000001,0.8791950059999991,0.8436811820000001
GCAM 4.2,SSP1-Baseline,OECD90 and EU (and EU candidate) countries,Secondary Energy|Electricity|Oil,EJ/yr,,0.74552316,0.13575462,0.09433277200000001,0.11199975000000001,0.121977396,0.095729966,0.108623044,0.107116155999999,0.075278026,0.065618287
GCAM 4.2,SSP1-Baseline,OECD90 and EU (and EU candidate) countries,Secondary Energy|Electricity|Solar,EJ/yr,,0.11037097,0.667485007,1.039235060999999,1.8277738209999992,3.2579051740000002,5.526033005,8.598439389,12.16243909,15.237124232,18.166524953
GCAM 4.2,SSP1-Baseline,OECD90 and EU (and EU candidate) countries,Secondary Energy|Electricity|Wind,EJ/yr,,0.9505132900000001,5.372319132,8.969973891,12.733239584,14.556997032,15.717293933,16.2572497,16.97900863,17.89447684,18.22932052
GCAM 4.2,SSP1-Baseline,OECD90 and EU (and EU candidate) countries,Secondary Energy|Hydrogen,EJ/yr,,0.0,0.15995786,0.454040946,0.8135666460000001,1.213585994,1.492148624,1.7642522230000002,1.965199818,2.116207884,2.155911486
GCAM 4.2,SSP1-Baseline,World,Capacity|Electricity,GW,,4144.84828142649,4831.46674090088,6232.13604899305,7942.98140884935,9681.54427752771,11292.5677443505,12709.9142621813,13625.4771834013,13992.0694416554,13904.9201856535
GCAM 4.2,SSP1-Baseline,World,Capacity|Electricity|Biomass,GW,,30.3345299816083,50.6469148750634,87.67879704940391,138.954788574962,195.459256167555,245.617703259767,294.177716458967,321.653743856228,323.630048079972,294.135118634259
GCAM 4.2,SSP1-Baseline,World,Capacity|Electricity|Coal,GW,,1225.95827546296,1664.36083040018,1953.45145115899,2119.81384730942,2202.16080970954,2259.56860040906,2328.80194955765,2029.94371666508,1764.35733138318,1469.94719522926
GCAM 4.2,SSP1-Baseline,World,Capacity|Electricity|Gas,GW,,841.210098776002,1157.5426730007,1436.9308602708,1688.7050985144,1879.90699365804,1750.599685153481,1581.63668229959,1433.24462745751,1209.79883905695,1041.32683902524
GCAM 4.2,SSP1-Baseline,World,Capacity|Electricity|Nuclear,GW,,349.605290602627,316.279049657534,273.603256278539,207.228569218953,141.358913023564,101.501938349118,72.4362446445685,79.942441407351,83.2584443880715,79.555690498337
GCAM 4.2,SSP1-Baseline,World,Capacity|Electricity|Oil,GW,,1085.21662861492,408.36590547311,401.99327019121,368.256555523846,292.474100472476,286.630320031076,255.640557141045,241.897592790779,219.779603825786,162.348426956494
GCAM 4.2,SSP1-Baseline,World,Capacity|Electricity|Solar,GW,,18.7869999570383,192.582079348302,462.741457599916,1071.13052732273,2070.25158352284,3364.27628332095,4648.50064355404,5712.04631531504,6456.01685055402,6927.42327569963
GCAM 4.2,SSP1-Baseline,World,Capacity|Electricity|Wind,GW,,92.8780660348868,464.649769857376,945.679612258178,1591.71711791079,2062.1452568898,2373.0461539986,2557.73946950839,2784.606526263469,2880.16050183917,2879.64900304414
GCAM 4.2,SSP1-Baseline,World,Emissions|CH4,Mt CH4/yr,,368.28881619,364.530413233,395.476181127,414.67596388,415.077887455,406.324207229,394.100234895,370.838457156,344.733670008,312.78988389
GCAM 4.2,SSP1-Baseline,World,Emissions|CH4|Energy,Mt CH4/yr,,134.80178808,129.685698728,151.872075927,163.803415331,157.556022444,148.646559998,141.283724795,126.032049009,111.312561066,95.795025323
GCAM 4.2,SSP1-Baseline,World,Emissions|CO2,Mt CO2/yr,,35775.4316692504,36838.7822052857,41740.1844527582,46587.9307087096,48042.7821434253,49156.2938093803,48076.4964593343,44057.0571800055,39667.8823036371,34839.8462688793
GCAM 4.2,SSP1-Baseline,World,Emissions|CO2|AFOLU,Mt CO2/yr,,3128.45158566967,-1722.08462494567,-2793.231836362,-1882.646977222,-2009.75086706167,-1217.36203127,-1351.54856852033,-1448.22223007733,-1598.64161580567,-1823.28451961333
GCAM 4.2,SSP1-Baseline,World,Emissions|CO2|Energy and Industrial Processes,Mt CO2/yr,,32646.9800835808,38560.8668302314,44533.4162891202,48470.5776859316,50052.533010487,50373.6558406503,49428.0450278546,45505.2794100828,41266.5239194428,36663.1307884926
GCAM 4.2,SSP1-Baseline,World,Emissions|CO2|Energy|Supply|Electricity,Mt CO2/yr,,11668.8311449343,14602.549713389,16786.6305188817,17877.1103877557,18180.526953193,17785.0518816373,17393.5663429147,14787.4166258317,12472.0168052847,10233.461483157
GCAM 4.2,SSP1-Baseline,World,Final Energy,EJ/yr,,393.851451709,450.960846319,512.801986071,569.048597418,607.561136334,632.17710256,643.695409494,640.343938778,624.211932886,598.6353491369999
GCAM 4.2,SSP1-Baseline,World,Final Energy|Electricity,EJ/yr,,65.715268115,88.25333827899998,111.1758838,136.073420417,159.985718579,178.531233701,194.608608439,205.021123614,209.828017622,209.066558345
GCAM 4.2,SSP1-Baseline,World,Final Energy|Gases,EJ/yr,,63.538011354,74.09627669300001,87.79771021200001,97.666741918,101.418761353,101.788132097,99.298014292,95.076126381,90.568079592,86.617614073
GCAM 4.2,SSP1-Baseline,World,Final Energy|Heat,EJ/yr,,9.7270965,10.242321937,10.52663337,10.15374082,9.222752769,8.093323724,6.848240287,5.700193228,4.601664957,3.598085491
GCAM 4.2,SSP1-Baseline,World,Final Energy|Hydrogen,EJ/yr,,0.0,0.326560246999999,0.962979479,1.849534365999999,2.922706269,3.630435817,4.266178257,4.695005798,4.942702294,4.890409367
GCAM 4.2,SSP1-Baseline,World,Final Energy|Industry,EJ/yr,,174.628985141,205.837123919,233.553241518,255.212626377,267.398804757,270.976269228,268.769843772,261.97310212,251.851878525,239.504255974
GCAM 4.2,SSP1-Baseline,World,Final Energy|Liquids,EJ/yr,,157.829035566,180.91683644,207.851102597,232.855786589,250.170994866,264.058176838,271.211879621,271.109900251,264.389888259,252.892401736
GCAM 4.2,SSP1-Baseline,World,Final Energy|Solids,EJ/yr,,97.042040174,97.125512723,94.487676613,90.449373308,83.840202498,76.075800383,67.46248859800001,58.741589506,49.881580162,41.570280125
GCAM 4.2,SSP1-Baseline,World,Final Energy|Solids|Biomass,EJ/yr,,47.07149658100001,41.38448933,37.610640973,34.432190188,31.653902115,28.655449602,26.181295119,23.501032079,20.652766201,17.86727694
GCAM 4.2,SSP1-Baseline,World,Final Energy|Solids|Coal,EJ/yr,,49.970543593,55.741023393,56.87703564,56.01718312,52.186300383,47.420350781,41.281193479,35.240557427,29.228813961,23.703003185
GCAM 4.2,SSP1-Baseline,World,Final Energy|Transportation,EJ/yr,,98.44806188,109.863765469,123.960024657,139.09131635,150.838087414,162.567825781,172.619341725,179.249471476,182.386871536,182.44201033
GCAM 4.2,SSP1-Baseline,World,Final Energy|Transportation|Electricity,EJ/yr,,0.881554405,1.190045473,1.565359165,1.9772896110000002,2.426884015,2.9226257120000003,3.477051547,4.076954576999999,4.703235472,5.201843844
GCAM 4.2,SSP1-Baseline,World,Final Energy|Transportation|Hydrogen,EJ/yr,,0.0,0.052888951000000003,0.264762963,0.5391966770000001,0.86197214,1.231223389,1.613117858,1.968649353,2.253734659,2.418530226999999
GCAM 4.2,SSP1-Baseline,World,Final Energy|Transportation|Liquids,EJ/yr,,96.434289169,105.650394565,115.703943664,125.618349528,131.780309491,138.377694902,143.77413805,146.468496598,146.255628295,143.620803263
GCAM 4.2,SSP1-Baseline,World,GDP|PPP,billion US$2010/yr,,73630.72577,110692.398,167404.9552,239178.2735,312771.0355,384415.1987,454847.9632,518366.9998,574639.1383,621026.333
GCAM 4.2,SSP1-Baseline,World,Population,million,,6895.882,7545.107,8026.539000000002,8348.692,8486.018,8443.981,8247.938,7914.951999999997,7457.846,6906.14
GCAM 4.2,SSP1-Baseline,World,Primary Energy,EJ/yr,,508.622863442,600.31889519,706.991858734,793.3942674739999,847.4359359389999,880.140620404,886.753763195,861.6068605989999,823.735440388,775.414558926
GCAM 4.2,SSP1-Baseline,World,Primary Energy|Biomass,EJ/yr,,51.530069752,55.508445823,65.07218967899999,75.074835034,83.833666238,93.59323865100001,97.621258485,99.271215812,97.89342673,94.53561399
GCAM 4.2,SSP1-Baseline,World,Primary Energy|Coal,EJ/yr,,143.25977845,184.6534059,224.231762,245.355968,251.918909,259.972721,256.987963,228.682162,202.089625,173.526734
GCAM 4.2,SSP1-Baseline,World,Primary Energy|Fossil,EJ/yr,,433.18341434,513.0759379,599.3355912000002,659.8107482,687.2352983,690.610009,675.1980070000002,626.877337,573.1012059999998,516.7067450000002
GCAM 4.2,SSP1-Baseline,World,Primary Energy|Gas,EJ/yr,,113.8447956,144.966954,194.814839,231.856303,249.347548,246.87438,226.976837,203.51012,179.731581,162.286568
GCAM 4.2,SSP1-Baseline,World,Primary Energy|Nuclear,EJ/yr,,9.9226372,8.976757865,7.765517061000001,5.881644144,4.012105213,2.880868615,2.05591447,2.268958349,2.363074472,2.25798143
GCAM 4.2,SSP1-Baseline,World,Primary Energy|Oil,EJ/yr,,176.07884029,183.455578,180.2889902,182.5984772,185.9688413,183.762908,191.233207,194.685055,191.28,180.893443
GCAM 4.2,SSP1-Baseline,World,Secondary Energy|Electricity,EJ/yr,,78.38901522081,104.389480975,130.641422757,158.653775304,184.911806428,204.55168991,221.548560998,232.67797936,237.584810542,236.197851424
GCAM 4.2,SSP1-Baseline,World,Secondary Energy|Electricity|Biomass,EJ/yr,,0.7892471820000001,1.296550323,2.227413095,3.515997762,4.9366460100000005,6.198947789,7.421750772999999,8.114937973,8.164797757,7.420676081
GCAM 4.2,SSP1-Baseline,World,Secondary Energy|Electricity|Biomass|w/ CCS,EJ/yr,,0.0,0.0,0.0,0.0,0.0,0.0,0.0,0.0,0.0,0.0
GCAM 4.2,SSP1-Baseline,World,Secondary Energy|Electricity|Biomass|w/o CCS,EJ/yr,,0.7892471820000001,1.296550323,2.227413095,3.515997762,4.9366460100000005,6.198947789,7.421750772999999,8.114937973,8.164797757,7.420676081
GCAM 4.2,SSP1-Baseline,World,Secondary Energy|Electricity|Coal,EJ/yr,,31.86561027,42.814227786000004,49.967279791,53.94793751100001,55.80910943399999,57.117383735,58.752878625,51.213044039,44.51261824199999,37.085003799
GCAM 4.2,SSP1-Baseline,World,Secondary Energy|Electricity|Coal|w/ CCS,EJ/yr,,0.0,0.0,0.0,0.0,0.0,0.0,0.0,0.0,0.0,0.0
GCAM 4.2,SSP1-Baseline,World,Secondary Energy|Electricity|Coal|w/o CCS,EJ/yr,,31.86561027,42.814227786000004,49.967279791,53.94793751100001,55.80910943399999,57.117383735,58.752878625,51.213044039,44.51261824199999,37.085003799
GCAM 4.2,SSP1-Baseline,World,Secondary Energy|Electricity|Gas,EJ/yr,,18.35919912881,26.902824361,34.023884235,40.757376625,46.073405213,43.43448969600001,39.680369449,36.203375577,30.686975777,26.455430567
GCAM 4.2,SSP1-Baseline,World,Secondary Energy|Electricity|Gas|w/ CCS,EJ/yr,,0.0,0.0,0.0,0.0,0.0,0.0,0.0,0.0,0.0,0.0
GCAM 4.2,SSP1-Baseline,World,Secondary Energy|Electricity|Gas|w/o CCS,EJ/yr,,18.35919912881,26.902824361,34.023884235,40.757376625,46.073405213,43.43448969600001,39.680369449,36.203375577,30.686975777,26.455430567
GCAM 4.2,SSP1-Baseline,World,Secondary Energy|Electricity|Geothermal,EJ/yr,,0.2451255,1.5381706990000001,3.239999025,4.49308783,5.282141651,5.892771427,6.153085227999999,6.199120831,5.785107581,5.0483844389999994
GCAM 4.2,SSP1-Baseline,World,Secondary Energy|Electricity|Hydro,EJ/yr,,12.3909307,13.0198439,13.6647437,14.6095264,15.8542282,17.0989167,18.3436002,19.5883008,20.8329875,21.4553438
GCAM 4.2,SSP1-Baseline,World,Secondary Energy|Electricity|Non-Biomass Renewables,EJ/yr,,13.98674255,22.757753792,34.818560794,52.627040097,72.354866188,93.056504138,111.87858324,133.189349438,150.377733186,161.914218506
GCAM 4.2,SSP1-Baseline,World,Secondary Energy|Electricity|Nuclear,EJ/yr,,9.9226372,8.976757865,7.765517061000001,5.881644144,4.012105213,2.880868615,2.05591447,2.268958349,2.363074472,2.25798143
GCAM 4.2,SSP1-Baseline,World,Secondary Energy|Electricity|Oil,EJ/yr,,3.46557889,1.641366848,1.838767781,1.923779165,1.7256743700000001,1.8634959370000002,1.759064441,1.688313984,1.479611108,1.064541041
GCAM 4.2,SSP1-Baseline,World,Secondary Energy|Electricity|Solar,EJ/yr,,0.12050522,1.6058005709999992,4.195259173,10.434085737,20.653544311,34.143351925,48.664679295,64.372405615,78.345267312,90.00418478700001
GCAM 4.2,SSP1-Baseline,World,Secondary Energy|Electricity|Wind,EJ/yr,,1.23018113,6.593938622,13.718558896,23.09034013,30.564952026,35.921464086,38.717218517,43.02952219199999,45.414370793,45.40630548
GCAM 4.2,SSP1-Baseline,World,Secondary Energy|Hydrogen,EJ/yr,,0.0,0.326558428,0.9629816640000001,1.849533756,2.92270368,3.630437938,4.266177497,4.695004541,4.942704808,4.890408848
GCAM 4.2,SSP2-Baseline,Asian countries except Japan,Capacity|Electricity,GW,,1207.62010431012,1788.69788986865,2556.36807329766,3264.09031673078,3924.17163346062,4426.07086177322,4875.99734623959,5217.16116656052,5405.97679039293,5491.91347924019
GCAM 4.2,SSP2-Baseline,Asian countries except Japan,Capacity|Electricity|Biomass,GW,,3.32077189561137,14.4562424689244,33.1385488806443,55.41853429414,78.0493489979706,96.3685483653603,117.135806102549,144.688764309044,165.238905496892,177.854902333841
GCAM 4.2,SSP2-Baseline,Asian countries except Japan,Capacity|Electricity|Coal,GW,,643.797682410579,1050.36966752283,1394.98036224474,1622.8952955749,1788.33396047374,1887.11266893392,1973.63776041667,1824.23345779427,1686.01879677194,1578.75221056887
GCAM 4.2,SSP2-Baseline,Asian countries except Japan,Capacity|Electricity|Gas,GW,,155.245738203957,264.627722444191,385.293266901319,487.369370417934,565.775299498986,556.234370830163,514.312203687848,502.521557632547,491.019231180238,503.5814326008371
GCAM 4.2,SSP2-Baseline,Asian countries except Japan,Capacity|Electricity|Nuclear,GW,,37.580035514967,75.2520688877614,164.862607460962,283.244037149783,400.591064885281,484.4551369863009,562.110998012853,699.7847747195441,768.1612858672978,787.395634266306
GCAM 4.2,SSP2-Baseline,Asian countries except Japan,Capacity|Electricity|Oil,GW,,196.573617453069,105.589244910578,124.002785744863,116.849936818239,99.4411513429097,98.7558873192542,103.162204425101,129.173425529553,149.024955844115,161.653023885401
GCAM 4.2,SSP2-Baseline,Asian countries except Japan,Capacity|Electricity|Solar,GW,,1.143816590563159,47.9599170536298,127.753543025578,275.167260443787,494.197321064222,778.260875099262,1060.04172257141,1271.65769689888,1421.13962193906,1505.48287991807
GCAM 4.2,SSP2-Baseline,Asian countries except Japan,Capacity|Electricity|Wind,GW,,18.0612255683603,57.38028919330301,135.881643408224,214.671885409084,267.173582842169,273.628184654046,275.173016090077,354.934320608,415.892984525622,458.377712201928
GCAM 4.2,SSP2-Baseline,Asian countries except Japan,Emissions|CH4,Mt CH4/yr,,164.683437529,163.101469652,185.09757042,205.616260431,219.780599326,228.692476857,233.162493828,231.221117694,226.164216512,208.806304062
GCAM 4.2,SSP2-Baseline,Asian countries except Japan,Emissions|CH4|Energy,Mt CH4/yr,,58.966633658,45.474018186,53.473869292,60.86581299100001,62.34887634899999,65.94095003300001,68.889076952,69.454794042,68.232915362,57.199759502
GCAM 4.2,SSP2-Baseline,Asian countries except Japan,Emissions|CO2,Mt CO2/yr,,15069.2823737076,18888.8654556141,24258.2917686784,27966.04981077891,30044.8046103927,31795.9882308735,32551.27465873141,31486.09677189169,30366.469990428,29544.8086818925
GCAM 4.2,SSP2-Baseline,Asian countries except Japan,Emissions|CO2|AFOLU,Mt CO2/yr,,1363.61447697567,-370.354703407333,-286.567113752333,62.3885992070007,-33.679342554,90.90133299133328,-54.6867706953333,-144.901262201667,-232.192778539333,-330.853707019
GCAM 4.2,SSP2-Baseline,Asian countries except Japan,Emissions|CO2|Energy and Industrial Processes,Mt CO2/yr,,13705.667896732,19259.2201590215,24544.8588824308,27903.6612115719,30078.4839529467,31705.0868978822,32605.9614294268,31630.9980340934,30598.6627689674,29875.6623889116
GCAM 4.2,SSP2-Baseline,Asian countries except Japan,Emissions|CO2|Energy|Supply|Electricity,Mt CO2/yr,,5320.38260941733,8008.59571977667,10281.5231769433,11619.7098138,12446.9834658033,12765.7002864233,12970.4314531733,11666.1884189767,10567.7041487233,9805.48631344333
GCAM 4.2,SSP2-Baseline,Asian countries except Japan,Final Energy,EJ/yr,,137.403875405,184.742466309,229.358595516,262.682464377,287.729009038,306.193286313,319.80841563,328.627610176,333.80599878,336.638909859
GCAM 4.2,SSP2-Baseline,Asian countries except Japan,Final Energy|Electricity,EJ/yr,,21.244348915,34.568466659,49.023183175,62.010037578,73.674541759,81.366990728,87.997125089,92.752178421,95.336071234,96.653164101
GCAM 4.2,SSP2-Baseline,Asian countries except Japan,Final Energy|Gases,EJ/yr,,10.744730187,17.306030282000002,23.830530548,28.531455977,31.928917956,34.406181982,36.367477687,38.033386115,40.065432013,42.354538122
GCAM 4.2,SSP2-Baseline,Asian countries except Japan,Final Energy|Heat,EJ/yr,,3.0529687,4.2357199,4.9224896,5.1262011,5.0091401,4.7314606,4.2930253,3.812427999999999,3.327748799999999,2.877372
GCAM 4.2,SSP2-Baseline,Asian countries except Japan,Final Energy|Hydrogen,EJ/yr,,0.0,0.078217795,0.22932052300000003,0.451056247,0.746049269,0.9466752920000001,1.165598196,1.37730998,1.594474379,1.74425881
GCAM 4.2,SSP2-Baseline,Asian countries except Japan,Final Energy|Industry,EJ/yr,,74.871795933,101.710716798,123.530264631,139.294200352,150.452074364,157.19442303,160.662894507,161.408971864,160.20042822,158.042631865
GCAM 4.2,SSP2-Baseline,Asian countries except Japan,Final Energy|Liquids,EJ/yr,,42.63672606,61.618650158,81.859500697,96.883833186,108.992348961,120.324097388,129.971925066,137.685530455,143.551134425,147.393148972
GCAM 4.2,SSP2-Baseline,Asian countries except Japan,Final Energy|Solids,EJ/yr,,59.725101543,66.935381515,69.493570973,69.679880289,67.378010993,64.417880323,60.013264292,54.966777205,49.93113792899999,45.61642785399999
GCAM 4.2,SSP2-Baseline,Asian countries except Japan,Final Energy|Solids|Biomass,EJ/yr,,22.340332883,18.790935195,16.355871413,14.876176709,13.461799877,12.070385393,10.914605546,9.838746283,8.908547913,8.130282577000001
GCAM 4.2,SSP2-Baseline,Asian countries except Japan,Final Energy|Solids|Coal,EJ/yr,,37.38476866,48.14444632,53.13769956,54.80370358,53.91621111600001,52.34749493,49.09865874600001,45.128030922,41.022590016,37.486145277
GCAM 4.2,SSP2-Baseline,Asian countries except Japan,Final Energy|Transportation,EJ/yr,,21.363659167,31.013954256,42.077271343,51.077737258,58.716025313,66.288707483,73.757496836,80.776442908,87.36663188,93.27630117
GCAM 4.2,SSP2-Baseline,Asian countries except Japan,Final Energy|Transportation|Electricity,EJ/yr,,0.22901339999999998,0.399488603,0.5651153800000001,0.706543655999999,0.8342969960000001,0.952230780999999,1.086127925999999,1.240780715,1.43604755,1.64828272
GCAM 4.2,SSP2-Baseline,Asian countries except Japan,Final Energy|Transportation|Hydrogen,EJ/yr,,0.0,0.0036343530000000003,0.022128766,0.051459259,0.09161216900000001,0.146605906999999,0.21142896300000003,0.2882396,0.383820881,0.48012544100000004
GCAM 4.2,SSP2-Baseline,Asian countries except Japan,Final Energy|Transportation|Liquids,EJ/yr,,20.55077726,29.535150455,39.181302743,46.269156202,51.72112534399999,57.16385773,62.628299437,67.787312786,72.442556677,76.316554986
GCAM 4.2,SSP2-Baseline,Asian countries except Japan,Population,million,,3758.607,4100.367999999999,4361.638,4526.681,4593.918,4561.697,4450.976,4285.974,4082.389,3866.238
GCAM 4.2,SSP2-Baseline,Asian countries except Japan,Primary Energy,EJ/yr,,183.43320752,256.909941943,332.803908414,386.701382431,424.835003356,451.282072295,466.939749205,466.293825395,462.19945097,458.068192589
GCAM 4.2,SSP2-Baseline,Asian countries except Japan,Primary Energy|Biomass,EJ/yr,,23.21659806,24.5786725,27.45913444,30.46688132,32.39746715,33.18874676,33.17686007,33.327373051,32.999024376,32.480782026
GCAM 4.2,SSP2-Baseline,Asian countries except Japan,Primary Energy|Coal,EJ/yr,,89.0045685,130.479218,170.126691,194.970252,210.61344,224.57271,231.01798,218.24968,204.73908,194.90212
GCAM 4.2,SSP2-Baseline,Asian countries except Japan,Primary Energy|Fossil,EJ/yr,,155.07137598,224.6110989,292.7338449,337.278257,366.768918,386.905889,397.457265,388.81777,379.842842,373.627971
GCAM 4.2,SSP2-Baseline,Asian countries except Japan,Primary Energy|Gas,EJ/yr,,18.653152,33.70871,56.27015,71.68482,80.242,81.35396999999998,75.58450400000002,69.00524399999999,64.465733,61.810803
GCAM 4.2,SSP2-Baseline,Asian countries except Japan,Primary Energy|Nuclear,EJ/yr,,1.0666115999999999,2.13583432,4.67919647,8.03914556,11.36973584,13.74999948,15.95405919,19.86157139,21.80226088,22.34817785
GCAM 4.2,SSP2-Baseline,Asian countries except Japan,Primary Energy|Oil,EJ/yr,,47.41365548,60.4231709,66.3370039,70.62318499999998,75.913478,80.979209,90.854781,101.562846,110.638029,116.915048
GCAM 4.2,SSP2-Baseline,Asian countries except Japan,Secondary Energy|Electricity,EJ/yr,,25.111875411,41.058187483,58.3221718,73.706811129,87.23781855700001,95.639041111,102.577369194,107.280636293,109.37156035,109.980307811
GCAM 4.2,SSP2-Baseline,Asian countries except Japan,Secondary Energy|Electricity|Biomass,EJ/yr,,0.08377909,0.364713181,0.8360458220000001,1.3981431180000001,1.969091416,2.431262833,2.955195825,3.650323897,4.168779299,4.48706576
GCAM 4.2,SSP2-Baseline,Asian countries except Japan,Secondary Energy|Electricity|Biomass|w/ CCS,EJ/yr,,0.0,0.0,0.0,0.0,0.0,0.0,0.0,0.0,0.0,0.0
GCAM 4.2,SSP2-Baseline,Asian countries except Japan,Secondary Energy|Electricity|Biomass|w/o CCS,EJ/yr,,0.08377909,0.364713181,0.8360458220000001,1.3981431180000001,1.969091416,2.431262833,2.955195825,3.650323897,4.168779299,4.48706576
GCAM 4.2,SSP2-Baseline,Asian countries except Japan,Secondary Energy|Electricity|Coal,EJ/yr,,16.24224297,26.499566268,35.193680563,40.943700833,45.117519822,47.609588102000004,49.79251233,46.02322106,42.53623102,39.83002377
GCAM 4.2,SSP2-Baseline,Asian countries except Japan,Secondary Energy|Electricity|Coal|w/ CCS,EJ/yr,,0.0,0.0,0.0,0.0,0.0,0.0,0.0,0.0,0.0,0.0
GCAM 4.2,SSP2-Baseline,Asian countries except Japan,Secondary Energy|Electricity|Coal|w/o CCS,EJ/yr,,16.24224297,26.499566268,35.193680563,40.943700833,45.117519822,47.609588102000004,49.79251233,46.02322106,42.53623102,39.83002377
GCAM 4.2,SSP2-Baseline,Asian countries except Japan,Secondary Energy|Electricity|Gas,EJ/yr,,3.020705311,6.025725401,9.09266171,11.784117488,13.888284927,13.78217597,12.837438731,12.588595919,12.318379511,12.638556086
GCAM 4.2,SSP2-Baseline,Asian countries except Japan,Secondary Energy|Electricity|Gas|w/ CCS,EJ/yr,,0.0,0.0,0.0,0.0,0.0,0.0,0.0,0.0,0.0,0.0
GCAM 4.2,SSP2-Baseline,Asian countries except Japan,Secondary Energy|Electricity|Gas|w/o CCS,EJ/yr,,3.020705311,6.025725401,9.09266171,11.784117488,13.888284927,13.78217597,12.837438731,12.588595919,12.318379511,12.638556086
GCAM 4.2,SSP2-Baseline,Asian countries except Japan,Secondary Energy|Electricity|Geothermal,EJ/yr,,0.0700198,0.36802778900000005,0.570138767,0.666618566,0.7455356550000001,0.786854327,0.7909081010000001,0.8094705750000001,0.8172012740000001,0.8129283150000001
GCAM 4.2,SSP2-Baseline,Asian countries except Japan,Secondary Energy|Electricity|Hydro,EJ/yr,,3.762164700000001,3.998137399999999,4.2348203,4.592930200000001,5.072475499999999,5.552012599999999,6.0315557,6.5110989,6.9906331999999995,7.2304088
GCAM 4.2,SSP2-Baseline,Asian countries except Japan,Secondary Energy|Electricity|Non-Biomass Renewables,EJ/yr,,4.07862188,5.584336222999999,7.9317326040000005,10.917098551,14.298882366,17.437437055,20.351564945,24.287110954,27.555323714,29.611261713
GCAM 4.2,SSP2-Baseline,Asian countries except Japan,Secondary Energy|Electricity|Nuclear,EJ/yr,,1.0666115999999999,2.13583432,4.67919647,8.03914556,11.36973584,13.74999948,15.95405919,19.86157139,21.80226088,22.34817785
GCAM 4.2,SSP2-Baseline,Asian countries except Japan,Secondary Energy|Electricity|Oil,EJ/yr,,0.61991456,0.44801209000000003,0.588854631,0.624605579,0.594304186,0.6285776710000001,0.686598172999999,0.8698130730000001,0.9905859260000001,1.065222632
GCAM 4.2,SSP2-Baseline,Asian countries except Japan,Secondary Energy|Electricity|Solar,EJ/yr,,0.00721428,0.403875604,1.155597589,2.543398921,4.520846188,6.956583768,9.363729957,11.481869647,13.18968866,14.340224832
GCAM 4.2,SSP2-Baseline,Asian countries except Japan,Secondary Energy|Electricity|Wind,EJ/yr,,0.2392231,0.81429543,1.971175948,3.114150864,3.960025023,4.14198636,4.165371187,5.484671832,6.55780058,7.227699766000002
GCAM 4.2,SSP2-Baseline,Asian countries except Japan,Secondary Energy|Hydrogen,EJ/yr,,0.0,0.07821574,0.22931969100000002,0.451055618999999,0.7460489490000001,0.946675805,1.165597579,1.37730904,1.594473483,1.744259135
GCAM 4.2,SSP2-Baseline,Countries from the Reforming Economies of the Former Soviet Union,Capacity|Electricity,GW,,297.486780514886,399.120741173408,453.86841068205,489.5307589239799,508.321352118915,524.795435915457,538.4418258128869,547.634381240411,540.8472020649469,532.664322335662
GCAM 4.2,SSP2-Baseline,Countries from the Reforming Economies of the Former Soviet Union,Capacity|Electricity|Biomass,GW,,1.36414732369355,2.58050779268138,3.67028772672502,4.84159012715626,6.010120655758501,8.31046970129375,9.60156892123287,11.5441233431634,12.9852336218924,13.7782395119863
GCAM 4.2,SSP2-Baseline,Countries from the Reforming Economies of the Former Soviet Union,Capacity|Electricity|Coal,GW,,66.892559297311,93.11198709411472,102.260246226535,104.433143867326,104.708596920979,109.330877013572,112.808226312785,97.82661957762552,94.7720145230848,92.4195926877219
GCAM 4.2,SSP2-Baseline,Countries from the Reforming Economies of the Former Soviet Union,Capacity|Electricity|Gas,GW,,129.355593607306,182.179278602232,188.982221905124,180.260798611111,165.250652999746,116.613355466768,87.5649841133943,81.2487013254693,75.82780549213601,73.9949119419076
GCAM 4.2,SSP2-Baseline,Countries from the Reforming Economies of the Former Soviet Union,Capacity|Electricity|Nuclear,GW,,44.44810868707371,66.8814828908055,86.6435009019673,104.475918174643,117.266045154744,140.177638254693,155.432680111619,156.258121230058,152.50479874852,143.656149585659
GCAM 4.2,SSP2-Baseline,Countries from the Reforming Economies of the Former Soviet Union,Capacity|Electricity|Oil,GW,,21.8497019279554,5.251999064561129,3.74518403570523,2.92723149733638,2.14688748573059,2.64498517567224,1.86471481005835,2.6496807616691997,3.04535197869102,3.03350000792745
GCAM 4.2,SSP2-Baseline,Countries from the Reforming Economies of the Former Soviet Union,Capacity|Electricity|Solar,GW,,0.381844558599696,6.499995504437081,11.1928745336152,18.0245172043347,23.75287415620851,37.19958799297721,48.0542018725227,55.9222579668505,56.80318376575521,57.3985769943595
GCAM 4.2,SSP2-Baseline,Countries from the Reforming Economies of the Former Soviet Union,Capacity|Electricity|Wind,GW,,1.1314657775845,4.9446233581374415,13.5912063921426,25.3835162850462,35.4798746046396,51.8778916027185,60.6897867384365,75.5827668281925,74.5558615550482,76.54934360730591
GCAM 4.2,SSP2-Baseline,Countries from the Reforming Economies of the Former Soviet Union,Emissions|CH4,Mt CH4/yr,,35.540279505,54.27057224399999,69.870641158,71.352397067,69.154172554,59.676385928,59.24641945,56.966743165,53.884405593,45.893760242
GCAM 4.2,SSP2-Baseline,Countries from the Reforming Economies of the Former Soviet Union,Emissions|CH4|Energy,Mt CH4/yr,,24.580523244,43.947883033,59.69583710600001,61.36702997800001,59.339763444,50.059021733,49.889418817,47.918802458,45.167042007,37.526803937
GCAM 4.2,SSP2-Baseline,Countries from the Reforming Economies of the Former Soviet Union,Emissions|CO2,Mt CO2/yr,,2318.503042023661,3199.56374151454,3174.05368864833,3462.1053974551,3539.016429428329,3737.770712093,3678.525334935011,3527.28805897967,3441.27100719233,3417.241456959
GCAM 4.2,SSP2-Baseline,Countries from the Reforming Economies of the Former Soviet Union,Emissions|CO2|AFOLU,Mt CO2/yr,,-493.26226235,42.692080566666704,-222.832462530333,-27.38807162666669,43.2078718316667,235.565646726667,149.608814494333,72.4582524746667,6.842232261333341,-5.672653283000032
GCAM 4.2,SSP2-Baseline,Countries from the Reforming Economies of the Former Soviet Union,Emissions|CO2|Energy and Industrial Processes,Mt CO2/yr,,2811.76530437367,3156.871660947869,3396.88615117867,3489.49346908177,3495.808557596669,3502.20506536634,3528.91652044066,3454.829806505,3434.428774931,3422.914110242001
GCAM 4.2,SSP2-Baseline,Countries from the Reforming Economies of the Former Soviet Union,Emissions|CO2|Energy|Supply|Electricity,Mt CO2/yr,,900.233186416667,1152.90230341,1195.69640351333,1141.72588893,1059.09575365,934.010389766667,857.870220166667,725.14197976,680.253012303333,652.34144646
GCAM 4.2,SSP2-Baseline,Countries from the Reforming Economies of the Former Soviet Union,Final Energy,EJ/yr,,34.987098648,37.858955292,40.204654986,41.28061960300001,41.250616661,41.295497034,41.263698337,40.698301037,39.962922918,39.174460338
GCAM 4.2,SSP2-Baseline,Countries from the Reforming Economies of the Former Soviet Union,Final Energy|Electricity,EJ/yr,,5.069809919,7.576302611,8.859961258,9.743671042,10.276796741,10.567390895,10.814690868,10.850306601,10.752070811,10.575376734
GCAM 4.2,SSP2-Baseline,Countries from the Reforming Economies of the Former Soviet Union,Final Energy|Gases,EJ/yr,,8.808095081,9.065265011,9.522162432,9.555095598,9.281619238,8.998367236,8.693857073,8.345895091000001,8.104659716,7.931099458999999
GCAM 4.2,SSP2-Baseline,Countries from the Reforming Economies of the Former Soviet Union,Final Energy|Heat,EJ/yr,,6.5932709,6.1266873,5.933482499999998,5.5989346,5.20646093,4.8576086499999995,4.50773544,4.15834733,3.82817645,3.52148074
GCAM 4.2,SSP2-Baseline,Countries from the Reforming Economies of the Former Soviet Union,Final Energy|Hydrogen,EJ/yr,,0.0,0.01800915,0.04924891,0.09025403900000001,0.139320293,0.17635446500000002,0.21467727399999903,0.248785256999999,0.28148242700000004,0.30383823200000004
GCAM 4.2,SSP2-Baseline,Countries from the Reforming Economies of the Former Soviet Union,Final Energy|Industry,EJ/yr,,18.223892538,18.870252509,19.294845564,19.300139428,19.124471682,18.924502156,18.68100872,18.319633017,17.933572878,17.523790566
GCAM 4.2,SSP2-Baseline,Countries from the Reforming Economies of the Former Soviet Union,Final Energy|Liquids,EJ/yr,,9.67148456,10.667256401,11.663775726,12.302373453,12.555814502,13.077018537,13.624327934,13.934311642,14.092714766,14.144204531
GCAM 4.2,SSP2-Baseline,Countries from the Reforming Economies of the Former Soviet Union,Final Energy|Solids,EJ/yr,,4.844438188,4.405434819,4.17602416,3.990290871,3.7906049569999993,3.618757251,3.408409748,3.160655116,2.903818748,2.698460641999999
GCAM 4.2,SSP2-Baseline,Countries from the Reforming Economies of the Former Soviet Union,Final Energy|Solids|Biomass,EJ/yr,,0.9774730180000001,0.9068142790000001,0.79719668,0.711424840999999,0.637919777,0.5544589910000001,0.49930667799999906,0.448670446,0.404714107999998,0.36861338200000004
GCAM 4.2,SSP2-Baseline,Countries from the Reforming Economies of the Former Soviet Union,Final Energy|Solids|Coal,EJ/yr,,3.8669651700000003,3.49862054,3.37882748,3.27886603,3.15268518,3.06429826,2.90910307,2.71198467,2.49910464,2.32984726
GCAM 4.2,SSP2-Baseline,Countries from the Reforming Economies of the Former Soviet Union,Final Energy|Transportation,EJ/yr,,6.2999098510000024,7.384404866000001,8.450096092,9.237873925,9.585737374,10.135356292,10.7343931,11.118764954,11.417027267,11.655073482
GCAM 4.2,SSP2-Baseline,Countries from the Reforming Economies of the Former Soviet Union,Final Energy|Transportation|Electricity,EJ/yr,,0.28255979999999903,0.38820308400000003,0.47778821800000004,0.559277892,0.628486231,0.705518795,0.7985410780000001,0.8920293009999991,0.9949628209999991,1.094034554
GCAM 4.2,SSP2-Baseline,Countries from the Reforming Economies of the Former Soviet Union,Final Energy|Transportation|Hydrogen,EJ/yr,,0.0,0.00275851,0.0157573,0.035293472,0.059921962,0.08955721600000001,0.12049760500000001,0.14929564,0.177907864,0.200969118
GCAM 4.2,SSP2-Baseline,Countries from the Reforming Economies of the Former Soviet Union,Final Energy|Transportation|Liquids,EJ/yr,,6.00466782,6.833221161,7.5748757420000015,8.027459663,8.070551083,8.319595185,8.629285004,8.775222512000001,8.844739866,8.869129051
GCAM 4.2,SSP2-Baseline,Countries from the Reforming Economies of the Former Soviet Union,Population,million,,305.238,300.34,293.821,287.176,281.373,274.995,266.609,256.837,246.607,236.146
GCAM 4.2,SSP2-Baseline,Countries from the Reforming Economies of the Former Soviet Union,Primary Energy,EJ/yr,,45.27955985,51.714621378,56.318005642,58.416378122,58.652845342,58.492155742,58.197806027,56.963258917,55.99641588,55.023030014
GCAM 4.2,SSP2-Baseline,Countries from the Reforming Economies of the Former Soviet Union,Primary Energy|Biomass,EJ/yr,,1.2792029999999999,1.797148,2.361279,2.791449,3.042699,3.410843,3.416384,3.40525,3.343346,3.2769489999999992
GCAM 4.2,SSP2-Baseline,Countries from the Reforming Economies of the Former Soviet Union,Primary Energy|Coal,EJ/yr,,9.92063,11.74818,13.84643,15.26073,16.32723,18.40941,19.53021,19.04838,18.85542,18.77729
GCAM 4.2,SSP2-Baseline,Countries from the Reforming Economies of the Former Soviet Union,Primary Energy|Fossil,EJ/yr,,41.912498,46.9394423,50.0886243,50.8705783,50.161928,48.457417,47.386538,45.671581,44.73782199999999,43.981341
GCAM 4.2,SSP2-Baseline,Countries from the Reforming Economies of the Former Soviet Union,Primary Energy|Gas,EJ/yr,,20.97471,24.08099,25.98943,25.94865,24.50998,21.09813,18.17801,16.19184,14.870190000000001,13.80354
GCAM 4.2,SSP2-Baseline,Countries from the Reforming Economies of the Former Soviet Union,Primary Energy|Nuclear,EJ/yr,,1.261544,1.8982569999999992,2.4591505,2.9652773,3.328291799999999,3.9785778,4.4115525,4.4349805,4.3284522,4.077306299999999
GCAM 4.2,SSP2-Baseline,Countries from the Reforming Economies of the Former Soviet Union,Primary Energy|Oil,EJ/yr,,11.017158,11.1102723,10.2527643,9.6611983,9.324718,8.949877,9.678318,10.431361,11.012212,11.400511
GCAM 4.2,SSP2-Baseline,Countries from the Reforming Economies of the Former Soviet Union,Secondary Energy|Electricity,EJ/yr,,8.853292695,11.302886226,12.358786147,12.740954904,12.745826388,12.684573683,12.689762858,12.703286311,12.558274631,12.322893594
GCAM 4.2,SSP2-Baseline,Countries from the Reforming Economies of the Former Soviet Union,Secondary Energy|Electricity|Biomass,EJ/yr,,0.058359192000000004,0.08305289,0.106585335,0.131189881,0.156221152,0.211554451,0.242236062,0.291244379,0.327601861999999,0.34760844900000004
GCAM 4.2,SSP2-Baseline,Countries from the Reforming Economies of the Former Soviet Union,Secondary Energy|Electricity|Biomass|w/ CCS,EJ/yr,,0.0,0.0,0.0,0.0,0.0,0.0,0.0,0.0,0.0,0.0
GCAM 4.2,SSP2-Baseline,Countries from the Reforming Economies of the Former Soviet Union,Secondary Energy|Electricity|Biomass|w/o CCS,EJ/yr,,0.058359192000000004,0.08305289,0.106585335,0.131189881,0.156221152,0.211554451,0.242236062,0.291244379,0.327601861999999,0.34760844900000004
GCAM 4.2,SSP2-Baseline,Countries from the Reforming Economies of the Former Soviet Union,Secondary Energy|Electricity|Coal,EJ/yr,,2.6223499,3.1722693,3.263048,3.10187986,2.8928945600000002,2.86961413,2.84601618,2.46804822,2.3909842,2.33163542
GCAM 4.2,SSP2-Baseline,Countries from the Reforming Economies of the Former Soviet Union,Secondary Energy|Electricity|Coal|w/ CCS,EJ/yr,,0.0,0.0,0.0,0.0,0.0,0.0,0.0,0.0,0.0,0.0
GCAM 4.2,SSP2-Baseline,Countries from the Reforming Economies of the Former Soviet Union,Secondary Energy|Electricity|Coal|w/o CCS,EJ/yr,,2.6223499,3.1722693,3.263048,3.10187986,2.8928945600000002,2.86961413,2.84601618,2.46804822,2.3909842,2.33163542
GCAM 4.2,SSP2-Baseline,Countries from the Reforming Economies of the Former Soviet Union,Secondary Energy|Electricity|Gas,EJ/yr,,3.974589043,5.046440712,5.103143931,4.738075116,4.236025939,2.963167088999998,2.194557122,2.040447147,1.9052282360000001,1.859791266999999
GCAM 4.2,SSP2-Baseline,Countries from the Reforming Economies of the Former Soviet Union,Secondary Energy|Electricity|Gas|w/ CCS,EJ/yr,,0.0,0.0,0.0,0.0,0.0,0.0,0.0,0.0,0.0,0.0
GCAM 4.2,SSP2-Baseline,Countries from the Reforming Economies of the Former Soviet Union,Secondary Energy|Electricity|Gas|w/o CCS,EJ/yr,,3.974589043,5.046440712,5.103143931,4.738075116,4.236025939,2.963167088999998,2.194557122,2.040447147,1.9052282360000001,1.859791266999999
GCAM 4.2,SSP2-Baseline,Countries from the Reforming Economies of the Former Soviet Union,Secondary Energy|Electricity|Geothermal,EJ/yr,,0.00181788,0.069095266,0.148722349,0.200388788,0.219853405,0.24971514399999903,0.25058246500000003,0.261318718,0.261328465,0.25137892100000003
GCAM 4.2,SSP2-Baseline,Countries from the Reforming Economies of the Former Soviet Union,Secondary Energy|Electricity|Hydro,EJ/yr,,0.8071022,0.8812955,0.9558673999999999,1.040465599999999,1.1350921,1.2297176,1.3243421,1.4189726,1.5135920999999999,1.5609069
GCAM 4.2,SSP2-Baseline,Countries from the Reforming Economies of the Former Soviet Union,Secondary Energy|Electricity|Non-Biomass Renewables,EJ/yr,,0.82631485,1.079774078,1.4089518419999991,1.789073521999999,2.119926542,2.645317942,2.983331527,3.451447417,3.58679568,3.687433714
GCAM 4.2,SSP2-Baseline,Countries from the Reforming Economies of the Former Soviet Union,Secondary Energy|Electricity|Nuclear,EJ/yr,,1.261544,1.8982569999999992,2.4591505,2.9652773,3.328291799999999,3.9785778,4.4115525,4.4349805,4.3284522,4.077306299999999
GCAM 4.2,SSP2-Baseline,Countries from the Reforming Economies of the Former Soviet Union,Secondary Energy|Electricity|Oil,EJ/yr,,0.11013571,0.023092246,0.017906539000000003,0.015459225000000002,0.012466395000000002,0.016342271000000002,0.012069467,0.017118648,0.019212453,0.019118444000000002
GCAM 4.2,SSP2-Baseline,Countries from the Reforming Economies of the Former Soviet Union,Secondary Energy|Electricity|Solar,EJ/yr,,0.00240837,0.059213025,0.10720022200000001,0.179991901,0.23910166300000002,0.38059502700000003,0.489728667,0.603202813,0.63627829,0.668117843
GCAM 4.2,SSP2-Baseline,Countries from the Reforming Economies of the Former Soviet Union,Secondary Energy|Electricity|Wind,EJ/yr,,0.014986399999999999,0.070170287,0.19716187100000002,0.36822723300000004,0.5258793740000001,0.7852901710000001,0.9186782950000001,1.167953286,1.175596825,1.20703005
GCAM 4.2,SSP2-Baseline,Countries from the Reforming Economies of the Former Soviet Union,Secondary Energy|Hydrogen,EJ/yr,,0.0,0.018009972000000003,0.049249636000000006,0.09025522600000001,0.139320357,0.17635425200000002,0.214677778999999,0.248785203,0.281482442,0.303838371999999
GCAM 4.2,SSP2-Baseline,Countries of the Middle East and Africa,Capacity|Electricity,GW,,632.277985948787,605.079765242538,824.6914036332249,1108.26294683845,1516.97866760128,2098.34465782568,2747.5189188943,3404.93931288774,4028.08026078074,4569.842753877279
GCAM 4.2,SSP2-Baseline,Countries of the Middle East and Africa,Capacity|Electricity|Biomass,GW,,0.119720319634703,3.8460002457508793,10.6587653396119,20.0471044599822,34.3971218607306,55.8264375237823,83.26092001997709,111.326047968988,138.940875943366,164.458591133942
GCAM 4.2,SSP2-Baseline,Countries of the Middle East and Africa,Capacity|Electricity|Coal,GW,,42.0344082952816,63.2708166856925,85.3195677162607,106.029496052131,133.912193009576,172.768714841768,221.778370750888,268.166453418316,324.4584831621,393.0291270294271
GCAM 4.2,SSP2-Baseline,Countries of the Middle East and Africa,Capacity|Electricity|Gas,GW,,151.500532724505,269.260880501649,364.501025240995,450.758614179033,538.4974791825219,579.8520033216,617.4069624714621,660.786166603247,710.044090832699,768.522519121004
GCAM 4.2,SSP2-Baseline,Countries of the Middle East and Africa,Capacity|Electricity|Nuclear,GW,,1.53462709284627,2.90619683324877,24.51467599639211,64.8407812235751,109.190207804837,174.336056077005,258.471285021704,358.295793519927,450.94054414003,534.2953802356379
GCAM 4.2,SSP2-Baseline,Countries of the Middle East and Africa,Capacity|Electricity|Oil,GW,,418.5238647894471,198.553579718417,191.244732210807,176.42374956399,188.231362094115,272.869956795409,314.850979753297,383.1491233828009,476.722372130263,551.255384719051
GCAM 4.2,SSP2-Baseline,Countries of the Middle East and Africa,Capacity|Electricity|Solar,GW,,0.054794520547944,28.5650396687676,65.2500980020337,143.153893991209,287.83301964463,518.7227048609919,812.7941749103578,1085.90446582664,1325.29131998292,1512.05705767735
GCAM 4.2,SSP2-Baseline,Countries of the Middle East and Africa,Capacity|Electricity|Wind,GW,,0.7101709912782971,10.6605000986527,41.5566772549798,92.74543227339908,158.079705800598,245.880180983638,349.671648935607,436.850166832334,490.056287607813,529.019464104516
GCAM 4.2,SSP2-Baseline,Countries of the Middle East and Africa,Emissions|CH4,Mt CH4/yr,,56.637573813,61.248569508,77.199804136,95.34147013,116.839654624,139.580383395,162.27546059,183.360286003,199.073715912,211.19919588
GCAM 4.2,SSP2-Baseline,Countries of the Middle East and Africa,Emissions|CH4|Energy,Mt CH4/yr,,23.099272883,18.93541293,23.199328132,26.93523147,31.085093563,34.466561317,35.871101955,33.855658315,29.935685567,24.898784912
GCAM 4.2,SSP2-Baseline,Countries of the Middle East and Africa,Emissions|CO2,Mt CO2/yr,,4574.22042596319,4397.21338099442,5629.086805014301,7372.218962426271,9034.58509106414,10854.5105433505,13111.676125955,15458.3097007043,17552.6116777906,19753.3295259263
GCAM 4.2,SSP2-Baseline,Countries of the Middle East and Africa,Emissions|CO2|AFOLU,Mt CO2/yr,,1609.99114841033,663.6030504180001,556.973438706667,887.116467163667,834.7489162356668,428.571878291333,319.933514149333,237.066259356667,-49.662918019,-61.04930616399999
GCAM 4.2,SSP2-Baseline,Countries of the Middle East and Africa,Emissions|CO2|Energy and Industrial Processes,Mt CO2/yr,,2964.22927755285,3733.610330576421,5072.11336630764,6485.10249526259,8199.83617482847,10425.9386650592,12791.7426118057,15221.2434413476,17602.2745958096,19814.3788320904
GCAM 4.2,SSP2-Baseline,Countries of the Middle East and Africa,Emissions|CO2|Energy|Supply|Electricity,Mt CO2/yr,,1002.54673722867,1229.02634647467,1571.20429662167,1854.88534957,2189.61078633,2532.71352748333,2874.13527533,3222.44632493667,3660.994601843329,4170.76936602334
GCAM 4.2,SSP2-Baseline,Countries of the Middle East and Africa,Final Energy,EJ/yr,,44.92097339399999,58.73690205,76.401306037,96.827531954,120.839294648,149.383587377,180.674754739,212.598554453,244.186031809,273.543538668
GCAM 4.2,SSP2-Baseline,Countries of the Middle East and Africa,Final Energy|Electricity,EJ/yr,,4.53228389,7.738490569,11.980308727,17.119903948,23.503446895,31.16018998900001,39.974068778,49.039795292,57.65931532,65.505101815
GCAM 4.2,SSP2-Baseline,Countries of the Middle East and Africa,Final Energy|Gases,EJ/yr,,8.411788088,10.699218777,13.549506105,16.523438473,19.535147051,22.609171853,25.633382405,28.587674006,31.922792357,35.367628038
GCAM 4.2,SSP2-Baseline,Countries of the Middle East and Africa,Final Energy|Heat,EJ/yr,,0.0,0.0,0.0,0.0,0.0,0.0,0.0,0.0,0.0,0.0
GCAM 4.2,SSP2-Baseline,Countries of the Middle East and Africa,Final Energy|Hydrogen,EJ/yr,,0.0,0.036807399000000005,0.14942096900000001,0.381612442999998,0.817326944,1.344705611999999,1.994709866,2.680295741,3.397407531,3.969448598999998
GCAM 4.2,SSP2-Baseline,Countries of the Middle East and Africa,Final Energy|Industry,EJ/yr,,16.296187857,22.734275621000002,31.327770138,41.637212933,54.151010726,67.672251104,81.00313918100001,92.371439517,102.437576004,111.096707247
GCAM 4.2,SSP2-Baseline,Countries of the Middle East and Africa,Final Energy|Liquids,EJ/yr,,16.982169396,22.227669182,29.519460527,38.188357329,49.32833370199999,64.87960868,83.66971189899999,104.033975799,124.492317176,143.499465114
GCAM 4.2,SSP2-Baseline,Countries of the Middle East and Africa,Final Energy|Solids,EJ/yr,,14.99473202,18.034716123,21.202609709,24.614219761,27.655040056,29.389911243,29.402881791,28.256813615,26.714199425,25.201895102
GCAM 4.2,SSP2-Baseline,Countries of the Middle East and Africa,Final Energy|Solids|Biomass,EJ/yr,,13.784981687,16.56013739,19.48064713,22.64965852,25.43231237,26.896921955,26.745404533,25.54189648,24.011656614,22.533800672
GCAM 4.2,SSP2-Baseline,Countries of the Middle East and Africa,Final Energy|Solids|Coal,EJ/yr,,1.2097503330000001,1.474578733,1.721962579,1.9645612410000002,2.222727686,2.492989288,2.657477258,2.7149171350000003,2.702542811,2.66809443
GCAM 4.2,SSP2-Baseline,Countries of the Middle East and Africa,Final Energy|Transportation,EJ/yr,,10.789335458,14.18050306,18.81504422,24.15296666,30.378067316,39.13917991,50.126084507,62.890010041,76.60188746,90.092669079
GCAM 4.2,SSP2-Baseline,Countries of the Middle East and Africa,Final Energy|Transportation|Electricity,EJ/yr,,0.01736861,0.032319209,0.058788837000000004,0.09701474800000001,0.15226229500000002,0.238774688999999,0.36502037800000003,0.556192192,0.8385096200000001,1.168539215
GCAM 4.2,SSP2-Baseline,Countries of the Middle East and Africa,Final Energy|Transportation|Hydrogen,EJ/yr,,0.0,0.007333055000000001,0.04388488,0.10521714800000001,0.194767073999999,0.336236447,0.523102426,0.760757980999999,1.037734881,1.312157209
GCAM 4.2,SSP2-Baseline,Countries of the Middle East and Africa,Final Energy|Transportation|Liquids,EJ/yr,,10.55988956,13.629511976,17.509550647,21.640419009,26.226560802,32.89830153,41.397507789,51.29394977899999,61.742044366,71.744859084
GCAM 4.2,SSP2-Baseline,Countries of the Middle East and Africa,Population,million,,1237.419,1529.167,1828.654,2121.691000000001,2390.765,2614.479,2792.834000000001,2924.22,3009.323,3053.794000000001
GCAM 4.2,SSP2-Baseline,Countries of the Middle East and Africa,Primary Energy,EJ/yr,,58.26001019,75.424477799,101.776109972,130.468932667,163.639033921,202.946389373,243.467240068,284.085358244,323.765195519,360.1887825290001
GCAM 4.2,SSP2-Baseline,Countries of the Middle East and Africa,Primary Energy|Biomass,EJ/yr,,13.7989868,17.9935814,23.1541834,28.69402325,34.18634626,38.90012296,41.847225392,43.783067298,45.368187556,47.02304245600001
GCAM 4.2,SSP2-Baseline,Countries of the Middle East and Africa,Primary Energy|Coal,EJ/yr,,4.601230200000002,7.296947999999999,14.082982,21.19091,29.92573,43.11164,56.39608000000001,69.27427,81.06076,93.31693
GCAM 4.2,SSP2-Baseline,Countries of the Middle East and Africa,Primary Energy|Fossil,EJ/yr,,43.9586458,56.26049029999999,75.7234559,95.996528,119.859507,148.950377,179.733185,211.425247,243.484399,273.415504
GCAM 4.2,SSP2-Baseline,Countries of the Middle East and Africa,Primary Energy|Gas,EJ/yr,,16.7746766,25.200222,36.198731,46.123157,54.938878,60.33065,62.041426,61.82056800000001,61.997907,61.045224
GCAM 4.2,SSP2-Baseline,Countries of the Middle East and Africa,Primary Energy|Nuclear,EJ/yr,,0.043556399999999995,0.082484841,0.69578534,1.840336989,3.099080153999998,4.948075678,7.336035400000001,10.16929453,12.7987749,15.1645852
GCAM 4.2,SSP2-Baseline,Countries of the Middle East and Africa,Primary Energy|Oil,EJ/yr,,22.582739,23.7633203,25.4417429,28.682461,34.994899,45.508087,61.29567900000001,80.330409,100.425732,119.05335
GCAM 4.2,SSP2-Baseline,Countries of the Middle East and Africa,Secondary Energy|Electricity,EJ/yr,,5.56746661681,9.353243343,14.390695865,20.458885382,27.941677261,36.862126288,47.09861149,57.672865668,67.72483374699999,76.8982027
GCAM 4.2,SSP2-Baseline,Countries of the Middle East and Africa,Secondary Energy|Electricity|Biomass,EJ/yr,,0.0030204,0.09702997099999901,0.268907858999999,0.505764389,0.867798108,1.408434027,2.100573099,2.808622598999999,3.505311571,4.149092904
GCAM 4.2,SSP2-Baseline,Countries of the Middle East and Africa,Secondary Energy|Electricity|Biomass|w/ CCS,EJ/yr,,0.0,0.0,0.0,0.0,0.0,0.0,0.0,0.0,0.0,0.0
GCAM 4.2,SSP2-Baseline,Countries of the Middle East and Africa,Secondary Energy|Electricity|Biomass|w/o CCS,EJ/yr,,0.0030204,0.09702997099999901,0.268907858999999,0.505764389,0.867798108,1.408434027,2.100573099,2.808622598999999,3.505311571,4.149092904
GCAM 4.2,SSP2-Baseline,Countries of the Middle East and Africa,Secondary Energy|Electricity|Coal,EJ/yr,,1.06047768,1.59624678,2.15251031,2.67499695,3.378443935,4.358747353,5.59520216,6.76551782,8.18569818,9.91565324
GCAM 4.2,SSP2-Baseline,Countries of the Middle East and Africa,Secondary Energy|Electricity|Coal|w/ CCS,EJ/yr,,0.0,0.0,0.0,0.0,0.0,0.0,0.0,0.0,0.0,0.0
GCAM 4.2,SSP2-Baseline,Countries of the Middle East and Africa,Secondary Energy|Electricity|Coal|w/o CCS,EJ/yr,,1.06047768,1.59624678,2.15251031,2.67499695,3.378443935,4.358747353,5.59520216,6.76551782,8.18569818,9.91565324
GCAM 4.2,SSP2-Baseline,Countries of the Middle East and Africa,Secondary Energy|Electricity|Gas,EJ/yr,,2.6817340868099997,5.68936396,8.191785304,10.58257641,13.00437641,14.258515264,15.375133674,16.527593465,17.788277832,19.260642331
GCAM 4.2,SSP2-Baseline,Countries of the Middle East and Africa,Secondary Energy|Electricity|Gas|w/ CCS,EJ/yr,,0.0,0.0,0.0,0.0,0.0,0.0,0.0,0.0,0.0,0.0
GCAM 4.2,SSP2-Baseline,Countries of the Middle East and Africa,Secondary Energy|Electricity|Gas|w/o CCS,EJ/yr,,2.6817340868099997,5.68936396,8.191785304,10.58257641,13.00437641,14.258515264,15.375133674,16.527593465,17.788277832,19.260642331
GCAM 4.2,SSP2-Baseline,Countries of the Middle East and Africa,Secondary Energy|Electricity|Geothermal,EJ/yr,,0.00529559,0.11051352,0.30170092,0.40296085200000004,0.43868129299999903,0.441034257999998,0.44199933700000005,0.44247058200000006,0.442657068999999,0.44265920299999906
GCAM 4.2,SSP2-Baseline,Countries of the Middle East and Africa,Secondary Energy|Electricity|Hydro,EJ/yr,,0.4437737,0.5963155,0.748974199999998,0.9660516,1.2475506,1.5290475,1.810543399999999,2.092042299999999,2.3735402,2.5142881
GCAM 4.2,SSP2-Baseline,Countries of the Middle East and Africa,Secondary Energy|Electricity|Non-Biomass Renewables,EJ/yr,,0.45882119,1.087920897,2.202685331999999,3.938044428,6.494100507000001,10.147813735,14.550794276,18.707749416,22.113834063,24.585650873
GCAM 4.2,SSP2-Baseline,Countries of the Middle East and Africa,Secondary Energy|Electricity|Nuclear,EJ/yr,,0.043556399999999995,0.082484841,0.69578534,1.840336989,3.099080153999998,4.948075678,7.336035400000001,10.16929453,12.7987749,15.1645852
GCAM 4.2,SSP2-Baseline,Countries of the Middle East and Africa,Secondary Energy|Electricity|Oil,EJ/yr,,1.31985686,0.800196894,0.87902172,0.917166215999999,1.097878147,1.740540231,2.140872881,2.694087838,3.332937201,3.8225781519999993
GCAM 4.2,SSP2-Baseline,Countries of the Middle East and Africa,Secondary Energy|Electricity|Solar,EJ/yr,,0.0003456,0.229807226,0.549165215,1.223614607,2.464823861,4.455774831,7.005173881,9.422748172,11.570429251,13.28712466
GCAM 4.2,SSP2-Baseline,Countries of the Middle East and Africa,Secondary Energy|Electricity|Wind,EJ/yr,,0.0094063,0.15128465100000002,0.602844997,1.345417369,2.343044753,3.7219571460000003,5.293077658000001,6.7504883620000005,7.7272075430000005,8.34157891
GCAM 4.2,SSP2-Baseline,Countries of the Middle East and Africa,Secondary Energy|Hydrogen,EJ/yr,,0.0,0.036808424,0.149420664,0.381611756,0.817327474,1.344705504,1.994709176999999,2.680296694,3.397409398,3.969451392
GCAM 4.2,SSP2-Baseline,Latin American countries,Capacity|Electricity,GW,,396.364036509295,436.5151315405381,563.475762012361,687.777763879594,824.568145182726,966.505403845564,1092.33476339176,1196.17933038356,1270.49690543365,1318.63462077784
GCAM 4.2,SSP2-Baseline,Latin American countries,Capacity|Electricity|Biomass,GW,,6.05381785895484,16.0064518724632,23.2287566194191,30.0815293632673,36.1537206288052,42.3098241692035,48.9676176829655,48.9958399527525,50.3835249397514,50.61291111745309
GCAM 4.2,SSP2-Baseline,Latin American countries,Capacity|Electricity|Coal,GW,,10.0881330067225,23.3131044679097,35.2049261161847,46.22915398274978,57.49611198313029,70.961502053209,86.319871337519,92.5720787354135,100.522993562912,110.05593448757
GCAM 4.2,SSP2-Baseline,Latin American countries,Capacity|Electricity|Gas,GW,,57.2371630834601,116.807071838534,166.173794869356,206.850582429604,238.465964865551,233.225874167618,214.863526541096,202.331701674277,192.418065956367,191.049394469812
GCAM 4.2,SSP2-Baseline,Latin American countries,Capacity|Electricity|Nuclear,GW,,3.49733637747336,5.21401410733412,10.1609372005186,19.2788652122442,33.6020478535994,50.524361646654214,68.6089746110266,88.4282009273353,104.215693528384,115.107640650544
GCAM 4.2,SSP2-Baseline,Latin American countries,Capacity|Electricity|Oil,GW,,212.502727042111,121.594959015094,118.395553970066,94.4168345700152,78.3205357765728,83.497451087646,80.9913708143074,88.49703814687972,97.2667232290082,103.186315678907
GCAM 4.2,SSP2-Baseline,Latin American countries,Capacity|Electricity|Solar,GW,,0.026319127346524,16.694099620228,37.87041692155,75.72414082675921,131.221097105808,204.224694247362,278.833960100814,332.914911154852,368.600952661863,386.504621663956
GCAM 4.2,SSP2-Baseline,Latin American countries,Capacity|Electricity|Wind,GW,,1.21192106979778,13.5000361491629,34.7681124263781,64.5611833542894,87.19890392067957,109.230252132483,129.628349148592,146.601526988269,150.959618214104,151.523554350584
GCAM 4.2,SSP2-Baseline,Latin American countries,Emissions|CH4,Mt CH4/yr,,47.663797318,46.64631964100001,51.093598512,54.484697845,55.293555075,55.920554825,55.03056381,54.507395128,53.49215503600001,51.255382445
GCAM 4.2,SSP2-Baseline,Latin American countries,Emissions|CH4|Energy,Mt CH4/yr,,7.890933733,4.352697542,5.709155991,7.02498818,6.671872975,7.163083865,6.825252657,7.407230581,7.84831292,7.249218607
GCAM 4.2,SSP2-Baseline,Latin American countries,Emissions|CO2,Mt CO2/yr,,3153.32016766309,2741.27972115746,3355.72460332633,3937.23203527133,4418.28100086487,5074.976211531961,5405.4929410834,5677.830488991091,5915.50313438333,6111.15532277727
GCAM 4.2,SSP2-Baseline,Latin American countries,Emissions|CO2|AFOLU,Mt CO2/yr,,1400.46895894767,322.642882624333,204.822610802333,185.657111783,126.079118715,226.649168115333,93.22712183400007,-18.4234005523333,-103.852888806333,-176.147241226
GCAM 4.2,SSP2-Baseline,Latin American countries,Emissions|CO2|Energy and Industrial Processes,Mt CO2/yr,,1752.85120871543,2418.636838533131,3150.901992524,3751.57492348833,4292.20188214986,4848.32704341663,5312.2658192494,5696.25388954344,6019.356023189671,6287.30256400327
GCAM 4.2,SSP2-Baseline,Latin American countries,Emissions|CO2|Energy|Supply|Electricity,Mt CO2/yr,,337.337038936334,519.135982214667,704.5962693696671,839.863724186667,953.5060302533328,1007.7334531,1033.28043192,1021.19965207333,1031.60713535,1070.57340470667
GCAM 4.2,SSP2-Baseline,Latin American countries,Final Energy,EJ/yr,,27.646855071,35.520651097,43.125254648,50.04341687399999,56.40560023600001,62.089061848,67.18300302600001,71.575399847,75.212893909,78.047213372
GCAM 4.2,SSP2-Baseline,Latin American countries,Final Energy|Electricity,EJ/yr,,4.10752745,6.3480255329999995,8.74852563,11.259614791,13.801390894,15.918976329,17.778905528,19.341063942,20.563067647,21.46531102
GCAM 4.2,SSP2-Baseline,Latin American countries,Final Energy|Gases,EJ/yr,,4.259633795,5.334015273,6.802708503,8.227180056,9.529779514,10.549457062,11.350519377,12.031078369,12.777747586,13.566518821
GCAM 4.2,SSP2-Baseline,Latin American countries,Final Energy|Heat,EJ/yr,,0.0,0.0,0.0,0.0,0.0,0.0,0.0,0.0,0.0,0.0
GCAM 4.2,SSP2-Baseline,Latin American countries,Final Energy|Hydrogen,EJ/yr,,0.0,0.045998089000000006,0.148572023,0.292867671999999,0.47029223200000003,0.6072057980000001,0.75039484,0.889277327999999,1.018870895,1.108794714
GCAM 4.2,SSP2-Baseline,Latin American countries,Final Energy|Industry,EJ/yr,,12.80485799,16.554337766,19.800945363,22.361582324,24.429514147,25.897700004,26.962992828,27.707378002,28.212720395,28.525381913
GCAM 4.2,SSP2-Baseline,Latin American countries,Final Energy|Liquids,EJ/yr,,14.280512293,19.184482528,22.829980565,25.762050541,28.328845961,31.054836697,33.623406854,35.93002462699999,37.77356079800001,39.089920989
GCAM 4.2,SSP2-Baseline,Latin American countries,Final Energy|Solids,EJ/yr,,4.999181533,4.608129674,4.595467927,4.501703814,4.275291635,3.958585962,3.6797764269999993,3.383955581,3.079646983,2.816667828
GCAM 4.2,SSP2-Baseline,Latin American countries,Final Energy|Solids|Biomass,EJ/yr,,4.289363363000001,3.754680954,3.622614131,3.439997539,3.161932211,2.813565435,2.5464158980000002,2.2930598890000002,2.054891357,1.8517177340000002
GCAM 4.2,SSP2-Baseline,Latin American countries,Final Energy|Solids|Coal,EJ/yr,,0.70981817,0.85344872,0.9728537960000001,1.061706275,1.113359424,1.145020527,1.133360529,1.090895692,1.024755626,0.9649500940000001
GCAM 4.2,SSP2-Baseline,Latin American countries,Final Energy|Transportation,EJ/yr,,9.582374016,12.222547781,14.939417135,17.67220409899999,20.306027341,22.959277347,25.617057874,28.195785953,30.613969686,32.750605247
GCAM 4.2,SSP2-Baseline,Latin American countries,Final Energy|Transportation|Electricity,EJ/yr,,0.016294293999999,0.06788071799999901,0.135082379,0.222293503,0.339577244,0.47709711400000004,0.6280305660000001,0.7981728560000001,0.9845521220000001,1.156499242
GCAM 4.2,SSP2-Baseline,Latin American countries,Final Energy|Transportation|Hydrogen,EJ/yr,,0.0,0.008702288,0.049796933,0.112615981999999,0.193826046,0.28868794200000003,0.39435588,0.5058430580000001,0.613847255,0.7031322040000001
GCAM 4.2,SSP2-Baseline,Latin American countries,Final Energy|Transportation|Liquids,EJ/yr,,9.346675752,11.613119812,13.564380491,15.154493277,16.423253564,17.796542509,19.247804415,20.680628443,21.940072081,22.923175762
GCAM 4.2,SSP2-Baseline,Latin American countries,Population,million,,586.2230000000002,645.1569999999998,692.822,725.6669999999997,743.177,745.206,736.503,719.715,696.997,671.6669999999998
GCAM 4.2,SSP2-Baseline,Latin American countries,Primary Energy,EJ/yr,,33.515505082,45.395928838,58.490315559,69.533060926,79.10382951300001,87.737772059,94.291311767,99.441973021,103.737938819,106.91804445
GCAM 4.2,SSP2-Baseline,Latin American countries,Primary Energy|Biomass,EJ/yr,,4.738232892,5.814501471,7.372153393,8.502772732,9.158267694,9.77013704,9.87798991,9.570053747,9.375391345,9.219713232
GCAM 4.2,SSP2-Baseline,Latin American countries,Primary Energy|Coal,EJ/yr,,1.44790165,3.44824,7.762672,11.307355,14.490416,18.99467000000001,22.06136,24.03925,25.4295,26.98436
GCAM 4.2,SSP2-Baseline,Latin American countries,Primary Energy|Fossil,EJ/yr,,25.99393105,35.9899185,46.51094699999999,55.038098,62.38209699999999,68.64005,73.303895,77.07624399999997,80.38649699999998,83.096559
GCAM 4.2,SSP2-Baseline,Latin American countries,Primary Energy|Gas,EJ/yr,,7.841454,12.359244,18.797418,23.7787,27.20133,28.22237,27.19366,25.97028,25.26291,24.44993
GCAM 4.2,SSP2-Baseline,Latin American countries,Primary Energy|Nuclear,EJ/yr,,0.0992628,0.14798623400000002,0.28839178400000004,0.5471804640000001,0.953706763,1.434002641999999,1.947287360999999,2.50980457,2.9578915,3.2670311
GCAM 4.2,SSP2-Baseline,Latin American countries,Primary Energy|Oil,EJ/yr,,16.7045754,20.1824345,19.950857,19.952043,20.690351,21.42301,24.048875,27.066714,29.694087,31.662269
GCAM 4.2,SSP2-Baseline,Latin American countries,Secondary Energy|Electricity,EJ/yr,,5.020225841,7.699737829,10.48783085,13.348285815,16.182601423,18.463382058,20.423200512,22.050635028,23.285619672,24.159688941
GCAM 4.2,SSP2-Baseline,Latin American countries,Secondary Energy|Electricity|Biomass,EJ/yr,,0.15273056000000002,0.40382357300000005,0.586033655,0.758920888,0.912114987,1.067426092,1.235394233,1.236106247,1.271115874,1.276903012
GCAM 4.2,SSP2-Baseline,Latin American countries,Secondary Energy|Electricity|Biomass|w/ CCS,EJ/yr,,0.0,0.0,0.0,0.0,0.0,0.0,0.0,0.0,0.0,0.0
GCAM 4.2,SSP2-Baseline,Latin American countries,Secondary Energy|Electricity|Biomass|w/o CCS,EJ/yr,,0.15273056000000002,0.40382357300000005,0.586033655,0.758920888,0.912114987,1.067426092,1.235394233,1.236106247,1.271115874,1.276903012
GCAM 4.2,SSP2-Baseline,Latin American countries,Secondary Energy|Electricity|Coal,EJ/yr,,0.25451149,0.58816165,0.88817804,1.16630608,1.4505579100000001,1.790273543,2.17774677,2.33548246,2.5360745,2.77657916
GCAM 4.2,SSP2-Baseline,Latin American countries,Secondary Energy|Electricity|Coal|w/ CCS,EJ/yr,,0.0,0.0,0.0,0.0,0.0,0.0,0.0,0.0,0.0,0.0
GCAM 4.2,SSP2-Baseline,Latin American countries,Secondary Energy|Electricity|Coal|w/o CCS,EJ/yr,,0.25451149,0.58816165,0.88817804,1.16630608,1.4505579100000001,1.790273543,2.17774677,2.33548246,2.5360745,2.77657916
GCAM 4.2,SSP2-Baseline,Latin American countries,Secondary Energy|Electricity|Gas,EJ/yr,,1.159494051,2.638935184,3.880109903,4.950355247,5.804359286,5.746972689,5.347737472,5.059065096,4.819772398,4.787792265
GCAM 4.2,SSP2-Baseline,Latin American countries,Secondary Energy|Electricity|Gas|w/ CCS,EJ/yr,,0.0,0.0,0.0,0.0,0.0,0.0,0.0,0.0,0.0,0.0
GCAM 4.2,SSP2-Baseline,Latin American countries,Secondary Energy|Electricity|Gas|w/o CCS,EJ/yr,,1.159494051,2.638935184,3.880109903,4.950355247,5.804359286,5.746972689,5.347737472,5.059065096,4.819772398,4.787792265
GCAM 4.2,SSP2-Baseline,Latin American countries,Secondary Energy|Electricity|Geothermal,EJ/yr,,0.035611199999999,0.33661494000000003,0.55267644,0.68002425,0.71455079,0.7225253030000001,0.7599642350000001,0.800609562,0.8052987250000001,0.790464172999999
GCAM 4.2,SSP2-Baseline,Latin American countries,Secondary Energy|Electricity|Hydro,EJ/yr,,2.6322491,2.7762504999999997,2.9206548,3.120327999999999,3.375283999999999,3.630236,3.88519,4.140149,4.395097,4.522576
GCAM 4.2,SSP2-Baseline,Latin American countries,Secondary Energy|Electricity|Non-Biomass Renewables,EJ/yr,,2.68407834,3.443522652,4.318823382,5.44500973,6.609758056,7.893582377,9.162139496,10.285870704,11.018158974,11.334741118
GCAM 4.2,SSP2-Baseline,Latin American countries,Secondary Energy|Electricity|Nuclear,EJ/yr,,0.0992628,0.14798623400000002,0.28839178400000004,0.5471804640000001,0.953706763,1.434002641999999,1.947287360999999,2.50980457,2.9578915,3.2670311
GCAM 4.2,SSP2-Baseline,Latin American countries,Secondary Energy|Electricity|Oil,EJ/yr,,0.6701486,0.477308536,0.526294086,0.48051340600000003,0.45210442100000003,0.531124715,0.55289518,0.6243059510000001,0.682606426,0.716642285999999
GCAM 4.2,SSP2-Baseline,Latin American countries,Secondary Energy|Electricity|Solar,EJ/yr,,0.00016600000000000002,0.139075947,0.341126512999998,0.708096744,1.227467820999999,1.8873724410000001,2.554764644,3.079731522,3.4374319890000002,3.63247754
GCAM 4.2,SSP2-Baseline,Latin American countries,Secondary Energy|Electricity|Wind,EJ/yr,,0.01605204,0.191581265,0.504365629,0.9365607359999991,1.292455445,1.653448633,1.962220616999999,2.26538062,2.38033126,2.389223405
GCAM 4.2,SSP2-Baseline,Latin American countries,Secondary Energy|Hydrogen,EJ/yr,,0.0,0.04599824,0.148572204,0.292867571999999,0.470291826,0.607205145,0.750395169,0.8892776760000001,1.018870648,1.108794718
GCAM 4.2,SSP2-Baseline,OECD90 and EU (and EU candidate) countries,Capacity|Electricity,GW,,1611.0993741434,1870.938128625769,2119.13178765321,2348.06017267327,2514.84218364367,2679.37612341814,2826.6426316748,2939.65968345907,2985.92337385854,3000.84058299118
GCAM 4.2,SSP2-Baseline,OECD90 and EU (and EU candidate) countries,Capacity|Electricity|Biomass,GW,,19.47607258371389,17.4504620513064,21.551989789447,28.3715165208017,36.6770363235667,42.2926663971335,50.59579912639521,57.4112408437975,63.17375301243021,67.8988454861111
GCAM 4.2,SSP2-Baseline,OECD90 and EU (and EU candidate) countries,Capacity|Electricity|Coal,GW,,463.145492453069,572.301233273084,604.8359787227299,624.734501561707,666.5448449391159,720.0259451499879,782.984190131913,785.0688364884579,815.094065195333,821.948336623224
GCAM 4.2,SSP2-Baseline,OECD90 and EU (and EU candidate) countries,Capacity|Electricity|Gas,GW,,347.871071156773,380.604576991374,410.2550819381031,435.618637810756,467.367750063419,424.5490758656781,375.689041825216,382.564921962202,350.40147561517,341.076869958143
GCAM 4.2,SSP2-Baseline,OECD90 and EU (and EU candidate) countries,Capacity|Electricity|Nuclear,GW,,262.545182930266,317.550069761542,361.116725153616,414.850734257849,480.335854261796,536.751616494729,595.653407745645,628.8601728536,632.666345340775,601.666920345003
GCAM 4.2,SSP2-Baseline,OECD90 and EU (and EU candidate) countries,Capacity|Electricity|Oil,GW,,235.766717402334,30.9856850900557,18.3261847174658,20.5528893169711,19.8077303716387,16.9556163987189,17.9479574930239,25.5943162179732,21.06887965341189,23.76929723173511
GCAM 4.2,SSP2-Baseline,OECD90 and EU (and EU candidate) countries,Capacity|Electricity|Solar,GW,,17.180225159981,79.192449195028,105.625141380118,135.854156443334,169.834538103652,256.310419377959,340.697605260549,398.005222287422,431.397855691469,446.1906045300599
GCAM 4.2,SSP2-Baseline,OECD90 and EU (and EU candidate) countries,Capacity|Electricity|Wind,GW,,71.763282627866,258.630605586561,369.478510342907,450.408406472658,427.3048357432769,428.572457337117,402.604970774142,394.204992544963,398.330132166413,421.558025304413
GCAM 4.2,SSP2-Baseline,OECD90 and EU (and EU candidate) countries,Emissions|CH4,Mt CH4/yr,,63.763727656,68.22626311100001,73.565895536,77.429357434,80.940021296,86.007368754,87.614865037,86.96110259700001,88.687243569,98.618613395
GCAM 4.2,SSP2-Baseline,OECD90 and EU (and EU candidate) countries,Emissions|CH4|Energy,Mt CH4/yr,,20.264424194,25.753511089,28.758152505,30.682725918,32.59900912,36.280468799,36.880470388,35.694646195,37.404760151,47.83855575
GCAM 4.2,SSP2-Baseline,OECD90 and EU (and EU candidate) countries,Emissions|CO2,Mt CO2/yr,,10660.1024069164,12241.6158660286,13104.0575017374,14129.3879216578,14886.802740227,16047.765505607,16466.2927090897,16454.7565325418,16512.9138015527,16530.8214632257
GCAM 4.2,SSP2-Baseline,OECD90 and EU (and EU candidate) countries,Emissions|CO2|AFOLU,Mt CO2/yr,,-752.360736314001,-280.788729529,-487.435810462334,-135.921794770666,36.5277477876664,391.2444602,241.307608490667,76.2165960343334,-36.004194743,-65.9745388976667
GCAM 4.2,SSP2-Baseline,OECD90 and EU (and EU candidate) countries,Emissions|CO2|Energy and Industrial Processes,Mt CO2/yr,,11412.4631432304,12522.4045955576,13591.4933121997,14265.3097164285,14850.2749924393,15656.521045407,16224.985100599,16378.5399365075,16548.9179962957,16596.7960021233
GCAM 4.2,SSP2-Baseline,OECD90 and EU (and EU candidate) countries,Emissions|CO2|Energy|Supply|Electricity,Mt CO2/yr,,4108.33153626866,4737.88981347733,4940.44840892167,4998.67254407767,5152.85813834367,5236.068671027329,5374.647697301672,5226.344344521671,5240.166156665,5195.58993621067
GCAM 4.2,SSP2-Baseline,OECD90 and EU (and EU candidate) countries,Final Energy,EJ/yr,,148.892604325,161.249362887,171.561396654,179.157310345,184.623263103,189.9833023,194.852784564,197.888083742,199.151380134,198.759134246
GCAM 4.2,SSP2-Baseline,OECD90 and EU (and EU candidate) countries,Final Energy|Electricity,EJ/yr,,30.761297841,38.447306164,43.182350289,47.483531951,51.45222332199999,54.427952787,57.050040436,59.06279822800001,59.934683294,59.86913321
GCAM 4.2,SSP2-Baseline,OECD90 and EU (and EU candidate) countries,Final Energy|Gases,EJ/yr,,31.313764109,32.995561881,35.799696275,36.80700540300001,36.710148451,36.50379091,36.146595284,35.694840868,35.765363691,36.006483377
GCAM 4.2,SSP2-Baseline,OECD90 and EU (and EU candidate) countries,Final Energy|Heat,EJ/yr,,0.0808569,0.10226131100000001,0.12104274100000001,0.13081211,0.133860914,0.134302731,0.13228382700000002,0.128667409,0.125121421999999,0.12084660400000001
GCAM 4.2,SSP2-Baseline,OECD90 and EU (and EU candidate) countries,Final Energy|Hydrogen,EJ/yr,,0.0,0.16380245000000002,0.476634826,0.860107339,1.302082146,1.629510957,1.978530815,2.297189842,2.592006516999999,2.790873077
GCAM 4.2,SSP2-Baseline,OECD90 and EU (and EU candidate) countries,Final Energy|Industry,EJ/yr,,52.432250823,56.50320095399999,60.262966323,62.79010588600001,64.801287128,66.63500803699999,68.32461546399999,69.64422176,70.644168294,71.16179921
GCAM 4.2,SSP2-Baseline,OECD90 and EU (and EU candidate) countries,Final Energy|Liquids,EJ/yr,,74.258098585,77.440129474,80.039438577,82.023604342,83.401826531,85.86964476200002,88.312789944,89.82958275600002,90.316198252,89.961183175
GCAM 4.2,SSP2-Baseline,OECD90 and EU (and EU candidate) countries,Final Energy|Solids,EJ/yr,,12.47858689,12.100301607,11.942233946,11.8522492,11.623121739,11.418100153,11.232544258,10.875004639,10.418006958,10.010614803
GCAM 4.2,SSP2-Baseline,OECD90 and EU (and EU candidate) countries,Final Energy|Solids|Biomass,EJ/yr,,5.67934563,5.254627264,4.9773952239999995,4.812649663999999,4.623275129,4.383594919,4.331948576,4.246761729,4.136696281,4.019707639
GCAM 4.2,SSP2-Baseline,OECD90 and EU (and EU candidate) countries,Final Energy|Solids|Coal,EJ/yr,,6.799241260000001,6.845674343,6.964838722000001,7.039599536,6.99984661,7.034505234,6.900595682000001,6.62824291,6.2813106770000005,5.990907163999999
GCAM 4.2,SSP2-Baseline,OECD90 and EU (and EU candidate) countries,Final Energy|Transportation,EJ/yr,,50.412739722,53.71040201,56.458179556,59.13164502,61.055094111,63.63425695300001,66.352309124,68.405489945,69.758249671,70.662032945
GCAM 4.2,SSP2-Baseline,OECD90 and EU (and EU candidate) countries,Final Energy|Transportation|Electricity,EJ/yr,,0.33631820100000004,0.435214064,0.611519669,0.822711330999999,1.090825312,1.418665326999999,1.8149731759999992,2.276494328,2.797127474,3.26689803
GCAM 4.2,SSP2-Baseline,OECD90 and EU (and EU candidate) countries,Final Energy|Transportation|Hydrogen,EJ/yr,,0.0,0.039388055000000005,0.189838676999999,0.372281631,0.57842238,0.8056181790000001,1.049097457999999,1.283548852,1.496234527,1.6619724470000001
GCAM 4.2,SSP2-Baseline,OECD90 and EU (and EU candidate) countries,Final Energy|Transportation|Liquids,EJ/yr,,49.972235205,52.0455455,52.842330344,53.484000526,53.394123285,54.062524473,54.92146719399999,55.289128945,55.094782938,54.601128679
GCAM 4.2,SSP2-Baseline,OECD90 and EU (and EU candidate) countries,Population,million,,1008.395,1064.326,1112.454,1151.415,1181.705,1205.219,1219.355,1223.012,1215.401,1196.641
GCAM 4.2,SSP2-Baseline,OECD90 and EU (and EU candidate) countries,Primary Energy,EJ/yr,,188.1345698,209.358948085,230.376468035,244.642552611,254.662448935,265.106380257,270.555697347,271.700015595,271.507606814,269.103269417
GCAM 4.2,SSP2-Baseline,OECD90 and EU (and EU candidate) countries,Primary Energy|Biomass,EJ/yr,,8.497049,10.374501,13.453139,16.015496,17.736139,19.43365,19.518593,19.230068,18.265059,17.124361
GCAM 4.2,SSP2-Baseline,OECD90 and EU (and EU candidate) countries,Primary Energy|Coal,EJ/yr,,38.285448099999996,48.3628239,59.768863,67.65743,74.839931,86.76419,93.534514,94.820035,96.463247,97.261057
GCAM 4.2,SSP2-Baseline,OECD90 and EU (and EU candidate) countries,Primary Energy|Fossil,EJ/yr,,166.24695251,180.2232691,194.6551043,203.0820755,209.174673,215.198607,218.340618,218.019819,217.956176,216.893109
GCAM 4.2,SSP2-Baseline,OECD90 and EU (and EU candidate) countries,Primary Energy|Gas,EJ/yr,,49.600793,54.776454,66.156591,71.81535799999997,73.06658,70.33811,62.95972,57.13871,52.46693000000001,48.8371
GCAM 4.2,SSP2-Baseline,OECD90 and EU (and EU candidate) countries,Primary Energy|Nuclear,EJ/yr,,7.451662400000001,9.0128331,10.24935934,11.77445948,13.63308435,15.23429908,16.90607328,17.84856097,17.95658928,17.0767512
GCAM 4.2,SSP2-Baseline,OECD90 and EU (and EU candidate) countries,Primary Energy|Oil,EJ/yr,,78.36071141,77.0839912,68.7296503,63.6092875,61.268162,58.096307,61.84638399999999,66.061074,69.025999,70.794952
GCAM 4.2,SSP2-Baseline,OECD90 and EU (and EU candidate) countries,Secondary Energy|Electricity,EJ/yr,,33.836154657,42.663760361,47.920242192,52.713452182,57.14736165399999,60.385749773,63.253522937,65.470381323,66.380520354,66.250008782
GCAM 4.2,SSP2-Baseline,OECD90 and EU (and EU candidate) countries,Secondary Energy|Electricity|Biomass,EJ/yr,,0.49135794,0.440254217,0.54373084,0.7157793159999991,0.925317614,1.066993222,1.276471297,1.448416713,1.5937979800000002,1.7130063930000001
GCAM 4.2,SSP2-Baseline,OECD90 and EU (and EU candidate) countries,Secondary Energy|Electricity|Biomass|w/ CCS,EJ/yr,,0.0,0.0,0.0,0.0,0.0,0.0,0.0,0.0,0.0,0.0
GCAM 4.2,SSP2-Baseline,OECD90 and EU (and EU candidate) countries,Secondary Energy|Electricity|Biomass|w/o CCS,EJ/yr,,0.49135794,0.440254217,0.54373084,0.7157793159999991,0.925317614,1.066993222,1.276471297,1.448416713,1.5937979800000002,1.7130063930000001
GCAM 4.2,SSP2-Baseline,OECD90 and EU (and EU candidate) countries,Secondary Energy|Electricity|Coal,EJ/yr,,11.68602823,14.439724883,15.26032413,15.762011026,16.816507424,18.165559139,19.753751536,19.806344662,20.563845152,20.736770195
GCAM 4.2,SSP2-Baseline,OECD90 and EU (and EU candidate) countries,Secondary Energy|Electricity|Coal|w/ CCS,EJ/yr,,0.0,0.0,0.0,0.0,0.0,0.0,0.0,0.0,0.0,0.0
GCAM 4.2,SSP2-Baseline,OECD90 and EU (and EU candidate) countries,Secondary Energy|Electricity|Coal|w/o CCS,EJ/yr,,11.68602823,14.439724883,15.26032413,15.762011026,16.816507424,18.165559139,19.753751536,19.806344662,20.563845152,20.736770195
GCAM 4.2,SSP2-Baseline,OECD90 and EU (and EU candidate) countries,Secondary Energy|Electricity|Gas,EJ/yr,,7.522676637000001,8.894927804,9.767710615,10.586550797,11.539413123,10.575348439,9.411916093,9.602236431,8.801706869,8.565678102
GCAM 4.2,SSP2-Baseline,OECD90 and EU (and EU candidate) countries,Secondary Energy|Electricity|Gas|w/ CCS,EJ/yr,,0.0,0.0,0.0,0.0,0.0,0.0,0.0,0.0,0.0,0.0
GCAM 4.2,SSP2-Baseline,OECD90 and EU (and EU candidate) countries,Secondary Energy|Electricity|Gas|w/o CCS,EJ/yr,,7.522676637000001,8.894927804,9.767710615,10.586550797,11.539413123,10.575348439,9.411916093,9.602236431,8.801706869,8.565678102
GCAM 4.2,SSP2-Baseline,OECD90 and EU (and EU candidate) countries,Secondary Energy|Electricity|Geothermal,EJ/yr,,0.13238103,0.6367454,0.94628056,1.106361,1.206920489,1.248151673,1.279367940999999,1.334018462,1.34729003,1.3544442970000001
GCAM 4.2,SSP2-Baseline,OECD90 and EU (and EU candidate) countries,Secondary Energy|Electricity|Hydro,EJ/yr,,4.745641,4.7678449999999994,4.8044270000000004,4.889751,5.023826000000001,5.157903,5.291969,5.426038,5.560125,5.627164
GCAM 4.2,SSP2-Baseline,OECD90 and EU (and EU candidate) countries,Secondary Energy|Electricity|Non-Biomass Renewables,EJ/yr,,5.93890629,9.748344885,12.018865396,13.770521632,14.118552585,15.239824177,15.790413067,16.601567625,17.329782534,18.009048217
GCAM 4.2,SSP2-Baseline,OECD90 and EU (and EU candidate) countries,Secondary Energy|Electricity|Nuclear,EJ/yr,,7.451662400000001,9.0128331,10.24935934,11.77445948,13.63308435,15.23429908,16.90607328,17.84856097,17.95658928,17.0767512
GCAM 4.2,SSP2-Baseline,OECD90 and EU (and EU candidate) countries,Secondary Energy|Electricity|Oil,EJ/yr,,0.74552316,0.127675471999999,0.080251871,0.10412993100000001,0.114486558,0.10372571600000001,0.11489766400000001,0.163254922,0.134798539,0.148754675
GCAM 4.2,SSP2-Baseline,OECD90 and EU (and EU candidate) countries,Secondary Energy|Electricity|Solar,EJ/yr,,0.11037097,0.6734764830000001,0.908296188,1.240533059,1.554328005,2.346348217,3.124731953999999,3.750003327,4.14149798,4.380312977
GCAM 4.2,SSP2-Baseline,OECD90 and EU (and EU candidate) countries,Secondary Energy|Electricity|Wind,EJ/yr,,0.9505132900000001,3.670278002,5.359861648,6.533876573,6.333478091,6.487421287,6.094344172,6.091507836,6.280869524,6.647126943
GCAM 4.2,SSP2-Baseline,OECD90 and EU (and EU candidate) countries,Secondary Energy|Hydrogen,EJ/yr,,0.0,0.163802359,0.47663536900000003,0.8601084309999991,1.302081795,1.629511295,1.978530858,2.297189262,2.592006109,2.7908736960000002
GCAM 4.2,SSP2-Baseline,World,Capacity|Electricity,GW,,4144.84828142649,5100.3516564509,6517.53543727852,7897.721959046071,9288.88198200721,10695.0924827781,12080.9354860134,13305.5738745313,14231.3245325308,14913.8957592222
GCAM 4.2,SSP2-Baseline,World,Capacity|Electricity|Biomass,GW,,30.3345299816083,54.3396644311263,92.2483483558473,138.760274765348,191.287348466832,245.1079461567729,309.56171185312,373.966016417745,430.722293014333,474.603489583333
GCAM 4.2,SSP2-Baseline,World,Capacity|Electricity|Coal,GW,,1225.95827546296,1802.36680904363,2222.60108102645,2504.32159103881,2750.99570732655,2960.19970799245,3177.528418949769,3067.86744601408,3020.86635321537,2996.20520139682
GCAM 4.2,SSP2-Baseline,World,Capacity|Electricity|Gas,GW,,841.210098776002,1213.47953037798,1515.2053908549,1760.85800344844,1975.35714661022,1910.47467965183,1809.83671863902,1829.45304919774,1819.71066907661,1878.2251280917
GCAM 4.2,SSP2-Baseline,World,Capacity|Electricity|Nuclear,GW,,349.605290602627,467.803832480692,647.298446713456,886.690336018096,1140.98521996026,1386.24480945938,1640.27734550285,1931.62706325046,2108.48866762501,2182.12172508315
GCAM 4.2,SSP2-Baseline,World,Capacity|Electricity|Oil,GW,,1085.21662861492,461.975467798706,455.714440678907,411.170641766552,387.947667070966,474.7238967767,518.817227295789,629.063584038876,747.128282835489,842.8975215230209
GCAM 4.2,SSP2-Baseline,World,Capacity|Electricity|Solar,GW,,18.7869999570383,178.9115010420909,347.692073862895,647.923968909425,1106.83885007452,1794.71828157855,2540.42166471565,3144.40455413464,3603.232934041071,3907.6337407838
GCAM 4.2,SSP2-Baseline,World,Capacity|Electricity|Wind,GW,,92.8780660348868,345.1160543858171,595.2761498246309,847.770423794476,975.236902911364,1109.18896671,1217.76777168686,1408.17377380176,1529.794884069,1637.02809956875
GCAM 4.2,SSP2-Baseline,World,Emissions|CH4,Mt CH4/yr,,368.288815821,393.493194156,456.827509762,504.224182907,542.008002875,569.877169759,597.329802715,613.016644587,621.301736622,615.773256024
GCAM 4.2,SSP2-Baseline,World,Emissions|CH4|Energy,Mt CH4/yr,,134.801787712,138.46352278,170.836343026,186.875788537,192.044615451,193.910085747,198.355320769,194.331131591,188.588716007,174.713122708
GCAM 4.2,SSP2-Baseline,World,Emissions|CO2,Mt CO2/yr,,35775.4284162739,41468.5381653092,49521.2143674048,56866.9941275894,61923.4898719771,67511.011203456,71213.2617697945,72604.2815531085,73788.7696113469,75357.3564507808
GCAM 4.2,SSP2-Baseline,World,Emissions|CO2|AFOLU,Mt CO2/yr,,3128.45158566967,377.794580672667,-235.039337236,971.852311756333,1006.884312016,1372.93248632467,749.390288273,222.416445111667,-414.870547846333,-639.697446589667
GCAM 4.2,SSP2-Baseline,World,Emissions|CO2|Energy and Industrial Processes,Mt CO2/yr,,32646.9768306043,41090.7435846365,49756.2537046408,55895.1418158331,60916.6055599611,66138.0787171313,70463.8714815215,72381.8651079968,74203.6401591932,75997.0538973705
GCAM 4.2,SSP2-Baseline,World,Emissions|CO2|Energy|Supply|Electricity,Mt CO2/yr,,11668.8311082677,15647.5501653533,18693.46855536969,20454.8573205643,21802.0541743803,22476.2263278007,23110.3650778917,21861.3207202683,21180.725054885,20894.760466844
GCAM 4.2,SSP2-Baseline,World,Final Energy,EJ/yr,,393.851406843,478.108337635,560.651207841,629.991343153,690.8477836860001,748.9447348719998,803.782656296,851.387949255,892.31922755,926.163256483
GCAM 4.2,SSP2-Baseline,World,Final Energy|Electricity,EJ/yr,,65.715268015,94.678591536,121.794329079,147.61675931,172.708399611,193.441500728,213.614830699,231.046142484,244.245208306,254.06808688
GCAM 4.2,SSP2-Baseline,World,Final Energy|Gases,EJ/yr,,63.53801126,75.400091224,89.50460386299999,99.644175507,106.98561221,113.066969043,118.191831826,122.692874449,128.635995363,135.226267817
GCAM 4.2,SSP2-Baseline,World,Final Energy|Heat,EJ/yr,,9.7270965,10.464668511,10.977014841,10.85594781,10.349461944,9.723371981,8.933044567,8.099442739,7.281046672,6.519699344
GCAM 4.2,SSP2-Baseline,World,Final Energy|Hydrogen,EJ/yr,,0.0,0.34283488300000003,1.053197250999999,2.07589774,3.475070884,4.7044521239999995,6.103910991,7.492858148,8.884241749000003,9.917213432
GCAM 4.2,SSP2-Baseline,World,Final Energy|Industry,EJ/yr,,174.628985141,216.372783648,254.216792019,285.383240923,312.958358047,336.323884331,355.6346507,369.45164416,379.428465791,386.350310801
GCAM 4.2,SSP2-Baseline,World,Final Energy|Liquids,EJ/yr,,157.828990894,191.138187743,225.912156092,255.160218851,282.607169657,315.205206064,349.202161697,381.413425279,410.225925417,434.087922781
GCAM 4.2,SSP2-Baseline,World,Final Energy|Solids,EJ/yr,,97.042040174,106.083963738,111.409906715,114.638343935,114.72206938,112.803234932,107.736876516,100.643206156,93.046810043,86.34406622899998
GCAM 4.2,SSP2-Baseline,World,Final Energy|Solids|Biomass,EJ/yr,,47.07149658100001,45.267195082,45.233724578,46.489907273,47.317239364,46.718926693,45.037681231,42.369134827,39.516506273,36.904122004
GCAM 4.2,SSP2-Baseline,World,Final Energy|Solids|Coal,EJ/yr,,49.970543593,60.816768656,66.176182137,68.148436662,67.404830016,66.084308239,62.699195285,58.27407132899999,53.53030377,49.439944225
GCAM 4.2,SSP2-Baseline,World,Final Energy|Transportation,EJ/yr,,98.448018214,118.511811973,140.740008346,161.272426962,180.040951455,202.156777985,226.587341441,251.386493801,275.757765964,298.436681923
GCAM 4.2,SSP2-Baseline,World,Final Energy|Transportation|Electricity,EJ/yr,,0.8815543050000001,1.3231056780000001,1.848294483,2.40784113,3.045448078,3.792286706,4.692693124,5.763669392000001,7.051199587,8.334253761
GCAM 4.2,SSP2-Baseline,World,Final Energy|Transportation|Hydrogen,EJ/yr,,0.0,0.061816261000000004,0.321406556,0.6768674920000001,1.118549631,1.666705691,2.298482332,2.987685131,3.7095454080000003,4.358356419
GCAM 4.2,SSP2-Baseline,World,Final Energy|Transportation|Liquids,EJ/yr,,96.434245597,113.656548904,130.672439967,144.575528677,155.835614078,170.240821427,186.824363839,203.826242465,220.064195928,234.454847562
GCAM 4.2,SSP2-Baseline,World,GDP|PPP,billion US$2010/yr,,73630.72577,110404.9329,156143.6065,202982.4662,252477.1652,306743.2523,368236.1141,436050.0518,510359.5946,591221.1785
GCAM 4.2,SSP2-Baseline,World,Population,million,,6895.882,7639.358,8289.389000000001,8812.63,9190.938,9401.596,9466.277,9409.758,9250.717,9024.486
GCAM 4.2,SSP2-Baseline,World,Primary Energy,EJ/yr,,508.622852442,638.8039180430001,779.7648076219998,889.7623067569998,980.893161067,1065.564769726,1133.451804414,1178.484431172,1217.206608002,1249.301318999
GCAM 4.2,SSP2-Baseline,World,Primary Energy|Biomass,EJ/yr,,51.530069752,60.558404371,73.799889233,86.47062230200001,96.520919104,104.70349976,107.837052372,109.315812096,109.351008277,109.124847714
GCAM 4.2,SSP2-Baseline,World,Primary Energy|Coal,EJ/yr,,143.25977845,201.3354099,265.587638,310.386677,346.196747,391.85262,422.5401440000001,425.431615,426.548007,431.241757
GCAM 4.2,SSP2-Baseline,World,Primary Energy|Fossil,EJ/yr,,433.18340334,544.0242191000001,659.7119763999998,742.2655368,808.347123,868.15234,916.221501,941.010661,966.407736,991.014484
GCAM 4.2,SSP2-Baseline,World,Primary Energy|Gas,EJ/yr,,113.8447856,150.12562,203.41232,239.350685,259.958768,261.34323,245.95732,230.126642,219.06367,209.946597
GCAM 4.2,SSP2-Baseline,World,Primary Energy|Nuclear,EJ/yr,,9.9226372,13.277395495,18.371883434,25.166399793,32.383898907,39.34495468,46.555007731,54.82421196,59.84396876,61.93385165
GCAM 4.2,SSP2-Baseline,World,Primary Energy|Oil,EJ/yr,,176.07883929,192.5631892,190.7120184,192.5281748,202.191608,214.95649,247.724037,285.452404,320.796059,349.82613
GCAM 4.2,SSP2-Baseline,World,Secondary Energy|Electricity,EJ/yr,,78.38901522081,112.077815242,143.479726854,172.9683894120001,201.255285283,224.034872913,246.042466991,265.177804623,279.320808754,289.611101828
GCAM 4.2,SSP2-Baseline,World,Secondary Energy|Electricity|Biomass,EJ/yr,,0.7892471820000001,1.388873831999999,2.341303511,3.509797592,4.830543277,6.185670625,7.809870516,9.434713835,10.866606586,11.973676518
GCAM 4.2,SSP2-Baseline,World,Secondary Energy|Electricity|Biomass|w/ CCS,EJ/yr,,0.0,0.0,0.0,0.0,0.0,0.0,0.0,0.0,0.0,0.0
GCAM 4.2,SSP2-Baseline,World,Secondary Energy|Electricity|Biomass|w/o CCS,EJ/yr,,0.7892471820000001,1.388873831999999,2.341303511,3.509797592,4.830543277,6.185670625,7.809870516,9.434713835,10.866606586,11.973676518
GCAM 4.2,SSP2-Baseline,World,Secondary Energy|Electricity|Coal,EJ/yr,,31.86561027,46.295968881,56.757741043,63.64889474899999,69.65592365100001,74.793782267,80.16522897600001,77.39861422199999,76.212833052,75.590661785
GCAM 4.2,SSP2-Baseline,World,Secondary Energy|Electricity|Coal|w/ CCS,EJ/yr,,0.0,0.0,0.0,0.0,0.0,0.0,0.0,0.0,0.0,0.0
GCAM 4.2,SSP2-Baseline,World,Secondary Energy|Electricity|Coal|w/o CCS,EJ/yr,,31.86561027,46.295968881,56.757741043,63.64889474899999,69.65592365100001,74.793782267,80.16522897600001,77.39861422199999,76.212833052,75.590661785
GCAM 4.2,SSP2-Baseline,World,Secondary Energy|Electricity|Gas,EJ/yr,,18.35919912881,28.295393061,36.035411463,42.641675058,48.472459685,47.326179451,45.166783092,45.817938058,45.63336484600001,47.11246005100001
GCAM 4.2,SSP2-Baseline,World,Secondary Energy|Electricity|Gas|w/ CCS,EJ/yr,,0.0,0.0,0.0,0.0,0.0,0.0,0.0,0.0,0.0,0.0
GCAM 4.2,SSP2-Baseline,World,Secondary Energy|Electricity|Gas|w/o CCS,EJ/yr,,18.35919912881,28.295393061,36.035411463,42.641675058,48.472459685,47.326179451,45.166783092,45.817938058,45.63336484600001,47.11246005100001
GCAM 4.2,SSP2-Baseline,World,Secondary Energy|Electricity|Geothermal,EJ/yr,,0.2451255,1.520996915,2.519519036,3.056353456,3.325541631999999,3.448280705,3.522822078999999,3.647887898999999,3.673775563,3.651874908999999
GCAM 4.2,SSP2-Baseline,World,Secondary Energy|Electricity|Hydro,EJ/yr,,12.3909307,13.0198439,13.6647437,14.6095264,15.8542282,17.0989167,18.3436002,19.5883008,20.8329875,21.4553438
GCAM 4.2,SSP2-Baseline,World,Secondary Energy|Electricity|Non-Biomass Renewables,EJ/yr,,13.98674255,20.943898735,27.881058556,35.859747863,43.641220056,53.36397528600001,62.83824331100002,73.333746116,81.603894965,87.228135635
GCAM 4.2,SSP2-Baseline,World,Secondary Energy|Electricity|Nuclear,EJ/yr,,9.9226372,13.277395495,18.371883434,25.166399793,32.383898907,39.34495468,46.555007731,54.82421196,59.84396876,61.93385165
GCAM 4.2,SSP2-Baseline,World,Secondary Energy|Electricity|Oil,EJ/yr,,3.46557889,1.876285238,2.092328847,2.141874357,2.271239707,3.020310603999999,3.507333365,4.368580432,5.160140545,5.772316189
GCAM 4.2,SSP2-Baseline,World,Secondary Energy|Electricity|Solar,EJ/yr,,0.12050522,1.505448285,3.0613857270000002,5.895635232,10.006567538,16.026674284,22.538129103,28.337555481,32.97532617,36.308257852
GCAM 4.2,SSP2-Baseline,World,Secondary Energy|Electricity|Wind,EJ/yr,,1.23018113,4.897609635,8.635410092999999,12.298232775,14.454882686,16.790103597,18.433691929,21.760001936000002,24.121805732,25.81265907400001
GCAM 4.2,SSP2-Baseline,World,Secondary Energy|Hydrogen,EJ/yr,,0.0,0.342834735,1.053197564,2.075898604,3.475070401,4.704452001,6.103910562,7.492857875,8.88424208,9.917217313
GCAM 4.2,SSP3-Baseline,Asian countries except Japan,Capacity|Electricity,GW,,1207.62010431012,1760.10922614384,2351.78574824244,2748.80213809138,3080.80601134918,3254.29766914801,3477.84634051045,3778.182253611871,4029.17183745804,4289.54106754875
GCAM 4.2,SSP3-Baseline,Asian countries except Japan,Capacity|Electricity|Biomass,GW,,3.32077189561137,14.476627584348,30.8138114773592,47.0593765854897,62.4362717212075,76.27171775906909,93.77735274765352,119.487756849315,136.027995505137,147.90551786054
GCAM 4.2,SSP3-Baseline,Asian countries except Japan,Capacity|Electricity|Coal,GW,,643.797682410579,1061.90217247749,1393.5965148164,1581.75827673135,1733.78278451611,1813.20300604864,1937.73777785705,1983.57202601788,2041.74797176243,2148.89319151128
GCAM 4.2,SSP3-Baseline,Asian countries except Japan,Capacity|Electricity|Gas,GW,,155.245738203957,270.500888825469,382.9651263635209,459.33012810756,514.197401287418,490.058322932521,453.567566463723,484.625272260274,523.556596191654,597.221615613902
GCAM 4.2,SSP3-Baseline,Asian countries except Japan,Capacity|Electricity|Nuclear,GW,,37.580035514967,35.674389833136,34.3098949701223,30.64679917836411,27.0670392567225,24.82900272704211,24.44300334009809,32.8471927321157,38.5872519941936,42.8844786557866
GCAM 4.2,SSP3-Baseline,Asian countries except Japan,Capacity|Electricity|Oil,GW,,196.573617453069,111.121490994419,116.21916274258,102.460599988902,90.9214319745687,95.6675343258498,111.458967093163,157.400793497907,184.784622336377,206.408227303716
GCAM 4.2,SSP3-Baseline,Asian countries except Japan,Capacity|Electricity|Solar,GW,,1.143816590563159,40.399239365057,92.8163422286936,164.716491710447,244.91996638486,335.109144673341,413.801116911495,467.8417402067189,505.138032809743,511.906074480864
GCAM 4.2,SSP3-Baseline,Asian countries except Japan,Capacity|Electricity|Wind,GW,,18.0612255683603,53.1752529736739,111.537565211877,155.997324934374,178.790737434826,169.332507755687,173.575185171973,243.262170606446,290.850980847286,316.444357559614
GCAM 4.2,SSP3-Baseline,Asian countries except Japan,Emissions|CH4,Mt CH4/yr,,164.683437516,170.623294187,198.788426602,224.669053639,243.546580663,260.453549263,278.36751503200003,291.833479647,306.586626103,307.650979343
GCAM 4.2,SSP3-Baseline,Asian countries except Japan,Emissions|CH4|Energy,Mt CH4/yr,,58.966633644,49.395347924,59.527252613,67.636998119,70.405339151,74.867456041,80.360145957,81.738281188,85.07932037399999,76.121150813
GCAM 4.2,SSP3-Baseline,Asian countries except Japan,Emissions|CO2,Mt CO2/yr,,15068.744481459,20295.3399210345,25821.7270123529,28682.7789363386,30297.1160015874,31825.075063907,33203.6147324016,33869.1460628671,34615.598383112,36170.4308186222
GCAM 4.2,SSP3-Baseline,Asian countries except Japan,Emissions|CO2|AFOLU,Mt CO2/yr,,1363.07683847133,599.936990062666,833.163928047,986.823483180334,951.367715631666,1163.160512712,1296.71602983633,1390.91911412667,1270.13770555833,1298.355120689
GCAM 4.2,SSP3-Baseline,Asian countries except Japan,Emissions|CO2|Energy and Industrial Processes,Mt CO2/yr,,13705.6676429876,19695.4029309719,24988.5630843059,27695.9554531583,29345.7482859557,30661.9145511951,31906.8987025653,32478.2269487405,33345.4606775535,34872.0756979333
GCAM 4.2,SSP3-Baseline,Asian countries except Japan,Emissions|CO2|Energy|Supply|Electricity,Mt CO2/yr,,5320.38260941733,8100.892168856659,10269.6134689133,11314.32984792,12024.5495921467,12214.24652426,12654.83053725,12522.8248909867,12618.3841877867,13173.93671748
GCAM 4.2,SSP3-Baseline,Asian countries except Japan,Final Energy,EJ/yr,,137.403873884,192.429586613,235.769442617,258.171082422,271.168768156,280.27884791,289.176743648,298.703410456,309.538866889,323.457012199
GCAM 4.2,SSP3-Baseline,Asian countries except Japan,Final Energy|Electricity,EJ/yr,,21.244348915,33.893357158,45.14711539899999,52.65410358899999,58.967859487,61.91053543899999,65.786913398,70.774238695,75.54631384,81.234411607
GCAM 4.2,SSP3-Baseline,Asian countries except Japan,Final Energy|Gases,EJ/yr,,10.744730176000001,17.274908671,22.661987769,25.579565099,27.258499763,28.651128328,30.244529989,32.122974952,34.58840694,37.950109595
GCAM 4.2,SSP3-Baseline,Asian countries except Japan,Final Energy|Heat,EJ/yr,,3.0529687,4.1703021,4.821476000000001,4.9509335,4.7950154,4.5823973,4.295337799999999,3.9871024,3.7511934,3.555070599999999
GCAM 4.2,SSP3-Baseline,Asian countries except Japan,Final Energy|Hydrogen,EJ/yr,,0.0,0.08057243500000001,0.22862437300000002,0.42415946600000004,0.6645654320000001,0.817635952999999,0.995994695,1.187169063,1.409577132,1.596163313
GCAM 4.2,SSP3-Baseline,Asian countries except Japan,Final Energy|Industry,EJ/yr,,74.871795933,102.773645122,123.13429314,134.625935736,142.172829529,147.887488785,153.568273986,159.840814722,167.081021299,176.311688268
GCAM 4.2,SSP3-Baseline,Asian countries except Japan,Final Energy|Liquids,EJ/yr,,42.63672455,61.695378143,79.08125608,88.23777151200001,94.165638956,99.937034107,105.567185862,111.143906793,116.956101811,123.203387651
GCAM 4.2,SSP3-Baseline,Asian countries except Japan,Final Energy|Solids,EJ/yr,,59.725101543,75.315068106,83.82898299600001,86.324549256,85.317189118,84.380116783,82.286781904,79.488018553,77.287273766,75.917869433
GCAM 4.2,SSP3-Baseline,Asian countries except Japan,Final Energy|Solids|Biomass,EJ/yr,,22.340332883,24.202474546,25.341813416,25.838591706,25.829091986,25.840098152,25.57661876400001,25.043226463,24.539861456,23.992738873
GCAM 4.2,SSP3-Baseline,Asian countries except Japan,Final Energy|Solids|Coal,EJ/yr,,37.38476866,51.11259356,58.48716958,60.48595755,59.488097132,58.540018631,56.71016314,54.44479209,52.74741231,51.92513056
GCAM 4.2,SSP3-Baseline,Asian countries except Japan,Final Energy|Transportation,EJ/yr,,21.363657646,31.289442561,40.842715659,46.277468636,49.782205278,52.873584683,55.945368722,59.038132664,62.146108201,65.629344903
GCAM 4.2,SSP3-Baseline,Asian countries except Japan,Final Energy|Transportation|Electricity,EJ/yr,,0.22901339999999998,0.413897782999998,0.5703446360000001,0.6868836570000001,0.7860226610000001,0.868616409,0.9674500760000001,1.097878942,1.267457379,1.4502323469999991
GCAM 4.2,SSP3-Baseline,Asian countries except Japan,Final Energy|Transportation|Hydrogen,EJ/yr,,0.0,0.003813818,0.021914935,0.047555977000000006,0.079784405,0.12024849700000001,0.162838681999999,0.210722248,0.265105494,0.323280173
GCAM 4.2,SSP3-Baseline,Asian countries except Japan,Final Energy|Transportation|Liquids,EJ/yr,,20.55077575,29.782196589,38.05254383,42.003509482,44.001406749,45.750300987,47.568442448,49.46453029,51.336857374,53.439038418
GCAM 4.2,SSP3-Baseline,Asian countries except Japan,Population,million,,3758.607,4150.293,4519.202,4815.384,5066.273,5262.1,5419.078,5569.581,5727.325,5895.855
GCAM 4.2,SSP3-Baseline,Asian countries except Japan,Primary Energy,EJ/yr,,183.43320742,265.1570719,338.151665423,376.726027319,399.97138747,416.111367954,429.47147292,438.49168781,449.853655558,467.615299925
GCAM 4.2,SSP3-Baseline,Asian countries except Japan,Primary Energy|Biomass,EJ/yr,,23.21659806,29.59935388,35.11571994,38.36604335,40.06873827,41.64255487,41.84184689,42.00736674,41.61268304,40.9129453
GCAM 4.2,SSP3-Baseline,Asian countries except Japan,Primary Energy|Coal,EJ/yr,,89.0045685,134.541751,177.200949,200.77626,216.56299,232.95944,247.1054,252.19306,259.84784,273.13417
GCAM 4.2,SSP3-Baseline,Asian countries except Japan,Primary Energy|Fossil,EJ/yr,,155.07137588,229.090354,294.8310625,328.497777,348.472225,361.904731,373.859356,380.292239,390.153659,407.71352
GCAM 4.2,SSP3-Baseline,Asian countries except Japan,Primary Energy|Gas,EJ/yr,,18.653152,34.040565,54.01645,64.54445,68.69314,66.94541,60.55683399999999,55.412583,50.786897,48.363704
GCAM 4.2,SSP3-Baseline,Asian countries except Japan,Primary Energy|Nuclear,EJ/yr,,1.0666115999999999,1.012524571,0.9737971630000001,0.869829713,0.7682275350000001,0.704706687,0.693751098,0.9322821630000001,1.095198820999999,1.217164427
GCAM 4.2,SSP3-Baseline,Asian countries except Japan,Primary Energy|Oil,EJ/yr,,47.41365538,60.508038,63.6136635,63.177067,63.216095,61.99988100000001,66.197122,72.686596,79.518922,86.21564599999998
GCAM 4.2,SSP3-Baseline,Asian countries except Japan,Secondary Energy|Electricity,EJ/yr,,25.111875411,40.23550336,53.68646251,62.549418585,69.858401114,72.94681502899999,77.057624538,82.402252022,87.336431208,93.209515274
GCAM 4.2,SSP3-Baseline,Asian countries except Japan,Secondary Energy|Electricity|Biomass,EJ/yr,,0.08377909,0.36522848900000005,0.777395487,1.1872516,1.5751922109999992,1.9242439130000002,2.365890077,3.01453272,3.431823093,3.731478728999999
GCAM 4.2,SSP3-Baseline,Asian countries except Japan,Secondary Energy|Electricity|Biomass|w/ CCS,EJ/yr,,0.0,0.0,0.0,0.0,0.0,0.0,0.0,0.0,0.0,0.0
GCAM 4.2,SSP3-Baseline,Asian countries except Japan,Secondary Energy|Electricity|Biomass|w/o CCS,EJ/yr,,0.08377909,0.36522848900000005,0.777395487,1.1872516,1.5751922109999992,1.9242439130000002,2.365890077,3.01453272,3.431823093,3.731478728999999
GCAM 4.2,SSP3-Baseline,Asian countries except Japan,Secondary Energy|Electricity|Coal,EJ/yr,,16.24224297,26.790517529,35.158767753,39.905863212,43.74125911399999,45.744935999,48.88679885,50.04314193,51.51085123,54.21399655
GCAM 4.2,SSP3-Baseline,Asian countries except Japan,Secondary Energy|Electricity|Coal|w/ CCS,EJ/yr,,0.0,0.0,0.0,0.0,0.0,0.0,0.0,0.0,0.0,0.0
GCAM 4.2,SSP3-Baseline,Asian countries except Japan,Secondary Energy|Electricity|Coal|w/o CCS,EJ/yr,,16.24224297,26.790517529,35.158767753,39.905863212,43.74125911399999,45.744935999,48.88679885,50.04314193,51.51085123,54.21399655
GCAM 4.2,SSP3-Baseline,Asian countries except Japan,Secondary Energy|Electricity|Gas,EJ/yr,,3.020705311,6.144832072000001,9.00448106,11.063526037,12.589097723,12.118785669,11.310425312,12.126853304,13.115086087,14.960739212
GCAM 4.2,SSP3-Baseline,Asian countries except Japan,Secondary Energy|Electricity|Gas|w/ CCS,EJ/yr,,0.0,0.0,0.0,0.0,0.0,0.0,0.0,0.0,0.0,0.0
GCAM 4.2,SSP3-Baseline,Asian countries except Japan,Secondary Energy|Electricity|Gas|w/o CCS,EJ/yr,,3.020705311,6.144832072000001,9.00448106,11.063526037,12.589097723,12.118785669,11.310425312,12.126853304,13.115086087,14.960739212
GCAM 4.2,SSP3-Baseline,Asian countries except Japan,Secondary Energy|Electricity|Geothermal,EJ/yr,,0.0700198,0.36289187900000003,0.546726814,0.6252217440000001,0.697108328,0.750808510999999,0.7672368260000001,0.783690080999999,0.791906305,0.78926171
GCAM 4.2,SSP3-Baseline,Asian countries except Japan,Secondary Energy|Electricity|Hydro,EJ/yr,,3.762164700000001,3.998137399999999,4.2348203,4.592930200000001,5.072475499999999,5.552012599999999,6.0315557,6.5110989,6.9906331999999995,7.2304088
GCAM 4.2,SSP3-Baseline,Asian countries except Japan,Secondary Energy|Electricity|Non-Biomass Renewables,EJ/yr,,4.07862188,5.454839449,7.2310858190000005,8.992377256000001,10.662196665,11.859375397,13.076518932,15.259799907,16.992114697,17.771670198
GCAM 4.2,SSP3-Baseline,Asian countries except Japan,Secondary Energy|Electricity|Nuclear,EJ/yr,,1.0666115999999999,1.012524571,0.9737971630000001,0.869829713,0.7682275350000001,0.704706687,0.693751098,0.9322821630000001,1.095198820999999,1.217164427
GCAM 4.2,SSP3-Baseline,Asian countries except Japan,Secondary Energy|Electricity|Oil,EJ/yr,,0.61991456,0.46756125,0.540935227999998,0.530570767,0.522427866,0.5947673640000001,0.724240269,1.025641998,1.19135728,1.314466157999999
GCAM 4.2,SSP3-Baseline,Asian countries except Japan,Secondary Energy|Electricity|Solar,EJ/yr,,0.00721428,0.339188318999999,0.831513005,1.511241018,2.242590664,2.9933207690000003,3.650270393,4.205967733,4.623437485,4.762304951
GCAM 4.2,SSP3-Baseline,Asian countries except Japan,Secondary Energy|Electricity|Wind,EJ/yr,,0.2392231,0.754621850999999,1.6180257,2.262984294,2.650022173,2.563233517,2.627456013,3.759043193,4.586137707,4.989694737
GCAM 4.2,SSP3-Baseline,Asian countries except Japan,Secondary Energy|Hydrogen,EJ/yr,,0.0,0.080574292,0.228624661,0.424158539,0.664564571,0.817636377,0.995993487,1.187168787,1.4095765770000002,1.596164825
GCAM 4.2,SSP3-Baseline,Countries from the Reforming Economies of the Former Soviet Union,Capacity|Electricity,GW,,297.486780514886,374.758916402491,411.82662351536,427.2312000581141,429.025626926662,426.801430397206,432.422328952796,446.733780686873,453.488637734802,465.055241884127
GCAM 4.2,SSP3-Baseline,Countries from the Reforming Economies of the Former Soviet Union,Capacity|Electricity|Biomass,GW,,1.36414732369355,2.55363243594622,4.03083777270421,5.68189125126838,7.30560280314561,11.10413983225519,13.9350883117707,16.4732722919838,18.4894750047565,19.5160932743531
GCAM 4.2,SSP3-Baseline,Countries from the Reforming Economies of the Former Soviet Union,Capacity|Electricity|Coal,GW,,66.892559297311,92.8363100900558,103.761019152714,109.316463723998,114.150673040335,124.606346714865,134.767559297311,131.028955003805,137.129542427702,142.856493372653
GCAM 4.2,SSP3-Baseline,Countries from the Reforming Economies of the Former Soviet Union,Capacity|Electricity|Gas,GW,,129.355593607306,185.917966768138,199.656633371385,197.7474873160829,188.912445649416,148.860592434043,130.109478151953,130.284203418316,130.602860032978,136.974464865551
GCAM 4.2,SSP3-Baseline,Countries from the Reforming Economies of the Former Soviet Union,Capacity|Electricity|Nuclear,GW,,44.44810868707371,41.05970453520489,35.6158498224251,26.7141258667343,17.6498493784881,12.9986514530131,9.23377357094538,9.20478958791363,9.72353042730707,9.860666469361288
GCAM 4.2,SSP3-Baseline,Countries from the Reforming Economies of the Former Soviet Union,Capacity|Electricity|Oil,GW,,21.8497019279554,5.0403433377727,4.23876851059107,3.7346761637493593,2.82856037544393,4.15582897323694,3.15676235096398,3.789021316907649,4.690356457699139,4.74265557616692
GCAM 4.2,SSP3-Baseline,Countries from the Reforming Economies of the Former Soviet Union,Capacity|Electricity|Solar,GW,,0.381844558599696,5.58334421250757,9.21859859594422,13.5816070544437,15.4617623542919,22.6026572948607,26.8530229321628,28.8570703237711,27.0165690417034,26.2382725783247
GCAM 4.2,SSP3-Baseline,Countries from the Reforming Economies of the Former Soviet Union,Capacity|Electricity|Wind,GW,,1.1314657775845,4.30389177800327,11.6039425611585,21.1261951144862,28.7677011480294,43.5783716096947,51.8132912253721,60.6144894982347,55.580953513444896,52.78410375443929
GCAM 4.2,SSP3-Baseline,Countries from the Reforming Economies of the Former Soviet Union,Emissions|CH4,Mt CH4/yr,,35.540279394,54.210941308,69.165468616,70.337835265,65.98294083100001,59.23986203800001,59.004951816,63.68204652,61.58031516600001,57.53516034800001
GCAM 4.2,SSP3-Baseline,Countries from the Reforming Economies of the Former Soviet Union,Emissions|CH4|Energy,Mt CH4/yr,,24.580523132,43.901369021,59.104530645,60.57921118100001,56.442264922,49.867721592,49.742021758,54.405905372,52.20374962100001,48.043012415
GCAM 4.2,SSP3-Baseline,Countries from the Reforming Economies of the Former Soviet Union,Emissions|CO2,Mt CO2/yr,,2318.50299691634,3443.866612813,3386.26994122267,3636.968674623471,3719.994087997,3944.957854156,4113.18121624336,4232.63233926133,4369.57697219633,4565.0695311925
GCAM 4.2,SSP3-Baseline,Countries from the Reforming Economies of the Former Soviet Union,Emissions|CO2|AFOLU,Mt CO2/yr,,-493.26226235,220.823821899999,-94.9092579636667,47.9810101833333,107.995960805333,257.36663656,289.406360466666,317.968013146667,282.08427269,292.555183946667
GCAM 4.2,SSP3-Baseline,Countries from the Reforming Economies of the Former Soviet Union,Emissions|CO2|Energy and Industrial Processes,Mt CO2/yr,,2811.76525926633,3223.042790913,3481.17919918633,3588.987664440129,3611.99812719166,3687.591217596,3823.7748557767,3914.66432611466,4087.49269950633,4272.514347245829
GCAM 4.2,SSP3-Baseline,Countries from the Reforming Economies of the Former Soviet Union,Emissions|CO2|Energy|Supply|Electricity,Mt CO2/yr,,900.233186416667,1161.46029431667,1231.89769541667,1213.34768536667,1169.51499793333,1092.39956356667,1071.92208189,1012.10709644,1026.03869786,1055.79643891333
GCAM 4.2,SSP3-Baseline,Countries from the Reforming Economies of the Former Soviet Union,Final Energy,EJ/yr,,34.987098418,37.918282505,39.427838339,39.349239432,38.257123235,37.567126792,37.503679953,37.713719054,38.127491644,38.782058753
GCAM 4.2,SSP3-Baseline,Countries from the Reforming Economies of the Former Soviet Union,Final Energy|Electricity,EJ/yr,,5.069809919,7.011059201,7.856235661,8.280067687,8.46638041,8.381349273,8.515589617,8.767029798,9.006657609,9.308913194
GCAM 4.2,SSP3-Baseline,Countries from the Reforming Economies of the Former Soviet Union,Final Energy|Gases,EJ/yr,,8.808095081,9.213336709,9.413562323,9.125910501,8.56533729,8.165674624,7.913241091000002,7.767243685,7.767874428,7.931895342000001
GCAM 4.2,SSP3-Baseline,Countries from the Reforming Economies of the Former Soviet Union,Final Energy|Heat,EJ/yr,,6.5932709,6.256309799999999,6.0103555,5.63939263,5.25452685,5.00985233,4.8388846,4.72377915,4.66071682,4.59773403
GCAM 4.2,SSP3-Baseline,Countries from the Reforming Economies of the Former Soviet Union,Final Energy|Hydrogen,EJ/yr,,0.0,0.018684799000000002,0.050029389,0.08936812,0.13442036400000001,0.166109267,0.201029913,0.23669393400000002,0.27372850200000004,0.302914365
GCAM 4.2,SSP3-Baseline,Countries from the Reforming Economies of the Former Soviet Union,Final Energy|Industry,EJ/yr,,18.223892538,18.951975798,19.136138718,18.825965546,18.432781212,18.227604845,18.260055157,18.523339598,18.960781272,19.526583103
GCAM 4.2,SSP3-Baseline,Countries from the Reforming Economies of the Former Soviet Union,Final Energy|Liquids,EJ/yr,,9.67148433,10.715332597,11.430094261,11.688102003000001,11.523658615,11.653098148,11.996614945,12.357410735,12.70187179,13.032615238
GCAM 4.2,SSP3-Baseline,Countries from the Reforming Economies of the Former Soviet Union,Final Energy|Solids,EJ/yr,,4.844438188,4.703559399,4.667561205,4.526398491,4.312799706,4.19104315,4.038319787,3.861561752,3.716642495,3.607986584
GCAM 4.2,SSP3-Baseline,Countries from the Reforming Economies of the Former Soviet Union,Final Energy|Solids|Biomass,EJ/yr,,0.9774730180000001,0.894539379,0.841901165,0.750296280999999,0.670699836,0.5912255,0.527187337,0.471151572,0.42715267500000004,0.391125373999998
GCAM 4.2,SSP3-Baseline,Countries from the Reforming Economies of the Former Soviet Union,Final Energy|Solids|Coal,EJ/yr,,3.8669651700000003,3.80902002,3.82566004,3.77610221,3.64209987,3.59981765,3.51113245,3.39041018,3.28948982,3.21686121
GCAM 4.2,SSP3-Baseline,Countries from the Reforming Economies of the Former Soviet Union,Final Energy|Transportation,EJ/yr,,6.299909621,7.354663907000001,8.143858404,8.554894676,8.480991462999999,8.576693377,8.876779719,9.172856044,9.437914477,9.724179076
GCAM 4.2,SSP3-Baseline,Countries from the Reforming Economies of the Former Soviet Union,Final Energy|Transportation|Electricity,EJ/yr,,0.28255979999999903,0.379906291,0.45296481400000005,0.509198417,0.5468914,0.585235603,0.6465582670000001,0.722407277999999,0.809196719,0.9021984040000001
GCAM 4.2,SSP3-Baseline,Countries from the Reforming Economies of the Former Soviet Union,Final Energy|Transportation|Hydrogen,EJ/yr,,0.0,0.0028291590000000004,0.015318130000000001,0.032622103,0.052531947,0.07500699200000001,0.09898802599999901,0.123695286,0.14862171,0.171743492
GCAM 4.2,SSP3-Baseline,Countries from the Reforming Economies of the Former Soviet Union,Final Energy|Transportation|Liquids,EJ/yr,,6.00466759,6.813222958,7.312087477,7.451094085,7.162251766,7.068556817999999,7.168799635,7.271198805,7.34456666,7.432320848
GCAM 4.2,SSP3-Baseline,Countries from the Reforming Economies of the Former Soviet Union,Population,million,,305.238,299.626,290.096,279.789,271.989,265.439,260.115,258.157,258.774,260.13
GCAM 4.2,SSP3-Baseline,Countries from the Reforming Economies of the Former Soviet Union,Primary Energy,EJ/yr,,45.27955985,51.790385323,55.714281174999996,56.80977924600001,56.15770385800001,55.62062582300001,55.798263486,56.013164613,56.912237129,58.119471721
GCAM 4.2,SSP3-Baseline,Countries from the Reforming Economies of the Former Soviet Union,Primary Energy|Biomass,EJ/yr,,1.2792029999999999,1.739679,2.362575,2.7168989999999997,2.8849419999999992,3.228155,3.207066,3.140058,3.055475,2.926759
GCAM 4.2,SSP3-Baseline,Countries from the Reforming Economies of the Former Soviet Union,Primary Energy|Coal,EJ/yr,,9.92063,12.15203,14.73703,16.73669,18.46058,21.75217,24.35332,25.86733,28.02498,30.0874
GCAM 4.2,SSP3-Baseline,Countries from the Reforming Economies of the Former Soviet Union,Primary Energy|Fossil,EJ/yr,,41.912498,47.8286595,50.9821277,51.6474141,50.825242,49.637295,49.675951,49.66836,50.615549,51.952809
GCAM 4.2,SSP3-Baseline,Countries from the Reforming Economies of the Former Soviet Union,Primary Energy|Gas,EJ/yr,,20.97471,24.52322,26.25245,25.87246,24.06815,20.50342,17.62603,15.54088,13.75447,12.52521
GCAM 4.2,SSP3-Baseline,Countries from the Reforming Economies of the Former Soviet Union,Primary Energy|Nuclear,EJ/yr,,1.261544,1.165372958,1.010863296,0.758211005999999,0.500945085,0.368932925,0.262076655,0.26125402000000003,0.27597713,0.27986938
GCAM 4.2,SSP3-Baseline,Countries from the Reforming Economies of the Former Soviet Union,Primary Energy|Oil,EJ/yr,,11.017158,11.1534095,9.9926477,9.0382641,8.296512,7.381705,7.696600999999998,8.26015,8.836099,9.340199
GCAM 4.2,SSP3-Baseline,Countries from the Reforming Economies of the Former Soviet Union,Secondary Energy|Electricity,EJ/yr,,8.853292694,10.645046576,11.181597246,11.014244659,10.599355622000001,10.081273104,9.939314355,10.216238404,10.472659841,10.802839646
GCAM 4.2,SSP3-Baseline,Countries from the Reforming Economies of the Former Soviet Union,Secondary Energy|Electricity|Biomass,EJ/yr,,0.058359191000000005,0.08278420900000001,0.11691641,0.153508544,0.189584838999999,0.28242546,0.351565556,0.41560089200000006,0.466467267,0.492367614
GCAM 4.2,SSP3-Baseline,Countries from the Reforming Economies of the Former Soviet Union,Secondary Energy|Electricity|Biomass|w/ CCS,EJ/yr,,0.0,0.0,0.0,0.0,0.0,0.0,0.0,0.0,0.0,0.0
GCAM 4.2,SSP3-Baseline,Countries from the Reforming Economies of the Former Soviet Union,Secondary Energy|Electricity|Biomass|w/o CCS,EJ/yr,,0.058359191000000005,0.08278420900000001,0.11691641,0.153508544,0.189584838999999,0.28242546,0.351565556,0.41560089200000006,0.466467267,0.492367614
GCAM 4.2,SSP3-Baseline,Countries from the Reforming Economies of the Former Soviet Union,Secondary Energy|Electricity|Coal,EJ/yr,,2.6223499,3.1653686,3.3010254,3.22522222,3.1312267,3.25506957,3.400023799999999,3.3057033000000002,3.4596138,3.6040978999999993
GCAM 4.2,SSP3-Baseline,Countries from the Reforming Economies of the Former Soviet Union,Secondary Energy|Electricity|Coal|w/ CCS,EJ/yr,,0.0,0.0,0.0,0.0,0.0,0.0,0.0,0.0,0.0,0.0
GCAM 4.2,SSP3-Baseline,Countries from the Reforming Economies of the Former Soviet Union,Secondary Energy|Electricity|Coal|w/o CCS,EJ/yr,,2.6223499,3.1653686,3.3010254,3.22522222,3.1312267,3.25506957,3.400023799999999,3.3057033000000002,3.4596138,3.6040978999999993
GCAM 4.2,SSP3-Baseline,Countries from the Reforming Economies of the Former Soviet Union,Secondary Energy|Electricity|Gas,EJ/yr,,3.974589043,5.152779515,5.37402852,5.170680429,4.81501052,3.763332524,3.252116977,3.265361721999999,3.275494826999999,3.436226101
GCAM 4.2,SSP3-Baseline,Countries from the Reforming Economies of the Former Soviet Union,Secondary Energy|Electricity|Gas|w/ CCS,EJ/yr,,0.0,0.0,0.0,0.0,0.0,0.0,0.0,0.0,0.0,0.0
GCAM 4.2,SSP3-Baseline,Countries from the Reforming Economies of the Former Soviet Union,Secondary Energy|Electricity|Gas|w/o CCS,EJ/yr,,3.974589043,5.152779515,5.37402852,5.170680429,4.81501052,3.763332524,3.252116977,3.265361721999999,3.275494826999999,3.436226101
GCAM 4.2,SSP3-Baseline,Countries from the Reforming Economies of the Former Soviet Union,Secondary Energy|Electricity|Geothermal,EJ/yr,,0.00181788,0.063869281,0.14665572600000001,0.204039658,0.22597724300000002,0.256128592,0.25380393500000004,0.25828795800000004,0.258866095,0.257647874
GCAM 4.2,SSP3-Baseline,Countries from the Reforming Economies of the Former Soviet Union,Secondary Energy|Electricity|Hydro,EJ/yr,,0.8071022,0.8812955,0.9558673999999999,1.040465599999999,1.1350921,1.2297176,1.3243421,1.4189726,1.5135920999999999,1.5609069
GCAM 4.2,SSP3-Baseline,Countries from the Reforming Economies of the Former Soviet Union,Secondary Energy|Electricity|Non-Biomass Renewables,EJ/yr,,0.82631485,1.05667424,1.358715179,1.6872551409999992,1.946574773,2.386242898,2.653169831,2.943492593,2.965235999,2.960034341
GCAM 4.2,SSP3-Baseline,Countries from the Reforming Economies of the Former Soviet Union,Secondary Energy|Electricity|Nuclear,EJ/yr,,1.261544,1.165372958,1.010863296,0.758211005999999,0.500945085,0.368932925,0.262076655,0.26125402000000003,0.27597713,0.27986938
GCAM 4.2,SSP3-Baseline,Countries from the Reforming Economies of the Former Soviet Union,Secondary Energy|Electricity|Oil,EJ/yr,,0.11013571,0.022067054000000003,0.020048441,0.019367318999999,0.016013705,0.025269727000000002,0.020361536000000003,0.024825877000000003,0.029870817999999,0.03024431
GCAM 4.2,SSP3-Baseline,Countries from the Reforming Economies of the Former Soviet Union,Secondary Energy|Electricity|Solar,EJ/yr,,0.00240837,0.050431439,0.08785891700000001,0.136281826,0.15911288,0.24073918600000002,0.29071119100000004,0.32957815,0.31637732900000004,0.309179818999999
GCAM 4.2,SSP3-Baseline,Countries from the Reforming Economies of the Former Soviet Union,Secondary Energy|Electricity|Wind,EJ/yr,,0.014986399999999999,0.061078020000000004,0.16833313600000002,0.306468057,0.42639255,0.65965752,0.784312605,0.936653885,0.8764004750000001,0.8322997480000001
GCAM 4.2,SSP3-Baseline,Countries from the Reforming Economies of the Former Soviet Union,Secondary Energy|Hydrogen,EJ/yr,,0.0,0.018686364,0.050030009,0.089368588,0.134419238,0.166108901,0.201029545,0.23669402399999903,0.27372839600000004,0.302914303
GCAM 4.2,SSP3-Baseline,Countries of the Middle East and Africa,Capacity|Electricity,GW,,632.277985948787,606.128842176915,800.041663856684,995.178124950422,1227.13931832573,1542.14691498335,1898.60801900892,2352.8842115693,2856.06701966602,3411.304884741409
GCAM 4.2,SSP3-Baseline,Countries of the Middle East and Africa,Capacity|Electricity|Biomass,GW,,0.119720319634703,3.74356941273465,8.24042332572298,13.5961858273085,20.5653992262811,31.85692795535261,48.2674873953577,66.0722578957381,84.520639863965,103.528285451547
GCAM 4.2,SSP3-Baseline,Countries of the Middle East and Africa,Capacity|Electricity|Coal,GW,,42.0344082952816,63.0704631215119,84.011657312278,101.837694222476,125.624622812024,159.397215523529,212.335103136098,281.809233495053,377.927330669711,514.519199089929
GCAM 4.2,SSP3-Baseline,Countries of the Middle East and Africa,Capacity|Electricity|Gas,GW,,151.500532724505,270.926488346651,362.733017559297,440.2063387794901,507.935591110159,525.995022395041,559.294729230086,628.537901461821,720.119389459666,860.8385964611881
GCAM 4.2,SSP3-Baseline,Countries of the Middle East and Africa,Capacity|Electricity|Nuclear,GW,,1.53462709284627,1.44612464062235,2.04690343311347,3.1696004213879,4.46418343762332,6.727774360166861,10.2600627853881,15.5305524550426,21.31663502734089,27.8595936566323
GCAM 4.2,SSP3-Baseline,Countries of the Middle East and Africa,Capacity|Electricity|Oil,GW,,418.5238647894471,205.199134956875,217.492387192414,218.549303890792,233.281404743785,332.988534690512,404.384340119229,530.484279870624,679.0835723458911,832.978365201674
GCAM 4.2,SSP3-Baseline,Countries of the Middle East and Africa,Capacity|Electricity|Solar,GW,,0.054794520547944,24.6607617784993,52.8608091660019,102.085683658421,174.878124895468,275.32193938227,388.545282408949,484.994373887271,572.649477294697,631.215515621816
GCAM 4.2,SSP3-Baseline,Countries of the Middle East and Africa,Capacity|Electricity|Wind,GW,,0.7101709912782971,9.28305421669767,31.67000674177751,62.5347320108971,94.0181888041496,131.833641182564,186.271182273169,245.014307328715,288.837664193303,323.17293302892
GCAM 4.2,SSP3-Baseline,Countries of the Middle East and Africa,Emissions|CH4,Mt CH4/yr,,56.637573812,61.53086081,78.320485072,97.199576105,120.824428195,148.048121465,177.87263722,213.189591191,245.193856208,276.703458813
GCAM 4.2,SSP3-Baseline,Countries of the Middle East and Africa,Emissions|CH4|Energy,Mt CH4/yr,,23.09927288,19.100968298,23.574981786,27.024092176,30.899702318,34.018580482,34.649313545,34.616852297,33.967208596,28.930303858
GCAM 4.2,SSP3-Baseline,Countries of the Middle East and Africa,Emissions|CO2,Mt CO2/yr,,4575.09302897768,5185.055127113111,7140.235772238391,9131.49549489211,10976.0558279707,13019.3237156542,15252.090505224,17582.8675673948,19413.6898280362,22656.559707305
GCAM 4.2,SSP3-Baseline,Countries of the Middle East and Africa,Emissions|CO2|AFOLU,Mt CO2/yr,,1610.863218877,1417.08286223533,1893.03560704133,2472.92197990934,2831.892197101,2927.249847969339,2962.807933283,2656.14941143567,1424.92918964733,1157.676641638
GCAM 4.2,SSP3-Baseline,Countries of the Middle East and Africa,Emissions|CO2|Energy and Industrial Processes,Mt CO2/yr,,2964.22981010068,3767.97226487778,5247.20016519706,6658.57351498277,8144.16363086975,10092.0738676849,12289.282571941,14926.7181559591,17988.7606383888,21498.883065667
GCAM 4.2,SSP3-Baseline,Countries of the Middle East and Africa,Emissions|CO2|Energy|Supply|Electricity,Mt CO2/yr,,1002.54673722867,1236.40852749333,1581.34269303267,1845.82878296667,2122.39857606333,2415.27409962667,2807.57319619333,3397.45022019333,4197.20171346666,5314.88372140001
GCAM 4.2,SSP3-Baseline,Countries of the Middle East and Africa,Final Energy,EJ/yr,,44.920988974,59.688201745,76.736090699,93.990738654,111.721269959,132.127919707,156.050146512,183.600227002,214.028182098,246.87587587
GCAM 4.2,SSP3-Baseline,Countries of the Middle East and Africa,Final Energy|Electricity,EJ/yr,,4.53228389,7.696616779,11.165893208,14.641240952,18.40025803,22.205232646,27.004274109,33.118290624,40.087554214,48.346480782
GCAM 4.2,SSP3-Baseline,Countries of the Middle East and Africa,Final Energy|Gases,EJ/yr,,8.411787588,10.726466176,13.695700192,16.427773364,18.771105315,21.118238834,23.602257424,26.375168419,29.71467926,33.740663424
GCAM 4.2,SSP3-Baseline,Countries of the Middle East and Africa,Final Energy|Heat,EJ/yr,,0.0,0.0,0.0,0.0,0.0,0.0,0.0,0.0,0.0,0.0
GCAM 4.2,SSP3-Baseline,Countries of the Middle East and Africa,Final Energy|Hydrogen,EJ/yr,,0.0,0.037439652000000004,0.156811571999999,0.37618299200000005,0.739319143,1.148895781,1.6836370340000002,2.326746321,3.096752816,3.79033126
GCAM 4.2,SSP3-Baseline,Countries of the Middle East and Africa,Final Energy|Industry,EJ/yr,,16.296187857,22.877149584,30.46027224900001,38.592281433,47.826567052,58.625979303,71.678941897,86.834804387,103.467382561,121.164613984
GCAM 4.2,SSP3-Baseline,Countries of the Middle East and Africa,Final Energy|Liquids,EJ/yr,,16.982185476,22.317550057,29.568181667,36.768771933,44.36194950399999,54.35575271,66.491053112,80.97621535399999,97.456644763,115.219389669
GCAM 4.2,SSP3-Baseline,Countries of the Middle East and Africa,Final Energy|Solids,EJ/yr,,14.99473202,18.910129081,22.14950406,25.776769413,29.448637967,33.299799736,37.268924833,40.803806284,43.672551045,45.779010735
GCAM 4.2,SSP3-Baseline,Countries of the Middle East and Africa,Final Energy|Solids|Biomass,EJ/yr,,13.784981687,17.39969494,20.33204117,23.7257959,27.18671010000001,30.73326726,34.38553305,37.62536115,40.21668519,42.047997824
GCAM 4.2,SSP3-Baseline,Countries of the Middle East and Africa,Final Energy|Solids|Coal,EJ/yr,,1.2097503330000001,1.5104341410000002,1.81746289,2.050973513,2.261927867,2.566532476,2.883391783,3.178445134,3.455865855,3.731012911
GCAM 4.2,SSP3-Baseline,Countries of the Middle East and Africa,Final Energy|Transportation,EJ/yr,,10.789351038,14.21824973,18.56049579,22.844782658,26.76766104,31.699772928,37.430378512,44.20978620100001,52.016629752,60.751064861
GCAM 4.2,SSP3-Baseline,Countries of the Middle East and Africa,Final Energy|Transportation|Electricity,EJ/yr,,0.01736861,0.033202649,0.059851117999999,0.09778585199999901,0.15041193,0.22372264600000002,0.319476608999999,0.459471224,0.668792414,0.9381607820000001
GCAM 4.2,SSP3-Baseline,Countries of the Middle East and Africa,Final Energy|Transportation|Hydrogen,EJ/yr,,0.0,0.007521570999999,0.044409378,0.10486455400000001,0.18369233000000001,0.295591928,0.42615726400000004,0.5903659410000001,0.796316195999999,1.03520538
GCAM 4.2,SSP3-Baseline,Countries of the Middle East and Africa,Final Energy|Transportation|Liquids,EJ/yr,,10.55990564,13.666943277,17.297671717,20.533447403,23.192315284,26.63186164,30.695212992000002,35.578242264,41.170263753,47.322766669
GCAM 4.2,SSP3-Baseline,Countries of the Middle East and Africa,Population,million,,1237.419,1558.683,1932.668,2334.461,2758.371,3173.84,3566.013,3940.317,4291.683,4614.363
GCAM 4.2,SSP3-Baseline,Countries of the Middle East and Africa,Primary Energy,EJ/yr,,58.26001019,76.492329771,102.214120316,127.015145696,152.070051378,181.442496039,213.96039513,251.969801633,294.568921922,341.843262787
GCAM 4.2,SSP3-Baseline,Countries of the Middle East and Africa,Primary Energy|Biomass,EJ/yr,,13.7989868,18.7318364,22.6519687,26.8949314,31.1212331,35.6892597,40.3150318,44.6543773,48.39812006,51.42558391
GCAM 4.2,SSP3-Baseline,Countries of the Middle East and Africa,Primary Energy|Coal,EJ/yr,,4.601230200000002,7.480967,15.615188,24.08671,33.95011,49.30244,66.17864,86.00298000000002,109.42343,137.06439
GCAM 4.2,SSP3-Baseline,Countries of the Middle East and Africa,Primary Energy|Fossil,EJ/yr,,43.9586458,56.6882093,77.5707397,96.92264,116.284352,139.288062,165.014816,196.44752,233.327341,276.187794
GCAM 4.2,SSP3-Baseline,Countries of the Middle East and Africa,Primary Energy|Gas,EJ/yr,,16.7746766,25.32943,36.395847,45.155025,51.211963,53.376701,52.965254,51.944785,50.61969000000001,50.22058
GCAM 4.2,SSP3-Baseline,Countries of the Middle East and Africa,Primary Energy|Nuclear,EJ/yr,,0.043556399999999995,0.041044588,0.058096032000000006,0.089960866999999,0.12670424,0.190950383,0.291205206,0.44079435200000006,0.6050172620000001,0.790722131
GCAM 4.2,SSP3-Baseline,Countries of the Middle East and Africa,Primary Energy|Oil,EJ/yr,,22.582739,23.8778123,25.5597047,27.680905,31.122279,36.608921,45.870922,58.49975500000001,73.284221,88.902824
GCAM 4.2,SSP3-Baseline,Countries of the Middle East and Africa,Secondary Energy|Electricity,EJ/yr,,5.56746661681,9.30876789,13.41850972,17.489354229,21.856404104,26.240586061,31.799409967,38.962260292,47.12890858,56.900495393
GCAM 4.2,SSP3-Baseline,Countries of the Middle East and Africa,Secondary Energy|Electricity|Biomass,EJ/yr,,0.0030204,0.094445764,0.207895992,0.343015452999998,0.518840344,0.8037120640000001,1.217730786,1.6669237799999999,2.132354319,2.611894408
GCAM 4.2,SSP3-Baseline,Countries of the Middle East and Africa,Secondary Energy|Electricity|Biomass|w/ CCS,EJ/yr,,0.0,0.0,0.0,0.0,0.0,0.0,0.0,0.0,0.0,0.0
GCAM 4.2,SSP3-Baseline,Countries of the Middle East and Africa,Secondary Energy|Electricity|Biomass|w/o CCS,EJ/yr,,0.0030204,0.094445764,0.207895992,0.343015452999998,0.518840344,0.8037120640000001,1.217730786,1.6669237799999999,2.132354319,2.611894408
GCAM 4.2,SSP3-Baseline,Countries of the Middle East and Africa,Secondary Energy|Electricity|Coal,EJ/yr,,1.06047768,1.5911921,2.1195133,2.56924282,3.169358484,4.021400471000002,5.35695985,7.10970879,9.53465304,12.98070197
GCAM 4.2,SSP3-Baseline,Countries of the Middle East and Africa,Secondary Energy|Electricity|Coal|w/ CCS,EJ/yr,,0.0,0.0,0.0,0.0,0.0,0.0,0.0,0.0,0.0,0.0
GCAM 4.2,SSP3-Baseline,Countries of the Middle East and Africa,Secondary Energy|Electricity|Coal|w/o CCS,EJ/yr,,1.06047768,1.5911921,2.1195133,2.56924282,3.169358484,4.021400471000002,5.35695985,7.10970879,9.53465304,12.98070197
GCAM 4.2,SSP3-Baseline,Countries of the Middle East and Africa,Secondary Energy|Electricity|Gas,EJ/yr,,2.6817340868099997,5.726923957,8.123018597,10.28121055,12.202227385,12.875499104,13.893449451,15.682265329,17.993216902,21.510071335
GCAM 4.2,SSP3-Baseline,Countries of the Middle East and Africa,Secondary Energy|Electricity|Gas|w/ CCS,EJ/yr,,0.0,0.0,0.0,0.0,0.0,0.0,0.0,0.0,0.0,0.0
GCAM 4.2,SSP3-Baseline,Countries of the Middle East and Africa,Secondary Energy|Electricity|Gas|w/o CCS,EJ/yr,,2.6817340868099997,5.726923957,8.123018597,10.28121055,12.202227385,12.875499104,13.893449451,15.682265329,17.993216902,21.510071335
GCAM 4.2,SSP3-Baseline,Countries of the Middle East and Africa,Secondary Energy|Electricity|Geothermal,EJ/yr,,0.00529559,0.10502611,0.28506498,0.37608489,0.42693035100000004,0.43945130400000004,0.44112275300000003,0.441971299999999,0.44230446700000003,0.44233542600000003
GCAM 4.2,SSP3-Baseline,Countries of the Middle East and Africa,Secondary Energy|Electricity|Hydro,EJ/yr,,0.4437737,0.5963155,0.748974199999998,0.9660516,1.2475506,1.5290475,1.810543399999999,2.092042299999999,2.3735402,2.5142881
GCAM 4.2,SSP3-Baseline,Countries of the Middle East and Africa,Secondary Energy|Electricity|Non-Biomass Renewables,EJ/yr,,0.45882119,1.031239339,1.9333158830000001,3.107613428,4.537762038,6.274223956,8.339342124,10.427109981,12.2384436,13.439162746000001
GCAM 4.2,SSP3-Baseline,Countries of the Middle East and Africa,Secondary Energy|Electricity|Nuclear,EJ/yr,,0.043556399999999995,0.041044588,0.058096032000000006,0.089960866999999,0.12670424,0.190950383,0.291205206,0.44079435200000006,0.6050172620000001,0.790722131
GCAM 4.2,SSP3-Baseline,Countries of the Middle East and Africa,Secondary Energy|Electricity|Oil,EJ/yr,,1.31985686,0.823922142,0.9766699160000001,1.0983111110000001,1.301511613,2.074800083,2.70072255,3.63545806,4.625223457,5.567942802999999
GCAM 4.2,SSP3-Baseline,Countries of the Middle East and Africa,Secondary Energy|Electricity|Solar,EJ/yr,,0.0003456,0.19815953500000003,0.43985407400000004,0.858312817999999,1.4697505720000001,2.3101224119999992,3.268036929,4.106978495,4.868206644,5.386748412
GCAM 4.2,SSP3-Baseline,Countries of the Middle East and Africa,Secondary Energy|Electricity|Wind,EJ/yr,,0.0094063,0.131738194,0.45942262899999803,0.90716412,1.3935305150000001,1.99560274,2.819639042,3.786117886,4.554392289,5.095790808
GCAM 4.2,SSP3-Baseline,Countries of the Middle East and Africa,Secondary Energy|Hydrogen,EJ/yr,,0.0,0.037439422,0.156811217,0.376183555,0.739318754,1.148896512,1.6836355410000001,2.326746954,3.096753681,3.790332367
GCAM 4.2,SSP3-Baseline,Latin American countries,Capacity|Electricity,GW,,396.364036509295,440.229153603432,547.21950422344,624.037508200007,706.179536397724,787.51271549273,864.58682115991,957.209411170918,1043.30222600659,1138.78663716969
GCAM 4.2,SSP3-Baseline,Latin American countries,Capacity|Electricity|Biomass,GW,,6.05381785895484,16.1116022561517,20.4080834998097,24.249982718163402,28.3798099790715,34.6080323677702,41.702352668379,41.67558044774221,45.2908636954591,49.1066212423896
GCAM 4.2,SSP3-Baseline,Latin American countries,Capacity|Electricity|Coal,GW,,10.0881330067225,23.997683996067998,35.8582449422882,45.4678438926941,55.9127952974379,71.3228939941655,92.72957968670732,111.47589025241,137.894919694952,176.80249238965
GCAM 4.2,SSP3-Baseline,Latin American countries,Capacity|Electricity|Gas,GW,,57.2371630834601,118.752991422501,164.98987878932,196.971046343861,222.142053098047,215.377989979706,202.392709094368,208.439492611619,221.881018550228,248.476422945205
GCAM 4.2,SSP3-Baseline,Latin American countries,Capacity|Electricity|Nuclear,GW,,3.49733637747336,3.21853941174812,2.9120390805569603,2.4556858828006,2.3086085743277502,2.7762975294548697,3.5204783598286298,5.035039883871701,6.5941607827386,8.20562711398613
GCAM 4.2,SSP3-Baseline,Latin American countries,Capacity|Electricity|Oil,GW,,212.502727042111,128.206227565322,128.063174070903,106.595611681887,98.5285432125191,104.99777357623,104.650429192035,122.45492690893,138.495610889143,156.455531971398
GCAM 4.2,SSP3-Baseline,Latin American countries,Capacity|Electricity|Solar,GW,,0.026319127346524,14.6026691579662,30.01616077609989,52.9434546614711,81.55149782596648,116.243628495153,148.140529092466,167.577497187539,177.728167123271,177.776372728525
GCAM 4.2,SSP3-Baseline,Latin American countries,Capacity|Electricity|Wind,GW,,1.21192106979778,12.3263880432944,28.749246203097,47.67953505172829,59.46348678173951,74.3544095768856,91.5905987072975,108.438148627031,112.80529420345,114.7279420345
GCAM 4.2,SSP3-Baseline,Latin American countries,Emissions|CH4,Mt CH4/yr,,47.663797305,47.54892746100001,53.251919208,58.138289017,61.008498422,64.224027746,66.647176025,70.027801737,73.037449045,75.22674047
GCAM 4.2,SSP3-Baseline,Latin American countries,Emissions|CH4|Energy,Mt CH4/yr,,7.890933717999999,4.566903421,5.949260688,7.150733178999999,6.761956346,7.268884886,7.326133388,8.454767166,9.170050274,8.90366402
GCAM 4.2,SSP3-Baseline,Latin American countries,Emissions|CO2,Mt CO2/yr,,3153.32006772076,3116.235278283269,3898.9836629177,4484.59420340396,5022.2757212606,5785.42679384083,6460.072785615021,7157.058574018829,7737.51724908539,8544.913700295141
GCAM 4.2,SSP3-Baseline,Latin American countries,Emissions|CO2|AFOLU,Mt CO2/yr,,1400.46895894767,648.057599827001,652.597024695,675.283819136667,700.908045896667,867.783525766666,994.847637666666,1115.05372678333,1068.24990811,1163.93562871667
GCAM 4.2,SSP3-Baseline,Latin American countries,Emissions|CO2|Energy and Industrial Processes,Mt CO2/yr,,1752.8511087731,2468.17767845627,3246.3866382227,3809.3103842673,4321.367675363929,4917.643268074171,5465.22514794835,6042.0048472355,6669.267340975401,7380.97807157847
GCAM 4.2,SSP3-Baseline,Latin American countries,Emissions|CO2|Energy|Supply|Electricity,Mt CO2/yr,,337.337038789667,532.516687153,712.7714349873331,822.5420077599989,926.059824616667,993.864857076667,1068.20992072667,1172.65029486,1338.22949344333,1602.35868488667
GCAM 4.2,SSP3-Baseline,Latin American countries,Final Energy,EJ/yr,,27.64685431900001,36.137776277,43.393793863,48.918086734,53.690104555,58.237516168,62.779579854,67.435808781,72.11009366100001,77.124104864
GCAM 4.2,SSP3-Baseline,Latin American countries,Final Energy|Electricity,EJ/yr,,4.107527449,6.334388592000001,8.349142242000001,10.04871074,11.665628489,12.97867969,14.298872004,15.830478623,17.464230557,19.393067946
GCAM 4.2,SSP3-Baseline,Latin American countries,Final Energy|Gases,EJ/yr,,4.259633745,5.417329197999999,6.822492003,8.031127669,9.089849795,10.031397201,10.917911054,11.753465059,12.650426574,13.730963444
GCAM 4.2,SSP3-Baseline,Latin American countries,Final Energy|Heat,EJ/yr,,0.0,0.0,0.0,0.0,0.0,0.0,0.0,0.0,0.0,0.0
GCAM 4.2,SSP3-Baseline,Latin American countries,Final Energy|Hydrogen,EJ/yr,,0.0,0.046293367,0.146276247,0.282383836,0.45166921,0.585514677,0.734361345999999,0.8864246960000001,1.045150842,1.176571889
GCAM 4.2,SSP3-Baseline,Latin American countries,Final Energy|Industry,EJ/yr,,12.80485799,16.79699715,20.079439865,22.546041007,24.7089268,26.686511292,28.684516446,30.801711734,33.003712052,35.471633049
GCAM 4.2,SSP3-Baseline,Latin American countries,Final Energy|Liquids,EJ/yr,,14.280511592,19.39347328,22.900665014,25.131303825,26.927575536,29.019299494,31.155952097,33.303140031,35.345509996,37.301184544
GCAM 4.2,SSP3-Baseline,Latin American countries,Final Energy|Solids,EJ/yr,,4.999181533,4.94629184,5.175218357,5.4245606639999995,5.555381525,5.622625106,5.672483353000001,5.662300372000001,5.6047756920000005,5.522317041
GCAM 4.2,SSP3-Baseline,Latin American countries,Final Energy|Solids|Biomass,EJ/yr,,4.289363363000001,4.056926632,4.129505593,4.282835873,4.357558058,4.372684386,4.387560303,4.3590384019999995,4.294161711,4.198768169
GCAM 4.2,SSP3-Baseline,Latin American countries,Final Energy|Solids|Coal,EJ/yr,,0.70981817,0.8893652080000001,1.045712764,1.1417247910000001,1.197823467,1.2499407200000001,1.28492305,1.3032619699999999,1.310613981,1.323548872
GCAM 4.2,SSP3-Baseline,Latin American countries,Final Energy|Transportation,EJ/yr,,9.582373264,12.281902845,14.665286703,16.580143093,18.211291859,19.925517331,21.647911169,23.358893181,25.022327218,26.702057197
GCAM 4.2,SSP3-Baseline,Latin American countries,Final Energy|Transportation|Electricity,EJ/yr,,0.016294293,0.06962528,0.134648065999999,0.20888795400000001,0.300550959,0.41005168299999906,0.53145792,0.676556735,0.8492109950000001,1.036707107
GCAM 4.2,SSP3-Baseline,Latin American countries,Final Energy|Transportation|Hydrogen,EJ/yr,,0.0,0.008119006,0.044238455999999,0.095020034,0.15735581,0.233106845,0.316941062,0.40847331600000003,0.5050694920000001,0.602258828999999
GCAM 4.2,SSP3-Baseline,Latin American countries,Final Energy|Transportation|Liquids,EJ/yr,,9.346675051,11.67655751,13.363875844,14.331884802,14.913761562,15.633077636,16.40355316,17.211737175,17.96141812,18.66102712
GCAM 4.2,SSP3-Baseline,Latin American countries,Population,million,,586.2230000000002,657.3689999999998,731.227,796.462,855.072,905.432,950.009,992.534,1035.573,1081.275
GCAM 4.2,SSP3-Baseline,Latin American countries,Primary Energy,EJ/yr,,33.515505082,46.198707103,58.827386444,68.01631588800001,75.786017239,83.587841666,90.06760667299999,96.538065589,103.427767892,111.093273615
GCAM 4.2,SSP3-Baseline,Latin American countries,Primary Energy|Biomass,EJ/yr,,4.738232892,6.055529097000001,7.185817489,8.101361532,8.756626158,9.624540475,9.989086086,9.829840426,9.830596698,9.791425415
GCAM 4.2,SSP3-Baseline,Latin American countries,Primary Energy|Coal,EJ/yr,,1.44790165,3.6784019999999993,8.768467,12.925295,16.930153,23.17107,28.31646,33.09468,38.35641,44.47785
GCAM 4.2,SSP3-Baseline,Latin American countries,Primary Energy|Fossil,EJ/yr,,25.99393105,36.6521568,47.4385984,54.943713,61.348468,67.45841300000001,72.7,78.487075,84.85576400000002,92.348644
GCAM 4.2,SSP3-Baseline,Latin American countries,Primary Energy|Gas,EJ/yr,,7.841454,12.569257,18.753551,22.78957,25.25515,25.52024,24.0373,22.76356,21.58281,20.82085
GCAM 4.2,SSP3-Baseline,Latin American countries,Primary Energy|Nuclear,EJ/yr,,0.0992628,0.09134947700000001,0.082650658,0.069698259,0.06552385200000001,0.078797987,0.09991962500000001,0.142906515999999,0.18715810900000002,0.232895391
GCAM 4.2,SSP3-Baseline,Latin American countries,Primary Energy|Oil,EJ/yr,,16.7045754,20.4044978,19.9165804,19.228848,19.163165,18.767103,20.34624,22.628835,24.916544,27.049944
GCAM 4.2,SSP3-Baseline,Latin American countries,Secondary Energy|Electricity,EJ/yr,,5.020225841,7.68618311,10.01969601,11.936247395,13.717668474,15.10974629,16.497389406,18.131088532,19.86182495,21.919209718
GCAM 4.2,SSP3-Baseline,Latin American countries,Secondary Energy|Electricity|Biomass,EJ/yr,,0.15273056000000002,0.40647639100000005,0.514871457,0.6117979640000001,0.7159885500000001,0.873119127,1.052100315,1.051424884,1.142634142,1.238901126
GCAM 4.2,SSP3-Baseline,Latin American countries,Secondary Energy|Electricity|Biomass|w/ CCS,EJ/yr,,0.0,0.0,0.0,0.0,0.0,0.0,0.0,0.0,0.0,0.0
GCAM 4.2,SSP3-Baseline,Latin American countries,Secondary Energy|Electricity|Biomass|w/o CCS,EJ/yr,,0.15273056000000002,0.40647639100000005,0.514871457,0.6117979640000001,0.7159885500000001,0.873119127,1.052100315,1.051424884,1.142634142,1.238901126
GCAM 4.2,SSP3-Baseline,Latin American countries,Secondary Energy|Electricity|Coal,EJ/yr,,0.25451149,0.6054327700000001,0.90466049,1.14709914,1.41061273,1.799391028,2.33945602,2.81240294,3.47892335,4.46051472
GCAM 4.2,SSP3-Baseline,Latin American countries,Secondary Energy|Electricity|Coal|w/ CCS,EJ/yr,,0.0,0.0,0.0,0.0,0.0,0.0,0.0,0.0,0.0,0.0
GCAM 4.2,SSP3-Baseline,Latin American countries,Secondary Energy|Electricity|Coal|w/o CCS,EJ/yr,,0.25451149,0.6054327700000001,0.90466049,1.14709914,1.41061273,1.799391028,2.33945602,2.81240294,3.47892335,4.46051472
GCAM 4.2,SSP3-Baseline,Latin American countries,Secondary Energy|Electricity|Gas,EJ/yr,,1.159494051,2.682024351,3.84395518,4.6950662659999995,5.38382695,5.288544121,5.027486799,5.202102453999999,5.546209021,6.211897958
GCAM 4.2,SSP3-Baseline,Latin American countries,Secondary Energy|Electricity|Gas|w/ CCS,EJ/yr,,0.0,0.0,0.0,0.0,0.0,0.0,0.0,0.0,0.0,0.0
GCAM 4.2,SSP3-Baseline,Latin American countries,Secondary Energy|Electricity|Gas|w/o CCS,EJ/yr,,1.159494051,2.682024351,3.84395518,4.6950662659999995,5.38382695,5.288544121,5.027486799,5.202102453999999,5.546209021,6.211897958
GCAM 4.2,SSP3-Baseline,Latin American countries,Secondary Energy|Electricity|Geothermal,EJ/yr,,0.035611199999999,0.32722118,0.51607987,0.60531859,0.608160399999999,0.60395614,0.65246561,0.706627298,0.716565445999999,0.70573018
GCAM 4.2,SSP3-Baseline,Latin American countries,Secondary Energy|Electricity|Hydro,EJ/yr,,2.6322491,2.7762504999999997,2.9206548,3.120327999999999,3.375283999999999,3.630236,3.88519,4.140149,4.395097,4.522576
GCAM 4.2,SSP3-Baseline,Latin American countries,Secondary Energy|Electricity|Non-Biomass Renewables,EJ/yr,,2.68407834,3.3996718,4.120319896,4.901543097,5.615399228999999,6.426090203999999,7.278600962,8.078243647,8.554249085,8.720308809
GCAM 4.2,SSP3-Baseline,Latin American countries,Secondary Energy|Electricity|Nuclear,EJ/yr,,0.0992628,0.09134947700000001,0.082650658,0.069698259,0.06552385200000001,0.078797987,0.09991962500000001,0.142906515999999,0.18715810900000002,0.232895391
GCAM 4.2,SSP3-Baseline,Latin American countries,Secondary Energy|Electricity|Oil,EJ/yr,,0.6701486,0.501228321,0.553238329,0.5110426690000001,0.5263171630000001,0.643803822999999,0.6998256850000001,0.8440080910000001,0.952651242999999,1.054691714
GCAM 4.2,SSP3-Baseline,Latin American countries,Secondary Energy|Electricity|Solar,EJ/yr,,0.00016600000000000002,0.12127438600000001,0.266532808,0.484230765,0.750592047,1.066374067,1.354512432,1.555811559,1.663873034,1.682972439
GCAM 4.2,SSP3-Baseline,Latin American countries,Secondary Energy|Electricity|Wind,EJ/yr,,0.01605204,0.174925733999998,0.41705241800000004,0.6916657420000001,0.8813627820000001,1.125523997,1.38643292,1.67565579,1.778713605,1.80903019
GCAM 4.2,SSP3-Baseline,Latin American countries,Secondary Energy|Hydrogen,EJ/yr,,0.0,0.046291187000000004,0.146276922,0.282384095,0.451668709,0.585514736,0.7343615410000001,0.886425325999999,1.045150950999999,1.176571798
GCAM 4.2,SSP3-Baseline,OECD90 and EU (and EU candidate) countries,Capacity|Electricity,GW,,1611.0993741434,1753.31120595306,1897.70603257902,1992.884851575981,2011.88247194258,1974.06565820987,1924.336716890389,1847.88271736041,1749.28755825073,1645.2533293558
GCAM 4.2,SSP3-Baseline,OECD90 and EU (and EU candidate) countries,Capacity|Electricity|Biomass,GW,,19.47607258371389,17.5693714326484,21.5807320205479,28.9827992611619,36.7930045027905,41.9332376490361,48.9959063847666,49.3909089611872,49.5190505691907,47.23988128646621
GCAM 4.2,SSP3-Baseline,OECD90 and EU (and EU candidate) countries,Capacity|Electricity|Coal,GW,,463.145492453069,563.915903293062,603.559730110033,648.658550902144,720.6212269707629,770.654894208206,834.7614630105278,831.609356291223,833.4375237823441,796.7227440464868
GCAM 4.2,SSP3-Baseline,OECD90 and EU (and EU candidate) countries,Capacity|Electricity|Gas,GW,,347.871071156773,385.1171706621,419.00379414003,452.502599029681,490.132136922882,442.904313340309,381.057200120497,360.454475456621,292.511726582319,257.313927194317
GCAM 4.2,SSP3-Baseline,OECD90 and EU (and EU candidate) countries,Capacity|Electricity|Nuclear,GW,,262.545182930266,235.998916229776,200.28967631349,144.881443711596,89.91461345763571,53.9924452829922,26.0694005792322,25.1531385295112,24.1232757976774,21.3856621709228
GCAM 4.2,SSP3-Baseline,OECD90 and EU (and EU candidate) countries,Capacity|Electricity|Oil,GW,,235.766717402334,38.447739488204,24.2857562389016,26.5144499143835,24.25102620814311,16.2521243182395,17.5158583047946,18.7635713153222,14.2815332080797,15.0302606544901
GCAM 4.2,SSP3-Baseline,OECD90 and EU (and EU candidate) countries,Capacity|Electricity|Solar,GW,,17.180225159981,68.2190493357535,86.622362839795,96.4012357157126,98.635059849549,127.614442524271,144.781697993993,141.951841950984,133.092005610713,117.177837672572
GCAM 4.2,SSP3-Baseline,OECD90 and EU (and EU candidate) countries,Capacity|Electricity|Wind,GW,,71.763282627866,231.387097637972,316.279463222156,359.06744004092,306.784567249048,270.968033094453,216.92369355657,161.111748866213,139.469140601218,126.622407661086
GCAM 4.2,SSP3-Baseline,OECD90 and EU (and EU candidate) countries,Emissions|CH4,Mt CH4/yr,,63.763727643,68.01523509399999,71.883345658,73.540161758,74.509656343,76.970603021,77.13708078,75.74375363899999,76.843906655,85.890031645
GCAM 4.2,SSP3-Baseline,OECD90 and EU (and EU candidate) countries,Emissions|CH4|Energy,Mt CH4/yr,,20.264424178,25.986180521,29.024784876,30.611980619,32.134473934,35.572998117,37.018524911,37.116176519,39.875935625,50.70889559
GCAM 4.2,SSP3-Baseline,OECD90 and EU (and EU candidate) countries,Emissions|CO2,Mt CO2/yr,,10660.1018745861,12577.7706091374,13378.118238232,14274.2222598873,14813.8872385387,15540.7567734874,15769.178970842,15430.595836656,14830.6133518387,14177.0373467008
GCAM 4.2,SSP3-Baseline,OECD90 and EU (and EU candidate) countries,Emissions|CO2|AFOLU,Mt CO2/yr,,-752.360736314001,-0.034791709333745,-201.554336375334,107.658707346667,236.857757913333,533.689525277333,696.2575908383328,811.1650540693338,773.372795059334,848.631383981333
GCAM 4.2,SSP3-Baseline,OECD90 and EU (and EU candidate) countries,Emissions|CO2|Energy and Industrial Processes,Mt CO2/yr,,11412.4626109,12577.8054008468,13579.6725746073,14166.5635525407,14577.0294806253,15007.06724821,15072.9213800037,14619.4307825867,14057.2405567793,13328.4059627195
GCAM 4.2,SSP3-Baseline,OECD90 and EU (and EU candidate) countries,Emissions|CO2|Energy|Supply|Electricity,Mt CO2/yr,,4108.33153597533,4701.10972971567,4958.776639035999,5187.865093597999,5531.60373856934,5590.06631873067,5712.94803744867,5492.12983459433,5275.49579290067,4924.95605996533
GCAM 4.2,SSP3-Baseline,OECD90 and EU (and EU candidate) countries,Final Energy,EJ/yr,,148.892581984,159.296777372,163.363180303,162.469969621,158.073869131,152.372405807,145.86136783,138.07322211,129.623904624,121.23844485
GCAM 4.2,SSP3-Baseline,OECD90 and EU (and EU candidate) countries,Final Energy|Electricity,EJ/yr,,30.761297831,35.866173133,38.41794000300001,40.032865099,41.01260429,40.334358605,39.40880629999999,38.215735822,36.402736844,34.329832554
GCAM 4.2,SSP3-Baseline,OECD90 and EU (and EU candidate) countries,Final Energy|Gases,EJ/yr,,31.313764108,33.502268491,34.776148601,33.741248505,31.478066067,29.420272596,27.360256737,25.290353473,23.568088813,22.208315707
GCAM 4.2,SSP3-Baseline,OECD90 and EU (and EU candidate) countries,Final Energy|Heat,EJ/yr,,0.0808569,0.10633734800000001,0.12358899999999999,0.13129497,0.13497101,0.14067568,0.14661704,0.15286373,0.16081868,0.1687378
GCAM 4.2,SSP3-Baseline,OECD90 and EU (and EU candidate) countries,Final Energy|Hydrogen,EJ/yr,,0.0,0.168385908999998,0.47389934799999905,0.8171094550000001,1.167775541,1.367130059,1.5434083719999991,1.663890211,1.745256612,1.746434209
GCAM 4.2,SSP3-Baseline,OECD90 and EU (and EU candidate) countries,Final Energy|Industry,EJ/yr,,52.432250823,55.822787029,57.23124815,56.695283621,55.195433794,53.33779255899999,51.275321865,48.96953730600001,46.52479859,44.125335637
GCAM 4.2,SSP3-Baseline,OECD90 and EU (and EU candidate) countries,Final Energy|Liquids,EJ/yr,,74.258076255,77.027048991,77.240724379,75.740971823,72.870410946,70.163089613,67.024935013,63.127517541,58.885674101000006,54.634674784
GCAM 4.2,SSP3-Baseline,OECD90 and EU (and EU candidate) countries,Final Energy|Solids,EJ/yr,,12.47858689,12.6265635,12.330878972,12.006479769,11.410041277,10.946879254,10.377344368,9.622861333,8.861329573999999,8.150449796
GCAM 4.2,SSP3-Baseline,OECD90 and EU (and EU candidate) countries,Final Energy|Solids|Biomass,EJ/yr,,5.67934563,5.306831818,4.858786831000002,4.596873293,4.296729127,4.024920512,3.813606253999998,3.539321481,3.230832128,2.910810908
GCAM 4.2,SSP3-Baseline,OECD90 and EU (and EU candidate) countries,Final Energy|Solids|Coal,EJ/yr,,6.799241260000001,7.3197316820000005,7.472092141,7.409606476,7.11331215,6.921958742,6.563738114,6.083539852,5.6304974460000015,5.239638888
GCAM 4.2,SSP3-Baseline,OECD90 and EU (and EU candidate) countries,Final Energy|Transportation,EJ/yr,,50.41271738100001,53.259458985,54.515107654,54.938622507,54.068640966,52.897732517,51.37070407,49.121390793,46.453098725,43.746913048
GCAM 4.2,SSP3-Baseline,OECD90 and EU (and EU candidate) countries,Final Energy|Transportation|Electricity,EJ/yr,,0.33631819100000004,0.42663190300000003,0.577255522999999,0.7406939690000001,0.93006078,1.129087465,1.34308895,1.567003202,1.794832364,1.959636304
GCAM 4.2,SSP3-Baseline,OECD90 and EU (and EU candidate) countries,Final Energy|Transportation|Hydrogen,EJ/yr,,0.0,0.040284859,0.18978661200000002,0.36041597400000003,0.53685454,0.7018932170000001,0.8517195550000001,0.9700896710000001,1.054334452,1.093786479
GCAM 4.2,SSP3-Baseline,OECD90 and EU (and EU candidate) countries,Final Energy|Transportation|Liquids,EJ/yr,,49.972212875,51.598494419,50.98701946,49.61343799399999,47.162391066,44.804594465,42.367221691,39.522986364,36.497156262,33.618186241000004
GCAM 4.2,SSP3-Baseline,OECD90 and EU (and EU candidate) countries,Population,million,,1008.395,1047.475,1057.006,1048.231,1024.262,988.842,946.443,900.301,851.301,800.472
GCAM 4.2,SSP3-Baseline,OECD90 and EU (and EU candidate) countries,Primary Energy,EJ/yr,,188.1345698,206.895784478,221.353632111,227.138600295,227.136288197,225.66400585,218.355817032,206.773348526,194.309495414,181.270392434
GCAM 4.2,SSP3-Baseline,OECD90 and EU (and EU candidate) countries,Primary Energy|Biomass,EJ/yr,,8.497049,10.047766,11.870736,13.309517,13.969496,14.856452,14.134136,12.886969,11.484259,10.017821
GCAM 4.2,SSP3-Baseline,OECD90 and EU (and EU candidate) countries,Primary Energy|Coal,EJ/yr,,38.285448099999996,48.5963768,61.53691,71.676198,80.84008100000001,94.060668,100.820378,100.911777,99.936139,96.017306
GCAM 4.2,SSP3-Baseline,OECD90 and EU (and EU candidate) countries,Primary Energy|Fossil,EJ/yr,,166.24695251,180.9305404,192.7716713,197.6757129,198.986038,197.707768,192.472426,182.854004,172.10511,160.932219
GCAM 4.2,SSP3-Baseline,OECD90 and EU (and EU candidate) countries,Primary Energy|Gas,EJ/yr,,49.600793,55.54772,64.865367,67.602756,65.695471,59.790947,49.624649,41.138754,32.9587,27.53447
GCAM 4.2,SSP3-Baseline,OECD90 and EU (and EU candidate) countries,Primary Energy|Nuclear,EJ/yr,,7.451662400000001,6.69821564,5.6847017090000005,4.112083088,2.551992525,1.5324351790000001,0.7399121550000001,0.7139064390000001,0.6846764630000001,0.606976418
GCAM 4.2,SSP3-Baseline,OECD90 and EU (and EU candidate) countries,Primary Energy|Oil,EJ/yr,,78.36071141,76.7864436,66.3693943,58.3967589,52.450486,43.85615300000001,42.027399,40.803473,39.210271,37.380443
GCAM 4.2,SSP3-Baseline,OECD90 and EU (and EU candidate) countries,Secondary Energy|Electricity,EJ/yr,,33.836154657,39.657148667,42.472869658,44.31034589,45.487867841,44.69863699800001,43.68639906600001,42.416056758,40.430034617,38.163464416
GCAM 4.2,SSP3-Baseline,OECD90 and EU (and EU candidate) countries,Secondary Energy|Electricity|Biomass,EJ/yr,,0.49135794,0.443254157999999,0.5444559720000001,0.731201245999999,0.9282433520000001,1.057925266,1.236107923,1.246073364,1.249306223,1.191805517
GCAM 4.2,SSP3-Baseline,OECD90 and EU (and EU candidate) countries,Secondary Energy|Electricity|Biomass|w/ CCS,EJ/yr,,0.0,0.0,0.0,0.0,0.0,0.0,0.0,0.0,0.0,0.0
GCAM 4.2,SSP3-Baseline,OECD90 and EU (and EU candidate) countries,Secondary Energy|Electricity|Biomass|w/o CCS,EJ/yr,,0.49135794,0.443254157999999,0.5444559720000001,0.731201245999999,0.9282433520000001,1.057925266,1.236107923,1.246073364,1.249306223,1.191805517
GCAM 4.2,SSP3-Baseline,OECD90 and EU (and EU candidate) countries,Secondary Energy|Electricity|Coal,EJ/yr,,11.68602823,14.228173638,15.228127209,16.365587646,18.180791014,19.442867591,21.060029998,20.980506128000002,21.0266286,20.100358765
GCAM 4.2,SSP3-Baseline,OECD90 and EU (and EU candidate) countries,Secondary Energy|Electricity|Coal|w/ CCS,EJ/yr,,0.0,0.0,0.0,0.0,0.0,0.0,0.0,0.0,0.0,0.0
GCAM 4.2,SSP3-Baseline,OECD90 and EU (and EU candidate) countries,Secondary Energy|Electricity|Coal|w/o CCS,EJ/yr,,11.68602823,14.228173638,15.228127209,16.365587646,18.180791014,19.442867591,21.060029998,20.980506128000002,21.0266286,20.100358765
GCAM 4.2,SSP3-Baseline,OECD90 and EU (and EU candidate) countries,Secondary Energy|Electricity|Gas,EJ/yr,,7.522676637000001,8.915385871,9.887657082,10.930403384,12.061423696,11.00017181,9.529102212,9.036199802,7.340708563,6.456119092000001
GCAM 4.2,SSP3-Baseline,OECD90 and EU (and EU candidate) countries,Secondary Energy|Electricity|Gas|w/ CCS,EJ/yr,,0.0,0.0,0.0,0.0,0.0,0.0,0.0,0.0,0.0,0.0
GCAM 4.2,SSP3-Baseline,OECD90 and EU (and EU candidate) countries,Secondary Energy|Electricity|Gas|w/o CCS,EJ/yr,,7.522676637000001,8.915385871,9.887657082,10.930403384,12.061423696,11.00017181,9.529102212,9.036199802,7.340708563,6.456119092000001
GCAM 4.2,SSP3-Baseline,OECD90 and EU (and EU candidate) countries,Secondary Energy|Electricity|Geothermal,EJ/yr,,0.13238103,0.59720963,0.89941408,1.06112583,1.150943911,1.142893118,1.1219865900000001,1.119515528,1.071348387999999,1.028889644
GCAM 4.2,SSP3-Baseline,OECD90 and EU (and EU candidate) countries,Secondary Energy|Electricity|Hydro,EJ/yr,,4.745641,4.7678449999999994,4.8044270000000004,4.889751,5.023826000000001,5.157903,5.291969,5.426038,5.560125,5.625474
GCAM 4.2,SSP3-Baseline,OECD90 and EU (and EU candidate) countries,Secondary Energy|Electricity|Non-Biomass Renewables,EJ/yr,,5.93890629,9.219262438,11.026523102,12.041287307,11.628761672,11.567350671,11.009342877,10.318469087,10.035449951,9.713376015
GCAM 4.2,SSP3-Baseline,OECD90 and EU (and EU candidate) countries,Secondary Energy|Electricity|Nuclear,EJ/yr,,7.451662400000001,6.69821564,5.6847017090000005,4.112083088,2.551992525,1.5324351790000001,0.7399121550000001,0.7139064390000001,0.6846764630000001,0.606976418
GCAM 4.2,SSP3-Baseline,OECD90 and EU (and EU candidate) countries,Secondary Energy|Electricity|Oil,EJ/yr,,0.74552316,0.152856922,0.101404584,0.129783219,0.136655582,0.09788648100000001,0.111903901,0.12090193800000001,0.093264816999999,0.09482860900000001
GCAM 4.2,SSP3-Baseline,OECD90 and EU (and EU candidate) countries,Secondary Energy|Electricity|Solar,EJ/yr,,0.11037097,0.5705477290000001,0.73455457,0.881577114,0.9068554480000001,1.164835565,1.3117526,1.2833138320000002,1.2048277,1.062430151
GCAM 4.2,SSP3-Baseline,OECD90 and EU (and EU candidate) countries,Secondary Energy|Electricity|Wind,EJ/yr,,0.9505132900000001,3.283660078999999,4.588127452,5.208833363,4.547136313,4.101718988,3.283634686999999,2.489601727,2.199148863,1.99658222
GCAM 4.2,SSP3-Baseline,OECD90 and EU (and EU candidate) countries,Secondary Energy|Hydrogen,EJ/yr,,0.0,0.16838749900000002,0.473898845,0.8171077160000001,1.167776094,1.367128953,1.543408559,1.663889314,1.74525668,1.746433366999999
GCAM 4.2,SSP3-Baseline,World,Capacity|Electricity,GW,,4144.84828142649,4934.53734427973,6008.579572416938,6788.13382287591,7455.03296494187,7984.824388231171,8597.80022652246,9382.892374399373,10131.3172791162,10949.9411606998
GCAM 4.2,SSP3-Baseline,World,Capacity|Electricity|Biomass,GW,,30.3345299816083,54.454803121829,85.07388809614409,119.570235643392,155.480088232496,195.774055563483,246.678187507927,293.099776445966,333.848024638508,367.296399115297
GCAM 4.2,SSP3-Baseline,World,Capacity|Electricity|Coal,GW,,1225.95827546296,1805.72253297818,2220.78716633371,2487.03882947267,2750.09210263667,2939.18435648941,3212.3314829877,3339.49546106037,3528.13728833714,3779.79412041001
GCAM 4.2,SSP3-Baseline,World,Capacity|Electricity|Gas,GW,,841.210098776002,1231.21550602486,1529.34845022355,1746.75759957667,1923.31962806792,1823.19624108162,1726.42168306063,1812.34134520865,1888.67159081684,2100.82502708016
GCAM 4.2,SSP3-Baseline,World,Capacity|Electricity|Nuclear,GW,,349.605290602627,317.397674650488,275.174363619708,207.8676550608829,141.404294104797,101.324171352669,73.52671863549241,87.7707131884548,100.344854029258,110.196028066689
GCAM 4.2,SSP3-Baseline,World,Capacity|Electricity|Oil,GW,,1085.21662861492,488.014936342593,490.2992487553911,457.854641639713,449.81096651446,554.0617958840689,641.166357060185,832.892592909691,1021.33569523719,1215.61504070745
GCAM 4.2,SSP3-Baseline,World,Capacity|Electricity|Solar,GW,,18.7869999570383,153.465063849783,271.534273606535,429.728472800495,615.446411310136,876.8918123698959,1122.12164933907,1291.22252355628,1415.62425188013,1464.3140730821
GCAM 4.2,SSP3-Baseline,World,Capacity|Electricity|Wind,GW,,92.8780660348868,310.475684649642,499.840223940066,646.405227152405,667.824681417792,690.066963219284,720.173950934382,818.44086492664,887.544033358701,933.751744038559
GCAM 4.2,SSP3-Baseline,World,Emissions|CH4,Mt CH4/yr,,368.28881567,401.92925886,471.409645156,523.884915784,565.872104454,608.936163533,659.029360873,714.476672734,763.242153177,803.006370619
GCAM 4.2,SSP3-Baseline,World,Emissions|CH4|Energy,Mt CH4/yr,,134.801787552,142.950769185,177.180810608,193.003015274,196.643736671,201.595641118,209.096139559,216.331982542,220.29626449,212.707026696
GCAM 4.2,SSP3-Baseline,World,Emissions|CO2,Mt CO2/yr,,35775.7624496598,44618.2675483813,53625.3346269637,60210.0595691455,64829.3288773544,70115.5402010455,74798.138210326,78272.3003801981,80966.9957842684,86114.0111041157
GCAM 4.2,SSP3-Baseline,World,Emissions|CO2|AFOLU,Mt CO2/yr,,3128.786017632,2885.86648231567,3082.33296544433,4290.66899975633,4829.021677348,5749.25004828533,6240.035552091,6291.25531956167,4818.773871065,4761.15395897167
GCAM 4.2,SSP3-Baseline,World,Emissions|CO2|Energy and Industrial Processes,Mt CO2/yr,,32646.9764320278,41732.4010660657,50543.0016615193,55919.3905693892,60000.3072000064,64366.2901527601,68558.102658235,71981.0450606364,76148.2219132034,81352.8571451441
GCAM 4.2,SSP3-Baseline,World,Emissions|CO2|Energy|Supply|Electricity,Mt CO2/yr,,11668.8311078277,15732.3874075353,18754.401931386,20383.9134176113,21774.1267293293,22305.8513632607,23315.48377350871,23597.1623370743,24455.3498854573,26071.9316226453
GCAM 4.2,SSP3-Baseline,World,Final Energy,EJ/yr,,393.851397579,485.470624512,558.6903458209999,602.899116863,632.911135036,660.583816384,691.371517797,725.5263874030002,763.4285389160001,807.4774965360001
GCAM 4.2,SSP3-Baseline,World,Final Energy|Electricity,EJ/yr,,65.715268004,90.801594863,110.936326513,125.656988067,138.512730706,145.810155653,155.014455428,166.705773562,178.507493064,192.612706083
GCAM 4.2,SSP3-Baseline,World,Final Energy|Gases,EJ/yr,,63.538010698,76.134309245,87.36989088799999,92.905625138,95.16285823,97.386711583,100.038196295,103.309205588,108.289476015,115.561947512
GCAM 4.2,SSP3-Baseline,World,Final Energy|Heat,EJ/yr,,9.7270965,10.532949248,10.9554205,10.7216211,10.18451326,9.73292531,9.28083944,8.86374528,8.572728900000001,8.32154243
GCAM 4.2,SSP3-Baseline,World,Final Energy|Hydrogen,EJ/yr,,0.0,0.35137616200000005,1.055640929,1.989203869,3.15774969,4.085285736999999,5.15843136,6.300924225,7.570465904,8.612415036
GCAM 4.2,SSP3-Baseline,World,Final Energy|Industry,EJ/yr,,174.628985141,217.222554683,250.041392122,271.285507343,288.336538387,304.765376784,323.467109351,344.970207747,369.037695774,396.599854041
GCAM 4.2,SSP3-Baseline,World,Final Energy|Liquids,EJ/yr,,157.828982203,191.148783068,220.220921401,237.566921096,249.849233557,265.128274072,282.235741029,300.908190454,321.345802461,343.391251886
GCAM 4.2,SSP3-Baseline,World,Final Energy|Solids,EJ/yr,,97.042040174,116.501611926,128.15214559,134.058757593,136.044049593,138.440464029,139.643854245,139.438548294,139.142572572,138.977633589
GCAM 4.2,SSP3-Baseline,World,Final Energy|Solids|Biomass,EJ/yr,,47.07149658100001,51.860467315,55.504048175,59.194393053,62.340789107,65.56219581,68.690505708,71.03809906800001,72.70869316,73.541441148
GCAM 4.2,SSP3-Baseline,World,Final Energy|Solids|Coal,EJ/yr,,49.970543593,64.641144611,72.648097415,74.86436454,73.703260486,72.87826821899999,70.953348537,68.400449226,66.433879412,65.436192441
GCAM 4.2,SSP3-Baseline,World,Final Energy|Transportation,EJ/yr,,98.44800895,118.403718028,136.72746421,149.19591157,157.310790606,165.973300836,175.271142192,184.901058883,195.076078373,206.553559085
GCAM 4.2,SSP3-Baseline,World,Final Energy|Transportation|Electricity,EJ/yr,,0.8815542940000001,1.323263906,1.7950641569999992,2.243449849,2.71393773,3.216713806,3.8080318220000002,4.523317381,5.389489871,6.286934943999999
GCAM 4.2,SSP3-Baseline,World,Final Energy|Transportation|Hydrogen,EJ/yr,,0.0,0.062568413,0.315667511,0.640478642,1.010219032,1.425847479,1.856644589,2.303346462,2.769447343999999,3.226274353
GCAM 4.2,SSP3-Baseline,World,Final Energy|Transportation|Liquids,EJ/yr,,96.434236906,113.537414753,127.013198328,133.933373766,136.43212642700001,139.888391546,144.203229926,149.048694898,154.310262169,160.473339296
GCAM 4.2,SSP3-Baseline,World,GDP|PPP,billion US$2010/yr,,73630.72577,109555.9857,146203.7968,173384.3505,195046.2301,213646.5109,233829.9295,255576.5625,278760.2174,305584.6519
GCAM 4.2,SSP3-Baseline,World,Population,million,,6895.882,7713.446,8530.199,9274.327,9975.967,10595.653,11141.658,11660.89,12164.656,12652.095
GCAM 4.2,SSP3-Baseline,World,Primary Energy,EJ/yr,,508.622852342,646.534278575,776.2610854689999,855.705868444,911.121448142,962.426337332,1007.653555241,1049.786068171,1099.072077915,1159.941700482
GCAM 4.2,SSP3-Baseline,World,Primary Energy|Biomass,EJ/yr,,51.530069752,66.174164377,79.18681712899999,89.38875228200001,96.801035528,105.040962045,109.487166776,112.518611466,114.381133798,115.074534625
GCAM 4.2,SSP3-Baseline,World,Primary Energy|Coal,EJ/yr,,143.25977845,206.4495268,277.858544,326.201153,366.743914,421.245788,466.7741980000001,498.069827,535.588799,580.781116
GCAM 4.2,SSP3-Baseline,World,Primary Energy|Fossil,EJ/yr,,433.18340324,551.18992,663.5941996,729.687257,775.916325,815.9962690000001,853.7225490000003,887.7491980000003,931.057423,989.134986
GCAM 4.2,SSP3-Baseline,World,Primary Energy|Gas,EJ/yr,,113.8447856,152.010192,200.283665,225.964261,234.923874,226.136718,204.810067,186.800562,169.702567,159.464814
GCAM 4.2,SSP3-Baseline,World,Primary Energy|Nuclear,EJ/yr,,9.9226372,9.008507234,7.810108858,5.899782932999999,4.013393237,2.875823161,2.086864739,2.49114349,2.848027785,3.127627747
GCAM 4.2,SSP3-Baseline,World,Primary Energy|Oil,EJ/yr,,176.07883919,192.7302012,185.4519906,177.521843,174.248537,168.6137629999999,182.138284,202.878809,225.766057,248.889056
GCAM 4.2,SSP3-Baseline,World,Secondary Energy|Electricity,EJ/yr,,78.38901521981,107.532649603,130.779135144,147.299610758,161.519697155,169.077057482,178.980137332,192.127896008,205.229859196,220.995524447
GCAM 4.2,SSP3-Baseline,World,Secondary Energy|Electricity|Biomass,EJ/yr,,0.789247180999999,1.3921890110000001,2.161535318,3.026774807,3.927849296,4.94142583,6.223394657,7.39455564,8.422585044,9.266447394
GCAM 4.2,SSP3-Baseline,World,Secondary Energy|Electricity|Biomass|w/ CCS,EJ/yr,,0.0,0.0,0.0,0.0,0.0,0.0,0.0,0.0,0.0,0.0
GCAM 4.2,SSP3-Baseline,World,Secondary Energy|Electricity|Biomass|w/o CCS,EJ/yr,,0.789247180999999,1.3921890110000001,2.161535318,3.026774807,3.927849296,4.94142583,6.223394657,7.39455564,8.422585044,9.266447394
GCAM 4.2,SSP3-Baseline,World,Secondary Energy|Electricity|Coal,EJ/yr,,31.86561027,46.38068463699999,56.712094152,63.213015038,69.63324804199999,74.263664659,81.043268518,84.25146308800001,89.01067002,95.359669905
GCAM 4.2,SSP3-Baseline,World,Secondary Energy|Electricity|Coal|w/ CCS,EJ/yr,,0.0,0.0,0.0,0.0,0.0,0.0,0.0,0.0,0.0,0.0
GCAM 4.2,SSP3-Baseline,World,Secondary Energy|Electricity|Coal|w/o CCS,EJ/yr,,31.86561027,46.38068463699999,56.712094152,63.213015038,69.63324804199999,74.263664659,81.043268518,84.25146308800001,89.01067002,95.359669905
GCAM 4.2,SSP3-Baseline,World,Secondary Energy|Electricity|Gas,EJ/yr,,18.35919912881,28.621945766,36.233140439,42.140886666,47.05158627399999,45.046333228,43.012580751,45.312782611,47.2707154,52.57505369800001
GCAM 4.2,SSP3-Baseline,World,Secondary Energy|Electricity|Gas|w/ CCS,EJ/yr,,0.0,0.0,0.0,0.0,0.0,0.0,0.0,0.0,0.0,0.0
GCAM 4.2,SSP3-Baseline,World,Secondary Energy|Electricity|Gas|w/o CCS,EJ/yr,,18.35919912881,28.621945766,36.233140439,42.140886666,47.05158627399999,45.046333228,43.012580751,45.312782611,47.2707154,52.57505369800001
GCAM 4.2,SSP3-Baseline,World,Secondary Energy|Electricity|Geothermal,EJ/yr,,0.2451255,1.45621808,2.39394147,2.8717907119999992,3.109120233,3.193237665,3.236615713999999,3.310092165,3.280990701,3.223864833999999
GCAM 4.2,SSP3-Baseline,World,Secondary Energy|Electricity|Hydro,EJ/yr,,12.3909307,13.0198439,13.6647437,14.6095264,15.8542282,17.0989167,18.3436002,19.5883008,20.8329875,21.4536538
GCAM 4.2,SSP3-Baseline,World,Secondary Energy|Electricity|Non-Biomass Renewables,EJ/yr,,13.98674255,20.161687266,25.669959879,30.730076229,34.390694377,38.513283126,42.356974726,47.027115215,50.785493332,52.604552109
GCAM 4.2,SSP3-Baseline,World,Secondary Energy|Electricity|Nuclear,EJ/yr,,9.9226372,9.008507234,7.810108858,5.899782932999999,4.013393237,2.875823161,2.086864739,2.49114349,2.848027785,3.127627747
GCAM 4.2,SSP3-Baseline,World,Secondary Energy|Electricity|Oil,EJ/yr,,3.46557889,1.9676356890000002,2.192296498,2.289075085,2.502925929,3.436527478,4.257053941000001,5.650835964,6.892367615,8.062173593999999
GCAM 4.2,SSP3-Baseline,World,Secondary Energy|Electricity|Solar,EJ/yr,,0.12050522,1.279601408,2.360313374,3.871643541,5.528901611,7.775391999,9.875283545,11.481649769,12.676722192,13.203635772
GCAM 4.2,SSP3-Baseline,World,Secondary Energy|Electricity|Wind,EJ/yr,,1.23018113,4.406023878,7.250961335,9.377115576,9.898444333,10.445736762,10.901475267,12.647072481,13.994792939,14.723397703
GCAM 4.2,SSP3-Baseline,World,Secondary Energy|Hydrogen,EJ/yr,,0.0,0.351378764,1.055641654,1.989202493,3.157747366,4.085285478999999,5.158428673,6.300924405,7.570466285,8.612416660000001
GCAM 4.2,SSP5-Baseline,Asian countries except Japan,Capacity|Electricity,GW,,1207.62010431012,1850.06830792108,3080.20802164528,4467.63174869536,5566.50012938183,6207.96291288737,6560.67413498206,6620.10691744761,6432.116529486208,6053.1054023866
GCAM 4.2,SSP5-Baseline,Asian countries except Japan,Capacity|Electricity|Biomass,GW,,3.32077189561137,14.3895710457889,38.9827346920979,72.79664815607549,103.558708579084,127.878172128678,148.910130565068,172.722924158105,188.482448431951,186.835174403856
GCAM 4.2,SSP5-Baseline,Asian countries except Japan,Capacity|Electricity|Coal,GW,,643.797682410579,1085.26582845795,1663.36441396341,2220.5636888001,2599.51797743055,2776.328502425801,2882.375933060639,2762.31333515664,2534.2488410071,2263.77054358511
GCAM 4.2,SSP5-Baseline,Asian countries except Japan,Capacity|Electricity|Gas,GW,,155.245738203957,279.642187341451,482.187214611871,727.281410530822,926.08772260274,982.926734636606,959.241581129502,904.296530758499,815.5698345224499,807.268702435313
GCAM 4.2,SSP5-Baseline,Asian countries except Japan,Capacity|Electricity|Nuclear,GW,,37.580035514967,75.8830740177012,192.963610547381,363.4786582530021,499.915444430351,570.212262176559,617.92269716444,685.719593832797,677.242171557021,597.359334658098
GCAM 4.2,SSP5-Baseline,Asian countries except Japan,Capacity|Electricity|Oil,GW,,196.573617453069,116.339570807965,204.175610136035,233.61687313705,200.889763920599,191.344646356545,200.568478365994,235.148139190132,280.06550422533,300.727652088089
GCAM 4.2,SSP5-Baseline,Asian countries except Japan,Capacity|Electricity|Solar,GW,,1.143816590563159,48.0117467775538,149.822542805206,367.331440642199,669.2292217237069,1003.07731496753,1242.65951029828,1318.33094757987,1331.35427900353,1245.63908463775
GCAM 4.2,SSP5-Baseline,Asian countries except Japan,Capacity|Electricity|Wind,GW,,18.0612255683603,57.600336123795,157.465323550173,272.676794912095,336.120804187311,305.119055801307,241.439339167935,253.308129419957,297.983521372399,335.537243467783
GCAM 4.2,SSP5-Baseline,Asian countries except Japan,Emissions|CH4,Mt CH4/yr,,164.683437773,163.863498359,187.718250652,210.957684345,223.704370525,234.35121254,235.644412357,223.41541713,214.616190987,269.8313858608
GCAM 4.2,SSP5-Baseline,Asian countries except Japan,Emissions|CH4|Energy,Mt CH4/yr,,58.966633901,50.592621721,64.281278159,79.37747276399999,86.04800064700001,97.325196191,104.07045265,99.237881741,101.124413779,169.095638925
GCAM 4.2,SSP5-Baseline,Asian countries except Japan,Emissions|CO2,Mt CO2/yr,,15069.2826912189,18719.5711956664,27354.5321041312,35614.4312768945,40555.6890462479,43647.4874535752,44687.1044496862,43119.3173151876,40470.056434189,37181.4741309839
GCAM 4.2,SSP5-Baseline,Asian countries except Japan,Emissions|CO2|AFOLU,Mt CO2/yr,,1363.61447697567,-965.061038465334,-995.365635627,-723.441687679334,-787.886005367999,-588.257031992666,-525.137938475333,-544.583836316667,-662.214998250667,-784.0109928676669
GCAM 4.2,SSP5-Baseline,Asian countries except Japan,Emissions|CO2|Energy and Industrial Processes,Mt CO2/yr,,13705.6682142433,19684.6322341318,28349.8977397581,36337.8729645738,41343.575051616,44235.74448556781,45212.24238816161,43663.9011515044,41132.2714324397,37965.4851238516
GCAM 4.2,SSP5-Baseline,Asian countries except Japan,Emissions|CO2|Energy|Supply|Electricity,Mt CO2/yr,,5320.38260941733,8273.73867404333,12222.7644969833,15874.8712057467,18178.21791599,19068.2748159567,19411.1708614633,18151.47890666,16259.1268061933,14399.76867065
GCAM 4.2,SSP5-Baseline,Asian countries except Japan,Final Energy,EJ/yr,,137.403880477,184.690894554,254.421185598,325.680986672,375.193130196,406.737151294,422.840135566,424.081539033,413.486055226,394.455268846
GCAM 4.2,SSP5-Baseline,Asian countries except Japan,Final Energy|Electricity,EJ/yr,,21.244348915,35.63359764699999,58.085561035,83.571797179,103.747985125,114.316489355,119.918425664,120.657656644,116.328668318,109.370167672
GCAM 4.2,SSP5-Baseline,Asian countries except Japan,Final Energy|Gases,EJ/yr,,10.744730629,18.214719315,28.688600159,37.895201006,43.490161006,47.146723427,50.001129566,51.159804453,50.43973239,50.970192535
GCAM 4.2,SSP5-Baseline,Asian countries except Japan,Final Energy|Heat,EJ/yr,,3.0529687,4.3706639,5.498275700000002,6.006425599999999,5.9113272000000014,5.5387887,4.9209038,4.2841288,3.7014161,3.0494024
GCAM 4.2,SSP5-Baseline,Asian countries except Japan,Final Energy|Hydrogen,EJ/yr,,0.0,0.078588323,0.253442646,0.550741841,0.950714115,1.199244199,1.417830822,1.599402779,1.7614735540000002,1.8226368320000002
GCAM 4.2,SSP5-Baseline,Asian countries except Japan,Final Energy|Industry,EJ/yr,,74.871795933,102.814410184,133.218408861,158.620503214,172.812415249,178.927430401,179.184680181,174.765921112,166.309864803,155.851945376
GCAM 4.2,SSP5-Baseline,Asian countries except Japan,Final Energy|Liquids,EJ/yr,,42.63673069,62.954675788,95.226387651,128.119166636,152.679390063,172.576356824,185.543069252,191.372796838,192.269186688,186.415074213
GCAM 4.2,SSP5-Baseline,Asian countries except Japan,Final Energy|Solids,EJ/yr,,59.725101543,63.43864958100001,66.66891840699999,69.53765441,68.41355268699999,65.959548789,61.038776462,55.00774951899999,48.985578176,42.827795194
GCAM 4.2,SSP5-Baseline,Asian countries except Japan,Final Energy|Solids|Biomass,EJ/yr,,22.340332883,15.632965901,11.009910187,9.174280945,8.371328883,7.906916365,7.383045753999999,6.7324933829999996,6.072638412000001,5.354035256
GCAM 4.2,SSP5-Baseline,Asian countries except Japan,Final Energy|Solids|Coal,EJ/yr,,37.38476866,47.80568368,55.65900822,60.363373465,60.042223804,58.052632424,53.655730708,48.275256136,42.912939764,37.473759938
GCAM 4.2,SSP5-Baseline,Asian countries except Japan,Final Energy|Transportation,EJ/yr,,21.363663039,31.387425867,48.731326155,68.383451018,85.182769135,100.450589154,113.444176346,122.948465718,129.190554208,132.058491223
GCAM 4.2,SSP5-Baseline,Asian countries except Japan,Final Energy|Transportation|Electricity,EJ/yr,,0.22901339999999998,0.38777736900000004,0.604508755,0.849781630999999,1.080459091,1.285626685,1.496649712,1.71974802,1.974280807,2.200203796
GCAM 4.2,SSP5-Baseline,Asian countries except Japan,Final Energy|Transportation|Hydrogen,EJ/yr,,0.0,0.0038591359999990004,0.029094758999999002,0.082660413,0.17004038,0.279750693999999,0.40221839,0.530827843999998,0.661640094,0.753467839
GCAM 4.2,SSP5-Baseline,Asian countries except Japan,Final Energy|Transportation|Liquids,EJ/yr,,20.55078079,29.930516683,45.529001149,62.415123745,75.920334675,87.854875173,97.600985867,104.190333757,108.019128956,108.721793816
GCAM 4.2,SSP5-Baseline,Asian countries except Japan,Population,million,,3758.607,4042.232,4203.852,4256.742999999999,4198.559,4041.768,3809.293,3521.151,3191.641,2839.513
GCAM 4.2,SSP5-Baseline,Asian countries except Japan,Primary Energy,EJ/yr,,183.43320752,259.01867781,376.907122284,491.728139173,567.610721447,611.555514816,628.019213782,615.689847552,587.06820168,549.2926024369999
GCAM 4.2,SSP5-Baseline,Asian countries except Japan,Primary Energy|Biomass,EJ/yr,,23.21659806,20.90518538,21.38175128,23.830332957,25.525967064,26.372949579,25.581515166,24.698402356,23.574450706,21.637539848
GCAM 4.2,SSP5-Baseline,Asian countries except Japan,Primary Energy|Coal,EJ/yr,,89.0045685,132.694412,194.379822,248.39864,279.83594,296.6042,297.43494,277.17037,251.95434,222.02719
GCAM 4.2,SSP5-Baseline,Asian countries except Japan,Primary Energy|Fossil,EJ/yr,,155.07137598,230.3747841,341.5741675,444.928392,510.9903389999999,549.1952,563.811847,549.022877,520.271217,486.382639
GCAM 4.2,SSP5-Baseline,Asian countries except Japan,Primary Energy|Gas,EJ/yr,,18.653152,35.81742,70.28265999999999,101.63947,120.13795,127.17068,125.6489,119.30144,108.34492,105.74113
GCAM 4.2,SSP5-Baseline,Asian countries except Japan,Primary Energy|Nuclear,EJ/yr,,1.0666115999999999,2.1537437600000002,5.47677038,10.31639667,14.18880011,16.18399251,17.53812916,19.46236780000001,19.22175821,16.95449158
GCAM 4.2,SSP5-Baseline,Asian countries except Japan,Primary Energy|Oil,EJ/yr,,47.41365548,61.86295210000001,76.9116855,94.890282,111.016449,125.42032,140.728007,152.551067,159.971957,158.614319
GCAM 4.2,SSP5-Baseline,Asian countries except Japan,Secondary Energy|Electricity,EJ/yr,,25.111875411,42.31933946,69.200707982,99.563559852,123.063411733,134.602302363,140.095895381,139.945863527,133.895182246,124.922288182
GCAM 4.2,SSP5-Baseline,Asian countries except Japan,Secondary Energy|Electricity|Biomass,EJ/yr,,0.08377909,0.36303192700000003,0.9834876170000001,1.8365720769999991,2.612661948,3.226212828999999,3.756823902,4.3575921090000005,4.755185995,4.713627248
GCAM 4.2,SSP5-Baseline,Asian countries except Japan,Secondary Energy|Electricity|Biomass|w/ CCS,EJ/yr,,0.0,0.0,0.0,0.0,0.0,0.0,0.0,0.0,0.0,0.0
GCAM 4.2,SSP5-Baseline,Asian countries except Japan,Secondary Energy|Electricity|Biomass|w/o CCS,EJ/yr,,0.08377909,0.36303192700000003,0.9834876170000001,1.8365720769999991,2.612661948,3.226212828999999,3.756823902,4.3575921090000005,4.755185995,4.713627248
GCAM 4.2,SSP5-Baseline,Asian countries except Japan,Secondary Energy|Electricity|Coal,EJ/yr,,16.24224297,27.379954533,41.964688127,56.02215719199999,65.582719149,70.043436522,72.71888594,69.68985067,63.93605716,57.11221429
GCAM 4.2,SSP5-Baseline,Asian countries except Japan,Secondary Energy|Electricity|Coal|w/ CCS,EJ/yr,,0.0,0.0,0.0,0.0,0.0,0.0,0.0,0.0,0.0,0.0
GCAM 4.2,SSP5-Baseline,Asian countries except Japan,Secondary Energy|Electricity|Coal|w/o CCS,EJ/yr,,16.24224297,27.379954533,41.964688127,56.02215719199999,65.582719149,70.043436522,72.71888594,69.68985067,63.93605716,57.11221429
GCAM 4.2,SSP5-Baseline,Asian countries except Japan,Secondary Energy|Electricity|Gas,EJ/yr,,3.020705311,6.34977064,11.357729982,17.543315768,22.643202137,24.207470538,23.759960519,22.485916239,20.321039733,20.103634299
GCAM 4.2,SSP5-Baseline,Asian countries except Japan,Secondary Energy|Electricity|Gas|w/ CCS,EJ/yr,,0.0,0.0,0.0,0.0,0.0,0.0,0.0,0.0,0.0,0.0
GCAM 4.2,SSP5-Baseline,Asian countries except Japan,Secondary Energy|Electricity|Gas|w/o CCS,EJ/yr,,3.020705311,6.34977064,11.357729982,17.543315768,22.643202137,24.207470538,23.759960519,22.485916239,20.321039733,20.103634299
GCAM 4.2,SSP5-Baseline,Asian countries except Japan,Secondary Energy|Electricity|Geothermal,EJ/yr,,0.0700198,0.36483018899999803,0.590101199,0.7022476270000001,0.7599307580000001,0.78233925,0.7558428500000001,0.7615395960000001,0.7588955140000001,0.74107628
GCAM 4.2,SSP5-Baseline,Asian countries except Japan,Secondary Energy|Electricity|Hydro,EJ/yr,,3.762164700000001,3.998137399999999,4.2348203,4.592930200000001,5.072475499999999,5.552012599999999,5.9942857000000025,6.5110989,6.9906331999999995,7.2304088
GCAM 4.2,SSP5-Baseline,Asian countries except Japan,Secondary Energy|Electricity|Non-Biomass Renewables,EJ/yr,,4.07862188,5.58496457,8.474433123999999,12.653017546000001,16.905615273,19.803372727,21.087722456,22.506200396,24.000775764,24.317932009
GCAM 4.2,SSP5-Baseline,Asian countries except Japan,Secondary Energy|Electricity|Nuclear,EJ/yr,,1.0666115999999999,2.1537437600000002,5.47677038,10.31639667,14.18880011,16.18399251,17.53812916,19.46236780000001,19.22175821,16.95449158
GCAM 4.2,SSP5-Baseline,Asian countries except Japan,Secondary Energy|Electricity|Oil,EJ/yr,,0.61991456,0.48787403,0.9435987520000001,1.192100599,1.130413116,1.137817237,1.234373404,1.443936313,1.6603653839999999,1.7203887560000002
GCAM 4.2,SSP5-Baseline,Asian countries except Japan,Secondary Energy|Electricity|Solar,EJ/yr,,0.00721428,0.404578349,1.3652311119999991,3.402237112,6.091253351000002,8.850347682,10.682859384,11.319282567,11.552642885000001,11.055695674
GCAM 4.2,SSP5-Baseline,Asian countries except Japan,Secondary Energy|Electricity|Wind,EJ/yr,,0.2392231,0.8174186320000001,2.284280513,3.9556026070000003,4.981955664,4.618673195,3.654734522,3.914279333,4.698604165,5.290751255
GCAM 4.2,SSP5-Baseline,Asian countries except Japan,Secondary Energy|Hydrogen,EJ/yr,,0.0,0.078587852,0.253440755,0.550741159,0.950713682999999,1.199244501,1.417830453,1.599401615,1.761473656999999,1.8226358020000002
GCAM 4.2,SSP5-Baseline,Countries from the Reforming Economies of the Former Soviet Union,Capacity|Electricity,GW,,297.486780514886,411.5014641049421,510.276798949514,595.091581051419,638.350531377493,658.075484734145,663.558165554625,662.19302943306,641.564047316172,614.1634307472319
GCAM 4.2,SSP5-Baseline,Countries from the Reforming Economies of the Former Soviet Union,Capacity|Electricity|Biomass,GW,,1.36414732369355,2.65442113774734,4.2155176227169004,5.930032581811267,7.42062353342213,10.429456097793,12.2547250761035,14.4894532042745,16.0787130977296,16.1420723141806
GCAM 4.2,SSP5-Baseline,Countries from the Reforming Economies of the Former Soviet Union,Capacity|Electricity|Coal,GW,,66.892559297311,95.94752029426692,114.795222127093,129.109604895992,139.037342243785,151.399549324581,161.875533913622,155.764701452309,157.826943413876,156.814707397894
GCAM 4.2,SSP5-Baseline,Countries from the Reforming Economies of the Former Soviet Union,Capacity|Electricity|Gas,GW,,129.355593607306,190.685115265094,219.393214104515,234.33594051243,233.493252473364,190.678524701928,160.071214992389,149.369071886098,139.012149162861,139.80675158549
GCAM 4.2,SSP5-Baseline,Countries from the Reforming Economies of the Former Soviet Union,Capacity|Electricity|Nuclear,GW,,44.44810868707371,66.82592381193979,93.30858912565527,118.821650036642,131.781223575173,150.094012486611,160.931982496195,154.182289024184,137.831215823891,114.482679406956
GCAM 4.2,SSP5-Baseline,Countries from the Reforming Economies of the Former Soviet Union,Capacity|Electricity|Oil,GW,,21.8497019279554,6.07163678018772,6.089914938483,5.274094368340951,4.06391354325215,5.21509627885592,4.39465967465754,6.32490685248605,8.13482107749873,7.77365391933029
GCAM 4.2,SSP5-Baseline,Countries from the Reforming Economies of the Former Soviet Union,Capacity|Electricity|Solar,GW,,0.381844558599696,6.540510089425252,12.3008301228815,21.0724387388678,27.9062642855205,40.3199973326222,48.69815697448399,54.3496181918951,54.40763576358971,51.5829895125223
GCAM 4.2,SSP5-Baseline,Countries from the Reforming Economies of the Former Soviet Union,Capacity|Electricity|Wind,GW,,1.1314657775845,5.08290842212075,15.9792713089802,31.0171509992721,40.9228176241674,51.6942249862591,53.6945511346821,62.0796593332919,58.9355188990361,57.1127966133943
GCAM 4.2,SSP5-Baseline,Countries from the Reforming Economies of the Former Soviet Union,Emissions|CH4,Mt CH4/yr,,35.540279537,49.885664354,69.636409645,79.912567341,75.86321825600001,67.485351002,65.48673961,65.386321487,59.744454031000004,46.052181156
GCAM 4.2,SSP5-Baseline,Countries from the Reforming Economies of the Former Soviet Union,Emissions|CH4|Energy,Mt CH4/yr,,24.580523278,39.551697389,59.342996392,69.695158871,65.771359275,57.60606092,55.943165903,56.32701140899999,51.273618125,38.22148023800001
GCAM 4.2,SSP5-Baseline,Countries from the Reforming Economies of the Former Soviet Union,Emissions|CO2,Mt CO2/yr,,2318.50324816733,3088.618137473,3434.63948013267,4066.444242061671,4340.45677750666,4638.01578735,4712.94104645467,4653.660998129,4626.79450926879,4468.052589069671
GCAM 4.2,SSP5-Baseline,Countries from the Reforming Economies of the Former Soviet Union,Emissions|CO2|AFOLU,Mt CO2/yr,,-493.26226235,-169.650907143666,-396.87771871,-230.1664007573329,-191.449713653,-43.7100341626667,-63.4078675303333,-51.5071811503333,-63.53487050899999,-89.64818486799999
GCAM 4.2,SSP5-Baseline,Countries from the Reforming Economies of the Former Soviet Union,Emissions|CO2|Energy and Industrial Processes,Mt CO2/yr,,2811.76551051733,3258.26904461667,3831.517198842671,4296.610642819001,4531.906491159671,4681.72582151266,4776.348913985,4705.16817927933,4690.329379777801,4557.70077393766
GCAM 4.2,SSP5-Baseline,Countries from the Reforming Economies of the Former Soviet Union,Emissions|CO2|Energy|Supply|Electricity,Mt CO2/yr,,900.233223083334,1192.35962776333,1346.83383083333,1417.84330420333,1420.49795437,1348.25957368667,1302.08150552333,1202.14918688333,1167.31498917,1145.23030651333
GCAM 4.2,SSP5-Baseline,Countries from the Reforming Economies of the Former Soviet Union,Final Energy,EJ/yr,,34.98710206,38.906610915,44.70919427600001,49.537859628,51.488030329,52.569439695,52.97558622,51.955392697,50.083105809,47.98768186
GCAM 4.2,SSP5-Baseline,Countries from the Reforming Economies of the Former Soviet Union,Final Energy|Electricity,EJ/yr,,5.069809919,7.794338566,9.932188709,11.807023877,12.858917228,13.278790567,13.457055216,13.295058183,12.849160334,12.280140622
GCAM 4.2,SSP5-Baseline,Countries from the Reforming Economies of the Former Soviet Union,Final Energy|Gases,EJ/yr,,8.808095083,9.421935489,10.767937854,11.653989205,11.759573403000001,11.726821046,11.642339982,11.172817050999999,10.395828164,9.980914238
GCAM 4.2,SSP5-Baseline,Countries from the Reforming Economies of the Former Soviet Union,Final Energy|Heat,EJ/yr,,6.5932709,6.361485500000001,6.5991739,6.578963099999998,6.2835645,5.956464599999999,5.574975900000001,5.09006695,4.56290607,4.06044601
GCAM 4.2,SSP5-Baseline,Countries from the Reforming Economies of the Former Soviet Union,Final Energy|Hydrogen,EJ/yr,,0.0,0.018137132,0.053343032000000005,0.10559473,0.17137218,0.22158738300000003,0.27070515,0.31207327300000004,0.348378526,0.367151455
GCAM 4.2,SSP5-Baseline,Countries from the Reforming Economies of the Former Soviet Union,Final Energy|Industry,EJ/yr,,18.223892538,19.211993155,20.552414091,21.519807154,21.895306034,22.032975004,21.965013265,21.429985845,20.492163744,19.531874852
GCAM 4.2,SSP5-Baseline,Countries from the Reforming Economies of the Former Soviet Union,Final Energy|Liquids,EJ/yr,,9.67148797,10.87162717,12.987225279,15.049135871,16.161966632,17.240615436,18.11614938,18.45997675,18.560597093,18.240496549
GCAM 4.2,SSP5-Baseline,Countries from the Reforming Economies of the Former Soviet Union,Final Energy|Solids,EJ/yr,,4.844438188,4.439087058,4.369325502,4.343152845,4.252636386,4.145160663,3.914360592,3.62540049,3.366235622,3.058532986
GCAM 4.2,SSP5-Baseline,Countries from the Reforming Economies of the Former Soviet Union,Final Energy|Solids|Biomass,EJ/yr,,0.9774730180000001,0.908004448,0.7922252120000001,0.7040930550000001,0.641986476,0.581498493,0.5252134980000001,0.469650102,0.42307525700000004,0.375786393
GCAM 4.2,SSP5-Baseline,Countries from the Reforming Economies of the Former Soviet Union,Final Energy|Solids|Coal,EJ/yr,,3.8669651700000003,3.53108261,3.5771002899999997,3.63905979,3.6106499100000002,3.5636621699999997,3.3891470939999992,3.155750388,2.9431603650000002,2.682746593
GCAM 4.2,SSP5-Baseline,Countries from the Reforming Economies of the Former Soviet Union,Final Energy|Transportation,EJ/yr,,6.299913263,7.487004145,9.422388235,11.402845004,12.491403895,13.53457779,14.5422287,15.134567718,15.528554543,15.748859043
GCAM 4.2,SSP5-Baseline,Countries from the Reforming Economies of the Former Soviet Union,Final Energy|Transportation|Electricity,EJ/yr,,0.28255979999999903,0.390955261,0.523618769,0.677293047,0.807388017999999,0.934551517,1.077318655999999,1.210799613,1.348326854,1.478441981999999
GCAM 4.2,SSP5-Baseline,Countries from the Reforming Economies of the Former Soviet Union,Final Energy|Transportation|Hydrogen,EJ/yr,,0.0,0.002895522,0.018858738,0.047427433000000005,0.086833904,0.13059236600000002,0.17530082200000002,0.21558816400000003,0.252603562,0.27746855400000003
GCAM 4.2,SSP5-Baseline,Countries from the Reforming Economies of the Former Soviet Union,Final Energy|Transportation|Liquids,EJ/yr,,6.00467123,6.935185102999999,8.477904794,9.984169689,10.62891126,11.239619141,11.81059891,12.03484172,12.101665223,12.026098039
GCAM 4.2,SSP5-Baseline,Countries from the Reforming Economies of the Former Soviet Union,Population,million,,305.238,301.058,297.433,294.448,290.665,284.878,275.584,262.205,245.929,228.252
GCAM 4.2,SSP5-Baseline,Countries from the Reforming Economies of the Former Soviet Union,Primary Energy,EJ/yr,,45.27955985,53.289134243,63.04079854,70.723386956,74.049572447,75.519398607,75.972270969,74.332837829,72.314503423,69.475470953
GCAM 4.2,SSP5-Baseline,Countries from the Reforming Economies of the Former Soviet Union,Primary Energy|Biomass,EJ/yr,,1.2792029999999999,1.7553919999999992,2.255727,2.558886,2.661061,2.841182,2.685391,2.541629,2.419211,2.217052
GCAM 4.2,SSP5-Baseline,Countries from the Reforming Economies of the Former Soviet Union,Primary Energy|Coal,EJ/yr,,9.92063,12.01283,15.34052,18.14166,19.97546,22.12556,22.65008,21.53143,21.46265,20.33235
GCAM 4.2,SSP5-Baseline,Countries from the Reforming Economies of the Former Soviet Union,Primary Energy|Fossil,EJ/yr,,41.912498,48.554382,56.6710596,62.880389,65.406093,65.762259,65.872001,64.24974399999999,62.748132,60.792821
GCAM 4.2,SSP5-Baseline,Countries from the Reforming Economies of the Former Soviet Union,Primary Energy|Gas,EJ/yr,,20.97471,25.21532,30.01602,32.88113,33.08614,30.90239,29.25917,27.77441,25.62118,24.76838
GCAM 4.2,SSP5-Baseline,Countries from the Reforming Economies of the Former Soviet Union,Primary Energy|Nuclear,EJ/yr,,1.261544,1.8966801,2.6483217,3.3724436,3.7402674,4.260028299999999,4.5676359,4.3760634,3.9119807,3.2492932
GCAM 4.2,SSP5-Baseline,Countries from the Reforming Economies of the Former Soviet Union,Primary Energy|Oil,EJ/yr,,11.017158,11.326232,11.3145196,11.857599,12.344493,12.734309,13.962751,14.943904,15.664302,15.692091
GCAM 4.2,SSP5-Baseline,Countries from the Reforming Economies of the Former Soviet Union,Secondary Energy|Electricity,EJ/yr,,8.853292695,11.592338601,13.693169901000001,15.261576417,15.865439779,15.931010794,15.81413394,15.599548862,15.052735141,14.363899129
GCAM 4.2,SSP5-Baseline,Countries from the Reforming Economies of the Former Soviet Union,Secondary Energy|Electricity|Biomass,EJ/yr,,0.058359192000000004,0.084759808,0.119915850999999,0.15824916800000002,0.191620898999999,0.265014326,0.309172008,0.36555151700000005,0.40564663700000003,0.407245113999999
GCAM 4.2,SSP5-Baseline,Countries from the Reforming Economies of the Former Soviet Union,Secondary Energy|Electricity|Biomass|w/ CCS,EJ/yr,,0.0,0.0,0.0,0.0,0.0,0.0,0.0,0.0,0.0,0.0
GCAM 4.2,SSP5-Baseline,Countries from the Reforming Economies of the Former Soviet Union,Secondary Energy|Electricity|Biomass|w/o CCS,EJ/yr,,0.058359192000000004,0.084759808,0.119915850999999,0.15824916800000002,0.191620898999999,0.265014326,0.309172008,0.36555151700000005,0.40564663700000003,0.407245113999999
GCAM 4.2,SSP5-Baseline,Countries from the Reforming Economies of the Former Soviet Union,Secondary Energy|Electricity|Coal,EJ/yr,,2.6223499,3.2438577,3.579411,3.72459184,3.75910412,3.93104007,4.08392547,3.9297565,3.98178439,3.95624689
GCAM 4.2,SSP5-Baseline,Countries from the Reforming Economies of the Former Soviet Union,Secondary Energy|Electricity|Coal|w/ CCS,EJ/yr,,0.0,0.0,0.0,0.0,0.0,0.0,0.0,0.0,0.0,0.0
GCAM 4.2,SSP5-Baseline,Countries from the Reforming Economies of the Former Soviet Union,Secondary Energy|Electricity|Coal|w/o CCS,EJ/yr,,2.6223499,3.2438577,3.579411,3.72459184,3.75910412,3.93104007,4.08392547,3.9297565,3.98178439,3.95624689
GCAM 4.2,SSP5-Baseline,Countries from the Reforming Economies of the Former Soviet Union,Secondary Energy|Electricity|Gas,EJ/yr,,3.974589043,5.2580132840000005,5.851515599,6.067986816,5.910074894,4.7893469920000005,3.980212028999999,3.726100508,3.472444535,3.49088975
GCAM 4.2,SSP5-Baseline,Countries from the Reforming Economies of the Former Soviet Union,Secondary Energy|Electricity|Gas|w/ CCS,EJ/yr,,0.0,0.0,0.0,0.0,0.0,0.0,0.0,0.0,0.0,0.0
GCAM 4.2,SSP5-Baseline,Countries from the Reforming Economies of the Former Soviet Union,Secondary Energy|Electricity|Gas|w/o CCS,EJ/yr,,3.974589043,5.2580132840000005,5.851515599,6.067986816,5.910074894,4.7893469920000005,3.980212028999999,3.726100508,3.472444535,3.49088975
GCAM 4.2,SSP5-Baseline,Countries from the Reforming Economies of the Former Soviet Union,Secondary Energy|Electricity|Geothermal,EJ/yr,,0.00181788,0.06966446400000001,0.159100231999999,0.20913374,0.220327553999999,0.23972435800000003,0.230694056,0.23687754300000002,0.23569846900000002,0.21640605200000002
GCAM 4.2,SSP5-Baseline,Countries from the Reforming Economies of the Former Soviet Union,Secondary Energy|Electricity|Hydro,EJ/yr,,0.8071022,0.8812955,0.9558673999999999,1.040465599999999,1.1350921,1.2297176,1.3243421,1.4189726,1.5135920999999999,1.5609069
GCAM 4.2,SSP5-Baseline,Countries from the Reforming Economies of the Former Soviet Union,Secondary Energy|Electricity|Non-Biomass Renewables,EJ/yr,,0.82631485,1.082680143,1.465690239,1.9116683550000002,2.2421510469999992,2.655929307,2.8472430689999992,3.165401428999999,3.235179724,3.216304753
GCAM 4.2,SSP5-Baseline,Countries from the Reforming Economies of the Former Soviet Union,Secondary Energy|Electricity|Nuclear,EJ/yr,,1.261544,1.8966801,2.6483217,3.3724436,3.7402674,4.260028299999999,4.5676359,4.3760634,3.9119807,3.2492932
GCAM 4.2,SSP5-Baseline,Countries from the Reforming Economies of the Former Soviet Union,Secondary Energy|Electricity|Oil,EJ/yr,,0.11013571,0.026347566000000003,0.028315512,0.026636637999999,0.022221419000000003,0.029651799000000003,0.025945463999999002,0.036675507999999,0.045699155000000005,0.043919422
GCAM 4.2,SSP5-Baseline,Countries from the Reforming Economies of the Former Soviet Union,Secondary Energy|Electricity|Solar,EJ/yr,,0.00240837,0.059587142,0.118918038,0.21211637200000003,0.280176725,0.403977391,0.479417457999998,0.550256659,0.5565938930000001,0.538437223999998
GCAM 4.2,SSP5-Baseline,Countries from the Reforming Economies of the Former Soviet Union,Secondary Energy|Electricity|Wind,EJ/yr,,0.014986399999999999,0.07213303700000001,0.23180456900000002,0.44995264300000004,0.606554668,0.782509958,0.8127894550000001,0.959294627,0.929295262,0.9005545770000001
GCAM 4.2,SSP5-Baseline,Countries from the Reforming Economies of the Former Soviet Union,Secondary Energy|Hydrogen,EJ/yr,,0.0,0.018138618000000002,0.053343265,0.105594406999999,0.17137211,0.22158782,0.270705385,0.31207348900000004,0.348378546,0.367151261
GCAM 4.2,SSP5-Baseline,Countries of the Middle East and Africa,Capacity|Electricity,GW,,632.277985948787,629.86748799504,996.47818645362,1597.24144953888,2342.64462184467,3194.0941441946,3980.0787556637,4545.694181643161,4875.1717174627,5050.90083604726
GCAM 4.2,SSP5-Baseline,Countries of the Middle East and Africa,Capacity|Electricity|Biomass,GW,,0.119720319634703,3.82918430523845,12.6020407233004,28.9448225440766,53.7421543632673,85.2173725266362,120.707359921994,152.562275851408,175.664225488331,189.392021935249
GCAM 4.2,SSP5-Baseline,Countries of the Middle East and Africa,Capacity|Electricity|Coal,GW,,42.0344082952816,65.7369918505835,100.865425624683,150.3805563483,213.640744823377,278.010088906329,345.500005152841,406.21581803336,462.130434265602,524.901923595256
GCAM 4.2,SSP5-Baseline,Countries of the Middle East and Africa,Capacity|Electricity|Gas,GW,,151.500532724505,278.213225694444,420.753755604706,619.395062817098,834.419721627662,976.842288004185,1100.55050930682,1176.20426138382,1157.44145444888,1175.18849958777
GCAM 4.2,SSP5-Baseline,Countries of the Middle East and Africa,Capacity|Electricity|Nuclear,GW,,1.53462709284627,2.87323912001804,29.1093723927504,90.8401588660579,153.752756356052,221.673609138057,293.798106255989,364.881396922037,403.313457283387,407.825955874063
GCAM 4.2,SSP5-Baseline,Countries of the Middle East and Africa,Capacity|Electricity|Oil,GW,,418.5238647894471,213.060520199138,272.746438831812,344.1286255390661,401.319360096397,542.229724521182,653.847104895992,769.72051901002,905.1741374936572,1006.73989785483
GCAM 4.2,SSP5-Baseline,Countries of the Middle East and Africa,Capacity|Electricity|Solar,GW,,0.054794520547944,27.7276871034665,70.3548339043058,182.26005009546,397.792600774602,705.5671299824451,1007.14912356423,1183.54454251187,1281.33460136875,1266.66934731392
GCAM 4.2,SSP5-Baseline,Countries of the Middle East and Africa,Capacity|Electricity|Wind,GW,,0.7101709912782971,10.4628106854952,47.8368932400239,126.000176127214,221.118481006509,306.493172815724,369.3078812706109,392.20427616252,378.606635527651,363.120074200914
GCAM 4.2,SSP5-Baseline,Countries of the Middle East and Africa,Emissions|CH4,Mt CH4/yr,,56.637573825,60.1474024,76.460970365,96.828025772,118.31790963,136.060126844,147.771543018,149.236886031,147.048656597,136.982716061
GCAM 4.2,SSP5-Baseline,Countries of the Middle East and Africa,Emissions|CH4|Energy,Mt CH4/yr,,23.099272896,18.620612154,24.734785168,33.272216843,41.621520429,46.663050539,45.338987147,34.19149057,23.423896223,8.120156085
GCAM 4.2,SSP5-Baseline,Countries of the Middle East and Africa,Emissions|CO2,Mt CO2/yr,,4574.22155401461,4432.70891146289,6285.85816983556,9691.60471530635,12869.6842268967,15946.5713109797,19013.7021646205,21327.3546927879,22934.3766208595,23766.023708977
GCAM 4.2,SSP5-Baseline,Countries of the Middle East and Africa,Emissions|CO2|AFOLU,Mt CO2/yr,,1609.99114841033,598.869440953667,419.344135822333,825.860761858,578.361850113667,51.8905270326667,-67.5223896049999,-77.8897933953333,-202.272287605667,-300.638355501
GCAM 4.2,SSP5-Baseline,Countries of the Middle East and Africa,Emissions|CO2|Energy and Industrial Processes,Mt CO2/yr,,2964.23040560427,3833.83947050923,5866.514034013238,8865.74395344835,12291.322376783,15894.680783947,19081.2245542255,21405.2444861833,23136.6489084651,24066.662064478
GCAM 4.2,SSP5-Baseline,Countries of the Middle East and Africa,Emissions|CO2|Energy|Supply|Electricity,Mt CO2/yr,,1002.54673722867,1275.38549305933,1856.96183053333,2632.62141354667,3487.14663986333,4233.927823363339,4907.89901326999,5415.787458033329,5718.83091963334,6084.35919703334
GCAM 4.2,SSP5-Baseline,Countries of the Middle East and Africa,Final Energy,EJ/yr,,44.920991925,58.95336679800001,81.824670759,115.946591712,155.964884254,198.119055093,238.224079723,269.847827792,291.639140847,304.48882254
GCAM 4.2,SSP5-Baseline,Countries of the Middle East and Africa,Final Energy|Electricity,EJ/yr,,4.53228389,7.984881127,13.946660078,23.556711523,35.086143727,46.44786435,57.13000826,65.09498981899999,68.941845373,71.185306048
GCAM 4.2,SSP5-Baseline,Countries of the Middle East and Africa,Final Energy|Gases,EJ/yr,,8.411787687999999,10.904806838,14.793164195,19.800686288,24.488784913,28.941865811,33.37034821,36.905864111,39.248579306,42.318874374
GCAM 4.2,SSP5-Baseline,Countries of the Middle East and Africa,Final Energy|Heat,EJ/yr,,0.0,0.0,0.0,0.0,0.0,0.0,0.0,0.0,0.0,0.0
GCAM 4.2,SSP5-Baseline,Countries of the Middle East and Africa,Final Energy|Hydrogen,EJ/yr,,0.0,0.03696681,0.174176947,0.528724407,1.162573133,1.746821301,2.338708557,2.8790162070000003,3.374171944,3.65533382
GCAM 4.2,SSP5-Baseline,Countries of the Middle East and Africa,Final Energy|Industry,EJ/yr,,16.296187857,22.917597118,34.22011106,50.010419271,64.927699708,76.37230717,85.97920340299999,93.242974442,98.146312208,101.646727007
GCAM 4.2,SSP5-Baseline,Countries of the Middle East and Africa,Final Energy|Liquids,EJ/yr,,16.982188327,22.612976281999998,33.472285497,51.359566143,73.74459943,99.822102087,125.01825669,145.867340248,162.327759854,171.26737714
GCAM 4.2,SSP5-Baseline,Countries of the Middle East and Africa,Final Energy|Solids,EJ/yr,,14.99473202,17.413735741,19.438384042,20.700903351,21.482783051,21.160401544,20.366758006,19.100617407,17.74678437,16.061931158
GCAM 4.2,SSP5-Baseline,Countries of the Middle East and Africa,Final Energy|Solids|Biomass,EJ/yr,,13.784981687,15.90950411,17.54201997,18.328981418,18.771022383000002,18.207478225,17.349841709,16.140590054,14.882292026,13.351431876
GCAM 4.2,SSP5-Baseline,Countries of the Middle East and Africa,Final Energy|Solids|Coal,EJ/yr,,1.2097503330000001,1.5042316310000001,1.896364072,2.371921933,2.711760668,2.952923319,3.016916297,2.960027353,2.8644923440000003,2.710499282
GCAM 4.2,SSP5-Baseline,Countries of the Middle East and Africa,Final Energy|Transportation,EJ/yr,,10.789353989,14.381978029,20.942278917,31.32788956,44.048008475,59.735664209,76.238707114,91.425567083,104.505666609,114.781859895
GCAM 4.2,SSP5-Baseline,Countries of the Middle East and Africa,Final Energy|Transportation|Electricity,EJ/yr,,0.01736861,0.031272077,0.058442178000000004,0.10675822300000001,0.188282527,0.31404395,0.48420966,0.710168719,0.999172873,1.281837748
GCAM 4.2,SSP5-Baseline,Countries of the Middle East and Africa,Final Energy|Transportation|Hydrogen,EJ/yr,,0.0,0.007607936000000001,0.050585872999999004,0.141946273,0.295427565,0.514185491,0.763408747,1.022260367,1.268094384,1.45389195
GCAM 4.2,SSP5-Baseline,Countries of the Middle East and Africa,Final Energy|Transportation|Liquids,EJ/yr,,10.559908491,13.838581452,19.568447877,28.376885743,38.79338552,51.510059307,64.59527339,76.197038688,85.768015724,92.56441576
GCAM 4.2,SSP5-Baseline,Countries of the Middle East and Africa,Population,million,,1237.419,1495.489,1728.104,1931.489,2085.759,2185.143,2237.161,2242.164,2204.656,2130.578
GCAM 4.2,SSP5-Baseline,Countries of the Middle East and Africa,Primary Energy,EJ/yr,,58.26001119,76.175990443,111.569261504,162.266538455,219.747521846,277.965882651,329.95045497,368.057654667,392.822692998,406.668481744
GCAM 4.2,SSP5-Baseline,Countries of the Middle East and Africa,Primary Energy|Biomass,EJ/yr,,13.7989868,17.2516552,21.10263499,24.546313448,27.888361663,30.270258178,31.603532768,31.975608086,31.686010451,30.533586394
GCAM 4.2,SSP5-Baseline,Countries of the Middle East and Africa,Primary Energy|Coal,EJ/yr,,4.601230200000002,7.5375250000000005,16.684087,29.14721,43.31577,58.77131,69.82208,77.08765,84.15221,86.98902
GCAM 4.2,SSP5-Baseline,Countries of the Middle East and Africa,Primary Energy|Fossil,EJ/yr,,43.9586468,57.7657169,87.28544000000002,130.345216,179.109274,228.76953,273.60155,307.064078,330.024704,345.091466
GCAM 4.2,SSP5-Baseline,Countries of the Middle East and Africa,Primary Energy|Gas,EJ/yr,,16.7746766,25.958082,41.592392,61.45018,80.11421,93.19253,103.06659,107.00839,103.29184,104.46851
GCAM 4.2,SSP5-Baseline,Countries of the Middle East and Africa,Primary Energy|Nuclear,EJ/yr,,0.043556399999999995,0.08154942200000001,0.8261938510000001,2.578261725,4.363872232,6.2916290440000004,8.338695371,10.35620976,11.44700387,11.57507941
GCAM 4.2,SSP5-Baseline,Countries of the Middle East and Africa,Primary Energy|Oil,EJ/yr,,22.58274,24.2701099,29.008961,39.747826,55.67929399999999,76.80569,100.71288,122.968038,142.580654,153.633936
GCAM 4.2,SSP5-Baseline,Countries of the Middle East and Africa,Secondary Energy|Electricity,EJ/yr,,5.56746661681,9.651601675,16.772758268,28.247476889,41.910696817,55.254166933,67.775787366,77.16284562199999,81.624324681,84.294817599
GCAM 4.2,SSP5-Baseline,Countries of the Middle East and Africa,Secondary Energy|Electricity|Biomass,EJ/yr,,0.0030204,0.096605725,0.317934365,0.730243139,1.355850064,2.149932048,3.045301841999999,3.848963145,4.431797612,4.778133443
GCAM 4.2,SSP5-Baseline,Countries of the Middle East and Africa,Secondary Energy|Electricity|Biomass|w/ CCS,EJ/yr,,0.0,0.0,0.0,0.0,0.0,0.0,0.0,0.0,0.0,0.0
GCAM 4.2,SSP5-Baseline,Countries of the Middle East and Africa,Secondary Energy|Electricity|Biomass|w/o CCS,EJ/yr,,0.0030204,0.096605725,0.317934365,0.730243139,1.355850064,2.149932048,3.045301841999999,3.848963145,4.431797612,4.778133443
GCAM 4.2,SSP5-Baseline,Countries of the Middle East and Africa,Secondary Energy|Electricity|Coal,EJ/yr,,1.06047768,1.65846542,2.5447136500000003,3.79392098,5.389899623,7.013860931,8.71655053,10.24833763,11.6589963,13.24264565
GCAM 4.2,SSP5-Baseline,Countries of the Middle East and Africa,Secondary Energy|Electricity|Coal|w/ CCS,EJ/yr,,0.0,0.0,0.0,0.0,0.0,0.0,0.0,0.0,0.0,0.0
GCAM 4.2,SSP5-Baseline,Countries of the Middle East and Africa,Secondary Energy|Electricity|Coal|w/o CCS,EJ/yr,,1.06047768,1.65846542,2.5447136500000003,3.79392098,5.389899623,7.013860931,8.71655053,10.24833763,11.6589963,13.24264565
GCAM 4.2,SSP5-Baseline,Countries of the Middle East and Africa,Secondary Energy|Electricity|Gas,EJ/yr,,2.6817340868099997,5.8854228960000015,9.497455497,14.613762792,20.174624253,23.940715913,27.224616862,29.201612916,28.784813554,29.213895909
GCAM 4.2,SSP5-Baseline,Countries of the Middle East and Africa,Secondary Energy|Electricity|Gas|w/ CCS,EJ/yr,,0.0,0.0,0.0,0.0,0.0,0.0,0.0,0.0,0.0,0.0
GCAM 4.2,SSP5-Baseline,Countries of the Middle East and Africa,Secondary Energy|Electricity|Gas|w/o CCS,EJ/yr,,2.6817340868099997,5.8854228960000015,9.497455497,14.613762792,20.174624253,23.940715913,27.224616862,29.201612916,28.784813554,29.213895909
GCAM 4.2,SSP5-Baseline,Countries of the Middle East and Africa,Secondary Energy|Electricity|Geothermal,EJ/yr,,0.00529559,0.10917835000000001,0.31591897,0.42889913900000004,0.43921676400000004,0.44033175900000004,0.440336462999998,0.43994761200000004,0.43964183900000003,0.439073832999998
GCAM 4.2,SSP5-Baseline,Countries of the Middle East and Africa,Secondary Energy|Electricity|Hydro,EJ/yr,,0.4437737,0.5963155,0.748974199999998,0.9660516,1.2475506,1.5290475,1.810543399999999,2.092042299999999,2.3735402,2.5142881
GCAM 4.2,SSP5-Baseline,Countries of the Middle East and Africa,Secondary Energy|Electricity|Non-Biomass Renewables,EJ/yr,,0.45882119,1.077068968,2.354992663,4.796747282,8.386013951,12.634465429,16.406676831,18.661758821,19.664974677,19.46834994
GCAM 4.2,SSP5-Baseline,Countries of the Middle East and Africa,Secondary Energy|Electricity|Nuclear,EJ/yr,,0.043556399999999995,0.08154942200000001,0.8261938510000001,2.578261725,4.363872232,6.2916290440000004,8.338695371,10.35620976,11.44700387,11.57507941
GCAM 4.2,SSP5-Baseline,Countries of the Middle East and Africa,Secondary Energy|Electricity|Oil,EJ/yr,,1.31985686,0.852489244,1.231468242,1.734540971,2.240436694,3.223563568,4.04394593,4.84596335,5.636738668,6.016713247
GCAM 4.2,SSP5-Baseline,Countries of the Middle East and Africa,Secondary Energy|Electricity|Solar,EJ/yr,,0.0003456,0.223095552,0.596151109,1.573967104,3.421846151,6.025613195,8.565480163,10.069177423,10.881923209,10.789310677
GCAM 4.2,SSP5-Baseline,Countries of the Middle East and Africa,Secondary Energy|Electricity|Wind,EJ/yr,,0.0094063,0.148479566,0.693948384,1.827829439,3.277400436,4.639472975,5.5903168050000005,6.060591486,5.969869429,5.72567733
GCAM 4.2,SSP5-Baseline,Countries of the Middle East and Africa,Secondary Energy|Hydrogen,EJ/yr,,0.0,0.036966907,0.174174991,0.5287239060000001,1.162572419,1.746822481999999,2.3387070530000003,2.879017325,3.374171589,3.6553329210000003
GCAM 4.2,SSP5-Baseline,Latin American countries,Capacity|Electricity,GW,,396.364036509295,448.020741803219,659.5100074178949,913.8107186501468,1136.78714714369,1310.9523699769,1412.56291802831,1437.48910667136,1386.78133094972,1287.86252477493
GCAM 4.2,SSP5-Baseline,Latin American countries,Capacity|Electricity|Biomass,GW,,6.05381785895484,15.7486255390665,24.5239895278412,35.0673124762176,44.17376407122011,52.4380143328259,59.4696985191527,58.1752227612887,55.7184959252917,48.7220660514967
GCAM 4.2,SSP5-Baseline,Latin American countries,Capacity|Electricity|Coal,GW,,10.0881330067225,23.7019723490614,40.4395111935565,62.4017079686707,84.12748485857429,103.416757356672,122.750736459919,133.011464675292,137.225690084348,134.68966379693
GCAM 4.2,SSP5-Baseline,Latin American countries,Capacity|Electricity|Gas,GW,,57.2371630834601,120.406657787925,193.948010527651,283.45102367136,356.190267709919,373.451942652841,365.919585996956,338.895466102232,291.539321981228,265.277582699137
GCAM 4.2,SSP5-Baseline,Latin American countries,Capacity|Electricity|Nuclear,GW,,3.49733637747336,5.0974193161959604,10.6555056654828,22.6947549890073,38.8145062433057,53.0932482806246,65.5215910211963,76.9324655420261,81.0831437792433,76.5077801736286
GCAM 4.2,SSP5-Baseline,Latin American countries,Capacity|Electricity|Oil,GW,,212.502727042111,130.613144897894,173.545124698757,188.175347578957,177.81422219844,189.361965571093,195.09222154839,205.8356364948,203.832347356988,190.907763587646
GCAM 4.2,SSP5-Baseline,Latin American countries,Capacity|Electricity|Solar,GW,,0.026319127346524,16.2071789086081,40.63535308622171,92.9128169571664,167.769165804043,250.206266858413,307.033280586623,321.461140579919,316.07209345219,280.6500916332701
GCAM 4.2,SSP5-Baseline,Latin American countries,Capacity|Electricity|Wind,GW,,1.21192106979778,13.0656833107841,37.3250769307128,76.29416815564821,103.379601428155,115.592389187489,114.338057035346,110.778555185392,99.85665924657542,86.8948800735668
GCAM 4.2,SSP5-Baseline,Latin American countries,Emissions|CH4,Mt CH4/yr,,47.663797361,46.61611299899999,50.537449013,53.358126757,54.06117459399999,54.541560951,55.656489753,53.593514347,55.56298525800001,44.681628697
GCAM 4.2,SSP5-Baseline,Latin American countries,Emissions|CH4|Energy,Mt CH4/yr,,7.8909337760000025,5.080032939,7.032470042999999,9.185844159,10.303584913,12.197530221,15.349318693,15.772378661,20.72094276,13.275253047
GCAM 4.2,SSP5-Baseline,Latin American countries,Emissions|CO2,Mt CO2/yr,,3153.32032800643,2500.93537009862,3435.66040829766,4610.798844525129,5598.15297653334,6556.53397832107,7110.183214242171,7371.390527324259,7312.20308041521,7043.67375172047
GCAM 4.2,SSP5-Baseline,Latin American countries,Emissions|CO2|AFOLU,Mt CO2/yr,,1400.46895894767,41.0242469413334,-117.654144762,-183.684734794,-235.316365265667,-137.507283675667,-163.872987567667,-199.116227878333,-285.86416606,-369.817366079334
GCAM 4.2,SSP5-Baseline,Latin American countries,Emissions|CO2|Energy and Industrial Processes,Mt CO2/yr,,1752.85136905877,2459.911123157289,3553.31455305967,4794.48357931913,5833.469341799,6694.04126199673,7274.05620180984,7570.5067552026,7598.067246475202,7413.4911177998
GCAM 4.2,SSP5-Baseline,Latin American countries,Emissions|CO2|Energy|Supply|Electricity,Mt CO2/yr,,337.337038936334,535.732075893667,841.083030076666,1183.02346730333,1454.71463925333,1598.30564325667,1674.55134979,1648.04483404,1541.88965516667,1436.70971062667
GCAM 4.2,SSP5-Baseline,Latin American countries,Final Energy,EJ/yr,,27.646858622,35.5357362,46.066791495,58.904337623,69.964293036,78.222882447,83.685743459,86.303238069,86.335782715,84.13988740399999
GCAM 4.2,SSP5-Baseline,Latin American countries,Final Energy|Electricity,EJ/yr,,4.10752745,6.422862647000001,9.703745799,14.043269634,18.074013153,20.755236409,22.36942931,22.829034173,22.106464378,20.822393229
GCAM 4.2,SSP5-Baseline,Latin American countries,Final Energy|Gases,EJ/yr,,4.259633825,5.3893323639999995,7.25782382,9.311702306,11.020466637,12.371553101,13.520688373,14.334206026,14.674918846,15.153515965
GCAM 4.2,SSP5-Baseline,Latin American countries,Final Energy|Heat,EJ/yr,,0.0,0.0,0.0,0.0,0.0,0.0,0.0,0.0,0.0,0.0
GCAM 4.2,SSP5-Baseline,Latin American countries,Final Energy|Hydrogen,EJ/yr,,0.0,0.044583110999999,0.150731745,0.317042472,0.521007046,0.6665266230000001,0.794863107999999,0.8951583000000001,0.963109755999999,0.9680913350000001
GCAM 4.2,SSP5-Baseline,Latin American countries,Final Energy|Industry,EJ/yr,,12.80485799,16.552176871,20.566382026,24.160060655,26.441266646,27.71683674,28.305909066,28.229404197,27.403608267,26.076168501
GCAM 4.2,SSP5-Baseline,Latin American countries,Final Energy|Liquids,EJ/yr,,14.280515814,19.312662698,24.840932039,31.345189114,36.705499365,41.055678271,43.939831398,45.50636648800001,46.160205438,45.107274193
GCAM 4.2,SSP5-Baseline,Latin American countries,Final Energy|Solids,EJ/yr,,4.999181533,4.36629538,4.113558092,3.8871340969999992,3.643306835,3.373888043,3.06093127,2.738473082,2.431084297,2.088612682
GCAM 4.2,SSP5-Baseline,Latin American countries,Final Energy|Solids|Biomass,EJ/yr,,4.289363363000001,3.509611621,3.082034321,2.697428116,2.380258307,2.099497794,1.84511158,1.605900941,1.3852517020000001,1.1596279520000001
GCAM 4.2,SSP5-Baseline,Latin American countries,Final Energy|Solids|Coal,EJ/yr,,0.70981817,0.856683759,1.031523771,1.189705981,1.2630485280000001,1.274390249,1.21581969,1.132572141,1.045832595,0.92898473
GCAM 4.2,SSP5-Baseline,Latin American countries,Final Energy|Transportation,EJ/yr,,9.582377567,12.231233455,16.061116583,21.2508277,26.150286706,30.389977194,34.014248805,36.89299472800001,39.018548789,40.210773244
GCAM 4.2,SSP5-Baseline,Latin American countries,Final Energy|Transportation|Electricity,EJ/yr,,0.016294293999999,0.066174993,0.142037821999999,0.25890839400000004,0.418810389,0.5825425780000001,0.736882829,0.8837728760000001,1.013618068,1.087637985999999
GCAM 4.2,SSP5-Baseline,Latin American countries,Final Energy|Transportation|Hydrogen,EJ/yr,,0.0,0.008022102,0.050649183,0.129695305,0.239616021,0.356527391,0.467960282,0.56313347,0.632455636,0.660073675
GCAM 4.2,SSP5-Baseline,Latin American countries,Final Energy|Transportation|Liquids,EJ/yr,,9.346679273,11.633314549,14.635785985,18.4096603,21.542050044,24.113885468,26.16535702,27.62097655,28.608238461,28.828976484000002
GCAM 4.2,SSP5-Baseline,Latin American countries,Population,million,,586.2230000000002,632.938,656.91,663.409,652.794,627.684,593.746,553.665,506.567,452.334
GCAM 4.2,SSP5-Baseline,Latin American countries,Primary Energy,EJ/yr,,33.515515082,45.61402751600001,63.651658944,84.028706212,100.759707726,113.37080025,120.965309118,123.81888145,122.315471361,118.098682975
GCAM 4.2,SSP5-Baseline,Latin American countries,Primary Energy|Biomass,EJ/yr,,4.738232892,5.434239567000001,6.588398281,7.4507188289999995,7.864811123,8.172405595,7.917438941,7.161574997000001,6.452037119,5.5367383740000005
GCAM 4.2,SSP5-Baseline,Latin American countries,Primary Energy|Coal,EJ/yr,,1.44790165,3.494891999999999,8.884979,14.333961,18.668166,22.89177,24.49769,24.51622,24.530920000000002,23.04421
GCAM 4.2,SSP5-Baseline,Latin American countries,Primary Energy|Fossil,EJ/yr,,25.99394105,36.6071649,52.358511,70.09953399999999,84.551243,95.29378,102.119311,105.047153,104.09847,101.36752
GCAM 4.2,SSP5-Baseline,Latin American countries,Primary Energy|Gas,EJ/yr,,7.841464,12.687671,21.46433,30.53409000000001,37.20456,40.81504,42.4236,42.37449,39.47728,38.52524
GCAM 4.2,SSP5-Baseline,Latin American countries,Primary Energy|Nuclear,EJ/yr,,0.0992628,0.144676994,0.30242882400000004,0.6441316140000001,1.101648842,1.50691381,1.859660005,2.18352801,2.30133422,2.17147442
GCAM 4.2,SSP5-Baseline,Latin American countries,Primary Energy|Oil,EJ/yr,,16.7045754,20.4246019,22.009202,25.231483,28.678517,31.58697,35.19802100000001,38.156443,40.09027,39.79807
GCAM 4.2,SSP5-Baseline,Latin American countries,Secondary Energy|Electricity,EJ/yr,,5.020225841,7.7917249129999995,11.633611157,16.651963509,21.208988053,24.116486818,25.780733984,26.147451905,25.168596834,23.586053478
GCAM 4.2,SSP5-Baseline,Latin American countries,Secondary Energy|Electricity|Biomass,EJ/yr,,0.15273056000000002,0.397318923999999,0.618710827,0.8847062130000001,1.114451059,1.3229481760000001,1.50034913,1.46769106,1.40571079,1.2291992600000001
GCAM 4.2,SSP5-Baseline,Latin American countries,Secondary Energy|Electricity|Biomass|w/ CCS,EJ/yr,,0.0,0.0,0.0,0.0,0.0,0.0,0.0,0.0,0.0,0.0
GCAM 4.2,SSP5-Baseline,Latin American countries,Secondary Energy|Electricity|Biomass|w/o CCS,EJ/yr,,0.15273056000000002,0.397318923999999,0.618710827,0.8847062130000001,1.114451059,1.3229481760000001,1.50034913,1.46769106,1.40571079,1.2291992600000001
GCAM 4.2,SSP5-Baseline,Latin American countries,Secondary Energy|Electricity|Coal,EJ/yr,,0.25451149,0.59797232,1.02024034,1.57432021,2.12243549,2.609080688,3.09685378,3.3557196400000002,3.46203949,3.3980585899999998
GCAM 4.2,SSP5-Baseline,Latin American countries,Secondary Energy|Electricity|Coal|w/ CCS,EJ/yr,,0.0,0.0,0.0,0.0,0.0,0.0,0.0,0.0,0.0,0.0
GCAM 4.2,SSP5-Baseline,Latin American countries,Secondary Energy|Electricity|Coal|w/o CCS,EJ/yr,,0.25451149,0.59797232,1.02024034,1.57432021,2.12243549,2.609080688,3.09685378,3.3557196400000002,3.46203949,3.3980585899999998
GCAM 4.2,SSP5-Baseline,Latin American countries,Secondary Energy|Electricity|Gas,EJ/yr,,1.159494051,2.716304648,4.52877437,6.783346535,8.647266137999999,9.150690874,9.036988755,8.408549998,7.250778932999999,6.596218993
GCAM 4.2,SSP5-Baseline,Latin American countries,Secondary Energy|Electricity|Gas|w/ CCS,EJ/yr,,0.0,0.0,0.0,0.0,0.0,0.0,0.0,0.0,0.0,0.0
GCAM 4.2,SSP5-Baseline,Latin American countries,Secondary Energy|Electricity|Gas|w/o CCS,EJ/yr,,1.159494051,2.716304648,4.52877437,6.783346535,8.647266137999999,9.150690874,9.036988755,8.408549998,7.250778932999999,6.596218993
GCAM 4.2,SSP5-Baseline,Latin American countries,Secondary Energy|Electricity|Geothermal,EJ/yr,,0.035611199999999,0.33143459000000003,0.57195558,0.73497542,0.77531112,0.744230684,0.717495428,0.7138508100000001,0.6873350570000001,0.629465284
GCAM 4.2,SSP5-Baseline,Latin American countries,Secondary Energy|Electricity|Hydro,EJ/yr,,2.6322491,2.7762504999999997,2.9206548,3.120327999999999,3.375283999999999,3.630236,3.88519,4.140149,4.395097,4.522576
GCAM 4.2,SSP5-Baseline,Latin American countries,Secondary Energy|Electricity|Non-Biomass Renewables,EJ/yr,,2.68407834,3.427946781,4.402320839,5.834321769,7.2420047610000005,8.397700845,9.068899172,9.426625443,9.463630022,9.022950181
GCAM 4.2,SSP5-Baseline,Latin American countries,Secondary Energy|Electricity|Nuclear,EJ/yr,,0.0992628,0.144676994,0.30242882400000004,0.6441316140000001,1.101648842,1.50691381,1.859660005,2.18352801,2.30133422,2.17147442
GCAM 4.2,SSP5-Baseline,Latin American countries,Secondary Energy|Electricity|Oil,EJ/yr,,0.6701486,0.507505246,0.761135957,0.931137168,0.981181762999999,1.129152425,1.217983142,1.305337754,1.285103379,1.168152034
GCAM 4.2,SSP5-Baseline,Latin American countries,Secondary Energy|Electricity|Solar,EJ/yr,,0.00016600000000000002,0.134843854,0.368251922,0.872252855999999,1.559124995,2.2734798,2.7354465599999997,2.8608045,2.806658162,2.500750428
GCAM 4.2,SSP5-Baseline,Latin American countries,Secondary Energy|Electricity|Wind,EJ/yr,,0.01605204,0.185417837,0.541458537,1.106765493,1.532284646,1.749754361,1.730767184,1.711821133,1.574539803,1.3701584690000002
GCAM 4.2,SSP5-Baseline,Latin American countries,Secondary Energy|Hydrogen,EJ/yr,,0.0,0.044584133000000005,0.15073061000000001,0.31704187,0.521007598999998,0.666526999,0.7948633220000001,0.895157472999999,0.9631098830000001,0.9680907390000001
GCAM 4.2,SSP5-Baseline,OECD90 and EU (and EU candidate) countries,Capacity|Electricity,GW,,1611.0993741434,1959.84128734354,2425.66768475983,2935.14292619927,3387.78079915037,3821.706908647311,4232.54562242927,4616.58632074604,4916.05776388041,5129.81523438358
GCAM 4.2,SSP5-Baseline,OECD90 and EU (and EU candidate) countries,Capacity|Electricity|Biomass,GW,,19.47607258371389,18.7047957889396,25.4597581731988,35.3270144438103,47.8435987442922,61.2956098982115,77.12109323471591,90.7717417395992,104.984409008752,113.717057648402
GCAM 4.2,SSP5-Baseline,OECD90 and EU (and EU candidate) countries,Capacity|Electricity|Coal,GW,,463.145492453069,598.8770880898011,692.035747518708,798.61076186739,949.517006278538,1121.35420483733,1320.05786533644,1479.7055276113,1675.28515981735,1829.82130541286
GCAM 4.2,SSP5-Baseline,OECD90 and EU (and EU candidate) countries,Capacity|Electricity|Gas,GW,,347.871071156773,417.153351122526,517.715179667682,643.010010305682,791.901842180365,856.8128451610851,905.784121480212,1018.7341771309,1041.64365407788,1098.6424459348
GCAM 4.2,SSP5-Baseline,OECD90 and EU (and EU candidate) countries,Capacity|Electricity|Nuclear,GW,,262.545182930266,324.221299114945,398.240283767405,486.125109574947,574.837295648007,654.084399487006,732.095694867242,764.8849917554539,760.638317407971,710.707681520943
GCAM 4.2,SSP5-Baseline,OECD90 and EU (and EU candidate) countries,Capacity|Electricity|Oil,GW,,235.766717402334,36.5419491216387,30.8793170899924,37.48838680397,39.785073328894,42.3566213613013,49.2419597047818,70.4458275066591,79.3775085220066,87.000032542174
GCAM 4.2,SSP5-Baseline,OECD90 and EU (and EU candidate) countries,Capacity|Electricity|Solar,GW,,17.180225159981,81.5364054219988,112.744389879866,153.92404048787,202.076709032588,307.66985030746,404.689030095634,465.401339166842,512.893387008651,523.134039354276
GCAM 4.2,SSP5-Baseline,OECD90 and EU (and EU candidate) countries,Capacity|Electricity|Wind,GW,,71.763282627866,267.402247871921,417.800840585225,540.2857407958879,533.177191753835,523.070359734377,482.705763254693,459.598630266414,468.461243658042,492.113895611365
GCAM 4.2,SSP5-Baseline,OECD90 and EU (and EU candidate) countries,Emissions|CH4,Mt CH4/yr,,63.763727695,68.430240881,77.983803174,87.89276017,99.255740215,106.721591609,111.97922649,126.204985454,136.538241144,102.765631825
GCAM 4.2,SSP5-Baseline,OECD90 and EU (and EU candidate) countries,Emissions|CH4|Energy,Mt CH4/yr,,20.264424231,25.531846241,31.19837294,37.14655498699999,44.298984593,47.276908457,48.298598323,58.792183823,66.212404777,30.421307019
GCAM 4.2,SSP5-Baseline,OECD90 and EU (and EU candidate) countries,Emissions|CO2,Mt CO2/yr,,10660.1038559428,12461.641681493,14631.5633524368,17345.153014002,19887.4736627637,22968.48675901669,25588.3710216786,27811.4521730158,30004.0198738772,31659.3987680762
GCAM 4.2,SSP5-Baseline,OECD90 and EU (and EU candidate) countries,Emissions|CO2|AFOLU,Mt CO2/yr,,-752.360736314001,-601.876282172,-813.298716105334,-523.771176602667,-438.206263187,-155.350815062667,-137.643497442,-86.85132182466681,-141.949226745333,-198.432115434667
GCAM 4.2,SSP5-Baseline,OECD90 and EU (and EU candidate) countries,Emissions|CO2|Energy and Industrial Processes,Mt CO2/yr,,11412.4645922568,13063.517963665,15444.8620685421,17868.9241906047,20325.6799259507,23123.8375740794,25726.0145191207,27898.3034948405,30145.9691006224,31857.8308835109
GCAM 4.2,SSP5-Baseline,OECD90 and EU (and EU candidate) countries,Emissions|CO2|Energy|Supply|Electricity,Mt CO2/yr,,4108.33153626866,4999.45344315267,5743.84520300433,6543.004163663,7573.75192262333,8541.50287301667,9619.18295576333,10511.02881048,11479.9209332133,12312.9700237867
GCAM 4.2,SSP5-Baseline,OECD90 and EU (and EU candidate) countries,Final Energy,EJ/yr,,148.892618646,167.196636555,191.792458823,217.997271918,242.646317744,269.594907869,297.179812926,322.183031895,342.725794061,361.1233030830001
GCAM 4.2,SSP5-Baseline,OECD90 and EU (and EU candidate) countries,Final Energy|Electricity,EJ/yr,,30.761297942,40.172326299,49.265580671,59.34021017600002,69.476370099,78.463162213,87.05784710399998,95.07036141,101.212351909,105.560771865
GCAM 4.2,SSP5-Baseline,OECD90 and EU (and EU candidate) countries,Final Energy|Gases,EJ/yr,,31.31376412900001,35.362192323,42.114655495,47.397619647,51.043462799,55.295605627,60.111207312,63.659959459,65.32086923,69.346414637
GCAM 4.2,SSP5-Baseline,OECD90 and EU (and EU candidate) countries,Final Energy|Heat,EJ/yr,,0.0808569,0.10567256400000001,0.13435453,0.15370578000000001,0.15966714,0.16122433,0.15905387,0.15117881,0.14010227,0.1289107
GCAM 4.2,SSP5-Baseline,OECD90 and EU (and EU candidate) countries,Final Energy|Hydrogen,EJ/yr,,0.0,0.167022144,0.508583,0.97078714,1.5592271320000002,2.059434071,2.625147726,3.208972418999998,3.8010454300000003,4.275444206
GCAM 4.2,SSP5-Baseline,OECD90 and EU (and EU candidate) countries,Final Energy|Industry,EJ/yr,,52.432250823,58.54444152600001,66.887456309,75.410091382,84.166836984,94.044279453,104.710500159,115.075157659,124.049147271,132.948643463
GCAM 4.2,SSP5-Baseline,OECD90 and EU (and EU candidate) countries,Final Energy|Liquids,EJ/yr,,74.258112785,79.056667871,87.06285800100002,96.829354819,106.493632254,118.880674514,131.909425329,144.34127716,155.96449742,165.347874126
GCAM 4.2,SSP5-Baseline,OECD90 and EU (and EU candidate) countries,Final Energy|Solids,EJ/yr,,12.47858689,12.332755354,12.706427126,13.305594356,13.91395832,14.734807114,15.317131585,15.751282637,16.286927802,16.46388754900001
GCAM 4.2,SSP5-Baseline,OECD90 and EU (and EU candidate) countries,Final Energy|Solids|Biomass,EJ/yr,,5.67934563,5.276654457,5.051564467,5.018136872,5.106354647,5.303734297,5.509997597000001,5.68102384,5.887560002000001,5.943638718
GCAM 4.2,SSP5-Baseline,OECD90 and EU (and EU candidate) countries,Final Energy|Solids|Coal,EJ/yr,,6.799241260000001,7.056100897,7.654862659,8.287457483999999,8.807603673,9.431072817,9.807133988,10.070258797,10.3993678,10.520248831
GCAM 4.2,SSP5-Baseline,OECD90 and EU (and EU candidate) countries,Final Energy|Transportation,EJ/yr,,50.412754043,54.08978925100001,59.611098075,66.800078477,73.745092098,82.780453542,93.071750689,103.425318169,113.271921227,122.963917608
GCAM 4.2,SSP5-Baseline,OECD90 and EU (and EU candidate) countries,Final Energy|Transportation|Electricity,EJ/yr,,0.336318302,0.44063907900000004,0.6430951410000001,0.9084698560000001,1.267663919,1.738222503,2.335702324,3.06943814,3.9331162490000002,4.775438925
GCAM 4.2,SSP5-Baseline,OECD90 and EU (and EU candidate) countries,Final Energy|Transportation|Hydrogen,EJ/yr,,0.0,0.03926352,0.196373921,0.40277801,0.6576653650000001,0.967561262,1.3251896699999999,1.7019955050000002,2.069488569,2.385629347
GCAM 4.2,SSP5-Baseline,OECD90 and EU (and EU candidate) countries,Final Energy|Transportation|Liquids,EJ/yr,,49.972249405,52.452623365,55.973326943,60.882029294,65.28403824899999,71.45140139,78.49137811899999,85.39285823,91.77100212,97.866132066
GCAM 4.2,SSP5-Baseline,OECD90 and EU (and EU candidate) countries,Population,million,,1008.395,1082.011,1169.743,1260.324,1356.447,1457.562,1551.11,1632.3,1694.829,1737.837
GCAM 4.2,SSP5-Baseline,OECD90 and EU (and EU candidate) countries,Primary Energy,EJ/yr,,188.1345698,217.695248474,258.881334139,299.370198429,336.821463924,376.790764324,413.032458893,443.9787931769999,470.973510174,493.3650361000001
GCAM 4.2,SSP5-Baseline,OECD90 and EU (and EU candidate) countries,Primary Energy|Biomass,EJ/yr,,8.497049,10.017718,12.403301,14.12585,15.455245,17.04811,17.269143,17.42754200000001,17.749548,17.504131
GCAM 4.2,SSP5-Baseline,OECD90 and EU (and EU candidate) countries,Primary Energy|Coal,EJ/yr,,38.285448099999996,50.4354422,67.680747,83.332257,99.055787,118.844271,133.070145,142.702524,157.32124,165.97649
GCAM 4.2,SSP5-Baseline,OECD90 and EU (and EU candidate) countries,Primary Energy|Fossil,EJ/yr,,166.24695251,188.5506943,222.3139544,256.12825,289.013185,323.9977120000001,357.382933,386.687978,412.579679,436.061772
GCAM 4.2,SSP5-Baseline,OECD90 and EU (and EU candidate) countries,Primary Energy|Gas,EJ/yr,,49.600793,59.380788,79.93451,96.58173,108.65044,117.2774,122.76579,127.94307,125.47972,130.02616
GCAM 4.2,SSP5-Baseline,OECD90 and EU (and EU candidate) countries,Primary Energy|Nuclear,EJ/yr,,7.451662400000001,9.2021786,11.30301503,13.797397310000001,16.31526206,18.56448506,20.77863285,21.70927179,21.58874098,20.1715897
GCAM 4.2,SSP5-Baseline,OECD90 and EU (and EU candidate) countries,Primary Energy|Oil,EJ/yr,,78.36071141,78.7344641,74.6986974,76.214263,81.306958,87.876041,101.546998,116.042384,129.778719,140.059122
GCAM 4.2,SSP5-Baseline,OECD90 and EU (and EU candidate) countries,Secondary Energy|Electricity,EJ/yr,,33.836154657,44.554515533,54.638553918,65.846998743,77.136966434,86.99524968200001,96.428358772,105.269946285,111.997253308,116.698807094
GCAM 4.2,SSP5-Baseline,OECD90 and EU (and EU candidate) countries,Secondary Energy|Electricity|Biomass,EJ/yr,,0.49135794,0.47189955200000006,0.642319147,0.8912581820000001,1.207036584,1.546414683,1.945672637,2.290062118,2.648630658,2.8689449039999992
GCAM 4.2,SSP5-Baseline,OECD90 and EU (and EU candidate) countries,Secondary Energy|Electricity|Biomass|w/ CCS,EJ/yr,,0.0,0.0,0.0,0.0,0.0,0.0,0.0,0.0,0.0,0.0
GCAM 4.2,SSP5-Baseline,OECD90 and EU (and EU candidate) countries,Secondary Energy|Electricity|Biomass|w/o CCS,EJ/yr,,0.49135794,0.47189955200000006,0.642319147,0.8912581820000001,1.207036584,1.546414683,1.945672637,2.290062118,2.648630658,2.8689449039999992
GCAM 4.2,SSP5-Baseline,OECD90 and EU (and EU candidate) countries,Secondary Energy|Electricity|Coal,EJ/yr,,11.68602823,15.110203051,17.460271047,20.148702186,23.955557066,28.290590479,33.303475873,37.331194815,42.26543424,46.16419575
GCAM 4.2,SSP5-Baseline,OECD90 and EU (and EU candidate) countries,Secondary Energy|Electricity|Coal|w/ CCS,EJ/yr,,0.0,0.0,0.0,0.0,0.0,0.0,0.0,0.0,0.0,0.0
GCAM 4.2,SSP5-Baseline,OECD90 and EU (and EU candidate) countries,Secondary Energy|Electricity|Coal|w/o CCS,EJ/yr,,11.68602823,15.110203051,17.460271047,20.148702186,23.955557066,28.290590479,33.303475873,37.331194815,42.26543424,46.16419575
GCAM 4.2,SSP5-Baseline,OECD90 and EU (and EU candidate) countries,Secondary Energy|Electricity|Gas,EJ/yr,,7.522676637000001,9.6964773,12.237491853,15.508594348,19.406073957,21.175441781,22.515241839,25.385718856,25.993589796,27.388791039
GCAM 4.2,SSP5-Baseline,OECD90 and EU (and EU candidate) countries,Secondary Energy|Electricity|Gas|w/ CCS,EJ/yr,,0.0,0.0,0.0,0.0,0.0,0.0,0.0,0.0,0.0,0.0
GCAM 4.2,SSP5-Baseline,OECD90 and EU (and EU candidate) countries,Secondary Energy|Electricity|Gas|w/o CCS,EJ/yr,,7.522676637000001,9.6964773,12.237491853,15.508594348,19.406073957,21.175441781,22.515241839,25.385718856,25.993589796,27.388791039
GCAM 4.2,SSP5-Baseline,OECD90 and EU (and EU candidate) countries,Secondary Energy|Electricity|Geothermal,EJ/yr,,0.13238103,0.66654324,1.01818245,1.17454263,1.249115363,1.277030865,1.288965863,1.311163826,1.32163782,1.302651913
GCAM 4.2,SSP5-Baseline,OECD90 and EU (and EU candidate) countries,Secondary Energy|Electricity|Hydro,EJ/yr,,4.745641,4.7678449999999994,4.8044270000000004,4.889751,5.023826000000001,5.157903,5.291969,5.426038,5.560125,5.627164
GCAM 4.2,SSP5-Baseline,OECD90 and EU (and EU candidate) countries,Secondary Energy|Electricity|Non-Biomass Renewables,EJ/yr,,5.93890629,9.924657574,12.861063709,15.318701119,16.037771864,17.180457264,17.601750043,18.154001387,19.055542194,19.6275434
GCAM 4.2,SSP5-Baseline,OECD90 and EU (and EU candidate) countries,Secondary Energy|Electricity|Nuclear,EJ/yr,,7.451662400000001,9.2021786,11.30301503,13.797397310000001,16.31526206,18.56448506,20.77863285,21.70927179,21.58874098,20.1715897
GCAM 4.2,SSP5-Baseline,OECD90 and EU (and EU candidate) countries,Secondary Energy|Electricity|Oil,EJ/yr,,0.74552316,0.14909945600000002,0.134393132,0.182345598,0.215264903,0.23786041500000002,0.28358553000000003,0.39969731900000005,0.44531544,0.47774230100000004
GCAM 4.2,SSP5-Baseline,OECD90 and EU (and EU candidate) countries,Secondary Energy|Electricity|Solar,EJ/yr,,0.11037097,0.6955099690000001,0.977601618,1.416719973,1.862120819,2.827660903999999,3.713962884,4.314787383000001,4.787082484,4.938075581000001
GCAM 4.2,SSP5-Baseline,OECD90 and EU (and EU candidate) countries,Secondary Energy|Electricity|Wind,EJ/yr,,0.9505132900000001,3.794759365,6.060852641,7.837687516,7.902709682,7.917862495,7.306852296000002,7.102012178,7.38669689,7.759651906
GCAM 4.2,SSP5-Baseline,OECD90 and EU (and EU candidate) countries,Secondary Energy|Hydrogen,EJ/yr,,0.0,0.167022843,0.508582973,0.970786887,1.5592272249999999,2.059432851,2.6251467120000003,3.20897306,3.801038863999998,4.275442648
GCAM 4.2,SSP5-Baseline,World,Capacity|Electricity,GW,,4144.84828142649,5299.299289167821,7672.140699226129,10508.9184241351,13072.0632288981,15192.7918204403,16849.419596658,17882.0695559412,18251.6913890952,18135.8474283396
GCAM 4.2,SSP5-Baseline,World,Capacity|Electricity|Biomass,GW,,30.3345299816083,55.3265978167808,105.784040739155,178.065830201991,256.738849291286,337.258624984145,418.463007317034,488.721617714675,540.928291952055,554.808392353184
GCAM 4.2,SSP5-Baseline,World,Capacity|Electricity|Coal,GW,,1225.95827546296,1869.52940104167,2611.50032042745,3361.06631988045,3985.84055563483,4430.50910285071,4832.56007392345,4937.01084692891,4966.717068588278,4909.99814378805
GCAM 4.2,SSP5-Baseline,World,Capacity|Electricity|Gas,GW,,841.210098776002,1286.10053721144,1833.99737451643,2507.47344783739,3142.09280659405,3380.71233515665,3491.567012905881,3587.49950726154,3445.2064141933,3486.18398224252
GCAM 4.2,SSP5-Baseline,World,Capacity|Electricity|Nuclear,GW,,349.605290602627,474.900955380799,724.277361498675,1081.96033171966,1399.10122625289,1649.15753156886,1870.27007180506,2046.6007370765,2060.10830585151,1906.88343163369
GCAM 4.2,SSP5-Baseline,World,Capacity|Electricity|Oil,GW,,1085.21662861492,502.626821806824,687.4364056950792,808.683327427384,823.872333087582,970.508054088977,1103.14442418981,1287.4750290541,1476.58431867548,1593.14899999207
GCAM 4.2,SSP5-Baseline,World,Capacity|Electricity|Solar,GW,,18.7869999570383,180.023528301052,385.857949798481,817.500786921562,1464.77396162046,2306.84055944848,3010.22910151926,3343.0875880304,3496.06199659671,3367.675552451741
GCAM 4.2,SSP5-Baseline,World,Capacity|Electricity|Wind,GW,,92.8780660348868,353.613986414116,676.407405615115,1046.27403099012,1234.71889599998,1301.96920252516,1261.48559186327,1277.96925036757,1303.8435787037,1334.77888996702
GCAM 4.2,SSP5-Baseline,World,Emissions|CH4,Mt CH4/yr,,368.288816191,388.942918993,462.336882849,528.949164385,571.20241322,599.159842946,616.538411228,617.837124449,613.510528017,600.3135435998
GCAM 4.2,SSP5-Baseline,World,Emissions|CH4|Energy,Mt CH4/yr,,134.801788082,139.376810444,186.589902702,228.677247624,248.043449857,261.068746328,269.000522716,264.320946204,262.755275664,259.133835314
GCAM 4.2,SSP5-Baseline,World,Emissions|CO2,Mt CO2/yr,,35775.4316773501,41203.4752961939,55142.2535148338,71328.4320927897,83251.4566899483,93757.0952892426,101112.301896682,104283.175706445,105347.45051861,104118.622948827
GCAM 4.2,SSP5-Baseline,World,Emissions|CO2|AFOLU,Mt CO2/yr,,3128.45158566967,-1096.694539886,-1903.852079382,-835.203237975333,-1074.49649736,-872.934637861,-957.584680620333,-959.948360565333,-1355.83554917067,-1742.54701475067
GCAM 4.2,SSP5-Baseline,World,Emissions|CO2|Energy and Industrial Processes,Mt CO2/yr,,32646.9800916804,42300.1698360799,57046.1055942158,72163.635330765,84325.9531873083,94630.0299271036,102069.886577303,105243.12406701,106703.28606778,105861.169963578
GCAM 4.2,SSP5-Baseline,World,Emissions|CO2|Energy|Supply|Electricity,Mt CO2/yr,,11668.8311449343,16276.6693139123,22011.488391431,27651.363554463,32114.32907209999,34790.27072928,36914.88568581,36928.4891960967,36167.0833033767,35379.03790861
GCAM 4.2,SSP5-Baseline,World,Final Energy,EJ/yr,,393.85145173,485.283245022,618.814300951,768.0670475530002,895.2566555589999,1005.243436398,1094.905357894,1154.371029486,1184.269878658,1192.194963733
GCAM 4.2,SSP5-Baseline,World,Final Energy|Electricity,EJ/yr,,65.715268116,98.008006286,140.933736292,192.319012389,239.243429332,273.261542894,299.932765554,316.947100229,321.438490312,319.218779436
GCAM 4.2,SSP5-Baseline,World,Final Energy|Gases,EJ/yr,,63.538011354,79.292986329,103.622181523,126.059198452,141.802448758,155.482569012,168.645713443,177.2326511,180.079927936,187.769911749
GCAM 4.2,SSP5-Baseline,World,Final Energy|Heat,EJ/yr,,9.7270965,10.837821964,12.23180413,12.73909448,12.35455884,11.65647763,10.65493357,9.52537456,8.40442444,7.23875911
GCAM 4.2,SSP5-Baseline,World,Final Energy|Hydrogen,EJ/yr,,0.0,0.34529752,1.14027737,2.47289059,4.364893606,5.893613577000001,7.447255362999999,8.894622978,10.24817921,11.088657648
GCAM 4.2,SSP5-Baseline,World,Final Energy|Industry,EJ/yr,,174.628985141,220.040618854,275.444772347,329.720881676,370.243524621,399.093828768,420.145306074,432.743443255,436.401096293,436.055359199
GCAM 4.2,SSP5-Baseline,World,Final Energy|Liquids,EJ/yr,,157.829035586,194.808609809,253.589688467,322.702412583,385.785087744,449.575427132,504.526732049,545.547757484,575.282246493,586.378096221
GCAM 4.2,SSP5-Baseline,World,Final Energy|Solids,EJ/yr,,97.042040174,101.990523114,107.296613169,111.774439059,111.706237279,109.373806153,103.697957915,96.223523135,88.816610267,80.500759569
GCAM 4.2,SSP5-Baseline,World,Final Energy|Solids|Biomass,EJ/yr,,47.07149658100001,41.236740537,37.477754157,35.922920406,35.270950696,34.099125174,32.613210138,30.62965832,28.650817399,26.184520195
GCAM 4.2,SSP5-Baseline,World,Final Energy|Solids|Coal,EJ/yr,,49.970543593,60.753782577,69.818859012,75.851518653,76.435286583,75.274680979,71.084747777,65.593864815,60.165792868,54.316239374
GCAM 4.2,SSP5-Baseline,World,Final Energy|Transportation,EJ/yr,,98.448061901,119.577430747,154.768207965,199.165091759,241.617560309,286.891261889,331.311111654,369.826913416,401.515245376,425.763901013
GCAM 4.2,SSP5-Baseline,World,Final Energy|Transportation|Electricity,EJ/yr,,0.881554405999999,1.316818779,1.971702665,2.801211151,3.7626039440000003,4.854987233,6.130763181,7.593927367999999,9.268514851,10.823560437
GCAM 4.2,SSP5-Baseline,World,Final Energy|Transportation|Hydrogen,EJ/yr,,0.0,0.061648216000000006,0.345562474,0.804507434,1.449583235,2.248617204,3.134077911,4.03380535,4.884282245,5.530531365
GCAM 4.2,SSP5-Baseline,World,Final Energy|Transportation|Liquids,EJ/yr,,96.434289189,114.790221152,144.184466748,180.067868771,212.168719748,246.169840479,278.663593306,305.436048945,326.268050484,340.007416165
GCAM 4.2,SSP5-Baseline,World,GDP|PPP,billion US$2010/yr,,73630.72577,111942.5654,182599.0483,283774.4396,396654.523,519951.0284,656844.6177,801775.7726,956057.3089,1115597.276
GCAM 4.2,SSP5-Baseline,World,Population,million,,6895.882,7553.728,8056.041999999998,8406.413,8584.224,8597.035,8466.894,8211.485,7843.621999999998,7388.514
GCAM 4.2,SSP5-Baseline,World,Primary Energy,EJ/yr,,508.622863442,651.793078486,874.050175411,1108.116969225,1298.98898739,1455.202360648,1567.939707732,1625.878014675,1645.494379636,1636.900274209
GCAM 4.2,SSP5-Baseline,World,Primary Energy|Biomass,EJ/yr,,51.530069752,55.364190147,63.731812551,72.512101234,79.39544585,84.704905352,85.057020875,83.804756439,81.881257276,77.429047616
GCAM 4.2,SSP5-Baseline,World,Primary Energy|Coal,EJ/yr,,143.25977845,206.1751012,302.970155,393.353728,460.851123,519.237111,547.474935,543.008194,539.4213599999998,518.3692599999998
GCAM 4.2,SSP5-Baseline,World,Primary Energy|Fossil,EJ/yr,,433.18341434,561.8527422000002,760.2031325,964.381781,1129.070134,1263.018481,1362.787642,1412.07183,1429.722202,1429.696218
GCAM 4.2,SSP5-Baseline,World,Primary Energy|Gas,EJ/yr,,113.8447956,159.059281,243.289912,323.0866,379.1933,409.35804,423.16405,424.4018,402.21494,403.52942
GCAM 4.2,SSP5-Baseline,World,Primary Energy|Nuclear,EJ/yr,,9.9226372,13.478828876,20.556729785,30.708630919,39.709850644,46.807048724,53.08275328600001,58.08744076,58.47081798,54.12192831
GCAM 4.2,SSP5-Baseline,World,Primary Energy|Oil,EJ/yr,,176.07884029,196.61836,213.9430655,247.941453,289.025711,334.42333,392.148657,444.6618360000001,488.085902,507.797538
GCAM 4.2,SSP5-Baseline,World,Secondary Energy|Electricity,EJ/yr,,78.38901522081,115.909520182,165.938801226,225.57157541,279.185502816,316.89921659,345.894909443,364.125656201,367.73809221,363.8658654819999
GCAM 4.2,SSP5-Baseline,World,Secondary Energy|Electricity|Biomass,EJ/yr,,0.7892471820000001,1.413615936,2.682367807,4.501028778999999,6.481620554,8.510522062,10.557319519,12.329859949,13.646971692,13.997149969
GCAM 4.2,SSP5-Baseline,World,Secondary Energy|Electricity|Biomass|w/ CCS,EJ/yr,,0.0,0.0,0.0,0.0,0.0,0.0,0.0,0.0,0.0,0.0
GCAM 4.2,SSP5-Baseline,World,Secondary Energy|Electricity|Biomass|w/o CCS,EJ/yr,,0.7892471820000001,1.413615936,2.682367807,4.501028778999999,6.481620554,8.510522062,10.557319519,12.329859949,13.646971692,13.997149969
GCAM 4.2,SSP5-Baseline,World,Secondary Energy|Electricity|Coal,EJ/yr,,31.86561027,47.990453024,66.569324164,85.263692408,100.809715448,111.88800869,121.919691593,124.554859255,125.30431158,123.87336117
GCAM 4.2,SSP5-Baseline,World,Secondary Energy|Electricity|Coal|w/ CCS,EJ/yr,,0.0,0.0,0.0,0.0,0.0,0.0,0.0,0.0,0.0,0.0
GCAM 4.2,SSP5-Baseline,World,Secondary Energy|Electricity|Coal|w/o CCS,EJ/yr,,31.86561027,47.990453024,66.569324164,85.263692408,100.809715448,111.88800869,121.919691593,124.554859255,125.30431158,123.87336117
GCAM 4.2,SSP5-Baseline,World,Secondary Energy|Electricity|Gas,EJ/yr,,18.35919912881,29.905988768,43.472967301,60.517006259,76.781241379,83.263666098,86.517020004,89.207898517,85.822666551,86.79342999
GCAM 4.2,SSP5-Baseline,World,Secondary Energy|Electricity|Gas|w/ CCS,EJ/yr,,0.0,0.0,0.0,0.0,0.0,0.0,0.0,0.0,0.0,0.0
GCAM 4.2,SSP5-Baseline,World,Secondary Energy|Electricity|Gas|w/o CCS,EJ/yr,,18.35919912881,29.905988768,43.472967301,60.517006259,76.781241379,83.263666098,86.517020004,89.207898517,85.822666551,86.79342999
GCAM 4.2,SSP5-Baseline,World,Secondary Energy|Electricity|Geothermal,EJ/yr,,0.2451255,1.541650833,2.655258431,3.249798556,3.443901559,3.483656916,3.43333466,3.463379387,3.443208699,3.328673362
GCAM 4.2,SSP5-Baseline,World,Secondary Energy|Electricity|Hydro,EJ/yr,,12.3909307,13.0198439,13.6647437,14.6095264,15.8542282,17.0989167,18.3063302,19.5883008,20.8329875,21.4553438
GCAM 4.2,SSP5-Baseline,World,Secondary Energy|Electricity|Non-Biomass Renewables,EJ/yr,,13.98674255,21.097318036,29.558500574,40.514456071,50.813556896,60.671925572,67.012291571,71.913987476,75.420102381,75.65308028300001
GCAM 4.2,SSP5-Baseline,World,Secondary Energy|Electricity|Nuclear,EJ/yr,,9.9226372,13.478828876,20.556729785,30.708630919,39.709850644,46.807048724,53.08275328600001,58.08744076,58.47081798,54.12192831
GCAM 4.2,SSP5-Baseline,World,Secondary Energy|Electricity|Oil,EJ/yr,,3.46557889,2.023315541999999,3.098911595,4.066760974,4.589517895,5.758045443999999,6.80583347,8.031610244,9.073222026,9.42691576
GCAM 4.2,SSP5-Baseline,World,Secondary Energy|Electricity|Solar,EJ/yr,,0.12050522,1.5176148660000002,3.426153798999998,7.477293417,13.214522041,20.381078972,26.177166449,29.114308532,30.584900633,29.822269584
GCAM 4.2,SSP5-Baseline,World,Secondary Energy|Electricity|Wind,EJ/yr,,1.23018113,5.018208437,9.812344644,15.177837698,18.300905096,19.708272984,19.095460262,19.747998757,20.559005549,21.046793537
GCAM 4.2,SSP5-Baseline,World,Secondary Energy|Hydrogen,EJ/yr,,0.0,0.345300352999998,1.140272594,2.472888229,4.364893036000002,5.893614652999999,7.447252925,8.894622962,10.248172539,11.088653371
