Model,Scenario,Region,Variable,Unit,2010,2020,2030,2040,2050,2060,2070,2080,2090,2100
GCAM 4.2,SSP1-Baseline,Asian countries except Japan,Capacity|Electricity,GW,1207.62010431012,1637.02857615817,2359.99527644349,3192.61925421502,3973.95108597549,4576.209777447671,5027.253175254121,5225.4288398982,5180.21927323742,4953.828227999989
GCAM 4.2,SSP1-Baseline,Asian countries except Japan,Capacity|Electricity|Biomass,GW,3.32077189561137,13.2189433108194,32.251667380137,58.5646203148782,82.4437345811137,99.8375803050482,114.917298722095,126.6331669362,122.982053565766,104.442075445523
GCAM 4.2,SSP1-Baseline,Asian countries except Japan,Capacity|Electricity|Coal,GW,643.797682410579,965.0606796201172,1220.7661178098,1379.79266354325,1433.85027742104,1449.05810074201,1461.20696109209,1205.55104444127,954.911927241882,716.500873208397
GCAM 4.2,SSP1-Baseline,Asian countries except Japan,Capacity|Electricity|Gas,GW,155.245738203957,249.709286371131,366.333229642314,476.304962423896,541.554677717529,503.725373985286,435.7640792110601,366.114370655759,288.135203671994,237.085838248351
GCAM 4.2,SSP1-Baseline,Asian countries except Japan,Capacity|Electricity|Nuclear,GW,37.580035514967,35.250716359434,33.9064155603472,31.4122932873894,28.0937230114437,26.1829735681267,25.2372855008738,28.8097011880603,29.1044068154913,26.4264018899036
GCAM 4.2,SSP1-Baseline,Asian countries except Japan,Capacity|Electricity|Oil,GW,196.573617453069,87.60664217085241,114.857149250063,109.735888944381,76.84367667110601,62.9873796613395,54.54692755898021,51.2807299197742,44.1304067573567,31.34138488552761
GCAM 4.2,SSP1-Baseline,Asian countries except Japan,Capacity|Electricity|Solar,GW,1.143816590563159,55.0237855661119,192.563967567637,514.6614519406639,1015.028101400431,1581.82183464333,2076.46059325613,2470.08130859616,2709.70970532826,2819.99966917039
GCAM 4.2,SSP1-Baseline,Asian countries except Japan,Capacity|Electricity|Wind,GW,18.0612255683603,55.68061263318111,191.332759523967,384.513670849602,531.08844926973,563.249361708313,551.07392014946,648.5221036664277,688.225057902081,675.887170218163
GCAM 4.2,SSP1-Baseline,Asian countries except Japan,Emissions|CH4,Mt CH4/yr,164.683437773,148.662549608,157.624348617,166.503041185,168.443591786,165.2802477,157.764182992,144.957743701,132.836764824,116.958367639
GCAM 4.2,SSP1-Baseline,Asian countries except Japan,Emissions|CH4|Energy,Mt CH4/yr,58.96663390000001,41.843355302,45.91973728600001,50.146085703,48.363657703,46.82766394300001,45.564992085,41.225533381,38.833347343,33.898399654
GCAM 4.2,SSP1-Baseline,Asian countries except Japan,Emissions|CO2,Mt CO2/yr,15069.2826838856,16685.1449777479,20423.1008491178,22919.5072970278,23328.9237691502,23163.1915389888,22098.6098912657,19046.169422797,15952.1477878341,13025.208517607
GCAM 4.2,SSP1-Baseline,Asian countries except Japan,Emissions|CO2|AFOLU,Mt CO2/yr,1363.61447697567,-1091.569736235,-1248.59084051167,-1075.94210002767,-1119.681309197,-823.940723954334,-709.193230999,-686.575943500333,-727.7257166080002,-774.0999732986659
GCAM 4.2,SSP1-Baseline,Asian countries except Japan,Emissions|CO2|Energy and Industrial Processes,Mt CO2/yr,13705.66820691,17776.7147139829,21671.6916896295,23995.4493970554,24448.6050783473,23987.1322629432,22807.8031222647,19732.7453662973,16679.8735044421,13799.3084909057
GCAM 4.2,SSP1-Baseline,Asian countries except Japan,Emissions|CO2|Energy|Supply|Electricity,Mt CO2/yr,5320.38260941733,7419.68130863667,9139.56581101667,10082.4290025067,10228.8402017633,10007.6146508067,9736.80252893333,7789.828166633341,5998.47927668,4431.10837436666
GCAM 4.2,SSP1-Baseline,Asian countries except Japan,Final Energy,EJ/yr,137.403880477,168.632199454,202.752532279,231.335750146,246.650157349,250.939303761,247.000435611,236.556660684,221.966406972,204.997777901
GCAM 4.2,SSP1-Baseline,Asian countries except Japan,Final Energy|Electricity,EJ/yr,21.244348915,31.560237378,43.49966244100001,55.860827598,66.208679731,72.86514294199999,77.597637367,78.700169171,77.612052218,74.563342099
GCAM 4.2,SSP1-Baseline,Asian countries except Japan,Final Energy|Gases,EJ/yr,10.744730629,16.732440025,23.392327931,28.102320245,29.912415353,29.798776406,28.65924584,27.221388958,25.812900705,24.730174469
GCAM 4.2,SSP1-Baseline,Asian countries except Japan,Final Energy|Heat,EJ/yr,3.0529687,4.029422400000001,4.5886602,4.663074099999998,4.345074700000001,3.8350096,3.212867,2.6598134,2.1258319,1.598728
GCAM 4.2,SSP1-Baseline,Asian countries except Japan,Final Energy|Hydrogen,EJ/yr,0.0,0.07458155400000001,0.210864885,0.401314306,0.6177754430000001,0.707096647999999,0.765783575999999,0.7779604670000001,0.75845675,0.6973866310000001
GCAM 4.2,SSP1-Baseline,Asian countries except Japan,Final Energy|Industry,EJ/yr,74.871795933,94.111815396,108.900741434,118.383343043,121.051670824,118.719821303,113.331513496,105.95476415,97.524014348,88.663804554
GCAM 4.2,SSP1-Baseline,Asian countries except Japan,Final Energy|Liquids,EJ/yr,42.63673069,56.76634006800001,74.285523427,88.250206838,96.0508119,99.514216573,98.73047088,95.091433594,89.34880622700001,82.379356975
GCAM 4.2,SSP1-Baseline,Asian countries except Japan,Final Energy|Solids,EJ/yr,59.725101543,59.469178029,56.775493395,54.058007059,49.515400222,44.219061592,38.034430948,32.105895094,26.308359172,21.028789727
GCAM 4.2,SSP1-Baseline,Asian countries except Japan,Final Energy|Solids|Biomass,EJ/yr,22.340332883,15.849146054,11.501886818,9.344001887,8.124240469,7.12753516,6.28196662,5.399331102000001,4.510672093999999,3.696585705
GCAM 4.2,SSP1-Baseline,Asian countries except Japan,Final Energy|Solids|Coal,EJ/yr,37.38476866,43.620031975,45.273606577,44.714005172,41.391159753,37.09152643199999,31.752464328,26.706563992,21.797687078,17.332204022
GCAM 4.2,SSP1-Baseline,Asian countries except Japan,Final Energy|Transportation,EJ/yr,21.363663039,27.342204351,35.260642536,42.596712486,47.931552695,52.16555596600001,55.005153349,56.330528653,56.384630269,55.493236921
GCAM 4.2,SSP1-Baseline,Asian countries except Japan,Final Energy|Transportation|Electricity,EJ/yr,0.22901339999999998,0.3222811,0.40388353600000004,0.48236161800000005,0.549808022,0.611319311,0.6714503270000001,0.725892042,0.7802557010000001,0.82633903
GCAM 4.2,SSP1-Baseline,Asian countries except Japan,Final Energy|Transportation|Hydrogen,EJ/yr,0.0,0.002446737,0.014045433000000001,0.031865422000000004,0.055741704,0.086953414,0.118515938,0.14873935400000002,0.174422438999999,0.19140884
GCAM 4.2,SSP1-Baseline,Asian countries except Japan,Final Energy|Transportation|Liquids,EJ/yr,20.55078079,26.136453582,33.075016075,38.972898999,42.73677809300001,45.597211293,47.30183414800001,47.752215142,47.076928575,45.568497357
GCAM 4.2,SSP1-Baseline,Asian countries except Japan,Population,million,3758.607,4046.614,4216.628,4278.076,4228.3,4078.987,3851.657,3565.537000000001,3234.731,2878.462
GCAM 4.2,SSP1-Baseline,Asian countries except Japan,Primary Energy,EJ/yr,183.43320752,235.009979623,293.713941415,338.03135296,358.706042355,363.178548509,354.358874793,327.594673094,297.521948427,266.40848059
GCAM 4.2,SSP1-Baseline,Asian countries except Japan,Primary Energy|Biomass,EJ/yr,23.21659806,21.07294835,22.10794401,25.21078373,27.925107375,29.946851302,30.36107242,30.204102858,28.769559762,26.733336333
GCAM 4.2,SSP1-Baseline,Asian countries except Japan,Primary Energy|Coal,EJ/yr,89.0045685,119.203084,145.046479,158.056601,158.400252,156.01839,148.70749,123.95168,100.39478,78.6074
GCAM 4.2,SSP1-Baseline,Asian countries except Japan,Primary Energy|Fossil,EJ/yr,155.07137598,207.2607573,260.82475,295.247171,305.282167,300.856992,286.062788,250.97239,215.684627,182.705427
GCAM 4.2,SSP1-Baseline,Asian countries except Japan,Primary Energy|Gas,EJ/yr,18.653152,31.908393,53.74655,70.07267,76.95613,75.69918,67.81378000000001,58.65530699999999,50.428101,45.09334000000001
GCAM 4.2,SSP1-Baseline,Asian countries except Japan,Primary Energy|Nuclear,EJ/yr,1.0666115999999999,1.000500011,0.9623454490000001,0.8915562730000001,0.797367284,0.7431356290000001,0.716294732,0.8176884630000001,0.8260529160000001,0.7500447090000001
GCAM 4.2,SSP1-Baseline,Asian countries except Japan,Primary Energy|Oil,EJ/yr,47.41365548,56.14928029999999,62.031721,67.1179,69.925785,69.139422,69.54151800000001,68.365403,64.861746,59.004687
GCAM 4.2,SSP1-Baseline,Asian countries except Japan,Secondary Energy|Electricity,EJ/yr,25.111875411,37.36160179199999,51.508133661,65.896635615,77.453767443,84.31898327100001,88.95841312200001,89.590549376,87.84006527700001,83.897541842
GCAM 4.2,SSP1-Baseline,Asian countries except Japan,Secondary Energy|Electricity|Biomass,EJ/yr,0.08377909,0.333498776,0.813670865999999,1.477515093,2.079956491,2.518782345,2.8992255460000003,3.194802842,3.102689633,2.6349482330000003
GCAM 4.2,SSP1-Baseline,Asian countries except Japan,Secondary Energy|Electricity|Biomass|w/ CCS,EJ/yr,0.0,0.0,0.0,0.0,0.0,0.0,0.0,0.0,0.0,0.0
GCAM 4.2,SSP1-Baseline,Asian countries except Japan,Secondary Energy|Electricity|Biomass|w/o CCS,EJ/yr,0.08377909,0.333498776,0.813670865999999,1.477515093,2.079956491,2.518782345,2.8992255460000003,3.194802842,3.102689633,2.6349482330000003
GCAM 4.2,SSP1-Baseline,Asian countries except Japan,Secondary Energy|Electricity|Coal,EJ/yr,16.24224297,24.347322874,30.798464233,34.81051315,36.174321879,36.557997012,36.86449818,30.41460619,24.09128203,18.07645723
GCAM 4.2,SSP1-Baseline,Asian countries except Japan,Secondary Energy|Electricity|Coal|w/ CCS,EJ/yr,0.0,0.0,0.0,0.0,0.0,0.0,0.0,0.0,0.0,0.0
GCAM 4.2,SSP1-Baseline,Asian countries except Japan,Secondary Energy|Electricity|Coal|w/o CCS,EJ/yr,16.24224297,24.347322874,30.798464233,34.81051315,36.174321879,36.557997012,36.86449818,30.41460619,24.09128203,18.07645723
GCAM 4.2,SSP1-Baseline,Asian countries except Japan,Secondary Energy|Electricity|Gas,EJ/yr,3.020705311,5.637818133,8.572130526,11.445926344,13.236265326,12.454097193,10.887737017,9.214474479,7.292519256,6.020245516
GCAM 4.2,SSP1-Baseline,Asian countries except Japan,Secondary Energy|Electricity|Gas|w/ CCS,EJ/yr,0.0,0.0,0.0,0.0,0.0,0.0,0.0,0.0,0.0,0.0
GCAM 4.2,SSP1-Baseline,Asian countries except Japan,Secondary Energy|Electricity|Gas|w/o CCS,EJ/yr,3.020705311,5.637818133,8.572130526,11.445926344,13.236265326,12.454097193,10.887737017,9.214474479,7.292519256,6.020245516
GCAM 4.2,SSP1-Baseline,Asian countries except Japan,Secondary Energy|Electricity|Geothermal,EJ/yr,0.0700198,0.42895969899999903,1.012365675,1.402282964,1.6143787319999992,1.747869354,1.740077994,1.7749577140000001,1.6633626920000002,1.401494306999999
GCAM 4.2,SSP1-Baseline,Asian countries except Japan,Secondary Energy|Electricity|Hydro,EJ/yr,3.762164700000001,3.998137399999999,4.2348203,4.592930200000001,5.072475499999999,5.552012599999999,6.0315557,6.5110989,6.9906331999999995,7.2304088
GCAM 4.2,SSP1-Baseline,Asian countries except Japan,Secondary Energy|Electricity|Non-Biomass Renewables,EJ/yr,4.07862188,5.675773962,9.818901956,16.681841957,24.701400696,31.631569578,37.218719641,45.600491773,52.241708749,56.219672548
GCAM 4.2,SSP1-Baseline,Asian countries except Japan,Secondary Energy|Electricity|Nuclear,EJ/yr,1.0666115999999999,1.000500011,0.9623454490000001,0.8915562730000001,0.797367284,0.7431356290000001,0.716294732,0.8176884630000001,0.8260529160000001,0.7500447090000001
GCAM 4.2,SSP1-Baseline,Asian countries except Japan,Secondary Energy|Electricity|Oil,EJ/yr,0.61991456,0.36668803600000005,0.542620631,0.589282797999999,0.464455767,0.413401513999998,0.37193800600000004,0.348485628999999,0.285812693,0.19617360600000003
GCAM 4.2,SSP1-Baseline,Asian countries except Japan,Secondary Energy|Electricity|Solar,EJ/yr,0.00721428,0.458502295,1.796135126,5.108658027,10.142795956,15.805624326,21.105325717,27.293056559,32.735780144,36.930380541
GCAM 4.2,SSP1-Baseline,Asian countries except Japan,Secondary Energy|Electricity|Wind,EJ/yr,0.2392231,0.7901745680000001,2.7755808550000003,5.577970766,7.871750508,8.526063298,8.34176023,10.0213786,10.851932713,10.6573889
GCAM 4.2,SSP1-Baseline,Asian countries except Japan,Secondary Energy|Hydrogen,EJ/yr,0.0,0.07457928400000001,0.21086621400000002,0.401315835,0.617774774,0.707096997999999,0.765783057,0.7779600170000001,0.7584577560000001,0.69738735
GCAM 4.2,SSP1-Baseline,Countries from the Reforming Economies of the Former Soviet Union,Capacity|Electricity,GW,297.486780514886,364.738955161979,421.227507098201,474.7224113357331,511.727165013073,546.065946860923,571.557537138958,580.123440903644,571.399580064862,554.192999770228
GCAM 4.2,SSP1-Baseline,Countries from the Reforming Economies of the Former Soviet Union,Capacity|Electricity|Biomass,GW,1.36414732369355,2.49066479578894,4.05533751109843,6.00040969051244,7.81252639840183,10.3741665081177,11.5832540984906,11.8643004819888,11.3850494672755,9.4634003202689
GCAM 4.2,SSP1-Baseline,Countries from the Reforming Economies of the Former Soviet Union,Capacity|Electricity|Coal,GW,66.892559297311,88.2292019438103,95.7373105339928,96.7811382229832,94.1307347158803,94.6654085806697,94.6567946156774,74.8606029616946,64.3337003741755,52.8794643423389
GCAM 4.2,SSP1-Baseline,Countries from the Reforming Economies of the Former Soviet Union,Capacity|Electricity|Gas,GW,129.355593607306,178.681490677321,193.459083745561,192.447237284374,178.775101661593,125.621041032471,93.6454405758498,70.7209947678842,50.80718845129379,35.510919710806704
GCAM 4.2,SSP1-Baseline,Countries from the Reforming Economies of the Former Soviet Union,Capacity|Electricity|Nuclear,GW,44.44810868707371,40.8968740487062,35.4898968022436,26.679384301539,17.5914977944078,12.3163607376402,8.01637127233778,7.238254340718192,6.88382906308134,6.068716176221889
GCAM 4.2,SSP1-Baseline,Countries from the Reforming Economies of the Former Soviet Union,Capacity|Electricity|Oil,GW,21.8497019279554,4.36099988901573,4.24364856830289,3.4522282470827,2.22080796549974,2.30587955035515,1.6139394660071,1.40802852295789,1.53166412988331,1.09534294140031
GCAM 4.2,SSP1-Baseline,Countries from the Reforming Economies of the Former Soviet Union,Capacity|Electricity|Solar,GW,0.381844558599696,6.958545621207019,16.3367317348095,33.23629717542681,50.7744215225947,81.1678664219898,109.06088969283,137.496915844945,162.066420871136,181.171874593181
GCAM 4.2,SSP1-Baseline,Countries from the Reforming Economies of the Former Soviet Union,Capacity|Electricity|Wind,GW,1.1314657775845,5.37984328316139,26.18486622603849,63.4446457326892,102.414117739132,154.794326920028,185.070788675377,205.791090519161,201.117896055302,195.103756341959
GCAM 4.2,SSP1-Baseline,Countries from the Reforming Economies of the Former Soviet Union,Emissions|CH4,Mt CH4/yr,35.540279537,51.48343933899999,62.964551199,66.377769525,59.178497137,48.235013891,43.62407912800001,38.573552215,32.350240796,26.457081432
GCAM 4.2,SSP1-Baseline,Countries from the Reforming Economies of the Former Soviet Union,Emissions|CH4|Energy,Mt CH4/yr,24.580523278,41.686229967,53.711130543,57.560575378,50.70090600899999,40.105142649,35.915635784,31.371587593,25.713856024000002,20.404146553
GCAM 4.2,SSP1-Baseline,Countries from the Reforming Economies of the Former Soviet Union,Emissions|CO2,Mt CO2/yr,2318.50324816733,2836.86243796871,2761.9525208759,2938.9375978534,2857.74986596733,2888.527422253,2614.278619788,2216.368159357,1923.53928536733,1628.69941687567
GCAM 4.2,SSP1-Baseline,Countries from the Reforming Economies of the Former Soviet Union,Emissions|CO2|AFOLU,Mt CO2/yr,-493.26226235,-217.090281283334,-437.38327358,-265.106356119,-200.145723268334,69.9299416053333,11.103286634,-40.3088337006667,-52.1846626583333,-78.4894534673334
GCAM 4.2,SSP1-Baseline,Countries from the Reforming Economies of the Former Soviet Union,Emissions|CO2|Energy and Industrial Processes,Mt CO2/yr,2811.76551051733,3053.95271925205,3199.3357944559,3204.0439539724,3057.895589235671,2818.59748064766,2603.175333154,2256.67699305766,1975.72394802566,1707.188870343
GCAM 4.2,SSP1-Baseline,Countries from the Reforming Economies of the Former Soviet Union,Emissions|CO2|Energy|Supply|Electricity,Mt CO2/yr,900.233223083334,1114.77633380667,1166.68311261333,1122.25575025667,1024.19334743,865.06660834,763.002067336667,574.067279096667,461.4164897466661,359.6204216
GCAM 4.2,SSP1-Baseline,Countries from the Reforming Economies of the Former Soviet Union,Final Energy,EJ/yr,34.98710206,36.504108186,37.939097009,38.480352309,37.492453826,36.065459136,34.359092382,32.098245575,29.708232816,27.388624081
GCAM 4.2,SSP1-Baseline,Countries from the Reforming Economies of the Former Soviet Union,Final Energy|Electricity,EJ/yr,5.069809919,6.787658615,7.838706753999999,8.692252059,9.242375509,9.521963906,9.748899315,9.707129128,9.576362471,9.269672448
GCAM 4.2,SSP1-Baseline,Countries from the Reforming Economies of the Former Soviet Union,Final Energy|Gases,EJ/yr,8.808095083,9.108086414,9.628606852,9.706987382,9.218628289,8.567750689,7.8080634579999995,6.991636495,6.223541642000001,5.595959871
GCAM 4.2,SSP1-Baseline,Countries from the Reforming Economies of the Former Soviet Union,Final Energy|Heat,EJ/yr,6.5932709,6.113238799999999,5.8224605,5.3690166999999995,4.76032477,4.15008552,3.53922086,2.95766117,2.40614351,1.94180946
GCAM 4.2,SSP1-Baseline,Countries from the Reforming Economies of the Former Soviet Union,Final Energy|Hydrogen,EJ/yr,0.0,0.017803751,0.046036682,0.08081529500000001,0.11804174,0.137466563,0.153211798,0.161410474,0.164042256,0.158928279
GCAM 4.2,SSP1-Baseline,Countries from the Reforming Economies of the Former Soviet Union,Final Energy|Industry,EJ/yr,18.223892538,18.484345042,18.552961795,18.286781077,17.670743514,16.907510041000002,16.050344021,15.026844901,13.965085556,12.916724955
GCAM 4.2,SSP1-Baseline,Countries from the Reforming Economies of the Former Soviet Union,Final Energy|Liquids,EJ/yr,9.67148797,10.184729414,10.771061226,11.148007581,11.017835611,10.890941984,10.665484654,10.196035473,9.618027613,9.015331782
GCAM 4.2,SSP1-Baseline,Countries from the Reforming Economies of the Former Soviet Union,Final Energy|Solids,EJ/yr,4.844438188,4.292591192,3.832224995,3.483273292,3.1352479069999992,2.797250474,2.444212297,2.084372835,1.720115324,1.406922241
GCAM 4.2,SSP1-Baseline,Countries from the Reforming Economies of the Former Soviet Union,Final Energy|Solids|Biomass,EJ/yr,0.9774730180000001,0.9584622220000001,0.870993475,0.7926352120000001,0.726729437,0.636886759,0.56587942,0.493096635,0.418558551,0.35009811700000004
GCAM 4.2,SSP1-Baseline,Countries from the Reforming Economies of the Former Soviet Union,Final Energy|Solids|Coal,EJ/yr,3.8669651700000003,3.33412897,2.96123152,2.6906380800000003,2.40851847,2.160363715,1.8783328769999992,1.591276199999999,1.301556773,1.056824124
GCAM 4.2,SSP1-Baseline,Countries from the Reforming Economies of the Former Soviet Union,Final Energy|Transportation,EJ/yr,6.299913263,6.863289387000001,7.509848573999999,8.040224712,8.099377833,8.146511278,8.151226196,7.954125179,7.697840215,7.412959461
GCAM 4.2,SSP1-Baseline,Countries from the Reforming Economies of the Former Soviet Union,Final Energy|Transportation|Electricity,EJ/yr,0.28255979999999903,0.350928527999998,0.41199683400000003,0.471885149,0.520394299,0.561004856,0.6046939050000001,0.6409541280000001,0.6787499210000001,0.707127198
GCAM 4.2,SSP1-Baseline,Countries from the Reforming Economies of the Former Soviet Union,Final Energy|Transportation|Hydrogen,EJ/yr,0.0,0.0022093910000000002,0.012109018999999001,0.026126965000000002,0.042830045000000004,0.060570665,0.076426273,0.088570799,0.097962139,0.102051363
GCAM 4.2,SSP1-Baseline,Countries from the Reforming Economies of the Former Soviet Union,Final Energy|Transportation|Liquids,EJ/yr,6.00467123,6.371825274,6.767816459000001,7.037676516,6.87363488,6.745697588000001,6.60835746,6.323623807000001,5.999296973,5.672488829
GCAM 4.2,SSP1-Baseline,Countries from the Reforming Economies of the Former Soviet Union,Population,million,305.238,299.625,291.963,284.168,275.308,264.278,250.481,233.581,214.522,194.804
GCAM 4.2,SSP1-Baseline,Countries from the Reforming Economies of the Former Soviet Union,Primary Energy,EJ/yr,45.27955985,49.744998697,53.140054899,54.456470219,53.21408461,50.69336304300001,47.863155241,43.776958762,40.058929035,36.435052255
GCAM 4.2,SSP1-Baseline,Countries from the Reforming Economies of the Former Soviet Union,Primary Energy|Biomass,EJ/yr,1.2792029999999999,1.809207,2.436594,2.988311,3.383941000000001,3.998714,4.12486,4.111372,3.995241000000001,3.800728
GCAM 4.2,SSP1-Baseline,Countries from the Reforming Economies of the Former Soviet Union,Primary Energy|Coal,EJ/yr,9.92063,11.09175,12.11372,12.45205,12.26176,12.54871,12.20945,10.43409,9.14079,7.7575400000000005
GCAM 4.2,SSP1-Baseline,Countries from the Reforming Economies of the Former Soviet Union,Primary Energy|Fossil,EJ/yr,41.912498,45.683847,47.9995701,48.094892,45.73037429999999,41.232468,37.36558,32.298897,28.090789,24.314223
GCAM 4.2,SSP1-Baseline,Countries from the Reforming Economies of the Former Soviet Union,Primary Energy|Gas,EJ/yr,20.97471,23.90372,26.13493,26.51663,24.92668,21.05258,17.60777000000001,14.54231,12.01144,10.12323
GCAM 4.2,SSP1-Baseline,Countries from the Reforming Economies of the Former Soviet Union,Primary Energy|Nuclear,EJ/yr,1.261544,1.160751438,1.007288447,0.757224957,0.49928892700000005,0.349567877,0.22752385600000002,0.20543903,0.19537959,0.17224473
GCAM 4.2,SSP1-Baseline,Countries from the Reforming Economies of the Former Soviet Union,Primary Energy|Oil,EJ/yr,11.017158,10.688377,9.7509201,9.126212,8.541934300000001,7.631178,7.548360000000002,7.322497,6.938559,6.433453
GCAM 4.2,SSP1-Baseline,Countries from the Reforming Economies of the Former Soviet Union,Secondary Energy|Electricity,EJ/yr,8.853292695,10.38249563,11.166780125,11.50834663,11.515488861,11.431521071,11.412255224,11.343647065,11.172459049,10.795278676
GCAM 4.2,SSP1-Baseline,Countries from the Reforming Economies of the Former Soviet Union,Secondary Energy|Electricity|Biomass,EJ/yr,0.058359192000000004,0.081625058,0.117693559,0.16171832800000002,0.202544193999999,0.26403565,0.292231601,0.299322064,0.287231136,0.238750233999999
GCAM 4.2,SSP1-Baseline,Countries from the Reforming Economies of the Former Soviet Union,Secondary Energy|Electricity|Biomass|w/ CCS,EJ/yr,0.0,0.0,0.0,0.0,0.0,0.0,0.0,0.0,0.0,0.0
GCAM 4.2,SSP1-Baseline,Countries from the Reforming Economies of the Former Soviet Union,Secondary Energy|Electricity|Biomass|w/o CCS,EJ/yr,0.058359192000000004,0.081625058,0.117693559,0.16171832800000002,0.202544193999999,0.26403565,0.292231601,0.299322064,0.287231136,0.238750233999999
GCAM 4.2,SSP1-Baseline,Countries from the Reforming Economies of the Former Soviet Union,Secondary Energy|Electricity|Coal,EJ/yr,2.6223499,3.04906649,3.09834446,2.90854357,2.62566316,2.49930865,2.38807734,1.8886431799999999,1.62306206,1.33408543
GCAM 4.2,SSP1-Baseline,Countries from the Reforming Economies of the Former Soviet Union,Secondary Energy|Electricity|Coal|w/ CCS,EJ/yr,0.0,0.0,0.0,0.0,0.0,0.0,0.0,0.0,0.0,0.0
GCAM 4.2,SSP1-Baseline,Countries from the Reforming Economies of the Former Soviet Union,Secondary Energy|Electricity|Coal|w/o CCS,EJ/yr,2.6223499,3.04906649,3.09834446,2.90854357,2.62566316,2.49930865,2.38807734,1.8886431799999999,1.62306206,1.33408543
GCAM 4.2,SSP1-Baseline,Countries from the Reforming Economies of the Former Soviet Union,Secondary Energy|Electricity|Gas,EJ/yr,3.974589043,4.980701348999999,5.226549398,5.046452001,4.574407373000001,3.19138606,2.3486325580000003,1.779715626,1.279648385999999,0.8956299630000001
GCAM 4.2,SSP1-Baseline,Countries from the Reforming Economies of the Former Soviet Union,Secondary Energy|Electricity|Gas|w/ CCS,EJ/yr,0.0,0.0,0.0,0.0,0.0,0.0,0.0,0.0,0.0,0.0
GCAM 4.2,SSP1-Baseline,Countries from the Reforming Economies of the Former Soviet Union,Secondary Energy|Electricity|Gas|w/o CCS,EJ/yr,3.974589043,4.980701348999999,5.226549398,5.046452001,4.574407373000001,3.19138606,2.3486325580000003,1.779715626,1.279648385999999,0.8956299630000001
GCAM 4.2,SSP1-Baseline,Countries from the Reforming Economies of the Former Soviet Union,Secondary Energy|Electricity|Geothermal,EJ/yr,0.00181788,0.07087309,0.19760928,0.288614596,0.32837905100000003,0.40563584900000005,0.38894719,0.365794792999999,0.33501874400000003,0.27826064500000003
GCAM 4.2,SSP1-Baseline,Countries from the Reforming Economies of the Former Soviet Union,Secondary Energy|Electricity|Hydro,EJ/yr,0.8071022,0.8812955,0.9558673999999999,1.040465599999999,1.1350921,1.2297176,1.3243421,1.4189726,1.5135920999999999,1.5609069
GCAM 4.2,SSP1-Baseline,Countries from the Reforming Economies of the Former Soviet Union,Secondary Energy|Electricity|Non-Biomass Renewables,EJ/yr,0.82631485,1.091193259,1.6966023520000002,2.616042261999999,3.600480383,5.112613166,6.145191385,7.161250732,7.777519445,8.147856525
GCAM 4.2,SSP1-Baseline,Countries from the Reforming Economies of the Former Soviet Union,Secondary Energy|Electricity|Nuclear,EJ/yr,1.261544,1.160751438,1.007288447,0.757224957,0.49928892700000005,0.349567877,0.22752385600000002,0.20543903,0.19537959,0.17224473
GCAM 4.2,SSP1-Baseline,Countries from the Reforming Economies of the Former Soviet Union,Secondary Energy|Electricity|Oil,EJ/yr,0.11013571,0.019158036,0.020301909,0.018365512,0.013104824000000001,0.014609668000000001,0.010598483999999,0.009276433,0.009618432000000001,0.006711794
GCAM 4.2,SSP1-Baseline,Countries from the Reforming Economies of the Former Soviet Union,Secondary Energy|Electricity|Solar,EJ/yr,0.00240837,0.062677656,0.163273356,0.36659850600000005,0.619035372,1.134094648,1.6304337469999992,2.196467702,2.757681616,3.23229295
GCAM 4.2,SSP1-Baseline,Countries from the Reforming Economies of the Former Soviet Union,Secondary Energy|Electricity|Wind,EJ/yr,0.014986399999999999,0.076347012999999,0.379852316,0.92036356,1.5179738600000001,2.343165069,2.801468348,3.180015637,3.171226985,3.07639603
GCAM 4.2,SSP1-Baseline,Countries from the Reforming Economies of the Former Soviet Union,Secondary Energy|Hydrogen,EJ/yr,0.0,0.017805993000000003,0.046036115999999,0.080814325999999,0.118042534,0.137466728,0.153212213,0.16141065200000002,0.16404259300000001,0.158928295
GCAM 4.2,SSP1-Baseline,Countries of the Middle East and Africa,Capacity|Electricity,GW,632.277985948787,572.072251535325,778.55019285444,1129.44010586797,1622.47070753047,2214.79529601779,2788.463497656149,3248.09638648781,3563.83810448942,3732.752865738849
GCAM 4.2,SSP1-Baseline,Countries of the Middle East and Africa,Capacity|Electricity|Biomass,GW,0.119720319634703,3.54998810882801,9.67084859367073,19.8499581034373,33.9817173230593,51.1017751537924,69.94275443144339,86.2373030029172,96.567388857179,97.5284662766362
GCAM 4.2,SSP1-Baseline,Countries of the Middle East and Africa,Capacity|Electricity|Coal,GW,42.0344082952816,59.8740447425165,76.2276255707763,91.45988275304408,106.822566947298,122.773694151129,139.219501125698,143.139644771055,147.44078196347,147.448875491502
GCAM 4.2,SSP1-Baseline,Countries of the Middle East and Africa,Capacity|Electricity|Gas,GW,151.500532724505,258.441856616248,336.171321473872,411.984565456938,478.300988061263,479.598234287798,474.784575944952,467.6719835109089,443.4537832477169,418.276629375951
GCAM 4.2,SSP1-Baseline,Countries of the Middle East and Africa,Capacity|Electricity|Nuclear,GW,1.53462709284627,1.438869616381979,1.95976154236428,3.21520417582727,4.53538217345961,6.346615825300193,8.53876035853205,11.2706269025875,13.4424839337054,14.4890456761937
GCAM 4.2,SSP1-Baseline,Countries of the Middle East and Africa,Capacity|Electricity|Oil,GW,418.5238647894471,177.312371416793,163.67538416413,155.795450635781,138.438809535134,161.489615241312,150.2138643138,145.79186465468,139.510542039257,105.315648187785
GCAM 4.2,SSP1-Baseline,Countries of the Middle East and Africa,Capacity|Electricity|Solar,GW,0.054794520547944,32.3870978758391,85.74048283945379,223.089034231148,490.222579885947,879.651758161579,1313.41624858895,1678.77962365521,1966.12260924325,2177.34521952676
GCAM 4.2,SSP1-Baseline,Countries of the Middle East and Africa,Capacity|Electricity|Wind,GW,0.7101709912782971,11.0958191696262,60.038360438312,161.560258117707,292.231229085031,420.7703528639231,526.448708750846,597.908020894811,629.8750697615429,642.099908675798
GCAM 4.2,SSP1-Baseline,Countries of the Middle East and Africa,Emissions|CH4,Mt CH4/yr,56.63757382399999,56.29086806399999,63.03530703600001,69.14231365,76.113865763,81.16712543199999,84.9567565,85.472506129,85.520238073,80.45803533
GCAM 4.2,SSP1-Baseline,Countries of the Middle East and Africa,Emissions|CH4|Energy,Mt CH4/yr,23.099272895,17.923145295,20.601277503,23.019865925,25.823904548,27.498420232,27.678937392,24.764641692,22.478905831,17.991003389
GCAM 4.2,SSP1-Baseline,Countries of the Middle East and Africa,Emissions|CO2,Mt CO2/yr,4574.22155361127,4009.405988605371,4722.075157786428,6183.1087625894,6971.61845069103,7454.66932950692,7969.02951568203,8169.229927515441,8038.452964703331,7624.102233413591
GCAM 4.2,SSP1-Baseline,Countries of the Middle East and Africa,Emissions|CO2|AFOLU,Mt CO2/yr,1609.99114841033,491.912716210666,220.613616824334,588.515478532668,360.058195537333,-55.4094875839999,-166.919537719,-225.938348694666,-283.620598873333,-342.865741383
GCAM 4.2,SSP1-Baseline,Countries of the Middle East and Africa,Emissions|CO2|Energy and Industrial Processes,Mt CO2/yr,2964.23040520094,3517.493272394699,4501.46154096209,5594.593284056739,6611.5602551537,7510.07881709093,8135.94905340104,8395.1682762101,8322.07356357666,7966.9679747966
GCAM 4.2,SSP1-Baseline,Countries of the Middle East and Africa,Emissions|CO2|Energy|Supply|Electricity,Mt CO2/yr,1002.54673722867,1166.407257576,1427.226269117,1660.84306491033,1853.64820421,1931.84787686,1963.74006917,1913.98491192333,1832.44119586,1714.24091993
GCAM 4.2,SSP1-Baseline,Countries of the Middle East and Africa,Final Energy,EJ/yr,44.920991915,55.547791692,68.79456922,83.87520802899999,99.964200814,115.903709212,129.931629371,139.79769376,144.999691289,146.180281097
GCAM 4.2,SSP1-Baseline,Countries of the Middle East and Africa,Final Energy|Electricity,EJ/yr,4.53228389,7.375757117999999,11.021972625,16.207334945,22.768848905,29.449673293,35.953854043,41.503175656,45.691397802,48.401936241
GCAM 4.2,SSP1-Baseline,Countries of the Middle East and Africa,Final Energy|Gases,EJ/yr,8.411787687999999,10.246534601,12.606733163,15.080203575,16.979312251,18.306214958,19.089076881,19.238751737,18.986202761,18.573008129
GCAM 4.2,SSP1-Baseline,Countries of the Middle East and Africa,Final Energy|Heat,EJ/yr,0.0,0.0,0.0,0.0,0.0,0.0,0.0,0.0,0.0,0.0
GCAM 4.2,SSP1-Baseline,Countries of the Middle East and Africa,Final Energy|Hydrogen,EJ/yr,0.0,0.032909918999999004,0.127224674,0.316839311,0.61694161,0.8770626880000001,1.118861204,1.298431163,1.4097761,1.414333148
GCAM 4.2,SSP1-Baseline,Countries of the Middle East and Africa,Final Energy|Industry,EJ/yr,16.296187857,21.461833726000002,28.278927201,36.223146242,43.449687916,48.38701546399999,51.575317488,53.257084126,53.78633219100001,53.446211807
GCAM 4.2,SSP1-Baseline,Countries of the Middle East and Africa,Final Energy|Liquids,EJ/yr,16.982188317,20.900351273,26.679830863,34.292497886,42.639591945,51.678383272,59.410563132,64.718469249,67.322268951,67.64476818600001
GCAM 4.2,SSP1-Baseline,Countries of the Middle East and Africa,Final Energy|Solids,EJ/yr,14.99473202,16.992238781,18.358807895,17.978332312,16.959506103,15.592375001,14.359274111,13.038865955,11.590045675,10.146235393
GCAM 4.2,SSP1-Baseline,Countries of the Middle East and Africa,Final Energy|Solids|Biomass,EJ/yr,13.784981687,15.62962641,16.85400046,16.31399161,15.211839579,13.813509748,12.637541505,11.419491884,10.118491446,8.845897068
GCAM 4.2,SSP1-Baseline,Countries of the Middle East and Africa,Final Energy|Solids|Coal,EJ/yr,1.2097503330000001,1.362612371,1.504807435,1.6643407019999992,1.747666524,1.7788652530000002,1.721732606,1.6193740710000002,1.471554229,1.300338325
GCAM 4.2,SSP1-Baseline,Countries of the Middle East and Africa,Final Energy|Transportation,EJ/yr,10.789353979,13.155291728,16.388968104,20.413036995,24.615841805,29.576593477,34.516683912,38.759594719,42.006312823,44.106656117
GCAM 4.2,SSP1-Baseline,Countries of the Middle East and Africa,Final Energy|Transportation|Electricity,EJ/yr,0.01736861,0.029030748000000002,0.046177835,0.06969884500000001,0.10282210500000001,0.15122549300000002,0.213836243,0.295760756,0.396604302,0.49249544100000003
GCAM 4.2,SSP1-Baseline,Countries of the Middle East and Africa,Final Energy|Transportation|Hydrogen,EJ/yr,0.0,0.006036191000000001,0.033700033000000004,0.07680418600000001,0.13425055500000002,0.213135878,0.299571133999999,0.38687113300000003,0.46138746,0.510695987999998
GCAM 4.2,SSP1-Baseline,Countries of the Middle East and Africa,Final Energy|Transportation|Liquids,EJ/yr,10.559908481,12.678901916000001,15.345891783,18.457750946,21.532683095,25.288571192,29.028952032,32.154679479,34.372799071,35.596756126
GCAM 4.2,SSP1-Baseline,Countries of the Middle East and Africa,Population,million,1237.419,1496.27,1732.63,1941.813,2103.957000000001,2212.665,2272.694,2282.777,2246.708,2170.133
GCAM 4.2,SSP1-Baseline,Countries of the Middle East and Africa,Primary Energy,EJ/yr,58.26001119,71.20290676100001,91.1360346,112.954596419,135.197744698,156.443540359,173.374066464,184.630546008,189.836324229,189.803733601
GCAM 4.2,SSP1-Baseline,Countries of the Middle East and Africa,Primary Energy|Biomass,EJ/yr,13.7989868,16.9061354,20.38607671,22.67822197,24.891873054,27.575628093,29.773771477,31.680302086,32.912183864,33.414612578
GCAM 4.2,SSP1-Baseline,Countries of the Middle East and Africa,Primary Energy|Coal,EJ/yr,4.601230200000002,6.623435000000002,10.960721,14.935732,18.53981,22.87445,25.7475,27.17371,27.75377000000001,27.21022
GCAM 4.2,SSP1-Baseline,Countries of the Middle East and Africa,Primary Energy|Fossil,EJ/yr,43.9586468,53.1323762,67.9494389,84.24452020000003,99.362201,111.704274,120.037901,123.431404,122.285086,117.758005
GCAM 4.2,SSP1-Baseline,Countries of the Middle East and Africa,Primary Energy|Gas,EJ/yr,16.7746766,24.044044,33.332419,42.454397,49.500328,52.36048,51.926987,49.507263,45.75335,42.281577
GCAM 4.2,SSP1-Baseline,Countries of the Middle East and Africa,Primary Energy|Nuclear,EJ/yr,0.043556399999999995,0.040838186000000005,0.055622736000000006,0.091255211999999,0.12872503100000002,0.180132189,0.24235051200000002,0.319887441,0.381529956,0.41123389
GCAM 4.2,SSP1-Baseline,Countries of the Middle East and Africa,Primary Energy|Oil,EJ/yr,22.58274,22.4648972,23.6562989,26.8543912,31.322063,36.469344,42.363414,46.750431,48.777966,48.266208
GCAM 4.2,SSP1-Baseline,Countries of the Middle East and Africa,Secondary Energy|Electricity,EJ/yr,5.56746661681,8.905470951,13.20667604,19.276271748,26.85309267,34.451582694,41.851697801,48.238233557,53.075111775,56.195446553
GCAM 4.2,SSP1-Baseline,Countries of the Middle East and Africa,Secondary Energy|Electricity|Biomass,EJ/yr,0.0030204,0.08956194,0.24398390500000003,0.500790623,0.85731795,1.289236465,1.7645717630000002,2.17566367,2.43627934,2.46052617
GCAM 4.2,SSP1-Baseline,Countries of the Middle East and Africa,Secondary Energy|Electricity|Biomass|w/ CCS,EJ/yr,0.0,0.0,0.0,0.0,0.0,0.0,0.0,0.0,0.0,0.0
GCAM 4.2,SSP1-Baseline,Countries of the Middle East and Africa,Secondary Energy|Electricity|Biomass|w/o CCS,EJ/yr,0.0030204,0.08956194,0.24398390500000003,0.500790623,0.85731795,1.289236465,1.7645717630000002,2.17566367,2.43627934,2.46052617
GCAM 4.2,SSP1-Baseline,Countries of the Middle East and Africa,Secondary Energy|Electricity|Coal,EJ/yr,1.06047768,1.5105503,1.92313152,2.30742309,2.695005177,3.097432975,3.51234095,3.61124147,3.719754,3.71995819
GCAM 4.2,SSP1-Baseline,Countries of the Middle East and Africa,Secondary Energy|Electricity|Coal|w/ CCS,EJ/yr,0.0,0.0,0.0,0.0,0.0,0.0,0.0,0.0,0.0,0.0
GCAM 4.2,SSP1-Baseline,Countries of the Middle East and Africa,Secondary Energy|Electricity|Coal|w/o CCS,EJ/yr,1.06047768,1.5105503,1.92313152,2.30742309,2.695005177,3.097432975,3.51234095,3.61124147,3.719754,3.71995819
GCAM 4.2,SSP1-Baseline,Countries of the Middle East and Africa,Secondary Energy|Electricity|Gas,EJ/yr,2.6817340868099997,5.43083452,7.4936685050000005,9.626730175,11.544928414,11.847951093,11.966309769,11.893777562,11.319565812,10.675923835
GCAM 4.2,SSP1-Baseline,Countries of the Middle East and Africa,Secondary Energy|Electricity|Gas|w/ CCS,EJ/yr,0.0,0.0,0.0,0.0,0.0,0.0,0.0,0.0,0.0,0.0
GCAM 4.2,SSP1-Baseline,Countries of the Middle East and Africa,Secondary Energy|Electricity|Gas|w/o CCS,EJ/yr,2.6817340868099997,5.43083452,7.4936685050000005,9.626730175,11.544928414,11.847951093,11.966309769,11.893777562,11.319565812,10.675923835
GCAM 4.2,SSP1-Baseline,Countries of the Middle East and Africa,Secondary Energy|Electricity|Geothermal,EJ/yr,0.00529559,0.10938964,0.3879972,0.61038895,0.7187173480000001,0.81882663,0.8611634140000001,0.8672283040000001,0.8412508780000001,0.7717397009999991
GCAM 4.2,SSP1-Baseline,Countries of the Middle East and Africa,Secondary Energy|Electricity|Hydro,EJ/yr,0.4437737,0.5963155,0.748974199999998,0.9660516,1.2475506,1.5290475,1.810543399999999,2.092042299999999,2.3735402,2.5142881
GCAM 4.2,SSP1-Baseline,Countries of the Middle East and Africa,Secondary Energy|Electricity|Non-Biomass Renewables,EJ/yr,0.45882119,1.123557023,2.744896254,5.940599037,10.814945613,16.983506077,23.320043475,29.198952481,34.257524409,38.219882133
GCAM 4.2,SSP1-Baseline,Countries of the Middle East and Africa,Secondary Energy|Electricity|Nuclear,EJ/yr,0.043556399999999995,0.040838186000000005,0.055622736000000006,0.091255211999999,0.12872503100000002,0.180132189,0.24235051200000002,0.319887441,0.381529956,0.41123389
GCAM 4.2,SSP1-Baseline,Countries of the Middle East and Africa,Secondary Energy|Electricity|Oil,EJ/yr,1.31985686,0.7101289820000001,0.74537312,0.809473610999999,0.812170485,1.053323895,1.046081332,1.038710933,0.9604582580000001,0.707922335
GCAM 4.2,SSP1-Baseline,Countries of the Middle East and Africa,Secondary Energy|Electricity|Solar,EJ/yr,0.0003456,0.26038938500000003,0.7369749940000001,2.020474909,4.517249766,8.2663133,12.679335151,17.000424477,21.110863231,24.809222972
GCAM 4.2,SSP1-Baseline,Countries of the Middle East and Africa,Secondary Energy|Electricity|Wind,EJ/yr,0.0094063,0.157462498,0.87094986,2.3436835780000003,4.3314278989999995,6.369318647,7.96900151,9.2392574,9.9318701,10.12463136
GCAM 4.2,SSP1-Baseline,Countries of the Middle East and Africa,Secondary Energy|Hydrogen,EJ/yr,0.0,0.032909794,0.127224473,0.31683901200000003,0.616940572999999,0.877064135,1.118861619,1.298431175,1.409776352,1.414331445
GCAM 4.2,SSP1-Baseline,Latin American countries,Capacity|Electricity,GW,396.364036509295,411.010189873111,545.7105363027259,708.716022083284,878.587741697029,1032.99054844371,1141.00369626856,1187.42370203434,1181.36535186524,1124.45125631768
GCAM 4.2,SSP1-Baseline,Latin American countries,Capacity|Electricity|Biomass,GW,6.05381785895484,15.2629885289828,21.40545158707511,26.2465767694064,30.4196341086378,34.2603126585489,36.4883671042618,31.2094167776509,26.83950572361751,21.3193365518772
GCAM 4.2,SSP1-Baseline,Latin American countries,Capacity|Electricity|Coal,GW,10.0881330067225,21.3732765728057,30.286022720066,37.7494313641553,43.5074957984527,49.2671829813545,54.399030948757,48.5276668331431,43.8810343734145,38.0915731624175
GCAM 4.2,SSP1-Baseline,Latin American countries,Capacity|Electricity|Gas,GW,57.2371630834601,109.688994561771,153.112986031837,189.478043949772,211.536096191654,194.356622780315,164.792781265855,134.440680095764,105.04811279173,81.9862295313293
GCAM 4.2,SSP1-Baseline,Latin American countries,Capacity|Electricity|Nuclear,GW,3.49733637747336,3.20169386662157,2.88984744066746,2.44668209876543,2.0847921599301,2.0893604839618902,2.15972155279328,2.568753241445399,2.8509570719882698,2.8460214428660002
GCAM 4.2,SSP1-Baseline,Latin American countries,Capacity|Electricity|Oil,GW,212.502727042111,104.757715071664,96.8361866596906,76.73604753297809,53.9721575738838,44.4860097190513,32.6176644549086,26.9667827641425,22.700066550926,13.8530660197869
GCAM 4.2,SSP1-Baseline,Latin American countries,Capacity|Electricity|Solar,GW,0.026319127346524,18.8261672790033,48.99303517469279,112.786734619083,210.964872767017,329.615267485267,436.408382086178,507.240631169817,542.871399605214,543.961535586696
GCAM 4.2,SSP1-Baseline,Latin American countries,Capacity|Electricity|Wind,GW,1.21192106979778,13.9265645611365,49.7844821928837,104.441198671498,154.285188895906,195.915193416519,221.158538984547,233.608103534412,226.082201610857,210.462244419077
GCAM 4.2,SSP1-Baseline,Latin American countries,Emissions|CH4,Mt CH4/yr,47.663797361,42.961978968,43.284313959,42.992299961,40.72334383,38.876153451,36.130304215,33.381111454,30.727727827,27.406352416
GCAM 4.2,SSP1-Baseline,Latin American countries,Emissions|CH4|Energy,Mt CH4/yr,7.8909337760000025,4.073997234,5.1533998180000005,6.445625565,5.956597875,6.116107359,5.489428303,4.98985792,4.752821064,4.062798098
GCAM 4.2,SSP1-Baseline,Latin American countries,Emissions|CO2,Mt CO2/yr,3153.32032800643,2093.11146197572,2397.87079780783,2726.43129091637,2891.7064872256,3118.9971504556,3035.09441928403,2835.2558392037,2579.67690321,2258.32136972347
GCAM 4.2,SSP1-Baseline,Latin American countries,Emissions|CO2|AFOLU,Mt CO2/yr,1400.46895894767,-148.592387434333,-339.549396956,-396.708029065334,-442.918425147,-271.254642919333,-286.89945174,-297.801431642,-324.333379128,-364.3407378013329
GCAM 4.2,SSP1-Baseline,Latin American countries,Emissions|CO2|Energy and Industrial Processes,Mt CO2/yr,1752.85136905877,2241.70384941005,2737.42019476383,3123.13931998171,3334.6249123726,3390.25179337493,3321.993871024031,3133.057270845701,2904.010282338,2622.6621075248
GCAM 4.2,SSP1-Baseline,Latin American countries,Emissions|CO2|Energy|Supply|Electricity,Mt CO2/yr,337.337038936334,478.384885348333,628.348756837999,734.1008540800011,788.691018243333,760.753191132,698.995276664666,575.696300824333,471.507392103,378.0865052433329
GCAM 4.2,SSP1-Baseline,Latin American countries,Final Energy,EJ/yr,27.646858621,33.366998321,39.193754591,44.996540933,49.326301577,51.84833594,52.830667976,52.389129063,50.75788115100001,47.960152703
GCAM 4.2,SSP1-Baseline,Latin American countries,Final Energy|Electricity,EJ/yr,4.107527449,6.086279055,8.494731175,11.216202812,13.839758715,15.844992227,17.1529364,17.745495929,17.810099767,17.20202948
GCAM 4.2,SSP1-Baseline,Latin American countries,Final Energy|Gases,EJ/yr,4.259633825,5.040864353,6.209237437000001,7.371405912,8.184548646,8.585175239,8.723560379,8.673720021,8.522661369,8.31743377
GCAM 4.2,SSP1-Baseline,Latin American countries,Final Energy|Heat,EJ/yr,0.0,0.0,0.0,0.0,0.0,0.0,0.0,0.0,0.0,0.0
GCAM 4.2,SSP1-Baseline,Latin American countries,Final Energy|Hydrogen,EJ/yr,0.0,0.041307231,0.12481262400000001,0.236998651,0.35636119200000005,0.41666137299999906,0.46406894,0.49200331700000005,0.49422040500000003,0.46385029
GCAM 4.2,SSP1-Baseline,Latin American countries,Final Energy|Industry,EJ/yr,12.80485799,15.709807912,18.158780621,19.977849108,20.935380339,21.106005019,20.80729821,20.141487472,19.171687374,17.867262413
GCAM 4.2,SSP1-Baseline,Latin American countries,Final Energy|Liquids,EJ/yr,14.280515814,17.901995367,20.406784347,22.543074365,23.687938219,24.17665917,24.034195391,23.373630517,22.190317756,20.581350274000002
GCAM 4.2,SSP1-Baseline,Latin American countries,Final Energy|Solids,EJ/yr,4.999181533,4.296552315,3.958189008,3.6288591930000003,3.257694805,2.824847931,2.455906866,2.104279279,1.7405818540000002,1.3954888890000001
GCAM 4.2,SSP1-Baseline,Latin American countries,Final Energy|Solids|Biomass,EJ/yr,4.289363363000001,3.521090105,3.148981733,2.80281632,2.461615205,2.082552999,1.793389682,1.531113304,1.267878611,1.019928902
GCAM 4.2,SSP1-Baseline,Latin American countries,Final Energy|Solids|Coal,EJ/yr,0.70981817,0.77546221,0.809207275,0.826042873,0.7960795999999991,0.7422949320000001,0.662517184,0.573165975,0.47270324300000005,0.37555998700000004
GCAM 4.2,SSP1-Baseline,Latin American countries,Final Energy|Transportation,EJ/yr,9.582377566,11.238252899,13.014471859,15.00034095,16.564190054,17.71888441,18.540724395,18.998059056,19.102510706,18.781708399
GCAM 4.2,SSP1-Baseline,Latin American countries,Final Energy|Transportation|Electricity,EJ/yr,0.016294293,0.062656314,0.11934659500000001,0.19050739600000002,0.27638475,0.359830518999999,0.432873197999998,0.49785590100000005,0.5480603540000001,0.568165028
GCAM 4.2,SSP1-Baseline,Latin American countries,Final Energy|Transportation|Hydrogen,EJ/yr,0.0,0.006878933,0.03823893,0.08419375,0.137722968,0.189562676,0.23659458500000002,0.27523849,0.29847179100000004,0.30033566700000003
GCAM 4.2,SSP1-Baseline,Latin American countries,Final Energy|Transportation|Liquids,EJ/yr,9.346679273,10.702447995,11.854145421,12.88704437,13.383251138,13.6632454,13.762297768,13.647247669,13.294170902,12.666355174
GCAM 4.2,SSP1-Baseline,Latin American countries,Population,million,586.2230000000002,635.8919999999998,666.432,679.828,675.908,656.9019999999998,627.284,589.321,542.067,485.474
GCAM 4.2,SSP1-Baseline,Latin American countries,Primary Energy,EJ/yr,33.515515082,42.418409237,52.481117185,61.335706439,67.363018434,70.753880616,70.995928579,68.986993402,65.862033072,61.356031149
GCAM 4.2,SSP1-Baseline,Latin American countries,Primary Energy|Biomass,EJ/yr,4.738232892,5.400478073,6.628766959,7.585309334,8.181978809,8.956469256,8.920014587999999,8.410060867999999,7.911424104,7.314915078999999
GCAM 4.2,SSP1-Baseline,Latin American countries,Primary Energy|Coal,EJ/yr,1.44790165,2.9599647,5.660005,7.497355000000002,8.609882,10.005478,10.268892,9.651731999999999,8.974909,8.083555
GCAM 4.2,SSP1-Baseline,Latin American countries,Primary Energy|Fossil,EJ/yr,25.99394105,33.4449935,40.995842,47.048168,50.383758,50.744315,49.147098,46.056189,42.47541,38.429236
GCAM 4.2,SSP1-Baseline,Latin American countries,Primary Energy|Gas,EJ/yr,7.841464,11.536172,16.993552,21.41563,23.86546,23.95185,22.04038,19.72768,17.51865,15.62213
GCAM 4.2,SSP1-Baseline,Latin American countries,Primary Energy|Nuclear,EJ/yr,0.0992628,0.09087143,0.082020806,0.06944271,0.059171405,0.05930106500000001,0.061298081000000004,0.072907382,0.080917004,0.080776919
GCAM 4.2,SSP1-Baseline,Latin American countries,Primary Energy|Oil,EJ/yr,16.7045754,18.9488568,18.342285,18.135183,17.908416,16.786987,16.837826,16.676777,15.981851,14.723551
GCAM 4.2,SSP1-Baseline,Latin American countries,Secondary Energy|Electricity,EJ/yr,5.020225841,7.375117271000001,10.163547618,13.24230339,16.127062377,18.246571962,19.562800864,20.102041748,20.062464138,19.274288087
GCAM 4.2,SSP1-Baseline,Latin American countries,Secondary Energy|Electricity|Biomass,EJ/yr,0.15273056000000002,0.38506704900000005,0.5400338570000001,0.662169636,0.767450865,0.8643465760000001,0.920557715999999,0.7873761340000001,0.6771285220000001,0.537861277999998
GCAM 4.2,SSP1-Baseline,Latin American countries,Secondary Energy|Electricity|Biomass|w/ CCS,EJ/yr,0.0,0.0,0.0,0.0,0.0,0.0,0.0,0.0,0.0,0.0
GCAM 4.2,SSP1-Baseline,Latin American countries,Secondary Energy|Electricity|Biomass|w/o CCS,EJ/yr,0.15273056000000002,0.38506704900000005,0.5400338570000001,0.662169636,0.767450865,0.8643465760000001,0.920557715999999,0.7873761340000001,0.6771285220000001,0.537861277999998
GCAM 4.2,SSP1-Baseline,Latin American countries,Secondary Energy|Electricity|Coal,EJ/yr,0.25451149,0.53922212,0.76408001,0.952372854,1.09764191,1.242951906,1.372422271999999,1.224294800999999,1.10706584,0.961004680999999
GCAM 4.2,SSP1-Baseline,Latin American countries,Secondary Energy|Electricity|Coal|w/ CCS,EJ/yr,0.0,0.0,0.0,0.0,0.0,0.0,0.0,0.0,0.0,0.0
GCAM 4.2,SSP1-Baseline,Latin American countries,Secondary Energy|Electricity|Coal|w/o CCS,EJ/yr,0.25451149,0.53922212,0.76408001,0.952372854,1.09764191,1.242951906,1.372422271999999,1.224294800999999,1.10706584,0.961004680999999
GCAM 4.2,SSP1-Baseline,Latin American countries,Secondary Energy|Electricity|Gas,EJ/yr,1.159494051,2.468253149,3.566786176,4.5308743,5.1507220789999995,4.799746226,4.11918131,3.384902446,2.654627109,2.075427039
GCAM 4.2,SSP1-Baseline,Latin American countries,Secondary Energy|Electricity|Gas|w/ CCS,EJ/yr,0.0,0.0,0.0,0.0,0.0,0.0,0.0,0.0,0.0,0.0
GCAM 4.2,SSP1-Baseline,Latin American countries,Secondary Energy|Electricity|Gas|w/o CCS,EJ/yr,1.159494051,2.468253149,3.566786176,4.5308743,5.1507220789999995,4.799746226,4.11918131,3.384902446,2.654627109,2.075427039
GCAM 4.2,SSP1-Baseline,Latin American countries,Secondary Energy|Electricity|Geothermal,EJ/yr,0.035611199999999,0.35143421,0.67199001,0.88679528,0.95946545,0.98664951,0.98344389,0.97780744,0.93050272,0.82419511
GCAM 4.2,SSP1-Baseline,Latin American countries,Secondary Energy|Electricity|Hydro,EJ/yr,2.6322491,2.7762504999999997,2.9206548,3.120327999999999,3.375283999999999,3.630236,3.88519,4.140149,4.395097,4.522576
GCAM 4.2,SSP1-Baseline,Latin American countries,Secondary Energy|Electricity|Non-Biomass Renewables,EJ/yr,2.68407834,3.4820663489999992,4.77448742,6.632786396,8.73811022,10.993795295,12.86751791,14.447836152,15.394281964,15.531103151
GCAM 4.2,SSP1-Baseline,Latin American countries,Secondary Energy|Electricity|Nuclear,EJ/yr,0.0992628,0.09087143,0.082020806,0.06944271,0.059171405,0.05930106500000001,0.061298081000000004,0.072907382,0.080917004,0.080776919
GCAM 4.2,SSP1-Baseline,Latin American countries,Secondary Energy|Electricity|Oil,EJ/yr,0.6701486,0.40963717400000005,0.436139349,0.394657494,0.313965898,0.286430894,0.22182357500000002,0.184724833,0.148443699,0.088115019
GCAM 4.2,SSP1-Baseline,Latin American countries,Secondary Energy|Electricity|Solar,EJ/yr,0.00016600000000000002,0.15674622800000002,0.45964063600000005,1.110580474,2.116558043,3.411286646,4.651145291000001,5.720017787000002,6.503818089,6.865763371
GCAM 4.2,SSP1-Baseline,Latin American countries,Secondary Energy|Electricity|Wind,EJ/yr,0.01605204,0.197635411,0.7222019740000001,1.515082641999999,2.286802727,2.965623139,3.347738728999999,3.609861925,3.564864155,3.31856867
GCAM 4.2,SSP1-Baseline,Latin American countries,Secondary Energy|Hydrogen,EJ/yr,0.0,0.041305497000000004,0.12481391500000001,0.23699793700000002,0.35635980500000003,0.416661452999998,0.464068385,0.492002879,0.494220222999998,0.463850272
GCAM 4.2,SSP1-Baseline,OECD90 and EU (and EU candidate) countries,Capacity|Electricity,GW,1611.0993741434,1846.6167681723,2126.652536294189,2437.48361534734,2694.80757731165,2922.50617558041,3181.63635586345,3384.404814077269,3495.24713199843,3539.69483582677
GCAM 4.2,SSP1-Baseline,OECD90 and EU (and EU candidate) countries,Capacity|Electricity|Biomass,GW,19.47607258371389,16.1243301306443,20.2954919774226,28.2932236967276,40.801643756342,50.04386863425921,61.2460421026763,65.7095566574708,65.85605046613401,61.3818400399543
GCAM 4.2,SSP1-Baseline,OECD90 and EU (and EU candidate) countries,Capacity|Electricity|Coal,GW,463.145492453069,529.823627520928,530.434374524354,514.030731425989,523.849734826864,543.804213953894,579.319661775431,557.864757657915,553.789887430239,515.026409024607
GCAM 4.2,SSP1-Baseline,OECD90 and EU (and EU candidate) countries,Capacity|Electricity|Gas,GW,347.871071156773,361.021044774226,387.854239377219,418.490289399416,469.740130026002,447.298413067605,412.649805301877,394.2965984271949,322.354550894216,268.467222158802
GCAM 4.2,SSP1-Baseline,OECD90 and EU (and EU candidate) countries,Capacity|Electricity|Nuclear,GW,262.545182930266,235.49089576639,199.357334932916,143.475005355432,89.05351788432259,54.56662773408879,28.4841059600315,30.0551057345398,30.9767675038051,29.7255053131518
GCAM 4.2,SSP1-Baseline,OECD90 and EU (and EU candidate) countries,Capacity|Electricity|Oil,GW,235.766717402334,34.3281769247844,22.3809015490233,22.5369401636225,20.9986487268518,15.3614358590183,16.6481613473491,16.4501869292238,11.9069243483638,10.7429849219939
GCAM 4.2,SSP1-Baseline,OECD90 and EU (and EU candidate) countries,Capacity|Electricity|Solar,GW,17.180225159981,79.386483006141,119.107240283324,187.357009356406,303.261607946844,492.019556608789,713.154529929951,918.4478360488988,1075.24671550616,1204.94497682259
GCAM 4.2,SSP1-Baseline,OECD90 and EU (and EU candidate) countries,Capacity|Electricity|Wind,GW,71.763282627866,378.56693021027,618.339143876978,877.757344539298,982.1262718999968,1038.31691908982,1073.98751294817,1098.77720764866,1134.86027650939,1156.09592338914
GCAM 4.2,SSP1-Baseline,OECD90 and EU (and EU candidate) countries,Emissions|CH4,Mt CH4/yr,63.763727695,65.13157725399999,68.567660316,69.660539559,70.61858893899999,72.765666755,71.62491206,68.453543657,63.298698488,61.510047073
GCAM 4.2,SSP1-Baseline,OECD90 and EU (and EU candidate) countries,Emissions|CH4|Energy,Mt CH4/yr,20.264424231,24.15897093,26.486530777,26.63126276,26.710956309,28.099225815,26.634731231,23.680428423,19.533630804,19.438677629
GCAM 4.2,SSP1-Baseline,OECD90 and EU (and EU candidate) countries,Emissions|CO2,Mt CO2/yr,10660.1038555798,11214.257338988,11435.1851271702,11819.9457603227,11992.7835703911,12530.908368176,12359.4840133145,11790.0338311323,11174.0653625223,10303.5147312596
GCAM 4.2,SSP1-Baseline,OECD90 and EU (and EU candidate) countries,Emissions|CO2|AFOLU,Mt CO2/yr,-752.360736314001,-756.744936203667,-988.321942138666,-733.405970542667,-607.063604986667,-136.687118417667,-199.639634696333,-197.597672539667,-210.777258538,-263.488613663
GCAM 4.2,SSP1-Baseline,OECD90 and EU (and EU candidate) countries,Emissions|CO2|Energy and Industrial Processes,Mt CO2/yr,11412.4645918938,11971.0022751917,12423.5070693089,12553.3517308654,12599.8471753777,12667.5954865937,12559.1236480109,11987.631503672,11384.8426210603,10567.0033449226
GCAM 4.2,SSP1-Baseline,OECD90 and EU (and EU candidate) countries,Emissions|CO2|Energy|Supply|Electricity,Mt CO2/yr,4108.33153626866,4423.29992802134,4424.80656929667,4277.481716002,4285.15418154633,4219.76955449867,4231.02640081,3933.839967354,3708.172450895,3350.405262017
GCAM 4.2,SSP1-Baseline,OECD90 and EU (and EU candidate) countries,Final Energy,EJ/yr,148.892618636,156.909748666,164.122032972,170.360746001,174.128022768,177.420294511,179.573584154,179.502209696,176.779720658,172.108513355
GCAM 4.2,SSP1-Baseline,OECD90 and EU (and EU candidate) countries,Final Energy|Electricity,EJ/yr,30.761297942,36.443406113,40.320810805,44.09680300300001,47.926055719,50.849461333,54.15528131399999,57.36515373,59.138105364,59.629578077
GCAM 4.2,SSP1-Baseline,OECD90 and EU (and EU candidate) countries,Final Energy|Gases,EJ/yr,31.31376412900001,32.9683513,35.960804829,37.405824804,37.123856814,36.530214805,35.018067734,32.95062917,31.022773115,29.401037834
GCAM 4.2,SSP1-Baseline,OECD90 and EU (and EU candidate) countries,Final Energy|Heat,EJ/yr,0.0808569,0.09966073700000001,0.11551267,0.12165002,0.11735329900000001,0.108228604,0.09615242700000001,0.082718658,0.069689547,0.057548031000000006
GCAM 4.2,SSP1-Baseline,OECD90 and EU (and EU candidate) countries,Final Energy|Hydrogen,EJ/yr,0.0,0.15995779200000002,0.454040614,0.8135668030000001,1.213586284,1.492148545,1.764252739,1.965200377,2.116206783,2.155911019
GCAM 4.2,SSP1-Baseline,OECD90 and EU (and EU candidate) countries,Final Energy|Industry,EJ/yr,52.432250823,56.069321843,59.661830467,62.341506907,64.291322164,65.855917401,67.00537055699999,67.592921471,67.404759056,66.610252245
GCAM 4.2,SSP1-Baseline,OECD90 and EU (and EU candidate) countries,Final Energy|Liquids,EJ/yr,74.258112775,75.16342031800001,75.707902734,76.62199991899999,76.774817191,77.797975839,78.371165564,77.730331418,75.910467712,73.27159451899999
GCAM 4.2,SSP1-Baseline,OECD90 and EU (and EU candidate) countries,Final Energy|Solids,EJ/yr,12.47858689,12.074952406,11.56296132,11.300901452,10.972353461,10.642265385,10.168664376,9.408176343000001,8.522478137,7.592843875
GCAM 4.2,SSP1-Baseline,OECD90 and EU (and EU candidate) countries,Final Energy|Solids|Biomass,EJ/yr,5.67934563,5.426164539,5.234778487,5.178745159,5.129477425,4.9949649360000015,4.902517892000001,4.657999154000001,4.337165499,3.954767148
GCAM 4.2,SSP1-Baseline,OECD90 and EU (and EU candidate) countries,Final Energy|Solids|Coal,EJ/yr,6.799241260000001,6.648787867,6.328182833,6.122156293,5.842876036,5.647300448999999,5.266146484,4.750177189,4.185312638,3.638076727
GCAM 4.2,SSP1-Baseline,OECD90 and EU (and EU candidate) countries,Final Energy|Transportation,EJ/yr,50.412754033,51.26472710399999,51.786093584,53.041001207,53.627125027,54.96028065,56.405553873,57.207163869,57.195577523,56.64744943199999
GCAM 4.2,SSP1-Baseline,OECD90 and EU (and EU candidate) countries,Final Energy|Transportation|Electricity,EJ/yr,0.336318302,0.42514878300000003,0.5839543650000001,0.762836603,0.9774748390000001,1.239245533,1.554197874,1.91649175,2.299565194,2.607717147
GCAM 4.2,SSP1-Baseline,OECD90 and EU (and EU candidate) countries,Final Energy|Transportation|Hydrogen,EJ/yr,0.0,0.035317699,0.166669548,0.320206353999999,0.491426867999998,0.6810007560000001,0.8820099280000001,1.069229577,1.22149083,1.314038369
GCAM 4.2,SSP1-Baseline,OECD90 and EU (and EU candidate) countries,Final Energy|Transportation|Liquids,EJ/yr,49.972249395,49.760765798,48.66107392600001,48.262978697,47.253962285,47.08296942899999,47.072696642,46.590730501,45.512432774,44.116705777
GCAM 4.2,SSP1-Baseline,OECD90 and EU (and EU candidate) countries,Population,million,1008.395,1066.706,1118.886,1164.807,1202.545,1231.149,1245.822,1243.736,1219.818,1177.267
GCAM 4.2,SSP1-Baseline,OECD90 and EU (and EU candidate) countries,Primary Energy,EJ/yr,188.1345698,201.942600872,216.520710635,226.616141437,232.955045842,239.071287877,240.161738118,236.617689333,230.456205625,221.411261331
GCAM 4.2,SSP1-Baseline,OECD90 and EU (and EU candidate) countries,Primary Energy|Biomass,EJ/yr,8.497049,10.319677,13.512808,16.612209,19.450766,23.115576,24.44154,24.865378,24.305018,23.272022
GCAM 4.2,SSP1-Baseline,OECD90 and EU (and EU candidate) countries,Primary Energy|Coal,EJ/yr,38.285448099999996,44.7751722,50.450837,52.41423,54.10720500000001,58.525693,60.05463100000001,57.47095,55.825376,51.868019
GCAM 4.2,SSP1-Baseline,OECD90 and EU (and EU candidate) countries,Primary Energy|Fossil,EJ/yr,166.24695251,173.5539639,181.5659902,185.175997,186.476798,186.07196,182.58464,174.118457,164.565294,153.499854
GCAM 4.2,SSP1-Baseline,OECD90 and EU (and EU candidate) countries,Primary Energy|Gas,EJ/yr,49.600793,53.574625,64.607388,71.396976,74.09895,73.81029000000002,67.58792,61.07756,54.02004,49.16629099999999
GCAM 4.2,SSP1-Baseline,OECD90 and EU (and EU candidate) countries,Primary Energy|Nuclear,EJ/yr,7.451662400000001,6.6837968,5.658239622999999,4.072164992,2.527552566,1.548731855,0.8084472890000001,0.8530360330000001,0.8791950059999991,0.8436811820000001
GCAM 4.2,SSP1-Baseline,OECD90 and EU (and EU candidate) countries,Primary Energy|Oil,EJ/yr,78.36071141,75.2041667,66.5077652,61.364791,58.27064300000001,53.735977,54.942089,55.569947,54.719878,52.46554399999999
GCAM 4.2,SSP1-Baseline,OECD90 and EU (and EU candidate) countries,Secondary Energy|Electricity,EJ/yr,33.836154657,40.364795331,44.596285313,48.730217921,52.962395077,56.103030912,59.763393987,63.403507614,65.434710303,66.035296266
GCAM 4.2,SSP1-Baseline,OECD90 and EU (and EU candidate) countries,Secondary Energy|Electricity|Biomass,EJ/yr,0.49135794,0.4067975,0.5120309080000001,0.713804082,1.02937651,1.262546753,1.545164147,1.6577732630000002,1.6614691259999992,1.548590165999999
GCAM 4.2,SSP1-Baseline,OECD90 and EU (and EU candidate) countries,Secondary Energy|Electricity|Biomass|w/ CCS,EJ/yr,0.0,0.0,0.0,0.0,0.0,0.0,0.0,0.0,0.0,0.0
GCAM 4.2,SSP1-Baseline,OECD90 and EU (and EU candidate) countries,Secondary Energy|Electricity|Biomass|w/o CCS,EJ/yr,0.49135794,0.4067975,0.5120309080000001,0.713804082,1.02937651,1.262546753,1.545164147,1.6577732630000002,1.6614691259999992,1.548590165999999
GCAM 4.2,SSP1-Baseline,OECD90 and EU (and EU candidate) countries,Secondary Energy|Electricity|Coal,EJ/yr,11.68602823,13.368066002,13.383259568,12.969084847,13.216477308,13.719693192,14.615539883,14.074258398,13.971454312,12.993498268
GCAM 4.2,SSP1-Baseline,OECD90 and EU (and EU candidate) countries,Secondary Energy|Electricity|Coal|w/ CCS,EJ/yr,0.0,0.0,0.0,0.0,0.0,0.0,0.0,0.0,0.0,0.0
GCAM 4.2,SSP1-Baseline,OECD90 and EU (and EU candidate) countries,Secondary Energy|Electricity|Coal|w/o CCS,EJ/yr,11.68602823,13.368066002,13.383259568,12.969084847,13.216477308,13.719693192,14.615539883,14.074258398,13.971454312,12.993498268
GCAM 4.2,SSP1-Baseline,OECD90 and EU (and EU candidate) countries,Secondary Energy|Electricity|Gas,EJ/yr,7.522676637000001,8.38521721,9.16474963,10.107393805,11.567082021000001,11.141309124,10.358508795,9.930505464,8.140615214,6.788204213999999
GCAM 4.2,SSP1-Baseline,OECD90 and EU (and EU candidate) countries,Secondary Energy|Electricity|Gas|w/ CCS,EJ/yr,0.0,0.0,0.0,0.0,0.0,0.0,0.0,0.0,0.0,0.0
GCAM 4.2,SSP1-Baseline,OECD90 and EU (and EU candidate) countries,Secondary Energy|Electricity|Gas|w/o CCS,EJ/yr,7.522676637000001,8.38521721,9.16474963,10.107393805,11.567082021000001,11.141309124,10.358508795,9.930505464,8.140615214,6.788204213999999
GCAM 4.2,SSP1-Baseline,OECD90 and EU (and EU candidate) countries,Secondary Energy|Electricity|Geothermal,EJ/yr,0.13238103,0.57751406,0.97003686,1.30500604,1.6612010700000002,1.933790084,2.17945274,2.21333258,2.014972546999999,1.772694676
GCAM 4.2,SSP1-Baseline,OECD90 and EU (and EU candidate) countries,Secondary Energy|Electricity|Hydro,EJ/yr,4.745641,4.7678449999999994,4.8044270000000004,4.889751,5.023826000000001,5.157903,5.291969,5.426038,5.560125,5.627164
GCAM 4.2,SSP1-Baseline,OECD90 and EU (and EU candidate) countries,Secondary Energy|Electricity|Non-Biomass Renewables,EJ/yr,5.93890629,11.385163199,15.783672812,20.755770445,24.499929276,28.335020022,32.327110829,36.78081829999999,40.706698619,43.795704149
GCAM 4.2,SSP1-Baseline,OECD90 and EU (and EU candidate) countries,Secondary Energy|Electricity|Nuclear,EJ/yr,7.451662400000001,6.6837968,5.658239622999999,4.072164992,2.527552566,1.548731855,0.8084472890000001,0.8530360330000001,0.8791950059999991,0.8436811820000001
GCAM 4.2,SSP1-Baseline,OECD90 and EU (and EU candidate) countries,Secondary Energy|Electricity|Oil,EJ/yr,0.74552316,0.13575462,0.09433277200000001,0.11199975000000001,0.121977396,0.095729966,0.108623044,0.107116155999999,0.075278026,0.065618287
GCAM 4.2,SSP1-Baseline,OECD90 and EU (and EU candidate) countries,Secondary Energy|Electricity|Solar,EJ/yr,0.11037097,0.667485007,1.039235060999999,1.8277738209999992,3.2579051740000002,5.526033005,8.598439389,12.16243909,15.237124232,18.166524953
GCAM 4.2,SSP1-Baseline,OECD90 and EU (and EU candidate) countries,Secondary Energy|Electricity|Wind,EJ/yr,0.9505132900000001,5.372319132,8.969973891,12.733239584,14.556997032,15.717293933,16.2572497,16.97900863,17.89447684,18.22932052
GCAM 4.2,SSP1-Baseline,OECD90 and EU (and EU candidate) countries,Secondary Energy|Hydrogen,EJ/yr,0.0,0.15995786,0.454040946,0.8135666460000001,1.213585994,1.492148624,1.7642522230000002,1.965199818,2.116207884,2.155911486
GCAM 4.2,SSP1-Baseline,World,Capacity|Electricity,GW,4144.84828142649,4831.46674090088,6232.13604899305,7942.98140884935,9681.54427752771,11292.5677443505,12709.9142621813,13625.4771834013,13992.0694416554,13904.9201856535
GCAM 4.2,SSP1-Baseline,World,Capacity|Electricity|Biomass,GW,30.3345299816083,50.6469148750634,87.67879704940391,138.954788574962,195.459256167555,245.617703259767,294.177716458967,321.653743856228,323.630048079972,294.135118634259
GCAM 4.2,SSP1-Baseline,World,Capacity|Electricity|Coal,GW,1225.95827546296,1664.36083040018,1953.45145115899,2119.81384730942,2202.16080970954,2259.56860040906,2328.80194955765,2029.94371666508,1764.35733138318,1469.94719522926
GCAM 4.2,SSP1-Baseline,World,Capacity|Electricity|Gas,GW,841.210098776002,1157.5426730007,1436.9308602708,1688.7050985144,1879.90699365804,1750.599685153481,1581.63668229959,1433.24462745751,1209.79883905695,1041.32683902524
GCAM 4.2,SSP1-Baseline,World,Capacity|Electricity|Nuclear,GW,349.605290602627,316.279049657534,273.603256278539,207.228569218953,141.358913023564,101.501938349118,72.4362446445685,79.942441407351,83.2584443880715,79.555690498337
GCAM 4.2,SSP1-Baseline,World,Capacity|Electricity|Oil,GW,1085.21662861492,408.36590547311,401.99327019121,368.256555523846,292.474100472476,286.630320031076,255.640557141045,241.897592790779,219.779603825786,162.348426956494
GCAM 4.2,SSP1-Baseline,World,Capacity|Electricity|Solar,GW,18.7869999570383,192.582079348302,462.741457599916,1071.13052732273,2070.25158352284,3364.27628332095,4648.50064355404,5712.04631531504,6456.01685055402,6927.42327569963
GCAM 4.2,SSP1-Baseline,World,Capacity|Electricity|Wind,GW,92.8780660348868,464.649769857376,945.679612258178,1591.71711791079,2062.1452568898,2373.0461539986,2557.73946950839,2784.606526263469,2880.16050183917,2879.64900304414
GCAM 4.2,SSP1-Baseline,World,Emissions|CH4,Mt CH4/yr,368.28881619,364.530413233,395.476181127,414.67596388,415.077887455,406.324207229,394.100234895,370.838457156,344.733670008,312.78988389
GCAM 4.2,SSP1-Baseline,World,Emissions|CH4|Energy,Mt CH4/yr,134.80178808,129.685698728,151.872075927,163.803415331,157.556022444,148.646559998,141.283724795,126.032049009,111.312561066,95.795025323
GCAM 4.2,SSP1-Baseline,World,Emissions|CO2,Mt CO2/yr,35775.4316692504,36838.7822052857,41740.1844527582,46587.9307087096,48042.7821434253,49156.2938093803,48076.4964593343,44057.0571800055,39667.8823036371,34839.8462688793
GCAM 4.2,SSP1-Baseline,World,Emissions|CO2|AFOLU,Mt CO2/yr,3128.45158566967,-1722.08462494567,-2793.231836362,-1882.646977222,-2009.75086706167,-1217.36203127,-1351.54856852033,-1448.22223007733,-1598.64161580567,-1823.28451961333
GCAM 4.2,SSP1-Baseline,World,Emissions|CO2|Energy and Industrial Processes,Mt CO2/yr,32646.9800835808,38560.8668302314,44533.4162891202,48470.5776859316,50052.533010487,50373.6558406503,49428.0450278546,45505.2794100828,41266.5239194428,36663.1307884926
GCAM 4.2,SSP1-Baseline,World,Emissions|CO2|Energy|Supply|Electricity,Mt CO2/yr,11668.8311449343,14602.549713389,16786.6305188817,17877.1103877557,18180.526953193,17785.0518816373,17393.5663429147,14787.4166258317,12472.0168052847,10233.461483157
GCAM 4.2,SSP1-Baseline,World,Final Energy,EJ/yr,393.851451709,450.960846319,512.801986071,569.048597418,607.561136334,632.17710256,643.695409494,640.343938778,624.211932886,598.6353491369999
GCAM 4.2,SSP1-Baseline,World,Final Energy|Electricity,EJ/yr,65.715268115,88.25333827899998,111.1758838,136.073420417,159.985718579,178.531233701,194.608608439,205.021123614,209.828017622,209.066558345
GCAM 4.2,SSP1-Baseline,World,Final Energy|Gases,EJ/yr,63.538011354,74.09627669300001,87.79771021200001,97.666741918,101.418761353,101.788132097,99.298014292,95.076126381,90.568079592,86.617614073
GCAM 4.2,SSP1-Baseline,World,Final Energy|Heat,EJ/yr,9.7270965,10.242321937,10.52663337,10.15374082,9.222752769,8.093323724,6.848240287,5.700193228,4.601664957,3.598085491
GCAM 4.2,SSP1-Baseline,World,Final Energy|Hydrogen,EJ/yr,0.0,0.326560246999999,0.962979479,1.849534365999999,2.922706269,3.630435817,4.266178257,4.695005798,4.942702294,4.890409367
GCAM 4.2,SSP1-Baseline,World,Final Energy|Industry,EJ/yr,174.628985141,205.837123919,233.553241518,255.212626377,267.398804757,270.976269228,268.769843772,261.97310212,251.851878525,239.504255974
GCAM 4.2,SSP1-Baseline,World,Final Energy|Liquids,EJ/yr,157.829035566,180.91683644,207.851102597,232.855786589,250.170994866,264.058176838,271.211879621,271.109900251,264.389888259,252.892401736
GCAM 4.2,SSP1-Baseline,World,Final Energy|Solids,EJ/yr,97.042040174,97.125512723,94.487676613,90.449373308,83.840202498,76.075800383,67.46248859800001,58.741589506,49.881580162,41.570280125
GCAM 4.2,SSP1-Baseline,World,Final Energy|Solids|Biomass,EJ/yr,47.07149658100001,41.38448933,37.610640973,34.432190188,31.653902115,28.655449602,26.181295119,23.501032079,20.652766201,17.86727694
GCAM 4.2,SSP1-Baseline,World,Final Energy|Solids|Coal,EJ/yr,49.970543593,55.741023393,56.87703564,56.01718312,52.186300383,47.420350781,41.281193479,35.240557427,29.228813961,23.703003185
GCAM 4.2,SSP1-Baseline,World,Final Energy|Transportation,EJ/yr,98.44806188,109.863765469,123.960024657,139.09131635,150.838087414,162.567825781,172.619341725,179.249471476,182.386871536,182.44201033
GCAM 4.2,SSP1-Baseline,World,Final Energy|Transportation|Electricity,EJ/yr,0.881554405,1.190045473,1.565359165,1.9772896110000002,2.426884015,2.9226257120000003,3.477051547,4.076954576999999,4.703235472,5.201843844
GCAM 4.2,SSP1-Baseline,World,Final Energy|Transportation|Hydrogen,EJ/yr,0.0,0.052888951000000003,0.264762963,0.5391966770000001,0.86197214,1.231223389,1.613117858,1.968649353,2.253734659,2.418530226999999
GCAM 4.2,SSP1-Baseline,World,Final Energy|Transportation|Liquids,EJ/yr,96.434289169,105.650394565,115.703943664,125.618349528,131.780309491,138.377694902,143.77413805,146.468496598,146.255628295,143.620803263
GCAM 4.2,SSP1-Baseline,World,GDP|PPP,billion US$2010/yr,73630.72577,110692.398,167404.9552,239178.2735,312771.0355,384415.1987,454847.9632,518366.9998,574639.1383,621026.333
GCAM 4.2,SSP1-Baseline,World,Population,million,6895.882,7545.107,8026.539000000002,8348.692,8486.018,8443.981,8247.938,7914.951999999997,7457.846,6906.14
GCAM 4.2,SSP1-Baseline,World,Primary Energy,EJ/yr,508.622863442,600.31889519,706.991858734,793.3942674739999,847.4359359389999,880.140620404,886.753763195,861.6068605989999,823.735440388,775.414558926
GCAM 4.2,SSP1-Baseline,World,Primary Energy|Biomass,EJ/yr,51.530069752,55.508445823,65.07218967899999,75.074835034,83.833666238,93.59323865100001,97.621258485,99.271215812,97.89342673,94.53561399
GCAM 4.2,SSP1-Baseline,World,Primary Energy|Coal,EJ/yr,143.25977845,184.6534059,224.231762,245.355968,251.918909,259.972721,256.987963,228.682162,202.089625,173.526734
GCAM 4.2,SSP1-Baseline,World,Primary Energy|Fossil,EJ/yr,433.18341434,513.0759379,599.3355912000002,659.8107482,687.2352983,690.610009,675.1980070000002,626.877337,573.1012059999998,516.7067450000002
GCAM 4.2,SSP1-Baseline,World,Primary Energy|Gas,EJ/yr,113.8447956,144.966954,194.814839,231.856303,249.347548,246.87438,226.976837,203.51012,179.731581,162.286568
GCAM 4.2,SSP1-Baseline,World,Primary Energy|Nuclear,EJ/yr,9.9226372,8.976757865,7.765517061000001,5.881644144,4.012105213,2.880868615,2.05591447,2.268958349,2.363074472,2.25798143
GCAM 4.2,SSP1-Baseline,World,Primary Energy|Oil,EJ/yr,176.07884029,183.455578,180.2889902,182.5984772,185.9688413,183.762908,191.233207,194.685055,191.28,180.893443
GCAM 4.2,SSP1-Baseline,World,Secondary Energy|Electricity,EJ/yr,78.38901522081,104.389480975,130.641422757,158.653775304,184.911806428,204.55168991,221.548560998,232.67797936,237.584810542,236.197851424
GCAM 4.2,SSP1-Baseline,World,Secondary Energy|Electricity|Biomass,EJ/yr,0.7892471820000001,1.296550323,2.227413095,3.515997762,4.9366460100000005,6.198947789,7.421750772999999,8.114937973,8.164797757,7.420676081
GCAM 4.2,SSP1-Baseline,World,Secondary Energy|Electricity|Biomass|w/ CCS,EJ/yr,0.0,0.0,0.0,0.0,0.0,0.0,0.0,0.0,0.0,0.0
GCAM 4.2,SSP1-Baseline,World,Secondary Energy|Electricity|Biomass|w/o CCS,EJ/yr,0.7892471820000001,1.296550323,2.227413095,3.515997762,4.9366460100000005,6.198947789,7.421750772999999,8.114937973,8.164797757,7.420676081
GCAM 4.2,SSP1-Baseline,World,Secondary Energy|Electricity|Coal,EJ/yr,31.86561027,42.814227786000004,49.967279791,53.94793751100001,55.80910943399999,57.117383735,58.752878625,51.213044039,44.51261824199999,37.085003799
GCAM 4.2,SSP1-Baseline,World,Secondary Energy|Electricity|Coal|w/ CCS,EJ/yr,0.0,0.0,0.0,0.0,0.0,0.0,0.0,0.0,0.0,0.0
GCAM 4.2,SSP1-Baseline,World,Secondary Energy|Electricity|Coal|w/o CCS,EJ/yr,31.86561027,42.814227786000004,49.967279791,53.94793751100001,55.80910943399999,57.117383735,58.752878625,51.213044039,44.51261824199999,37.085003799
GCAM 4.2,SSP1-Baseline,World,Secondary Energy|Electricity|Gas,EJ/yr,18.35919912881,26.902824361,34.023884235,40.757376625,46.073405213,43.43448969600001,39.680369449,36.203375577,30.686975777,26.455430567
GCAM 4.2,SSP1-Baseline,World,Secondary Energy|Electricity|Gas|w/ CCS,EJ/yr,0.0,0.0,0.0,0.0,0.0,0.0,0.0,0.0,0.0,0.0
GCAM 4.2,SSP1-Baseline,World,Secondary Energy|Electricity|Gas|w/o CCS,EJ/yr,18.35919912881,26.902824361,34.023884235,40.757376625,46.073405213,43.43448969600001,39.680369449,36.203375577,30.686975777,26.455430567
GCAM 4.2,SSP1-Baseline,World,Secondary Energy|Electricity|Geothermal,EJ/yr,0.2451255,1.5381706990000001,3.239999025,4.49308783,5.282141651,5.892771427,6.153085227999999,6.199120831,5.785107581,5.0483844389999994
GCAM 4.2,SSP1-Baseline,World,Secondary Energy|Electricity|Hydro,EJ/yr,12.3909307,13.0198439,13.6647437,14.6095264,15.8542282,17.0989167,18.3436002,19.5883008,20.8329875,21.4553438
GCAM 4.2,SSP1-Baseline,World,Secondary Energy|Electricity|Non-Biomass Renewables,EJ/yr,13.98674255,22.757753792,34.818560794,52.627040097,72.354866188,93.056504138,111.87858324,133.189349438,150.377733186,161.914218506
GCAM 4.2,SSP1-Baseline,World,Secondary Energy|Electricity|Nuclear,EJ/yr,9.9226372,8.976757865,7.765517061000001,5.881644144,4.012105213,2.880868615,2.05591447,2.268958349,2.363074472,2.25798143
GCAM 4.2,SSP1-Baseline,World,Secondary Energy|Electricity|Oil,EJ/yr,3.46557889,1.641366848,1.838767781,1.923779165,1.7256743700000001,1.8634959370000002,1.759064441,1.688313984,1.479611108,1.064541041
GCAM 4.2,SSP1-Baseline,World,Secondary Energy|Electricity|Solar,EJ/yr,0.12050522,1.6058005709999992,4.195259173,10.434085737,20.653544311,34.143351925,48.664679295,64.372405615,78.345267312,90.00418478700001
GCAM 4.2,SSP1-Baseline,World,Secondary Energy|Electricity|Wind,EJ/yr,1.23018113,6.593938622,13.718558896,23.09034013,30.564952026,35.921464086,38.717218517,43.02952219199999,45.414370793,45.40630548
GCAM 4.2,SSP1-Baseline,World,Secondary Energy|Hydrogen,EJ/yr,0.0,0.326558428,0.9629816640000001,1.849533756,2.92270368,3.630437938,4.266177497,4.695004541,4.942704808,4.890408848
GCAM 4.2,SSP2-Baseline,Asian countries except Japan,Capacity|Electricity,GW,1207.62010431012,1788.69788986865,2556.36807329766,3264.09031673078,3924.17163346062,4426.07086177322,4875.99734623959,5217.16116656052,5405.97679039293,5491.91347924019
GCAM 4.2,SSP2-Baseline,Asian countries except Japan,Capacity|Electricity|Biomass,GW,3.32077189561137,14.4562424689244,33.1385488806443,55.41853429414,78.0493489979706,96.3685483653603,117.135806102549,144.688764309044,165.238905496892,177.854902333841
GCAM 4.2,SSP2-Baseline,Asian countries except Japan,Capacity|Electricity|Coal,GW,643.797682410579,1050.36966752283,1394.98036224474,1622.8952955749,1788.33396047374,1887.11266893392,1973.63776041667,1824.23345779427,1686.01879677194,1578.75221056887
GCAM 4.2,SSP2-Baseline,Asian countries except Japan,Capacity|Electricity|Gas,GW,155.245738203957,264.627722444191,385.293266901319,487.369370417934,565.775299498986,556.234370830163,514.312203687848,502.521557632547,491.019231180238,503.5814326008371
GCAM 4.2,SSP2-Baseline,Asian countries except Japan,Capacity|Electricity|Nuclear,GW,37.580035514967,75.2520688877614,164.862607460962,283.244037149783,400.591064885281,484.4551369863009,562.110998012853,699.7847747195441,768.1612858672978,787.395634266306
GCAM 4.2,SSP2-Baseline,Asian countries except Japan,Capacity|Electricity|Oil,GW,196.573617453069,105.589244910578,124.002785744863,116.849936818239,99.4411513429097,98.7558873192542,103.162204425101,129.173425529553,149.024955844115,161.653023885401
GCAM 4.2,SSP2-Baseline,Asian countries except Japan,Capacity|Electricity|Solar,GW,1.143816590563159,47.9599170536298,127.753543025578,275.167260443787,494.197321064222,778.260875099262,1060.04172257141,1271.65769689888,1421.13962193906,1505.48287991807
GCAM 4.2,SSP2-Baseline,Asian countries except Japan,Capacity|Electricity|Wind,GW,18.0612255683603,57.38028919330301,135.881643408224,214.671885409084,267.173582842169,273.628184654046,275.173016090077,354.934320608,415.892984525622,458.377712201928
GCAM 4.2,SSP2-Baseline,Asian countries except Japan,Emissions|CH4,Mt CH4/yr,164.683437529,163.101469652,185.09757042,205.616260431,219.780599326,228.692476857,233.162493828,231.221117694,226.164216512,208.806304062
GCAM 4.2,SSP2-Baseline,Asian countries except Japan,Emissions|CH4|Energy,Mt CH4/yr,58.966633658,45.474018186,53.473869292,60.86581299100001,62.34887634899999,65.94095003300001,68.889076952,69.454794042,68.232915362,57.199759502
GCAM 4.2,SSP2-Baseline,Asian countries except Japan,Emissions|CO2,Mt CO2/yr,15069.2823737076,18888.8654556141,24258.2917686784,27966.04981077891,30044.8046103927,31795.9882308735,32551.27465873141,31486.09677189169,30366.469990428,29544.8086818925
GCAM 4.2,SSP2-Baseline,Asian countries except Japan,Emissions|CO2|AFOLU,Mt CO2/yr,1363.61447697567,-370.354703407333,-286.567113752333,62.3885992070007,-33.679342554,90.90133299133328,-54.6867706953333,-144.901262201667,-232.192778539333,-330.853707019
GCAM 4.2,SSP2-Baseline,Asian countries except Japan,Emissions|CO2|Energy and Industrial Processes,Mt CO2/yr,13705.667896732,19259.2201590215,24544.8588824308,27903.6612115719,30078.4839529467,31705.0868978822,32605.9614294268,31630.9980340934,30598.6627689674,29875.6623889116
GCAM 4.2,SSP2-Baseline,Asian countries except Japan,Emissions|CO2|Energy|Supply|Electricity,Mt CO2/yr,5320.38260941733,8008.59571977667,10281.5231769433,11619.7098138,12446.9834658033,12765.7002864233,12970.4314531733,11666.1884189767,10567.7041487233,9805.48631344333
GCAM 4.2,SSP2-Baseline,Asian countries except Japan,Final Energy,EJ/yr,137.403875405,184.742466309,229.358595516,262.682464377,287.729009038,306.193286313,319.80841563,328.627610176,333.80599878,336.638909859
GCAM 4.2,SSP2-Baseline,Asian countries except Japan,Final Energy|Electricity,EJ/yr,21.244348915,34.568466659,49.023183175,62.010037578,73.674541759,81.366990728,87.997125089,92.752178421,95.336071234,96.653164101
GCAM 4.2,SSP2-Baseline,Asian countries except Japan,Final Energy|Gases,EJ/yr,10.744730187,17.306030282000002,23.830530548,28.531455977,31.928917956,34.406181982,36.367477687,38.033386115,40.065432013,42.354538122
GCAM 4.2,SSP2-Baseline,Asian countries except Japan,Final Energy|Heat,EJ/yr,3.0529687,4.2357199,4.9224896,5.1262011,5.0091401,4.7314606,4.2930253,3.812427999999999,3.327748799999999,2.877372
GCAM 4.2,SSP2-Baseline,Asian countries except Japan,Final Energy|Hydrogen,EJ/yr,0.0,0.078217795,0.22932052300000003,0.451056247,0.746049269,0.9466752920000001,1.165598196,1.37730998,1.594474379,1.74425881
GCAM 4.2,SSP2-Baseline,Asian countries except Japan,Final Energy|Industry,EJ/yr,74.871795933,101.710716798,123.530264631,139.294200352,150.452074364,157.19442303,160.662894507,161.408971864,160.20042822,158.042631865
GCAM 4.2,SSP2-Baseline,Asian countries except Japan,Final Energy|Liquids,EJ/yr,42.63672606,61.618650158,81.859500697,96.883833186,108.992348961,120.324097388,129.971925066,137.685530455,143.551134425,147.393148972
GCAM 4.2,SSP2-Baseline,Asian countries except Japan,Final Energy|Solids,EJ/yr,59.725101543,66.935381515,69.493570973,69.679880289,67.378010993,64.417880323,60.013264292,54.966777205,49.93113792899999,45.61642785399999
GCAM 4.2,SSP2-Baseline,Asian countries except Japan,Final Energy|Solids|Biomass,EJ/yr,22.340332883,18.790935195,16.355871413,14.876176709,13.461799877,12.070385393,10.914605546,9.838746283,8.908547913,8.130282577000001
GCAM 4.2,SSP2-Baseline,Asian countries except Japan,Final Energy|Solids|Coal,EJ/yr,37.38476866,48.14444632,53.13769956,54.80370358,53.91621111600001,52.34749493,49.09865874600001,45.128030922,41.022590016,37.486145277
GCAM 4.2,SSP2-Baseline,Asian countries except Japan,Final Energy|Transportation,EJ/yr,21.363659167,31.013954256,42.077271343,51.077737258,58.716025313,66.288707483,73.757496836,80.776442908,87.36663188,93.27630117
GCAM 4.2,SSP2-Baseline,Asian countries except Japan,Final Energy|Transportation|Electricity,EJ/yr,0.22901339999999998,0.399488603,0.5651153800000001,0.706543655999999,0.8342969960000001,0.952230780999999,1.086127925999999,1.240780715,1.43604755,1.64828272
GCAM 4.2,SSP2-Baseline,Asian countries except Japan,Final Energy|Transportation|Hydrogen,EJ/yr,0.0,0.0036343530000000003,0.022128766,0.051459259,0.09161216900000001,0.146605906999999,0.21142896300000003,0.2882396,0.383820881,0.48012544100000004
GCAM 4.2,SSP2-Baseline,Asian countries except Japan,Final Energy|Transportation|Liquids,EJ/yr,20.55077726,29.535150455,39.181302743,46.269156202,51.72112534399999,57.16385773,62.628299437,67.787312786,72.442556677,76.316554986
GCAM 4.2,SSP2-Baseline,Asian countries except Japan,Population,million,3758.607,4100.367999999999,4361.638,4526.681,4593.918,4561.697,4450.976,4285.974,4082.389,3866.238
GCAM 4.2,SSP2-Baseline,Asian countries except Japan,Primary Energy,EJ/yr,183.43320752,256.909941943,332.803908414,386.701382431,424.835003356,451.282072295,466.939749205,466.293825395,462.19945097,458.068192589
GCAM 4.2,SSP2-Baseline,Asian countries except Japan,Primary Energy|Biomass,EJ/yr,23.21659806,24.5786725,27.45913444,30.46688132,32.39746715,33.18874676,33.17686007,33.327373051,32.999024376,32.480782026
GCAM 4.2,SSP2-Baseline,Asian countries except Japan,Primary Energy|Coal,EJ/yr,89.0045685,130.479218,170.126691,194.970252,210.61344,224.57271,231.01798,218.24968,204.73908,194.90212
GCAM 4.2,SSP2-Baseline,Asian countries except Japan,Primary Energy|Fossil,EJ/yr,155.07137598,224.6110989,292.7338449,337.278257,366.768918,386.905889,397.457265,388.81777,379.842842,373.627971
GCAM 4.2,SSP2-Baseline,Asian countries except Japan,Primary Energy|Gas,EJ/yr,18.653152,33.70871,56.27015,71.68482,80.242,81.35396999999998,75.58450400000002,69.00524399999999,64.465733,61.810803
GCAM 4.2,SSP2-Baseline,Asian countries except Japan,Primary Energy|Nuclear,EJ/yr,1.0666115999999999,2.13583432,4.67919647,8.03914556,11.36973584,13.74999948,15.95405919,19.86157139,21.80226088,22.34817785
GCAM 4.2,SSP2-Baseline,Asian countries except Japan,Primary Energy|Oil,EJ/yr,47.41365548,60.4231709,66.3370039,70.62318499999998,75.913478,80.979209,90.854781,101.562846,110.638029,116.915048
GCAM 4.2,SSP2-Baseline,Asian countries except Japan,Secondary Energy|Electricity,EJ/yr,25.111875411,41.058187483,58.3221718,73.706811129,87.23781855700001,95.639041111,102.577369194,107.280636293,109.37156035,109.980307811
GCAM 4.2,SSP2-Baseline,Asian countries except Japan,Secondary Energy|Electricity|Biomass,EJ/yr,0.08377909,0.364713181,0.8360458220000001,1.3981431180000001,1.969091416,2.431262833,2.955195825,3.650323897,4.168779299,4.48706576
GCAM 4.2,SSP2-Baseline,Asian countries except Japan,Secondary Energy|Electricity|Biomass|w/ CCS,EJ/yr,0.0,0.0,0.0,0.0,0.0,0.0,0.0,0.0,0.0,0.0
GCAM 4.2,SSP2-Baseline,Asian countries except Japan,Secondary Energy|Electricity|Biomass|w/o CCS,EJ/yr,0.08377909,0.364713181,0.8360458220000001,1.3981431180000001,1.969091416,2.431262833,2.955195825,3.650323897,4.168779299,4.48706576
GCAM 4.2,SSP2-Baseline,Asian countries except Japan,Secondary Energy|Electricity|Coal,EJ/yr,16.24224297,26.499566268,35.193680563,40.943700833,45.117519822,47.609588102000004,49.79251233,46.02322106,42.53623102,39.83002377
GCAM 4.2,SSP2-Baseline,Asian countries except Japan,Secondary Energy|Electricity|Coal|w/ CCS,EJ/yr,0.0,0.0,0.0,0.0,0.0,0.0,0.0,0.0,0.0,0.0
GCAM 4.2,SSP2-Baseline,Asian countries except Japan,Secondary Energy|Electricity|Coal|w/o CCS,EJ/yr,16.24224297,26.499566268,35.193680563,40.943700833,45.117519822,47.609588102000004,49.79251233,46.02322106,42.53623102,39.83002377
GCAM 4.2,SSP2-Baseline,Asian countries except Japan,Secondary Energy|Electricity|Gas,EJ/yr,3.020705311,6.025725401,9.09266171,11.784117488,13.888284927,13.78217597,12.837438731,12.588595919,12.318379511,12.638556086
GCAM 4.2,SSP2-Baseline,Asian countries except Japan,Secondary Energy|Electricity|Gas|w/ CCS,EJ/yr,0.0,0.0,0.0,0.0,0.0,0.0,0.0,0.0,0.0,0.0
GCAM 4.2,SSP2-Baseline,Asian countries except Japan,Secondary Energy|Electricity|Gas|w/o CCS,EJ/yr,3.020705311,6.025725401,9.09266171,11.784117488,13.888284927,13.78217597,12.837438731,12.588595919,12.318379511,12.638556086
GCAM 4.2,SSP2-Baseline,Asian countries except Japan,Secondary Energy|Electricity|Geothermal,EJ/yr,0.0700198,0.36802778900000005,0.570138767,0.666618566,0.7455356550000001,0.786854327,0.7909081010000001,0.8094705750000001,0.8172012740000001,0.8129283150000001
GCAM 4.2,SSP2-Baseline,Asian countries except Japan,Secondary Energy|Electricity|Hydro,EJ/yr,3.762164700000001,3.998137399999999,4.2348203,4.592930200000001,5.072475499999999,5.552012599999999,6.0315557,6.5110989,6.9906331999999995,7.2304088
GCAM 4.2,SSP2-Baseline,Asian countries except Japan,Secondary Energy|Electricity|Non-Biomass Renewables,EJ/yr,4.07862188,5.584336222999999,7.9317326040000005,10.917098551,14.298882366,17.437437055,20.351564945,24.287110954,27.555323714,29.611261713
GCAM 4.2,SSP2-Baseline,Asian countries except Japan,Secondary Energy|Electricity|Nuclear,EJ/yr,1.0666115999999999,2.13583432,4.67919647,8.03914556,11.36973584,13.74999948,15.95405919,19.86157139,21.80226088,22.34817785
GCAM 4.2,SSP2-Baseline,Asian countries except Japan,Secondary Energy|Electricity|Oil,EJ/yr,0.61991456,0.44801209000000003,0.588854631,0.624605579,0.594304186,0.6285776710000001,0.686598172999999,0.8698130730000001,0.9905859260000001,1.065222632
GCAM 4.2,SSP2-Baseline,Asian countries except Japan,Secondary Energy|Electricity|Solar,EJ/yr,0.00721428,0.403875604,1.155597589,2.543398921,4.520846188,6.956583768,9.363729957,11.481869647,13.18968866,14.340224832
GCAM 4.2,SSP2-Baseline,Asian countries except Japan,Secondary Energy|Electricity|Wind,EJ/yr,0.2392231,0.81429543,1.971175948,3.114150864,3.960025023,4.14198636,4.165371187,5.484671832,6.55780058,7.227699766000002
GCAM 4.2,SSP2-Baseline,Asian countries except Japan,Secondary Energy|Hydrogen,EJ/yr,0.0,0.07821574,0.22931969100000002,0.451055618999999,0.7460489490000001,0.946675805,1.165597579,1.37730904,1.594473483,1.744259135
GCAM 4.2,SSP2-Baseline,Countries from the Reforming Economies of the Former Soviet Union,Capacity|Electricity,GW,297.486780514886,399.120741173408,453.86841068205,489.5307589239799,508.321352118915,524.795435915457,538.4418258128869,547.634381240411,540.8472020649469,532.664322335662
GCAM 4.2,SSP2-Baseline,Countries from the Reforming Economies of the Former Soviet Union,Capacity|Electricity|Biomass,GW,1.36414732369355,2.58050779268138,3.67028772672502,4.84159012715626,6.010120655758501,8.31046970129375,9.60156892123287,11.5441233431634,12.9852336218924,13.7782395119863
GCAM 4.2,SSP2-Baseline,Countries from the Reforming Economies of the Former Soviet Union,Capacity|Electricity|Coal,GW,66.892559297311,93.11198709411472,102.260246226535,104.433143867326,104.708596920979,109.330877013572,112.808226312785,97.82661957762552,94.7720145230848,92.4195926877219
GCAM 4.2,SSP2-Baseline,Countries from the Reforming Economies of the Former Soviet Union,Capacity|Electricity|Gas,GW,129.355593607306,182.179278602232,188.982221905124,180.260798611111,165.250652999746,116.613355466768,87.5649841133943,81.2487013254693,75.82780549213601,73.9949119419076
GCAM 4.2,SSP2-Baseline,Countries from the Reforming Economies of the Former Soviet Union,Capacity|Electricity|Nuclear,GW,44.44810868707371,66.8814828908055,86.6435009019673,104.475918174643,117.266045154744,140.177638254693,155.432680111619,156.258121230058,152.50479874852,143.656149585659
GCAM 4.2,SSP2-Baseline,Countries from the Reforming Economies of the Former Soviet Union,Capacity|Electricity|Oil,GW,21.8497019279554,5.251999064561129,3.74518403570523,2.92723149733638,2.14688748573059,2.64498517567224,1.86471481005835,2.6496807616691997,3.04535197869102,3.03350000792745
GCAM 4.2,SSP2-Baseline,Countries from the Reforming Economies of the Former Soviet Union,Capacity|Electricity|Solar,GW,0.381844558599696,6.499995504437081,11.1928745336152,18.0245172043347,23.75287415620851,37.19958799297721,48.0542018725227,55.9222579668505,56.80318376575521,57.3985769943595
GCAM 4.2,SSP2-Baseline,Countries from the Reforming Economies of the Former Soviet Union,Capacity|Electricity|Wind,GW,1.1314657775845,4.9446233581374415,13.5912063921426,25.3835162850462,35.4798746046396,51.8778916027185,60.6897867384365,75.5827668281925,74.5558615550482,76.54934360730591
GCAM 4.2,SSP2-Baseline,Countries from the Reforming Economies of the Former Soviet Union,Emissions|CH4,Mt CH4/yr,35.540279505,54.27057224399999,69.870641158,71.352397067,69.154172554,59.676385928,59.24641945,56.966743165,53.884405593,45.893760242
GCAM 4.2,SSP2-Baseline,Countries from the Reforming Economies of the Former Soviet Union,Emissions|CH4|Energy,Mt CH4/yr,24.580523244,43.947883033,59.69583710600001,61.36702997800001,59.339763444,50.059021733,49.889418817,47.918802458,45.167042007,37.526803937
GCAM 4.2,SSP2-Baseline,Countries from the Reforming Economies of the Former Soviet Union,Emissions|CO2,Mt CO2/yr,2318.503042023661,3199.56374151454,3174.05368864833,3462.1053974551,3539.016429428329,3737.770712093,3678.525334935011,3527.28805897967,3441.27100719233,3417.241456959
GCAM 4.2,SSP2-Baseline,Countries from the Reforming Economies of the Former Soviet Union,Emissions|CO2|AFOLU,Mt CO2/yr,-493.26226235,42.692080566666704,-222.832462530333,-27.38807162666669,43.2078718316667,235.565646726667,149.608814494333,72.4582524746667,6.842232261333341,-5.672653283000032
GCAM 4.2,SSP2-Baseline,Countries from the Reforming Economies of the Former Soviet Union,Emissions|CO2|Energy and Industrial Processes,Mt CO2/yr,2811.76530437367,3156.871660947869,3396.88615117867,3489.49346908177,3495.808557596669,3502.20506536634,3528.91652044066,3454.829806505,3434.428774931,3422.914110242001
GCAM 4.2,SSP2-Baseline,Countries from the Reforming Economies of the Former Soviet Union,Emissions|CO2|Energy|Supply|Electricity,Mt CO2/yr,900.233186416667,1152.90230341,1195.69640351333,1141.72588893,1059.09575365,934.010389766667,857.870220166667,725.14197976,680.253012303333,652.34144646
GCAM 4.2,SSP2-Baseline,Countries from the Reforming Economies of the Former Soviet Union,Final Energy,EJ/yr,34.987098648,37.858955292,40.204654986,41.28061960300001,41.250616661,41.295497034,41.263698337,40.698301037,39.962922918,39.174460338
GCAM 4.2,SSP2-Baseline,Countries from the Reforming Economies of the Former Soviet Union,Final Energy|Electricity,EJ/yr,5.069809919,7.576302611,8.859961258,9.743671042,10.276796741,10.567390895,10.814690868,10.850306601,10.752070811,10.575376734
GCAM 4.2,SSP2-Baseline,Countries from the Reforming Economies of the Former Soviet Union,Final Energy|Gases,EJ/yr,8.808095081,9.065265011,9.522162432,9.555095598,9.281619238,8.998367236,8.693857073,8.345895091000001,8.104659716,7.931099458999999
GCAM 4.2,SSP2-Baseline,Countries from the Reforming Economies of the Former Soviet Union,Final Energy|Heat,EJ/yr,6.5932709,6.1266873,5.933482499999998,5.5989346,5.20646093,4.8576086499999995,4.50773544,4.15834733,3.82817645,3.52148074
GCAM 4.2,SSP2-Baseline,Countries from the Reforming Economies of the Former Soviet Union,Final Energy|Hydrogen,EJ/yr,0.0,0.01800915,0.04924891,0.09025403900000001,0.139320293,0.17635446500000002,0.21467727399999903,0.248785256999999,0.28148242700000004,0.30383823200000004
GCAM 4.2,SSP2-Baseline,Countries from the Reforming Economies of the Former Soviet Union,Final Energy|Industry,EJ/yr,18.223892538,18.870252509,19.294845564,19.300139428,19.124471682,18.924502156,18.68100872,18.319633017,17.933572878,17.523790566
GCAM 4.2,SSP2-Baseline,Countries from the Reforming Economies of the Former Soviet Union,Final Energy|Liquids,EJ/yr,9.67148456,10.667256401,11.663775726,12.302373453,12.555814502,13.077018537,13.624327934,13.934311642,14.092714766,14.144204531
GCAM 4.2,SSP2-Baseline,Countries from the Reforming Economies of the Former Soviet Union,Final Energy|Solids,EJ/yr,4.844438188,4.405434819,4.17602416,3.990290871,3.7906049569999993,3.618757251,3.408409748,3.160655116,2.903818748,2.698460641999999
GCAM 4.2,SSP2-Baseline,Countries from the Reforming Economies of the Former Soviet Union,Final Energy|Solids|Biomass,EJ/yr,0.9774730180000001,0.9068142790000001,0.79719668,0.711424840999999,0.637919777,0.5544589910000001,0.49930667799999906,0.448670446,0.404714107999998,0.36861338200000004
GCAM 4.2,SSP2-Baseline,Countries from the Reforming Economies of the Former Soviet Union,Final Energy|Solids|Coal,EJ/yr,3.8669651700000003,3.49862054,3.37882748,3.27886603,3.15268518,3.06429826,2.90910307,2.71198467,2.49910464,2.32984726
GCAM 4.2,SSP2-Baseline,Countries from the Reforming Economies of the Former Soviet Union,Final Energy|Transportation,EJ/yr,6.2999098510000024,7.384404866000001,8.450096092,9.237873925,9.585737374,10.135356292,10.7343931,11.118764954,11.417027267,11.655073482
GCAM 4.2,SSP2-Baseline,Countries from the Reforming Economies of the Former Soviet Union,Final Energy|Transportation|Electricity,EJ/yr,0.28255979999999903,0.38820308400000003,0.47778821800000004,0.559277892,0.628486231,0.705518795,0.7985410780000001,0.8920293009999991,0.9949628209999991,1.094034554
GCAM 4.2,SSP2-Baseline,Countries from the Reforming Economies of the Former Soviet Union,Final Energy|Transportation|Hydrogen,EJ/yr,0.0,0.00275851,0.0157573,0.035293472,0.059921962,0.08955721600000001,0.12049760500000001,0.14929564,0.177907864,0.200969118
GCAM 4.2,SSP2-Baseline,Countries from the Reforming Economies of the Former Soviet Union,Final Energy|Transportation|Liquids,EJ/yr,6.00466782,6.833221161,7.5748757420000015,8.027459663,8.070551083,8.319595185,8.629285004,8.775222512000001,8.844739866,8.869129051
GCAM 4.2,SSP2-Baseline,Countries from the Reforming Economies of the Former Soviet Union,Population,million,305.238,300.34,293.821,287.176,281.373,274.995,266.609,256.837,246.607,236.146
GCAM 4.2,SSP2-Baseline,Countries from the Reforming Economies of the Former Soviet Union,Primary Energy,EJ/yr,45.27955985,51.714621378,56.318005642,58.416378122,58.652845342,58.492155742,58.197806027,56.963258917,55.99641588,55.023030014
GCAM 4.2,SSP2-Baseline,Countries from the Reforming Economies of the Former Soviet Union,Primary Energy|Biomass,EJ/yr,1.2792029999999999,1.797148,2.361279,2.791449,3.042699,3.410843,3.416384,3.40525,3.343346,3.2769489999999992
GCAM 4.2,SSP2-Baseline,Countries from the Reforming Economies of the Former Soviet Union,Primary Energy|Coal,EJ/yr,9.92063,11.74818,13.84643,15.26073,16.32723,18.40941,19.53021,19.04838,18.85542,18.77729
GCAM 4.2,SSP2-Baseline,Countries from the Reforming Economies of the Former Soviet Union,Primary Energy|Fossil,EJ/yr,41.912498,46.9394423,50.0886243,50.8705783,50.161928,48.457417,47.386538,45.671581,44.73782199999999,43.981341
GCAM 4.2,SSP2-Baseline,Countries from the Reforming Economies of the Former Soviet Union,Primary Energy|Gas,EJ/yr,20.97471,24.08099,25.98943,25.94865,24.50998,21.09813,18.17801,16.19184,14.870190000000001,13.80354
GCAM 4.2,SSP2-Baseline,Countries from the Reforming Economies of the Former Soviet Union,Primary Energy|Nuclear,EJ/yr,1.261544,1.8982569999999992,2.4591505,2.9652773,3.328291799999999,3.9785778,4.4115525,4.4349805,4.3284522,4.077306299999999
GCAM 4.2,SSP2-Baseline,Countries from the Reforming Economies of the Former Soviet Union,Primary Energy|Oil,EJ/yr,11.017158,11.1102723,10.2527643,9.6611983,9.324718,8.949877,9.678318,10.431361,11.012212,11.400511
GCAM 4.2,SSP2-Baseline,Countries from the Reforming Economies of the Former Soviet Union,Secondary Energy|Electricity,EJ/yr,8.853292695,11.302886226,12.358786147,12.740954904,12.745826388,12.684573683,12.689762858,12.703286311,12.558274631,12.322893594
GCAM 4.2,SSP2-Baseline,Countries from the Reforming Economies of the Former Soviet Union,Secondary Energy|Electricity|Biomass,EJ/yr,0.058359192000000004,0.08305289,0.106585335,0.131189881,0.156221152,0.211554451,0.242236062,0.291244379,0.327601861999999,0.34760844900000004
GCAM 4.2,SSP2-Baseline,Countries from the Reforming Economies of the Former Soviet Union,Secondary Energy|Electricity|Biomass|w/ CCS,EJ/yr,0.0,0.0,0.0,0.0,0.0,0.0,0.0,0.0,0.0,0.0
GCAM 4.2,SSP2-Baseline,Countries from the Reforming Economies of the Former Soviet Union,Secondary Energy|Electricity|Biomass|w/o CCS,EJ/yr,0.058359192000000004,0.08305289,0.106585335,0.131189881,0.156221152,0.211554451,0.242236062,0.291244379,0.327601861999999,0.34760844900000004
GCAM 4.2,SSP2-Baseline,Countries from the Reforming Economies of the Former Soviet Union,Secondary Energy|Electricity|Coal,EJ/yr,2.6223499,3.1722693,3.263048,3.10187986,2.8928945600000002,2.86961413,2.84601618,2.46804822,2.3909842,2.33163542
GCAM 4.2,SSP2-Baseline,Countries from the Reforming Economies of the Former Soviet Union,Secondary Energy|Electricity|Coal|w/ CCS,EJ/yr,0.0,0.0,0.0,0.0,0.0,0.0,0.0,0.0,0.0,0.0
GCAM 4.2,SSP2-Baseline,Countries from the Reforming Economies of the Former Soviet Union,Secondary Energy|Electricity|Coal|w/o CCS,EJ/yr,2.6223499,3.1722693,3.263048,3.10187986,2.8928945600000002,2.86961413,2.84601618,2.46804822,2.3909842,2.33163542
GCAM 4.2,SSP2-Baseline,Countries from the Reforming Economies of the Former Soviet Union,Secondary Energy|Electricity|Gas,EJ/yr,3.974589043,5.046440712,5.103143931,4.738075116,4.236025939,2.963167088999998,2.194557122,2.040447147,1.9052282360000001,1.859791266999999
GCAM 4.2,SSP2-Baseline,Countries from the Reforming Economies of the Former Soviet Union,Secondary Energy|Electricity|Gas|w/ CCS,EJ/yr,0.0,0.0,0.0,0.0,0.0,0.0,0.0,0.0,0.0,0.0
GCAM 4.2,SSP2-Baseline,Countries from the Reforming Economies of the Former Soviet Union,Secondary Energy|Electricity|Gas|w/o CCS,EJ/yr,3.974589043,5.046440712,5.103143931,4.738075116,4.236025939,2.963167088999998,2.194557122,2.040447147,1.9052282360000001,1.859791266999999
GCAM 4.2,SSP2-Baseline,Countries from the Reforming Economies of the Former Soviet Union,Secondary Energy|Electricity|Geothermal,EJ/yr,0.00181788,0.069095266,0.148722349,0.200388788,0.219853405,0.24971514399999903,0.25058246500000003,0.261318718,0.261328465,0.25137892100000003
GCAM 4.2,SSP2-Baseline,Countries from the Reforming Economies of the Former Soviet Union,Secondary Energy|Electricity|Hydro,EJ/yr,0.8071022,0.8812955,0.9558673999999999,1.040465599999999,1.1350921,1.2297176,1.3243421,1.4189726,1.5135920999999999,1.5609069
GCAM 4.2,SSP2-Baseline,Countries from the Reforming Economies of the Former Soviet Union,Secondary Energy|Electricity|Non-Biomass Renewables,EJ/yr,0.82631485,1.079774078,1.4089518419999991,1.789073521999999,2.119926542,2.645317942,2.983331527,3.451447417,3.58679568,3.687433714
GCAM 4.2,SSP2-Baseline,Countries from the Reforming Economies of the Former Soviet Union,Secondary Energy|Electricity|Nuclear,EJ/yr,1.261544,1.8982569999999992,2.4591505,2.9652773,3.328291799999999,3.9785778,4.4115525,4.4349805,4.3284522,4.077306299999999
GCAM 4.2,SSP2-Baseline,Countries from the Reforming Economies of the Former Soviet Union,Secondary Energy|Electricity|Oil,EJ/yr,0.11013571,0.023092246,0.017906539000000003,0.015459225000000002,0.012466395000000002,0.016342271000000002,0.012069467,0.017118648,0.019212453,0.019118444000000002
GCAM 4.2,SSP2-Baseline,Countries from the Reforming Economies of the Former Soviet Union,Secondary Energy|Electricity|Solar,EJ/yr,0.00240837,0.059213025,0.10720022200000001,0.179991901,0.23910166300000002,0.38059502700000003,0.489728667,0.603202813,0.63627829,0.668117843
GCAM 4.2,SSP2-Baseline,Countries from the Reforming Economies of the Former Soviet Union,Secondary Energy|Electricity|Wind,EJ/yr,0.014986399999999999,0.070170287,0.19716187100000002,0.36822723300000004,0.5258793740000001,0.7852901710000001,0.9186782950000001,1.167953286,1.175596825,1.20703005
GCAM 4.2,SSP2-Baseline,Countries from the Reforming Economies of the Former Soviet Union,Secondary Energy|Hydrogen,EJ/yr,0.0,0.018009972000000003,0.049249636000000006,0.09025522600000001,0.139320357,0.17635425200000002,0.214677778999999,0.248785203,0.281482442,0.303838371999999
GCAM 4.2,SSP2-Baseline,Countries of the Middle East and Africa,Capacity|Electricity,GW,632.277985948787,605.079765242538,824.6914036332249,1108.26294683845,1516.97866760128,2098.34465782568,2747.5189188943,3404.93931288774,4028.08026078074,4569.842753877279
GCAM 4.2,SSP2-Baseline,Countries of the Middle East and Africa,Capacity|Electricity|Biomass,GW,0.119720319634703,3.8460002457508793,10.6587653396119,20.0471044599822,34.3971218607306,55.8264375237823,83.26092001997709,111.326047968988,138.940875943366,164.458591133942
GCAM 4.2,SSP2-Baseline,Countries of the Middle East and Africa,Capacity|Electricity|Coal,GW,42.0344082952816,63.2708166856925,85.3195677162607,106.029496052131,133.912193009576,172.768714841768,221.778370750888,268.166453418316,324.4584831621,393.0291270294271
GCAM 4.2,SSP2-Baseline,Countries of the Middle East and Africa,Capacity|Electricity|Gas,GW,151.500532724505,269.260880501649,364.501025240995,450.758614179033,538.4974791825219,579.8520033216,617.4069624714621,660.786166603247,710.044090832699,768.522519121004
GCAM 4.2,SSP2-Baseline,Countries of the Middle East and Africa,Capacity|Electricity|Nuclear,GW,1.53462709284627,2.90619683324877,24.51467599639211,64.8407812235751,109.190207804837,174.336056077005,258.471285021704,358.295793519927,450.94054414003,534.2953802356379
GCAM 4.2,SSP2-Baseline,Countries of the Middle East and Africa,Capacity|Electricity|Oil,GW,418.5238647894471,198.553579718417,191.244732210807,176.42374956399,188.231362094115,272.869956795409,314.850979753297,383.1491233828009,476.722372130263,551.255384719051
GCAM 4.2,SSP2-Baseline,Countries of the Middle East and Africa,Capacity|Electricity|Solar,GW,0.054794520547944,28.5650396687676,65.2500980020337,143.153893991209,287.83301964463,518.7227048609919,812.7941749103578,1085.90446582664,1325.29131998292,1512.05705767735
GCAM 4.2,SSP2-Baseline,Countries of the Middle East and Africa,Capacity|Electricity|Wind,GW,0.7101709912782971,10.6605000986527,41.5566772549798,92.74543227339908,158.079705800598,245.880180983638,349.671648935607,436.850166832334,490.056287607813,529.019464104516
GCAM 4.2,SSP2-Baseline,Countries of the Middle East and Africa,Emissions|CH4,Mt CH4/yr,56.637573813,61.248569508,77.199804136,95.34147013,116.839654624,139.580383395,162.27546059,183.360286003,199.073715912,211.19919588
GCAM 4.2,SSP2-Baseline,Countries of the Middle East and Africa,Emissions|CH4|Energy,Mt CH4/yr,23.099272883,18.93541293,23.199328132,26.93523147,31.085093563,34.466561317,35.871101955,33.855658315,29.935685567,24.898784912
GCAM 4.2,SSP2-Baseline,Countries of the Middle East and Africa,Emissions|CO2,Mt CO2/yr,4574.22042596319,4397.21338099442,5629.086805014301,7372.218962426271,9034.58509106414,10854.5105433505,13111.676125955,15458.3097007043,17552.6116777906,19753.3295259263
GCAM 4.2,SSP2-Baseline,Countries of the Middle East and Africa,Emissions|CO2|AFOLU,Mt CO2/yr,1609.99114841033,663.6030504180001,556.973438706667,887.116467163667,834.7489162356668,428.571878291333,319.933514149333,237.066259356667,-49.662918019,-61.04930616399999
GCAM 4.2,SSP2-Baseline,Countries of the Middle East and Africa,Emissions|CO2|Energy and Industrial Processes,Mt CO2/yr,2964.22927755285,3733.610330576421,5072.11336630764,6485.10249526259,8199.83617482847,10425.9386650592,12791.7426118057,15221.2434413476,17602.2745958096,19814.3788320904
GCAM 4.2,SSP2-Baseline,Countries of the Middle East and Africa,Emissions|CO2|Energy|Supply|Electricity,Mt CO2/yr,1002.54673722867,1229.02634647467,1571.20429662167,1854.88534957,2189.61078633,2532.71352748333,2874.13527533,3222.44632493667,3660.994601843329,4170.76936602334
GCAM 4.2,SSP2-Baseline,Countries of the Middle East and Africa,Final Energy,EJ/yr,44.92097339399999,58.73690205,76.401306037,96.827531954,120.839294648,149.383587377,180.674754739,212.598554453,244.186031809,273.543538668
GCAM 4.2,SSP2-Baseline,Countries of the Middle East and Africa,Final Energy|Electricity,EJ/yr,4.53228389,7.738490569,11.980308727,17.119903948,23.503446895,31.16018998900001,39.974068778,49.039795292,57.65931532,65.505101815
GCAM 4.2,SSP2-Baseline,Countries of the Middle East and Africa,Final Energy|Gases,EJ/yr,8.411788088,10.699218777,13.549506105,16.523438473,19.535147051,22.609171853,25.633382405,28.587674006,31.922792357,35.367628038
GCAM 4.2,SSP2-Baseline,Countries of the Middle East and Africa,Final Energy|Heat,EJ/yr,0.0,0.0,0.0,0.0,0.0,0.0,0.0,0.0,0.0,0.0
GCAM 4.2,SSP2-Baseline,Countries of the Middle East and Africa,Final Energy|Hydrogen,EJ/yr,0.0,0.036807399000000005,0.14942096900000001,0.381612442999998,0.817326944,1.344705611999999,1.994709866,2.680295741,3.397407531,3.969448598999998
GCAM 4.2,SSP2-Baseline,Countries of the Middle East and Africa,Final Energy|Industry,EJ/yr,16.296187857,22.734275621000002,31.327770138,41.637212933,54.151010726,67.672251104,81.00313918100001,92.371439517,102.437576004,111.096707247
GCAM 4.2,SSP2-Baseline,Countries of the Middle East and Africa,Final Energy|Liquids,EJ/yr,16.982169396,22.227669182,29.519460527,38.188357329,49.32833370199999,64.87960868,83.66971189899999,104.033975799,124.492317176,143.499465114
GCAM 4.2,SSP2-Baseline,Countries of the Middle East and Africa,Final Energy|Solids,EJ/yr,14.99473202,18.034716123,21.202609709,24.614219761,27.655040056,29.389911243,29.402881791,28.256813615,26.714199425,25.201895102
GCAM 4.2,SSP2-Baseline,Countries of the Middle East and Africa,Final Energy|Solids|Biomass,EJ/yr,13.784981687,16.56013739,19.48064713,22.64965852,25.43231237,26.896921955,26.745404533,25.54189648,24.011656614,22.533800672
GCAM 4.2,SSP2-Baseline,Countries of the Middle East and Africa,Final Energy|Solids|Coal,EJ/yr,1.2097503330000001,1.474578733,1.721962579,1.9645612410000002,2.222727686,2.492989288,2.657477258,2.7149171350000003,2.702542811,2.66809443
GCAM 4.2,SSP2-Baseline,Countries of the Middle East and Africa,Final Energy|Transportation,EJ/yr,10.789335458,14.18050306,18.81504422,24.15296666,30.378067316,39.13917991,50.126084507,62.890010041,76.60188746,90.092669079
GCAM 4.2,SSP2-Baseline,Countries of the Middle East and Africa,Final Energy|Transportation|Electricity,EJ/yr,0.01736861,0.032319209,0.058788837000000004,0.09701474800000001,0.15226229500000002,0.238774688999999,0.36502037800000003,0.556192192,0.8385096200000001,1.168539215
GCAM 4.2,SSP2-Baseline,Countries of the Middle East and Africa,Final Energy|Transportation|Hydrogen,EJ/yr,0.0,0.007333055000000001,0.04388488,0.10521714800000001,0.194767073999999,0.336236447,0.523102426,0.760757980999999,1.037734881,1.312157209
GCAM 4.2,SSP2-Baseline,Countries of the Middle East and Africa,Final Energy|Transportation|Liquids,EJ/yr,10.55988956,13.629511976,17.509550647,21.640419009,26.226560802,32.89830153,41.397507789,51.29394977899999,61.742044366,71.744859084
GCAM 4.2,SSP2-Baseline,Countries of the Middle East and Africa,Population,million,1237.419,1529.167,1828.654,2121.691000000001,2390.765,2614.479,2792.834000000001,2924.22,3009.323,3053.794000000001
GCAM 4.2,SSP2-Baseline,Countries of the Middle East and Africa,Primary Energy,EJ/yr,58.26001019,75.424477799,101.776109972,130.468932667,163.639033921,202.946389373,243.467240068,284.085358244,323.765195519,360.1887825290001
GCAM 4.2,SSP2-Baseline,Countries of the Middle East and Africa,Primary Energy|Biomass,EJ/yr,13.7989868,17.9935814,23.1541834,28.69402325,34.18634626,38.90012296,41.847225392,43.783067298,45.368187556,47.02304245600001
GCAM 4.2,SSP2-Baseline,Countries of the Middle East and Africa,Primary Energy|Coal,EJ/yr,4.601230200000002,7.296947999999999,14.082982,21.19091,29.92573,43.11164,56.39608000000001,69.27427,81.06076,93.31693
GCAM 4.2,SSP2-Baseline,Countries of the Middle East and Africa,Primary Energy|Fossil,EJ/yr,43.9586458,56.26049029999999,75.7234559,95.996528,119.859507,148.950377,179.733185,211.425247,243.484399,273.415504
GCAM 4.2,SSP2-Baseline,Countries of the Middle East and Africa,Primary Energy|Gas,EJ/yr,16.7746766,25.200222,36.198731,46.123157,54.938878,60.33065,62.041426,61.82056800000001,61.997907,61.045224
GCAM 4.2,SSP2-Baseline,Countries of the Middle East and Africa,Primary Energy|Nuclear,EJ/yr,0.043556399999999995,0.082484841,0.69578534,1.840336989,3.099080153999998,4.948075678,7.336035400000001,10.16929453,12.7987749,15.1645852
GCAM 4.2,SSP2-Baseline,Countries of the Middle East and Africa,Primary Energy|Oil,EJ/yr,22.582739,23.7633203,25.4417429,28.682461,34.994899,45.508087,61.29567900000001,80.330409,100.425732,119.05335
GCAM 4.2,SSP2-Baseline,Countries of the Middle East and Africa,Secondary Energy|Electricity,EJ/yr,5.56746661681,9.353243343,14.390695865,20.458885382,27.941677261,36.862126288,47.09861149,57.672865668,67.72483374699999,76.8982027
GCAM 4.2,SSP2-Baseline,Countries of the Middle East and Africa,Secondary Energy|Electricity|Biomass,EJ/yr,0.0030204,0.09702997099999901,0.268907858999999,0.505764389,0.867798108,1.408434027,2.100573099,2.808622598999999,3.505311571,4.149092904
GCAM 4.2,SSP2-Baseline,Countries of the Middle East and Africa,Secondary Energy|Electricity|Biomass|w/ CCS,EJ/yr,0.0,0.0,0.0,0.0,0.0,0.0,0.0,0.0,0.0,0.0
GCAM 4.2,SSP2-Baseline,Countries of the Middle East and Africa,Secondary Energy|Electricity|Biomass|w/o CCS,EJ/yr,0.0030204,0.09702997099999901,0.268907858999999,0.505764389,0.867798108,1.408434027,2.100573099,2.808622598999999,3.505311571,4.149092904
GCAM 4.2,SSP2-Baseline,Countries of the Middle East and Africa,Secondary Energy|Electricity|Coal,EJ/yr,1.06047768,1.59624678,2.15251031,2.67499695,3.378443935,4.358747353,5.59520216,6.76551782,8.18569818,9.91565324
GCAM 4.2,SSP2-Baseline,Countries of the Middle East and Africa,Secondary Energy|Electricity|Coal|w/ CCS,EJ/yr,0.0,0.0,0.0,0.0,0.0,0.0,0.0,0.0,0.0,0.0
GCAM 4.2,SSP2-Baseline,Countries of the Middle East and Africa,Secondary Energy|Electricity|Coal|w/o CCS,EJ/yr,1.06047768,1.59624678,2.15251031,2.67499695,3.378443935,4.358747353,5.59520216,6.76551782,8.18569818,9.91565324
GCAM 4.2,SSP2-Baseline,Countries of the Middle East and Africa,Secondary Energy|Electricity|Gas,EJ/yr,2.6817340868099997,5.68936396,8.191785304,10.58257641,13.00437641,14.258515264,15.375133674,16.527593465,17.788277832,19.260642331
GCAM 4.2,SSP2-Baseline,Countries of the Middle East and Africa,Secondary Energy|Electricity|Gas|w/ CCS,EJ/yr,0.0,0.0,0.0,0.0,0.0,0.0,0.0,0.0,0.0,0.0
GCAM 4.2,SSP2-Baseline,Countries of the Middle East and Africa,Secondary Energy|Electricity|Gas|w/o CCS,EJ/yr,2.6817340868099997,5.68936396,8.191785304,10.58257641,13.00437641,14.258515264,15.375133674,16.527593465,17.788277832,19.260642331
GCAM 4.2,SSP2-Baseline,Countries of the Middle East and Africa,Secondary Energy|Electricity|Geothermal,EJ/yr,0.00529559,0.11051352,0.30170092,0.40296085200000004,0.43868129299999903,0.441034257999998,0.44199933700000005,0.44247058200000006,0.442657068999999,0.44265920299999906
GCAM 4.2,SSP2-Baseline,Countries of the Middle East and Africa,Secondary Energy|Electricity|Hydro,EJ/yr,0.4437737,0.5963155,0.748974199999998,0.9660516,1.2475506,1.5290475,1.810543399999999,2.092042299999999,2.3735402,2.5142881
GCAM 4.2,SSP2-Baseline,Countries of the Middle East and Africa,Secondary Energy|Electricity|Non-Biomass Renewables,EJ/yr,0.45882119,1.087920897,2.202685331999999,3.938044428,6.494100507000001,10.147813735,14.550794276,18.707749416,22.113834063,24.585650873
GCAM 4.2,SSP2-Baseline,Countries of the Middle East and Africa,Secondary Energy|Electricity|Nuclear,EJ/yr,0.043556399999999995,0.082484841,0.69578534,1.840336989,3.099080153999998,4.948075678,7.336035400000001,10.16929453,12.7987749,15.1645852
GCAM 4.2,SSP2-Baseline,Countries of the Middle East and Africa,Secondary Energy|Electricity|Oil,EJ/yr,1.31985686,0.800196894,0.87902172,0.917166215999999,1.097878147,1.740540231,2.140872881,2.694087838,3.332937201,3.8225781519999993
GCAM 4.2,SSP2-Baseline,Countries of the Middle East and Africa,Secondary Energy|Electricity|Solar,EJ/yr,0.0003456,0.229807226,0.549165215,1.223614607,2.464823861,4.455774831,7.005173881,9.422748172,11.570429251,13.28712466
GCAM 4.2,SSP2-Baseline,Countries of the Middle East and Africa,Secondary Energy|Electricity|Wind,EJ/yr,0.0094063,0.15128465100000002,0.602844997,1.345417369,2.343044753,3.7219571460000003,5.293077658000001,6.7504883620000005,7.7272075430000005,8.34157891
GCAM 4.2,SSP2-Baseline,Countries of the Middle East and Africa,Secondary Energy|Hydrogen,EJ/yr,0.0,0.036808424,0.149420664,0.381611756,0.817327474,1.344705504,1.994709176999999,2.680296694,3.397409398,3.969451392
GCAM 4.2,SSP2-Baseline,Latin American countries,Capacity|Electricity,GW,396.364036509295,436.5151315405381,563.475762012361,687.777763879594,824.568145182726,966.505403845564,1092.33476339176,1196.17933038356,1270.49690543365,1318.63462077784
GCAM 4.2,SSP2-Baseline,Latin American countries,Capacity|Electricity|Biomass,GW,6.05381785895484,16.0064518724632,23.2287566194191,30.0815293632673,36.1537206288052,42.3098241692035,48.9676176829655,48.9958399527525,50.3835249397514,50.61291111745309
GCAM 4.2,SSP2-Baseline,Latin American countries,Capacity|Electricity|Coal,GW,10.0881330067225,23.3131044679097,35.2049261161847,46.22915398274978,57.49611198313029,70.961502053209,86.319871337519,92.5720787354135,100.522993562912,110.05593448757
GCAM 4.2,SSP2-Baseline,Latin American countries,Capacity|Electricity|Gas,GW,57.2371630834601,116.807071838534,166.173794869356,206.850582429604,238.465964865551,233.225874167618,214.863526541096,202.331701674277,192.418065956367,191.049394469812
GCAM 4.2,SSP2-Baseline,Latin American countries,Capacity|Electricity|Nuclear,GW,3.49733637747336,5.21401410733412,10.1609372005186,19.2788652122442,33.6020478535994,50.524361646654214,68.6089746110266,88.4282009273353,104.215693528384,115.107640650544
GCAM 4.2,SSP2-Baseline,Latin American countries,Capacity|Electricity|Oil,GW,212.502727042111,121.594959015094,118.395553970066,94.4168345700152,78.3205357765728,83.497451087646,80.9913708143074,88.49703814687972,97.2667232290082,103.186315678907
GCAM 4.2,SSP2-Baseline,Latin American countries,Capacity|Electricity|Solar,GW,0.026319127346524,16.694099620228,37.87041692155,75.72414082675921,131.221097105808,204.224694247362,278.833960100814,332.914911154852,368.600952661863,386.504621663956
GCAM 4.2,SSP2-Baseline,Latin American countries,Capacity|Electricity|Wind,GW,1.21192106979778,13.5000361491629,34.7681124263781,64.5611833542894,87.19890392067957,109.230252132483,129.628349148592,146.601526988269,150.959618214104,151.523554350584
GCAM 4.2,SSP2-Baseline,Latin American countries,Emissions|CH4,Mt CH4/yr,47.663797318,46.64631964100001,51.093598512,54.484697845,55.293555075,55.920554825,55.03056381,54.507395128,53.49215503600001,51.255382445
GCAM 4.2,SSP2-Baseline,Latin American countries,Emissions|CH4|Energy,Mt CH4/yr,7.890933733,4.352697542,5.709155991,7.02498818,6.671872975,7.163083865,6.825252657,7.407230581,7.84831292,7.249218607
GCAM 4.2,SSP2-Baseline,Latin American countries,Emissions|CO2,Mt CO2/yr,3153.32016766309,2741.27972115746,3355.72460332633,3937.23203527133,4418.28100086487,5074.976211531961,5405.4929410834,5677.830488991091,5915.50313438333,6111.15532277727
GCAM 4.2,SSP2-Baseline,Latin American countries,Emissions|CO2|AFOLU,Mt CO2/yr,1400.46895894767,322.642882624333,204.822610802333,185.657111783,126.079118715,226.649168115333,93.22712183400007,-18.4234005523333,-103.852888806333,-176.147241226
GCAM 4.2,SSP2-Baseline,Latin American countries,Emissions|CO2|Energy and Industrial Processes,Mt CO2/yr,1752.85120871543,2418.636838533131,3150.901992524,3751.57492348833,4292.20188214986,4848.32704341663,5312.2658192494,5696.25388954344,6019.356023189671,6287.30256400327
GCAM 4.2,SSP2-Baseline,Latin American countries,Emissions|CO2|Energy|Supply|Electricity,Mt CO2/yr,337.337038936334,519.135982214667,704.5962693696671,839.863724186667,953.5060302533328,1007.7334531,1033.28043192,1021.19965207333,1031.60713535,1070.57340470667
GCAM 4.2,SSP2-Baseline,Latin American countries,Final Energy,EJ/yr,27.646855071,35.520651097,43.125254648,50.04341687399999,56.40560023600001,62.089061848,67.18300302600001,71.575399847,75.212893909,78.047213372
GCAM 4.2,SSP2-Baseline,Latin American countries,Final Energy|Electricity,EJ/yr,4.10752745,6.3480255329999995,8.74852563,11.259614791,13.801390894,15.918976329,17.778905528,19.341063942,20.563067647,21.46531102
GCAM 4.2,SSP2-Baseline,Latin American countries,Final Energy|Gases,EJ/yr,4.259633795,5.334015273,6.802708503,8.227180056,9.529779514,10.549457062,11.350519377,12.031078369,12.777747586,13.566518821
GCAM 4.2,SSP2-Baseline,Latin American countries,Final Energy|Heat,EJ/yr,0.0,0.0,0.0,0.0,0.0,0.0,0.0,0.0,0.0,0.0
GCAM 4.2,SSP2-Baseline,Latin American countries,Final Energy|Hydrogen,EJ/yr,0.0,0.045998089000000006,0.148572023,0.292867671999999,0.47029223200000003,0.6072057980000001,0.75039484,0.889277327999999,1.018870895,1.108794714
GCAM 4.2,SSP2-Baseline,Latin American countries,Final Energy|Industry,EJ/yr,12.80485799,16.554337766,19.800945363,22.361582324,24.429514147,25.897700004,26.962992828,27.707378002,28.212720395,28.525381913
GCAM 4.2,SSP2-Baseline,Latin American countries,Final Energy|Liquids,EJ/yr,14.280512293,19.184482528,22.829980565,25.762050541,28.328845961,31.054836697,33.623406854,35.93002462699999,37.77356079800001,39.089920989
GCAM 4.2,SSP2-Baseline,Latin American countries,Final Energy|Solids,EJ/yr,4.999181533,4.608129674,4.595467927,4.501703814,4.275291635,3.958585962,3.6797764269999993,3.383955581,3.079646983,2.816667828
GCAM 4.2,SSP2-Baseline,Latin American countries,Final Energy|Solids|Biomass,EJ/yr,4.289363363000001,3.754680954,3.622614131,3.439997539,3.161932211,2.813565435,2.5464158980000002,2.2930598890000002,2.054891357,1.8517177340000002
GCAM 4.2,SSP2-Baseline,Latin American countries,Final Energy|Solids|Coal,EJ/yr,0.70981817,0.85344872,0.9728537960000001,1.061706275,1.113359424,1.145020527,1.133360529,1.090895692,1.024755626,0.9649500940000001
GCAM 4.2,SSP2-Baseline,Latin American countries,Final Energy|Transportation,EJ/yr,9.582374016,12.222547781,14.939417135,17.67220409899999,20.306027341,22.959277347,25.617057874,28.195785953,30.613969686,32.750605247
GCAM 4.2,SSP2-Baseline,Latin American countries,Final Energy|Transportation|Electricity,EJ/yr,0.016294293999999,0.06788071799999901,0.135082379,0.222293503,0.339577244,0.47709711400000004,0.6280305660000001,0.7981728560000001,0.9845521220000001,1.156499242
GCAM 4.2,SSP2-Baseline,Latin American countries,Final Energy|Transportation|Hydrogen,EJ/yr,0.0,0.008702288,0.049796933,0.112615981999999,0.193826046,0.28868794200000003,0.39435588,0.5058430580000001,0.613847255,0.7031322040000001
GCAM 4.2,SSP2-Baseline,Latin American countries,Final Energy|Transportation|Liquids,EJ/yr,9.346675752,11.613119812,13.564380491,15.154493277,16.423253564,17.796542509,19.247804415,20.680628443,21.940072081,22.923175762
GCAM 4.2,SSP2-Baseline,Latin American countries,Population,million,586.2230000000002,645.1569999999998,692.822,725.6669999999997,743.177,745.206,736.503,719.715,696.997,671.6669999999998
GCAM 4.2,SSP2-Baseline,Latin American countries,Primary Energy,EJ/yr,33.515505082,45.395928838,58.490315559,69.533060926,79.10382951300001,87.737772059,94.291311767,99.441973021,103.737938819,106.91804445
GCAM 4.2,SSP2-Baseline,Latin American countries,Primary Energy|Biomass,EJ/yr,4.738232892,5.814501471,7.372153393,8.502772732,9.158267694,9.77013704,9.87798991,9.570053747,9.375391345,9.219713232
GCAM 4.2,SSP2-Baseline,Latin American countries,Primary Energy|Coal,EJ/yr,1.44790165,3.44824,7.762672,11.307355,14.490416,18.99467000000001,22.06136,24.03925,25.4295,26.98436
GCAM 4.2,SSP2-Baseline,Latin American countries,Primary Energy|Fossil,EJ/yr,25.99393105,35.9899185,46.51094699999999,55.038098,62.38209699999999,68.64005,73.303895,77.07624399999997,80.38649699999998,83.096559
GCAM 4.2,SSP2-Baseline,Latin American countries,Primary Energy|Gas,EJ/yr,7.841454,12.359244,18.797418,23.7787,27.20133,28.22237,27.19366,25.97028,25.26291,24.44993
GCAM 4.2,SSP2-Baseline,Latin American countries,Primary Energy|Nuclear,EJ/yr,0.0992628,0.14798623400000002,0.28839178400000004,0.5471804640000001,0.953706763,1.434002641999999,1.947287360999999,2.50980457,2.9578915,3.2670311
GCAM 4.2,SSP2-Baseline,Latin American countries,Primary Energy|Oil,EJ/yr,16.7045754,20.1824345,19.950857,19.952043,20.690351,21.42301,24.048875,27.066714,29.694087,31.662269
GCAM 4.2,SSP2-Baseline,Latin American countries,Secondary Energy|Electricity,EJ/yr,5.020225841,7.699737829,10.48783085,13.348285815,16.182601423,18.463382058,20.423200512,22.050635028,23.285619672,24.159688941
GCAM 4.2,SSP2-Baseline,Latin American countries,Secondary Energy|Electricity|Biomass,EJ/yr,0.15273056000000002,0.40382357300000005,0.586033655,0.758920888,0.912114987,1.067426092,1.235394233,1.236106247,1.271115874,1.276903012
GCAM 4.2,SSP2-Baseline,Latin American countries,Secondary Energy|Electricity|Biomass|w/ CCS,EJ/yr,0.0,0.0,0.0,0.0,0.0,0.0,0.0,0.0,0.0,0.0
GCAM 4.2,SSP2-Baseline,Latin American countries,Secondary Energy|Electricity|Biomass|w/o CCS,EJ/yr,0.15273056000000002,0.40382357300000005,0.586033655,0.758920888,0.912114987,1.067426092,1.235394233,1.236106247,1.271115874,1.276903012
GCAM 4.2,SSP2-Baseline,Latin American countries,Secondary Energy|Electricity|Coal,EJ/yr,0.25451149,0.58816165,0.88817804,1.16630608,1.4505579100000001,1.790273543,2.17774677,2.33548246,2.5360745,2.77657916
GCAM 4.2,SSP2-Baseline,Latin American countries,Secondary Energy|Electricity|Coal|w/ CCS,EJ/yr,0.0,0.0,0.0,0.0,0.0,0.0,0.0,0.0,0.0,0.0
GCAM 4.2,SSP2-Baseline,Latin American countries,Secondary Energy|Electricity|Coal|w/o CCS,EJ/yr,0.25451149,0.58816165,0.88817804,1.16630608,1.4505579100000001,1.790273543,2.17774677,2.33548246,2.5360745,2.77657916
GCAM 4.2,SSP2-Baseline,Latin American countries,Secondary Energy|Electricity|Gas,EJ/yr,1.159494051,2.638935184,3.880109903,4.950355247,5.804359286,5.746972689,5.347737472,5.059065096,4.819772398,4.787792265
GCAM 4.2,SSP2-Baseline,Latin American countries,Secondary Energy|Electricity|Gas|w/ CCS,EJ/yr,0.0,0.0,0.0,0.0,0.0,0.0,0.0,0.0,0.0,0.0
GCAM 4.2,SSP2-Baseline,Latin American countries,Secondary Energy|Electricity|Gas|w/o CCS,EJ/yr,1.159494051,2.638935184,3.880109903,4.950355247,5.804359286,5.746972689,5.347737472,5.059065096,4.819772398,4.787792265
GCAM 4.2,SSP2-Baseline,Latin American countries,Secondary Energy|Electricity|Geothermal,EJ/yr,0.035611199999999,0.33661494000000003,0.55267644,0.68002425,0.71455079,0.7225253030000001,0.7599642350000001,0.800609562,0.8052987250000001,0.790464172999999
GCAM 4.2,SSP2-Baseline,Latin American countries,Secondary Energy|Electricity|Hydro,EJ/yr,2.6322491,2.7762504999999997,2.9206548,3.120327999999999,3.375283999999999,3.630236,3.88519,4.140149,4.395097,4.522576
GCAM 4.2,SSP2-Baseline,Latin American countries,Secondary Energy|Electricity|Non-Biomass Renewables,EJ/yr,2.68407834,3.443522652,4.318823382,5.44500973,6.609758056,7.893582377,9.162139496,10.285870704,11.018158974,11.334741118
GCAM 4.2,SSP2-Baseline,Latin American countries,Secondary Energy|Electricity|Nuclear,EJ/yr,0.0992628,0.14798623400000002,0.28839178400000004,0.5471804640000001,0.953706763,1.434002641999999,1.947287360999999,2.50980457,2.9578915,3.2670311
GCAM 4.2,SSP2-Baseline,Latin American countries,Secondary Energy|Electricity|Oil,EJ/yr,0.6701486,0.477308536,0.526294086,0.48051340600000003,0.45210442100000003,0.531124715,0.55289518,0.6243059510000001,0.682606426,0.716642285999999
GCAM 4.2,SSP2-Baseline,Latin American countries,Secondary Energy|Electricity|Solar,EJ/yr,0.00016600000000000002,0.139075947,0.341126512999998,0.708096744,1.227467820999999,1.8873724410000001,2.554764644,3.079731522,3.4374319890000002,3.63247754
GCAM 4.2,SSP2-Baseline,Latin American countries,Secondary Energy|Electricity|Wind,EJ/yr,0.01605204,0.191581265,0.504365629,0.9365607359999991,1.292455445,1.653448633,1.962220616999999,2.26538062,2.38033126,2.389223405
GCAM 4.2,SSP2-Baseline,Latin American countries,Secondary Energy|Hydrogen,EJ/yr,0.0,0.04599824,0.148572204,0.292867571999999,0.470291826,0.607205145,0.750395169,0.8892776760000001,1.018870648,1.108794718
GCAM 4.2,SSP2-Baseline,OECD90 and EU (and EU candidate) countries,Capacity|Electricity,GW,1611.0993741434,1870.938128625769,2119.13178765321,2348.06017267327,2514.84218364367,2679.37612341814,2826.6426316748,2939.65968345907,2985.92337385854,3000.84058299118
GCAM 4.2,SSP2-Baseline,OECD90 and EU (and EU candidate) countries,Capacity|Electricity|Biomass,GW,19.47607258371389,17.4504620513064,21.551989789447,28.3715165208017,36.6770363235667,42.2926663971335,50.59579912639521,57.4112408437975,63.17375301243021,67.8988454861111
GCAM 4.2,SSP2-Baseline,OECD90 and EU (and EU candidate) countries,Capacity|Electricity|Coal,GW,463.145492453069,572.301233273084,604.8359787227299,624.734501561707,666.5448449391159,720.0259451499879,782.984190131913,785.0688364884579,815.094065195333,821.948336623224
GCAM 4.2,SSP2-Baseline,OECD90 and EU (and EU candidate) countries,Capacity|Electricity|Gas,GW,347.871071156773,380.604576991374,410.2550819381031,435.618637810756,467.367750063419,424.5490758656781,375.689041825216,382.564921962202,350.40147561517,341.076869958143
GCAM 4.2,SSP2-Baseline,OECD90 and EU (and EU candidate) countries,Capacity|Electricity|Nuclear,GW,262.545182930266,317.550069761542,361.116725153616,414.850734257849,480.335854261796,536.751616494729,595.653407745645,628.8601728536,632.666345340775,601.666920345003
GCAM 4.2,SSP2-Baseline,OECD90 and EU (and EU candidate) countries,Capacity|Electricity|Oil,GW,235.766717402334,30.9856850900557,18.3261847174658,20.5528893169711,19.8077303716387,16.9556163987189,17.9479574930239,25.5943162179732,21.06887965341189,23.76929723173511
GCAM 4.2,SSP2-Baseline,OECD90 and EU (and EU candidate) countries,Capacity|Electricity|Solar,GW,17.180225159981,79.192449195028,105.625141380118,135.854156443334,169.834538103652,256.310419377959,340.697605260549,398.005222287422,431.397855691469,446.1906045300599
GCAM 4.2,SSP2-Baseline,OECD90 and EU (and EU candidate) countries,Capacity|Electricity|Wind,GW,71.763282627866,258.630605586561,369.478510342907,450.408406472658,427.3048357432769,428.572457337117,402.604970774142,394.204992544963,398.330132166413,421.558025304413
GCAM 4.2,SSP2-Baseline,OECD90 and EU (and EU candidate) countries,Emissions|CH4,Mt CH4/yr,63.763727656,68.22626311100001,73.565895536,77.429357434,80.940021296,86.007368754,87.614865037,86.96110259700001,88.687243569,98.618613395
GCAM 4.2,SSP2-Baseline,OECD90 and EU (and EU candidate) countries,Emissions|CH4|Energy,Mt CH4/yr,20.264424194,25.753511089,28.758152505,30.682725918,32.59900912,36.280468799,36.880470388,35.694646195,37.404760151,47.83855575
GCAM 4.2,SSP2-Baseline,OECD90 and EU (and EU candidate) countries,Emissions|CO2,Mt CO2/yr,10660.1024069164,12241.6158660286,13104.0575017374,14129.3879216578,14886.802740227,16047.765505607,16466.2927090897,16454.7565325418,16512.9138015527,16530.8214632257
GCAM 4.2,SSP2-Baseline,OECD90 and EU (and EU candidate) countries,Emissions|CO2|AFOLU,Mt CO2/yr,-752.360736314001,-280.788729529,-487.435810462334,-135.921794770666,36.5277477876664,391.2444602,241.307608490667,76.2165960343334,-36.004194743,-65.9745388976667
GCAM 4.2,SSP2-Baseline,OECD90 and EU (and EU candidate) countries,Emissions|CO2|Energy and Industrial Processes,Mt CO2/yr,11412.4631432304,12522.4045955576,13591.4933121997,14265.3097164285,14850.2749924393,15656.521045407,16224.985100599,16378.5399365075,16548.9179962957,16596.7960021233
GCAM 4.2,SSP2-Baseline,OECD90 and EU (and EU candidate) countries,Emissions|CO2|Energy|Supply|Electricity,Mt CO2/yr,4108.33153626866,4737.88981347733,4940.44840892167,4998.67254407767,5152.85813834367,5236.068671027329,5374.647697301672,5226.344344521671,5240.166156665,5195.58993621067
GCAM 4.2,SSP2-Baseline,OECD90 and EU (and EU candidate) countries,Final Energy,EJ/yr,148.892604325,161.249362887,171.561396654,179.157310345,184.623263103,189.9833023,194.852784564,197.888083742,199.151380134,198.759134246
GCAM 4.2,SSP2-Baseline,OECD90 and EU (and EU candidate) countries,Final Energy|Electricity,EJ/yr,30.761297841,38.447306164,43.182350289,47.483531951,51.45222332199999,54.427952787,57.050040436,59.06279822800001,59.934683294,59.86913321
GCAM 4.2,SSP2-Baseline,OECD90 and EU (and EU candidate) countries,Final Energy|Gases,EJ/yr,31.313764109,32.995561881,35.799696275,36.80700540300001,36.710148451,36.50379091,36.146595284,35.694840868,35.765363691,36.006483377
GCAM 4.2,SSP2-Baseline,OECD90 and EU (and EU candidate) countries,Final Energy|Heat,EJ/yr,0.0808569,0.10226131100000001,0.12104274100000001,0.13081211,0.133860914,0.134302731,0.13228382700000002,0.128667409,0.125121421999999,0.12084660400000001
GCAM 4.2,SSP2-Baseline,OECD90 and EU (and EU candidate) countries,Final Energy|Hydrogen,EJ/yr,0.0,0.16380245000000002,0.476634826,0.860107339,1.302082146,1.629510957,1.978530815,2.297189842,2.592006516999999,2.790873077
GCAM 4.2,SSP2-Baseline,OECD90 and EU (and EU candidate) countries,Final Energy|Industry,EJ/yr,52.432250823,56.50320095399999,60.262966323,62.79010588600001,64.801287128,66.63500803699999,68.32461546399999,69.64422176,70.644168294,71.16179921
GCAM 4.2,SSP2-Baseline,OECD90 and EU (and EU candidate) countries,Final Energy|Liquids,EJ/yr,74.258098585,77.440129474,80.039438577,82.023604342,83.401826531,85.86964476200002,88.312789944,89.82958275600002,90.316198252,89.961183175
GCAM 4.2,SSP2-Baseline,OECD90 and EU (and EU candidate) countries,Final Energy|Solids,EJ/yr,12.47858689,12.100301607,11.942233946,11.8522492,11.623121739,11.418100153,11.232544258,10.875004639,10.418006958,10.010614803
GCAM 4.2,SSP2-Baseline,OECD90 and EU (and EU candidate) countries,Final Energy|Solids|Biomass,EJ/yr,5.67934563,5.254627264,4.9773952239999995,4.812649663999999,4.623275129,4.383594919,4.331948576,4.246761729,4.136696281,4.019707639
GCAM 4.2,SSP2-Baseline,OECD90 and EU (and EU candidate) countries,Final Energy|Solids|Coal,EJ/yr,6.799241260000001,6.845674343,6.964838722000001,7.039599536,6.99984661,7.034505234,6.900595682000001,6.62824291,6.2813106770000005,5.990907163999999
GCAM 4.2,SSP2-Baseline,OECD90 and EU (and EU candidate) countries,Final Energy|Transportation,EJ/yr,50.412739722,53.71040201,56.458179556,59.13164502,61.055094111,63.63425695300001,66.352309124,68.405489945,69.758249671,70.662032945
GCAM 4.2,SSP2-Baseline,OECD90 and EU (and EU candidate) countries,Final Energy|Transportation|Electricity,EJ/yr,0.33631820100000004,0.435214064,0.611519669,0.822711330999999,1.090825312,1.418665326999999,1.8149731759999992,2.276494328,2.797127474,3.26689803
GCAM 4.2,SSP2-Baseline,OECD90 and EU (and EU candidate) countries,Final Energy|Transportation|Hydrogen,EJ/yr,0.0,0.039388055000000005,0.189838676999999,0.372281631,0.57842238,0.8056181790000001,1.049097457999999,1.283548852,1.496234527,1.6619724470000001
GCAM 4.2,SSP2-Baseline,OECD90 and EU (and EU candidate) countries,Final Energy|Transportation|Liquids,EJ/yr,49.972235205,52.0455455,52.842330344,53.484000526,53.394123285,54.062524473,54.92146719399999,55.289128945,55.094782938,54.601128679
GCAM 4.2,SSP2-Baseline,OECD90 and EU (and EU candidate) countries,Population,million,1008.395,1064.326,1112.454,1151.415,1181.705,1205.219,1219.355,1223.012,1215.401,1196.641
GCAM 4.2,SSP2-Baseline,OECD90 and EU (and EU candidate) countries,Primary Energy,EJ/yr,188.1345698,209.358948085,230.376468035,244.642552611,254.662448935,265.106380257,270.555697347,271.700015595,271.507606814,269.103269417
GCAM 4.2,SSP2-Baseline,OECD90 and EU (and EU candidate) countries,Primary Energy|Biomass,EJ/yr,8.497049,10.374501,13.453139,16.015496,17.736139,19.43365,19.518593,19.230068,18.265059,17.124361
GCAM 4.2,SSP2-Baseline,OECD90 and EU (and EU candidate) countries,Primary Energy|Coal,EJ/yr,38.285448099999996,48.3628239,59.768863,67.65743,74.839931,86.76419,93.534514,94.820035,96.463247,97.261057
GCAM 4.2,SSP2-Baseline,OECD90 and EU (and EU candidate) countries,Primary Energy|Fossil,EJ/yr,166.24695251,180.2232691,194.6551043,203.0820755,209.174673,215.198607,218.340618,218.019819,217.956176,216.893109
GCAM 4.2,SSP2-Baseline,OECD90 and EU (and EU candidate) countries,Primary Energy|Gas,EJ/yr,49.600793,54.776454,66.156591,71.81535799999997,73.06658,70.33811,62.95972,57.13871,52.46693000000001,48.8371
GCAM 4.2,SSP2-Baseline,OECD90 and EU (and EU candidate) countries,Primary Energy|Nuclear,EJ/yr,7.451662400000001,9.0128331,10.24935934,11.77445948,13.63308435,15.23429908,16.90607328,17.84856097,17.95658928,17.0767512
GCAM 4.2,SSP2-Baseline,OECD90 and EU (and EU candidate) countries,Primary Energy|Oil,EJ/yr,78.36071141,77.0839912,68.7296503,63.6092875,61.268162,58.096307,61.84638399999999,66.061074,69.025999,70.794952
GCAM 4.2,SSP2-Baseline,OECD90 and EU (and EU candidate) countries,Secondary Energy|Electricity,EJ/yr,33.836154657,42.663760361,47.920242192,52.713452182,57.14736165399999,60.385749773,63.253522937,65.470381323,66.380520354,66.250008782
GCAM 4.2,SSP2-Baseline,OECD90 and EU (and EU candidate) countries,Secondary Energy|Electricity|Biomass,EJ/yr,0.49135794,0.440254217,0.54373084,0.7157793159999991,0.925317614,1.066993222,1.276471297,1.448416713,1.5937979800000002,1.7130063930000001
GCAM 4.2,SSP2-Baseline,OECD90 and EU (and EU candidate) countries,Secondary Energy|Electricity|Biomass|w/ CCS,EJ/yr,0.0,0.0,0.0,0.0,0.0,0.0,0.0,0.0,0.0,0.0
GCAM 4.2,SSP2-Baseline,OECD90 and EU (and EU candidate) countries,Secondary Energy|Electricity|Biomass|w/o CCS,EJ/yr,0.49135794,0.440254217,0.54373084,0.7157793159999991,0.925317614,1.066993222,1.276471297,1.448416713,1.5937979800000002,1.7130063930000001
GCAM 4.2,SSP2-Baseline,OECD90 and EU (and EU candidate) countries,Secondary Energy|Electricity|Coal,EJ/yr,11.68602823,14.439724883,15.26032413,15.762011026,16.816507424,18.165559139,19.753751536,19.806344662,20.563845152,20.736770195
GCAM 4.2,SSP2-Baseline,OECD90 and EU (and EU candidate) countries,Secondary Energy|Electricity|Coal|w/ CCS,EJ/yr,0.0,0.0,0.0,0.0,0.0,0.0,0.0,0.0,0.0,0.0
GCAM 4.2,SSP2-Baseline,OECD90 and EU (and EU candidate) countries,Secondary Energy|Electricity|Coal|w/o CCS,EJ/yr,11.68602823,14.439724883,15.26032413,15.762011026,16.816507424,18.165559139,19.753751536,19.806344662,20.563845152,20.736770195
GCAM 4.2,SSP2-Baseline,OECD90 and EU (and EU candidate) countries,Secondary Energy|Electricity|Gas,EJ/yr,7.522676637000001,8.894927804,9.767710615,10.586550797,11.539413123,10.575348439,9.411916093,9.602236431,8.801706869,8.565678102
GCAM 4.2,SSP2-Baseline,OECD90 and EU (and EU candidate) countries,Secondary Energy|Electricity|Gas|w/ CCS,EJ/yr,0.0,0.0,0.0,0.0,0.0,0.0,0.0,0.0,0.0,0.0
GCAM 4.2,SSP2-Baseline,OECD90 and EU (and EU candidate) countries,Secondary Energy|Electricity|Gas|w/o CCS,EJ/yr,7.522676637000001,8.894927804,9.767710615,10.586550797,11.539413123,10.575348439,9.411916093,9.602236431,8.801706869,8.565678102
GCAM 4.2,SSP2-Baseline,OECD90 and EU (and EU candidate) countries,Secondary Energy|Electricity|Geothermal,EJ/yr,0.13238103,0.6367454,0.94628056,1.106361,1.206920489,1.248151673,1.279367940999999,1.334018462,1.34729003,1.3544442970000001
GCAM 4.2,SSP2-Baseline,OECD90 and EU (and EU candidate) countries,Secondary Energy|Electricity|Hydro,EJ/yr,4.745641,4.7678449999999994,4.8044270000000004,4.889751,5.023826000000001,5.157903,5.291969,5.426038,5.560125,5.627164
GCAM 4.2,SSP2-Baseline,OECD90 and EU (and EU candidate) countries,Secondary Energy|Electricity|Non-Biomass Renewables,EJ/yr,5.93890629,9.748344885,12.018865396,13.770521632,14.118552585,15.239824177,15.790413067,16.601567625,17.329782534,18.009048217
GCAM 4.2,SSP2-Baseline,OECD90 and EU (and EU candidate) countries,Secondary Energy|Electricity|Nuclear,EJ/yr,7.451662400000001,9.0128331,10.24935934,11.77445948,13.63308435,15.23429908,16.90607328,17.84856097,17.95658928,17.0767512
GCAM 4.2,SSP2-Baseline,OECD90 and EU (and EU candidate) countries,Secondary Energy|Electricity|Oil,EJ/yr,0.74552316,0.127675471999999,0.080251871,0.10412993100000001,0.114486558,0.10372571600000001,0.11489766400000001,0.163254922,0.134798539,0.148754675
GCAM 4.2,SSP2-Baseline,OECD90 and EU (and EU candidate) countries,Secondary Energy|Electricity|Solar,EJ/yr,0.11037097,0.6734764830000001,0.908296188,1.240533059,1.554328005,2.346348217,3.124731953999999,3.750003327,4.14149798,4.380312977
GCAM 4.2,SSP2-Baseline,OECD90 and EU (and EU candidate) countries,Secondary Energy|Electricity|Wind,EJ/yr,0.9505132900000001,3.670278002,5.359861648,6.533876573,6.333478091,6.487421287,6.094344172,6.091507836,6.280869524,6.647126943
GCAM 4.2,SSP2-Baseline,OECD90 and EU (and EU candidate) countries,Secondary Energy|Hydrogen,EJ/yr,0.0,0.163802359,0.47663536900000003,0.8601084309999991,1.302081795,1.629511295,1.978530858,2.297189262,2.592006109,2.7908736960000002
GCAM 4.2,SSP2-Baseline,World,Capacity|Electricity,GW,4144.84828142649,5100.3516564509,6517.53543727852,7897.721959046071,9288.88198200721,10695.0924827781,12080.9354860134,13305.5738745313,14231.3245325308,14913.8957592222
GCAM 4.2,SSP2-Baseline,World,Capacity|Electricity|Biomass,GW,30.3345299816083,54.3396644311263,92.2483483558473,138.760274765348,191.287348466832,245.1079461567729,309.56171185312,373.966016417745,430.722293014333,474.603489583333
GCAM 4.2,SSP2-Baseline,World,Capacity|Electricity|Coal,GW,1225.95827546296,1802.36680904363,2222.60108102645,2504.32159103881,2750.99570732655,2960.19970799245,3177.528418949769,3067.86744601408,3020.86635321537,2996.20520139682
GCAM 4.2,SSP2-Baseline,World,Capacity|Electricity|Gas,GW,841.210098776002,1213.47953037798,1515.2053908549,1760.85800344844,1975.35714661022,1910.47467965183,1809.83671863902,1829.45304919774,1819.71066907661,1878.2251280917
GCAM 4.2,SSP2-Baseline,World,Capacity|Electricity|Nuclear,GW,349.605290602627,467.803832480692,647.298446713456,886.690336018096,1140.98521996026,1386.24480945938,1640.27734550285,1931.62706325046,2108.48866762501,2182.12172508315
GCAM 4.2,SSP2-Baseline,World,Capacity|Electricity|Oil,GW,1085.21662861492,461.975467798706,455.714440678907,411.170641766552,387.947667070966,474.7238967767,518.817227295789,629.063584038876,747.128282835489,842.8975215230209
GCAM 4.2,SSP2-Baseline,World,Capacity|Electricity|Solar,GW,18.7869999570383,178.9115010420909,347.692073862895,647.923968909425,1106.83885007452,1794.71828157855,2540.42166471565,3144.40455413464,3603.232934041071,3907.6337407838
GCAM 4.2,SSP2-Baseline,World,Capacity|Electricity|Wind,GW,92.8780660348868,345.1160543858171,595.2761498246309,847.770423794476,975.236902911364,1109.18896671,1217.76777168686,1408.17377380176,1529.794884069,1637.02809956875
GCAM 4.2,SSP2-Baseline,World,Emissions|CH4,Mt CH4/yr,368.288815821,393.493194156,456.827509762,504.224182907,542.008002875,569.877169759,597.329802715,613.016644587,621.301736622,615.773256024
GCAM 4.2,SSP2-Baseline,World,Emissions|CH4|Energy,Mt CH4/yr,134.801787712,138.46352278,170.836343026,186.875788537,192.044615451,193.910085747,198.355320769,194.331131591,188.588716007,174.713122708
GCAM 4.2,SSP2-Baseline,World,Emissions|CO2,Mt CO2/yr,35775.4284162739,41468.5381653092,49521.2143674048,56866.9941275894,61923.4898719771,67511.011203456,71213.2617697945,72604.2815531085,73788.7696113469,75357.3564507808
GCAM 4.2,SSP2-Baseline,World,Emissions|CO2|AFOLU,Mt CO2/yr,3128.45158566967,377.794580672667,-235.039337236,971.852311756333,1006.884312016,1372.93248632467,749.390288273,222.416445111667,-414.870547846333,-639.697446589667
GCAM 4.2,SSP2-Baseline,World,Emissions|CO2|Energy and Industrial Processes,Mt CO2/yr,32646.9768306043,41090.7435846365,49756.2537046408,55895.1418158331,60916.6055599611,66138.0787171313,70463.8714815215,72381.8651079968,74203.6401591932,75997.0538973705
GCAM 4.2,SSP2-Baseline,World,Emissions|CO2|Energy|Supply|Electricity,Mt CO2/yr,11668.8311082677,15647.5501653533,18693.46855536969,20454.8573205643,21802.0541743803,22476.2263278007,23110.3650778917,21861.3207202683,21180.725054885,20894.760466844
GCAM 4.2,SSP2-Baseline,World,Final Energy,EJ/yr,393.851406843,478.108337635,560.651207841,629.991343153,690.8477836860001,748.9447348719998,803.782656296,851.387949255,892.31922755,926.163256483
GCAM 4.2,SSP2-Baseline,World,Final Energy|Electricity,EJ/yr,65.715268015,94.678591536,121.794329079,147.61675931,172.708399611,193.441500728,213.614830699,231.046142484,244.245208306,254.06808688
GCAM 4.2,SSP2-Baseline,World,Final Energy|Gases,EJ/yr,63.53801126,75.400091224,89.50460386299999,99.644175507,106.98561221,113.066969043,118.191831826,122.692874449,128.635995363,135.226267817
GCAM 4.2,SSP2-Baseline,World,Final Energy|Heat,EJ/yr,9.7270965,10.464668511,10.977014841,10.85594781,10.349461944,9.723371981,8.933044567,8.099442739,7.281046672,6.519699344
GCAM 4.2,SSP2-Baseline,World,Final Energy|Hydrogen,EJ/yr,0.0,0.34283488300000003,1.053197250999999,2.07589774,3.475070884,4.7044521239999995,6.103910991,7.492858148,8.884241749000003,9.917213432
GCAM 4.2,SSP2-Baseline,World,Final Energy|Industry,EJ/yr,174.628985141,216.372783648,254.216792019,285.383240923,312.958358047,336.323884331,355.6346507,369.45164416,379.428465791,386.350310801
GCAM 4.2,SSP2-Baseline,World,Final Energy|Liquids,EJ/yr,157.828990894,191.138187743,225.912156092,255.160218851,282.607169657,315.205206064,349.202161697,381.413425279,410.225925417,434.087922781
GCAM 4.2,SSP2-Baseline,World,Final Energy|Solids,EJ/yr,97.042040174,106.083963738,111.409906715,114.638343935,114.72206938,112.803234932,107.736876516,100.643206156,93.046810043,86.34406622899998
GCAM 4.2,SSP2-Baseline,World,Final Energy|Solids|Biomass,EJ/yr,47.07149658100001,45.267195082,45.233724578,46.489907273,47.317239364,46.718926693,45.037681231,42.369134827,39.516506273,36.904122004
GCAM 4.2,SSP2-Baseline,World,Final Energy|Solids|Coal,EJ/yr,49.970543593,60.816768656,66.176182137,68.148436662,67.404830016,66.084308239,62.699195285,58.27407132899999,53.53030377,49.439944225
GCAM 4.2,SSP2-Baseline,World,Final Energy|Transportation,EJ/yr,98.448018214,118.511811973,140.740008346,161.272426962,180.040951455,202.156777985,226.587341441,251.386493801,275.757765964,298.436681923
GCAM 4.2,SSP2-Baseline,World,Final Energy|Transportation|Electricity,EJ/yr,0.8815543050000001,1.3231056780000001,1.848294483,2.40784113,3.045448078,3.792286706,4.692693124,5.763669392000001,7.051199587,8.334253761
GCAM 4.2,SSP2-Baseline,World,Final Energy|Transportation|Hydrogen,EJ/yr,0.0,0.061816261000000004,0.321406556,0.6768674920000001,1.118549631,1.666705691,2.298482332,2.987685131,3.7095454080000003,4.358356419
GCAM 4.2,SSP2-Baseline,World,Final Energy|Transportation|Liquids,EJ/yr,96.434245597,113.656548904,130.672439967,144.575528677,155.835614078,170.240821427,186.824363839,203.826242465,220.064195928,234.454847562
GCAM 4.2,SSP2-Baseline,World,GDP|PPP,billion US$2010/yr,73630.72577,110404.9329,156143.6065,202982.4662,252477.1652,306743.2523,368236.1141,436050.0518,510359.5946,591221.1785
GCAM 4.2,SSP2-Baseline,World,Population,million,6895.882,7639.358,8289.389000000001,8812.63,9190.938,9401.596,9466.277,9409.758,9250.717,9024.486
GCAM 4.2,SSP2-Baseline,World,Primary Energy,EJ/yr,508.622852442,638.8039180430001,779.7648076219998,889.7623067569998,980.893161067,1065.564769726,1133.451804414,1178.484431172,1217.206608002,1249.301318999
GCAM 4.2,SSP2-Baseline,World,Primary Energy|Biomass,EJ/yr,51.530069752,60.558404371,73.799889233,86.47062230200001,96.520919104,104.70349976,107.837052372,109.315812096,109.351008277,109.124847714
GCAM 4.2,SSP2-Baseline,World,Primary Energy|Coal,EJ/yr,143.25977845,201.3354099,265.587638,310.386677,346.196747,391.85262,422.5401440000001,425.431615,426.548007,431.241757
GCAM 4.2,SSP2-Baseline,World,Primary Energy|Fossil,EJ/yr,433.18340334,544.0242191000001,659.7119763999998,742.2655368,808.347123,868.15234,916.221501,941.010661,966.407736,991.014484
GCAM 4.2,SSP2-Baseline,World,Primary Energy|Gas,EJ/yr,113.8447856,150.12562,203.41232,239.350685,259.958768,261.34323,245.95732,230.126642,219.06367,209.946597
GCAM 4.2,SSP2-Baseline,World,Primary Energy|Nuclear,EJ/yr,9.9226372,13.277395495,18.371883434,25.166399793,32.383898907,39.34495468,46.555007731,54.82421196,59.84396876,61.93385165
GCAM 4.2,SSP2-Baseline,World,Primary Energy|Oil,EJ/yr,176.07883929,192.5631892,190.7120184,192.5281748,202.191608,214.95649,247.724037,285.452404,320.796059,349.82613
GCAM 4.2,SSP2-Baseline,World,Secondary Energy|Electricity,EJ/yr,78.38901522081,112.077815242,143.479726854,172.9683894120001,201.255285283,224.034872913,246.042466991,265.177804623,279.320808754,289.611101828
GCAM 4.2,SSP2-Baseline,World,Secondary Energy|Electricity|Biomass,EJ/yr,0.7892471820000001,1.388873831999999,2.341303511,3.509797592,4.830543277,6.185670625,7.809870516,9.434713835,10.866606586,11.973676518
GCAM 4.2,SSP2-Baseline,World,Secondary Energy|Electricity|Biomass|w/ CCS,EJ/yr,0.0,0.0,0.0,0.0,0.0,0.0,0.0,0.0,0.0,0.0
GCAM 4.2,SSP2-Baseline,World,Secondary Energy|Electricity|Biomass|w/o CCS,EJ/yr,0.7892471820000001,1.388873831999999,2.341303511,3.509797592,4.830543277,6.185670625,7.809870516,9.434713835,10.866606586,11.973676518
GCAM 4.2,SSP2-Baseline,World,Secondary Energy|Electricity|Coal,EJ/yr,31.86561027,46.295968881,56.757741043,63.64889474899999,69.65592365100001,74.793782267,80.16522897600001,77.39861422199999,76.212833052,75.590661785
GCAM 4.2,SSP2-Baseline,World,Secondary Energy|Electricity|Coal|w/ CCS,EJ/yr,0.0,0.0,0.0,0.0,0.0,0.0,0.0,0.0,0.0,0.0
GCAM 4.2,SSP2-Baseline,World,Secondary Energy|Electricity|Coal|w/o CCS,EJ/yr,31.86561027,46.295968881,56.757741043,63.64889474899999,69.65592365100001,74.793782267,80.16522897600001,77.39861422199999,76.212833052,75.590661785
GCAM 4.2,SSP2-Baseline,World,Secondary Energy|Electricity|Gas,EJ/yr,18.35919912881,28.295393061,36.035411463,42.641675058,48.472459685,47.326179451,45.166783092,45.817938058,45.63336484600001,47.11246005100001
GCAM 4.2,SSP2-Baseline,World,Secondary Energy|Electricity|Gas|w/ CCS,EJ/yr,0.0,0.0,0.0,0.0,0.0,0.0,0.0,0.0,0.0,0.0
GCAM 4.2,SSP2-Baseline,World,Secondary Energy|Electricity|Gas|w/o CCS,EJ/yr,18.35919912881,28.295393061,36.035411463,42.641675058,48.472459685,47.326179451,45.166783092,45.817938058,45.63336484600001,47.11246005100001
GCAM 4.2,SSP2-Baseline,World,Secondary Energy|Electricity|Geothermal,EJ/yr,0.2451255,1.520996915,2.519519036,3.056353456,3.325541631999999,3.448280705,3.522822078999999,3.647887898999999,3.673775563,3.651874908999999
GCAM 4.2,SSP2-Baseline,World,Secondary Energy|Electricity|Hydro,EJ/yr,12.3909307,13.0198439,13.6647437,14.6095264,15.8542282,17.0989167,18.3436002,19.5883008,20.8329875,21.4553438
GCAM 4.2,SSP2-Baseline,World,Secondary Energy|Electricity|Non-Biomass Renewables,EJ/yr,13.98674255,20.943898735,27.881058556,35.859747863,43.641220056,53.36397528600001,62.83824331100002,73.333746116,81.603894965,87.228135635
GCAM 4.2,SSP2-Baseline,World,Secondary Energy|Electricity|Nuclear,EJ/yr,9.9226372,13.277395495,18.371883434,25.166399793,32.383898907,39.34495468,46.555007731,54.82421196,59.84396876,61.93385165
GCAM 4.2,SSP2-Baseline,World,Secondary Energy|Electricity|Oil,EJ/yr,3.46557889,1.876285238,2.092328847,2.141874357,2.271239707,3.020310603999999,3.507333365,4.368580432,5.160140545,5.772316189
GCAM 4.2,SSP2-Baseline,World,Secondary Energy|Electricity|Solar,EJ/yr,0.12050522,1.505448285,3.0613857270000002,5.895635232,10.006567538,16.026674284,22.538129103,28.337555481,32.97532617,36.308257852
GCAM 4.2,SSP2-Baseline,World,Secondary Energy|Electricity|Wind,EJ/yr,1.23018113,4.897609635,8.635410092999999,12.298232775,14.454882686,16.790103597,18.433691929,21.760001936000002,24.121805732,25.81265907400001
GCAM 4.2,SSP2-Baseline,World,Secondary Energy|Hydrogen,EJ/yr,0.0,0.342834735,1.053197564,2.075898604,3.475070401,4.704452001,6.103910562,7.492857875,8.88424208,9.917217313
GCAM 4.2,SSP3-Baseline,Asian countries except Japan,Capacity|Electricity,GW,1207.62010431012,1760.10922614384,2351.78574824244,2748.80213809138,3080.80601134918,3254.29766914801,3477.84634051045,3778.182253611871,4029.17183745804,4289.54106754875
GCAM 4.2,SSP3-Baseline,Asian countries except Japan,Capacity|Electricity|Biomass,GW,3.32077189561137,14.476627584348,30.8138114773592,47.0593765854897,62.4362717212075,76.27171775906909,93.77735274765352,119.487756849315,136.027995505137,147.90551786054
GCAM 4.2,SSP3-Baseline,Asian countries except Japan,Capacity|Electricity|Coal,GW,643.797682410579,1061.90217247749,1393.5965148164,1581.75827673135,1733.78278451611,1813.20300604864,1937.73777785705,1983.57202601788,2041.74797176243,2148.89319151128
GCAM 4.2,SSP3-Baseline,Asian countries except Japan,Capacity|Electricity|Gas,GW,155.245738203957,270.500888825469,382.9651263635209,459.33012810756,514.197401287418,490.058322932521,453.567566463723,484.625272260274,523.556596191654,597.221615613902
GCAM 4.2,SSP3-Baseline,Asian countries except Japan,Capacity|Electricity|Nuclear,GW,37.580035514967,35.674389833136,34.3098949701223,30.64679917836411,27.0670392567225,24.82900272704211,24.44300334009809,32.8471927321157,38.5872519941936,42.8844786557866
GCAM 4.2,SSP3-Baseline,Asian countries except Japan,Capacity|Electricity|Oil,GW,196.573617453069,111.121490994419,116.21916274258,102.460599988902,90.9214319745687,95.6675343258498,111.458967093163,157.400793497907,184.784622336377,206.408227303716
GCAM 4.2,SSP3-Baseline,Asian countries except Japan,Capacity|Electricity|Solar,GW,1.143816590563159,40.399239365057,92.8163422286936,164.716491710447,244.91996638486,335.109144673341,413.801116911495,467.8417402067189,505.138032809743,511.906074480864
GCAM 4.2,SSP3-Baseline,Asian countries except Japan,Capacity|Electricity|Wind,GW,18.0612255683603,53.1752529736739,111.537565211877,155.997324934374,178.790737434826,169.332507755687,173.575185171973,243.262170606446,290.850980847286,316.444357559614
GCAM 4.2,SSP3-Baseline,Asian countries except Japan,Emissions|CH4,Mt CH4/yr,164.683437516,170.623294187,198.788426602,224.669053639,243.546580663,260.453549263,278.36751503200003,291.833479647,306.586626103,307.650979343
GCAM 4.2,SSP3-Baseline,Asian countries except Japan,Emissions|CH4|Energy,Mt CH4/yr,58.966633644,49.395347924,59.527252613,67.636998119,70.405339151,74.867456041,80.360145957,81.738281188,85.07932037399999,76.121150813
GCAM 4.2,SSP3-Baseline,Asian countries except Japan,Emissions|CO2,Mt CO2/yr,15068.744481459,20295.3399210345,25821.7270123529,28682.7789363386,30297.1160015874,31825.075063907,33203.6147324016,33869.1460628671,34615.598383112,36170.4308186222
GCAM 4.2,SSP3-Baseline,Asian countries except Japan,Emissions|CO2|AFOLU,Mt CO2/yr,1363.07683847133,599.936990062666,833.163928047,986.823483180334,951.367715631666,1163.160512712,1296.71602983633,1390.91911412667,1270.13770555833,1298.355120689
GCAM 4.2,SSP3-Baseline,Asian countries except Japan,Emissions|CO2|Energy and Industrial Processes,Mt CO2/yr,13705.6676429876,19695.4029309719,24988.5630843059,27695.9554531583,29345.7482859557,30661.9145511951,31906.8987025653,32478.2269487405,33345.4606775535,34872.0756979333
GCAM 4.2,SSP3-Baseline,Asian countries except Japan,Emissions|CO2|Energy|Supply|Electricity,Mt CO2/yr,5320.38260941733,8100.892168856659,10269.6134689133,11314.32984792,12024.5495921467,12214.24652426,12654.83053725,12522.8248909867,12618.3841877867,13173.93671748
GCAM 4.2,SSP3-Baseline,Asian countries except Japan,Final Energy,EJ/yr,137.403873884,192.429586613,235.769442617,258.171082422,271.168768156,280.27884791,289.176743648,298.703410456,309.538866889,323.457012199
GCAM 4.2,SSP3-Baseline,Asian countries except Japan,Final Energy|Electricity,EJ/yr,21.244348915,33.893357158,45.14711539899999,52.65410358899999,58.967859487,61.91053543899999,65.786913398,70.774238695,75.54631384,81.234411607
GCAM 4.2,SSP3-Baseline,Asian countries except Japan,Final Energy|Gases,EJ/yr,10.744730176000001,17.274908671,22.661987769,25.579565099,27.258499763,28.651128328,30.244529989,32.122974952,34.58840694,37.950109595
GCAM 4.2,SSP3-Baseline,Asian countries except Japan,Final Energy|Heat,EJ/yr,3.0529687,4.1703021,4.821476000000001,4.9509335,4.7950154,4.5823973,4.295337799999999,3.9871024,3.7511934,3.555070599999999
GCAM 4.2,SSP3-Baseline,Asian countries except Japan,Final Energy|Hydrogen,EJ/yr,0.0,0.08057243500000001,0.22862437300000002,0.42415946600000004,0.6645654320000001,0.817635952999999,0.995994695,1.187169063,1.409577132,1.596163313
GCAM 4.2,SSP3-Baseline,Asian countries except Japan,Final Energy|Industry,EJ/yr,74.871795933,102.773645122,123.13429314,134.625935736,142.172829529,147.887488785,153.568273986,159.840814722,167.081021299,176.311688268
GCAM 4.2,SSP3-Baseline,Asian countries except Japan,Final Energy|Liquids,EJ/yr,42.63672455,61.695378143,79.08125608,88.23777151200001,94.165638956,99.937034107,105.567185862,111.143906793,116.956101811,123.203387651
GCAM 4.2,SSP3-Baseline,Asian countries except Japan,Final Energy|Solids,EJ/yr,59.725101543,75.315068106,83.82898299600001,86.324549256,85.317189118,84.380116783,82.286781904,79.488018553,77.287273766,75.917869433
GCAM 4.2,SSP3-Baseline,Asian countries except Japan,Final Energy|Solids|Biomass,EJ/yr,22.340332883,24.202474546,25.341813416,25.838591706,25.829091986,25.840098152,25.57661876400001,25.043226463,24.539861456,23.992738873
GCAM 4.2,SSP3-Baseline,Asian countries except Japan,Final Energy|Solids|Coal,EJ/yr,37.38476866,51.11259356,58.48716958,60.48595755,59.488097132,58.540018631,56.71016314,54.44479209,52.74741231,51.92513056
GCAM 4.2,SSP3-Baseline,Asian countries except Japan,Final Energy|Transportation,EJ/yr,21.363657646,31.289442561,40.842715659,46.277468636,49.782205278,52.873584683,55.945368722,59.038132664,62.146108201,65.629344903
GCAM 4.2,SSP3-Baseline,Asian countries except Japan,Final Energy|Transportation|Electricity,EJ/yr,0.22901339999999998,0.413897782999998,0.5703446360000001,0.6868836570000001,0.7860226610000001,0.868616409,0.9674500760000001,1.097878942,1.267457379,1.4502323469999991
GCAM 4.2,SSP3-Baseline,Asian countries except Japan,Final Energy|Transportation|Hydrogen,EJ/yr,0.0,0.003813818,0.021914935,0.047555977000000006,0.079784405,0.12024849700000001,0.162838681999999,0.210722248,0.265105494,0.323280173
GCAM 4.2,SSP3-Baseline,Asian countries except Japan,Final Energy|Transportation|Liquids,EJ/yr,20.55077575,29.782196589,38.05254383,42.003509482,44.001406749,45.750300987,47.568442448,49.46453029,51.336857374,53.439038418
GCAM 4.2,SSP3-Baseline,Asian countries except Japan,Population,million,3758.607,4150.293,4519.202,4815.384,5066.273,5262.1,5419.078,5569.581,5727.325,5895.855
GCAM 4.2,SSP3-Baseline,Asian countries except Japan,Primary Energy,EJ/yr,183.43320742,265.1570719,338.151665423,376.726027319,399.97138747,416.111367954,429.47147292,438.49168781,449.853655558,467.615299925
GCAM 4.2,SSP3-Baseline,Asian countries except Japan,Primary Energy|Biomass,EJ/yr,23.21659806,29.59935388,35.11571994,38.36604335,40.06873827,41.64255487,41.84184689,42.00736674,41.61268304,40.9129453
GCAM 4.2,SSP3-Baseline,Asian countries except Japan,Primary Energy|Coal,EJ/yr,89.0045685,134.541751,177.200949,200.77626,216.56299,232.95944,247.1054,252.19306,259.84784,273.13417
GCAM 4.2,SSP3-Baseline,Asian countries except Japan,Primary Energy|Fossil,EJ/yr,155.07137588,229.090354,294.8310625,328.497777,348.472225,361.904731,373.859356,380.292239,390.153659,407.71352
GCAM 4.2,SSP3-Baseline,Asian countries except Japan,Primary Energy|Gas,EJ/yr,18.653152,34.040565,54.01645,64.54445,68.69314,66.94541,60.55683399999999,55.412583,50.786897,48.363704
GCAM 4.2,SSP3-Baseline,Asian countries except Japan,Primary Energy|Nuclear,EJ/yr,1.0666115999999999,1.012524571,0.9737971630000001,0.869829713,0.7682275350000001,0.704706687,0.693751098,0.9322821630000001,1.095198820999999,1.217164427
GCAM 4.2,SSP3-Baseline,Asian countries except Japan,Primary Energy|Oil,EJ/yr,47.41365538,60.508038,63.6136635,63.177067,63.216095,61.99988100000001,66.197122,72.686596,79.518922,86.21564599999998
GCAM 4.2,SSP3-Baseline,Asian countries except Japan,Secondary Energy|Electricity,EJ/yr,25.111875411,40.23550336,53.68646251,62.549418585,69.858401114,72.94681502899999,77.057624538,82.402252022,87.336431208,93.209515274
GCAM 4.2,SSP3-Baseline,Asian countries except Japan,Secondary Energy|Electricity|Biomass,EJ/yr,0.08377909,0.36522848900000005,0.777395487,1.1872516,1.5751922109999992,1.9242439130000002,2.365890077,3.01453272,3.431823093,3.731478728999999
GCAM 4.2,SSP3-Baseline,Asian countries except Japan,Secondary Energy|Electricity|Biomass|w/ CCS,EJ/yr,0.0,0.0,0.0,0.0,0.0,0.0,0.0,0.0,0.0,0.0
GCAM 4.2,SSP3-Baseline,Asian countries except Japan,Secondary Energy|Electricity|Biomass|w/o CCS,EJ/yr,0.08377909,0.36522848900000005,0.777395487,1.1872516,1.5751922109999992,1.9242439130000002,2.365890077,3.01453272,3.431823093,3.731478728999999
GCAM 4.2,SSP3-Baseline,Asian countries except Japan,Secondary Energy|Electricity|Coal,EJ/yr,16.24224297,26.790517529,35.158767753,39.905863212,43.74125911399999,45.744935999,48.88679885,50.04314193,51.51085123,54.21399655
GCAM 4.2,SSP3-Baseline,Asian countries except Japan,Secondary Energy|Electricity|Coal|w/ CCS,EJ/yr,0.0,0.0,0.0,0.0,0.0,0.0,0.0,0.0,0.0,0.0
GCAM 4.2,SSP3-Baseline,Asian countries except Japan,Secondary Energy|Electricity|Coal|w/o CCS,EJ/yr,16.24224297,26.790517529,35.158767753,39.905863212,43.74125911399999,45.744935999,48.88679885,50.04314193,51.51085123,54.21399655
GCAM 4.2,SSP3-Baseline,Asian countries except Japan,Secondary Energy|Electricity|Gas,EJ/yr,3.020705311,6.144832072000001,9.00448106,11.063526037,12.589097723,12.118785669,11.310425312,12.126853304,13.115086087,14.960739212
GCAM 4.2,SSP3-Baseline,Asian countries except Japan,Secondary Energy|Electricity|Gas|w/ CCS,EJ/yr,0.0,0.0,0.0,0.0,0.0,0.0,0.0,0.0,0.0,0.0
GCAM 4.2,SSP3-Baseline,Asian countries except Japan,Secondary Energy|Electricity|Gas|w/o CCS,EJ/yr,3.020705311,6.144832072000001,9.00448106,11.063526037,12.589097723,12.118785669,11.310425312,12.126853304,13.115086087,14.960739212
GCAM 4.2,SSP3-Baseline,Asian countries except Japan,Secondary Energy|Electricity|Geothermal,EJ/yr,0.0700198,0.36289187900000003,0.546726814,0.6252217440000001,0.697108328,0.750808510999999,0.7672368260000001,0.783690080999999,0.791906305,0.78926171
GCAM 4.2,SSP3-Baseline,Asian countries except Japan,Secondary Energy|Electricity|Hydro,EJ/yr,3.762164700000001,3.998137399999999,4.2348203,4.592930200000001,5.072475499999999,5.552012599999999,6.0315557,6.5110989,6.9906331999999995,7.2304088
GCAM 4.2,SSP3-Baseline,Asian countries except Japan,Secondary Energy|Electricity|Non-Biomass Renewables,EJ/yr,4.07862188,5.454839449,7.2310858190000005,8.992377256000001,10.662196665,11.859375397,13.076518932,15.259799907,16.992114697,17.771670198
GCAM 4.2,SSP3-Baseline,Asian countries except Japan,Secondary Energy|Electricity|Nuclear,EJ/yr,1.0666115999999999,1.012524571,0.9737971630000001,0.869829713,0.7682275350000001,0.704706687,0.693751098,0.9322821630000001,1.095198820999999,1.217164427
GCAM 4.2,SSP3-Baseline,Asian countries except Japan,Secondary Energy|Electricity|Oil,EJ/yr,0.61991456,0.46756125,0.540935227999998,0.530570767,0.522427866,0.5947673640000001,0.724240269,1.025641998,1.19135728,1.314466157999999
GCAM 4.2,SSP3-Baseline,Asian countries except Japan,Secondary Energy|Electricity|Solar,EJ/yr,0.00721428,0.339188318999999,0.831513005,1.511241018,2.242590664,2.9933207690000003,3.650270393,4.205967733,4.623437485,4.762304951
GCAM 4.2,SSP3-Baseline,Asian countries except Japan,Secondary Energy|Electricity|Wind,EJ/yr,0.2392231,0.754621850999999,1.6180257,2.262984294,2.650022173,2.563233517,2.627456013,3.759043193,4.586137707,4.989694737
GCAM 4.2,SSP3-Baseline,Asian countries except Japan,Secondary Energy|Hydrogen,EJ/yr,0.0,0.080574292,0.228624661,0.424158539,0.664564571,0.817636377,0.995993487,1.187168787,1.4095765770000002,1.596164825
GCAM 4.2,SSP3-Baseline,Countries from the Reforming Economies of the Former Soviet Union,Capacity|Electricity,GW,297.486780514886,374.758916402491,411.82662351536,427.2312000581141,429.025626926662,426.801430397206,432.422328952796,446.733780686873,453.488637734802,465.055241884127
GCAM 4.2,SSP3-Baseline,Countries from the Reforming Economies of the Former Soviet Union,Capacity|Electricity|Biomass,GW,1.36414732369355,2.55363243594622,4.03083777270421,5.68189125126838,7.30560280314561,11.10413983225519,13.9350883117707,16.4732722919838,18.4894750047565,19.5160932743531
GCAM 4.2,SSP3-Baseline,Countries from the Reforming Economies of the Former Soviet Union,Capacity|Electricity|Coal,GW,66.892559297311,92.8363100900558,103.761019152714,109.316463723998,114.150673040335,124.606346714865,134.767559297311,131.028955003805,137.129542427702,142.856493372653
GCAM 4.2,SSP3-Baseline,Countries from the Reforming Economies of the Former Soviet Union,Capacity|Electricity|Gas,GW,129.355593607306,185.917966768138,199.656633371385,197.7474873160829,188.912445649416,148.860592434043,130.109478151953,130.284203418316,130.602860032978,136.974464865551
GCAM 4.2,SSP3-Baseline,Countries from the Reforming Economies of the Former Soviet Union,Capacity|Electricity|Nuclear,GW,44.44810868707371,41.05970453520489,35.6158498224251,26.7141258667343,17.6498493784881,12.9986514530131,9.23377357094538,9.20478958791363,9.72353042730707,9.860666469361288
GCAM 4.2,SSP3-Baseline,Countries from the Reforming Economies of the Former Soviet Union,Capacity|Electricity|Oil,GW,21.8497019279554,5.0403433377727,4.23876851059107,3.7346761637493593,2.82856037544393,4.15582897323694,3.15676235096398,3.789021316907649,4.690356457699139,4.74265557616692
GCAM 4.2,SSP3-Baseline,Countries from the Reforming Economies of the Former Soviet Union,Capacity|Electricity|Solar,GW,0.381844558599696,5.58334421250757,9.21859859594422,13.5816070544437,15.4617623542919,22.6026572948607,26.8530229321628,28.8570703237711,27.0165690417034,26.2382725783247
GCAM 4.2,SSP3-Baseline,Countries from the Reforming Economies of the Former Soviet Union,Capacity|Electricity|Wind,GW,1.1314657775845,4.30389177800327,11.6039425611585,21.1261951144862,28.7677011480294,43.5783716096947,51.8132912253721,60.6144894982347,55.580953513444896,52.78410375443929
GCAM 4.2,SSP3-Baseline,Countries from the Reforming Economies of the Former Soviet Union,Emissions|CH4,Mt CH4/yr,35.540279394,54.210941308,69.165468616,70.337835265,65.98294083100001,59.23986203800001,59.004951816,63.68204652,61.58031516600001,57.53516034800001
GCAM 4.2,SSP3-Baseline,Countries from the Reforming Economies of the Former Soviet Union,Emissions|CH4|Energy,Mt CH4/yr,24.580523132,43.901369021,59.104530645,60.57921118100001,56.442264922,49.867721592,49.742021758,54.405905372,52.20374962100001,48.043012415
GCAM 4.2,SSP3-Baseline,Countries from the Reforming Economies of the Former Soviet Union,Emissions|CO2,Mt CO2/yr,2318.50299691634,3443.866612813,3386.26994122267,3636.968674623471,3719.994087997,3944.957854156,4113.18121624336,4232.63233926133,4369.57697219633,4565.0695311925
GCAM 4.2,SSP3-Baseline,Countries from the Reforming Economies of the Former Soviet Union,Emissions|CO2|AFOLU,Mt CO2/yr,-493.26226235,220.823821899999,-94.9092579636667,47.9810101833333,107.995960805333,257.36663656,289.406360466666,317.968013146667,282.08427269,292.555183946667
GCAM 4.2,SSP3-Baseline,Countries from the Reforming Economies of the Former Soviet Union,Emissions|CO2|Energy and Industrial Processes,Mt CO2/yr,2811.76525926633,3223.042790913,3481.17919918633,3588.987664440129,3611.99812719166,3687.591217596,3823.7748557767,3914.66432611466,4087.49269950633,4272.514347245829
GCAM 4.2,SSP3-Baseline,Countries from the Reforming Economies of the Former Soviet Union,Emissions|CO2|Energy|Supply|Electricity,Mt CO2/yr,900.233186416667,1161.46029431667,1231.89769541667,1213.34768536667,1169.51499793333,1092.39956356667,1071.92208189,1012.10709644,1026.03869786,1055.79643891333
GCAM 4.2,SSP3-Baseline,Countries from the Reforming Economies of the Former Soviet Union,Final Energy,EJ/yr,34.987098418,37.918282505,39.427838339,39.349239432,38.257123235,37.567126792,37.503679953,37.713719054,38.127491644,38.782058753
GCAM 4.2,SSP3-Baseline,Countries from the Reforming Economies of the Former Soviet Union,Final Energy|Electricity,EJ/yr,5.069809919,7.011059201,7.856235661,8.280067687,8.46638041,8.381349273,8.515589617,8.767029798,9.006657609,9.308913194
GCAM 4.2,SSP3-Baseline,Countries from the Reforming Economies of the Former Soviet Union,Final Energy|Gases,EJ/yr,8.808095081,9.213336709,9.413562323,9.125910501,8.56533729,8.165674624,7.913241091000002,7.767243685,7.767874428,7.931895342000001
GCAM 4.2,SSP3-Baseline,Countries from the Reforming Economies of the Former Soviet Union,Final Energy|Heat,EJ/yr,6.5932709,6.256309799999999,6.0103555,5.63939263,5.25452685,5.00985233,4.8388846,4.72377915,4.66071682,4.59773403
GCAM 4.2,SSP3-Baseline,Countries from the Reforming Economies of the Former Soviet Union,Final Energy|Hydrogen,EJ/yr,0.0,0.018684799000000002,0.050029389,0.08936812,0.13442036400000001,0.166109267,0.201029913,0.23669393400000002,0.27372850200000004,0.302914365
GCAM 4.2,SSP3-Baseline,Countries from the Reforming Economies of the Former Soviet Union,Final Energy|Industry,EJ/yr,18.223892538,18.951975798,19.136138718,18.825965546,18.432781212,18.227604845,18.260055157,18.523339598,18.960781272,19.526583103
GCAM 4.2,SSP3-Baseline,Countries from the Reforming Economies of the Former Soviet Union,Final Energy|Liquids,EJ/yr,9.67148433,10.715332597,11.430094261,11.688102003000001,11.523658615,11.653098148,11.996614945,12.357410735,12.70187179,13.032615238
GCAM 4.2,SSP3-Baseline,Countries from the Reforming Economies of the Former Soviet Union,Final Energy|Solids,EJ/yr,4.844438188,4.703559399,4.667561205,4.526398491,4.312799706,4.19104315,4.038319787,3.861561752,3.716642495,3.607986584
GCAM 4.2,SSP3-Baseline,Countries from the Reforming Economies of the Former Soviet Union,Final Energy|Solids|Biomass,EJ/yr,0.9774730180000001,0.894539379,0.841901165,0.750296280999999,0.670699836,0.5912255,0.527187337,0.471151572,0.42715267500000004,0.391125373999998
GCAM 4.2,SSP3-Baseline,Countries from the Reforming Economies of the Former Soviet Union,Final Energy|Solids|Coal,EJ/yr,3.8669651700000003,3.80902002,3.82566004,3.77610221,3.64209987,3.59981765,3.51113245,3.39041018,3.28948982,3.21686121
GCAM 4.2,SSP3-Baseline,Countries from the Reforming Economies of the Former Soviet Union,Final Energy|Transportation,EJ/yr,6.299909621,7.354663907000001,8.143858404,8.554894676,8.480991462999999,8.576693377,8.876779719,9.172856044,9.437914477,9.724179076
GCAM 4.2,SSP3-Baseline,Countries from the Reforming Economies of the Former Soviet Union,Final Energy|Transportation|Electricity,EJ/yr,0.28255979999999903,0.379906291,0.45296481400000005,0.509198417,0.5468914,0.585235603,0.6465582670000001,0.722407277999999,0.809196719,0.9021984040000001
GCAM 4.2,SSP3-Baseline,Countries from the Reforming Economies of the Former Soviet Union,Final Energy|Transportation|Hydrogen,EJ/yr,0.0,0.0028291590000000004,0.015318130000000001,0.032622103,0.052531947,0.07500699200000001,0.09898802599999901,0.123695286,0.14862171,0.171743492
GCAM 4.2,SSP3-Baseline,Countries from the Reforming Economies of the Former Soviet Union,Final Energy|Transportation|Liquids,EJ/yr,6.00466759,6.813222958,7.312087477,7.451094085,7.162251766,7.068556817999999,7.168799635,7.271198805,7.34456666,7.432320848
GCAM 4.2,SSP3-Baseline,Countries from the Reforming Economies of the Former Soviet Union,Population,million,305.238,299.626,290.096,279.789,271.989,265.439,260.115,258.157,258.774,260.13
GCAM 4.2,SSP3-Baseline,Countries from the Reforming Economies of the Former Soviet Union,Primary Energy,EJ/yr,45.27955985,51.790385323,55.714281174999996,56.80977924600001,56.15770385800001,55.62062582300001,55.798263486,56.013164613,56.912237129,58.119471721
GCAM 4.2,SSP3-Baseline,Countries from the Reforming Economies of the Former Soviet Union,Primary Energy|Biomass,EJ/yr,1.2792029999999999,1.739679,2.362575,2.7168989999999997,2.8849419999999992,3.228155,3.207066,3.140058,3.055475,2.926759
GCAM 4.2,SSP3-Baseline,Countries from the Reforming Economies of the Former Soviet Union,Primary Energy|Coal,EJ/yr,9.92063,12.15203,14.73703,16.73669,18.46058,21.75217,24.35332,25.86733,28.02498,30.0874
GCAM 4.2,SSP3-Baseline,Countries from the Reforming Economies of the Former Soviet Union,Primary Energy|Fossil,EJ/yr,41.912498,47.8286595,50.9821277,51.6474141,50.825242,49.637295,49.675951,49.66836,50.615549,51.952809
GCAM 4.2,SSP3-Baseline,Countries from the Reforming Economies of the Former Soviet Union,Primary Energy|Gas,EJ/yr,20.97471,24.52322,26.25245,25.87246,24.06815,20.50342,17.62603,15.54088,13.75447,12.52521
GCAM 4.2,SSP3-Baseline,Countries from the Reforming Economies of the Former Soviet Union,Primary Energy|Nuclear,EJ/yr,1.261544,1.165372958,1.010863296,0.758211005999999,0.500945085,0.368932925,0.262076655,0.26125402000000003,0.27597713,0.27986938
GCAM 4.2,SSP3-Baseline,Countries from the Reforming Economies of the Former Soviet Union,Primary Energy|Oil,EJ/yr,11.017158,11.1534095,9.9926477,9.0382641,8.296512,7.381705,7.696600999999998,8.26015,8.836099,9.340199
GCAM 4.2,SSP3-Baseline,Countries from the Reforming Economies of the Former Soviet Union,Secondary Energy|Electricity,EJ/yr,8.853292694,10.645046576,11.181597246,11.014244659,10.599355622000001,10.081273104,9.939314355,10.216238404,10.472659841,10.802839646
GCAM 4.2,SSP3-Baseline,Countries from the Reforming Economies of the Former Soviet Union,Secondary Energy|Electricity|Biomass,EJ/yr,0.058359191000000005,0.08278420900000001,0.11691641,0.153508544,0.189584838999999,0.28242546,0.351565556,0.41560089200000006,0.466467267,0.492367614
GCAM 4.2,SSP3-Baseline,Countries from the Reforming Economies of the Former Soviet Union,Secondary Energy|Electricity|Biomass|w/ CCS,EJ/yr,0.0,0.0,0.0,0.0,0.0,0.0,0.0,0.0,0.0,0.0
GCAM 4.2,SSP3-Baseline,Countries from the Reforming Economies of the Former Soviet Union,Secondary Energy|Electricity|Biomass|w/o CCS,EJ/yr,0.058359191000000005,0.08278420900000001,0.11691641,0.153508544,0.189584838999999,0.28242546,0.351565556,0.41560089200000006,0.466467267,0.492367614
GCAM 4.2,SSP3-Baseline,Countries from the Reforming Economies of the Former Soviet Union,Secondary Energy|Electricity|Coal,EJ/yr,2.6223499,3.1653686,3.3010254,3.22522222,3.1312267,3.25506957,3.400023799999999,3.3057033000000002,3.4596138,3.6040978999999993
GCAM 4.2,SSP3-Baseline,Countries from the Reforming Economies of the Former Soviet Union,Secondary Energy|Electricity|Coal|w/ CCS,EJ/yr,0.0,0.0,0.0,0.0,0.0,0.0,0.0,0.0,0.0,0.0
GCAM 4.2,SSP3-Baseline,Countries from the Reforming Economies of the Former Soviet Union,Secondary Energy|Electricity|Coal|w/o CCS,EJ/yr,2.6223499,3.1653686,3.3010254,3.22522222,3.1312267,3.25506957,3.400023799999999,3.3057033000000002,3.4596138,3.6040978999999993
GCAM 4.2,SSP3-Baseline,Countries from the Reforming Economies of the Former Soviet Union,Secondary Energy|Electricity|Gas,EJ/yr,3.974589043,5.152779515,5.37402852,5.170680429,4.81501052,3.763332524,3.252116977,3.265361721999999,3.275494826999999,3.436226101
GCAM 4.2,SSP3-Baseline,Countries from the Reforming Economies of the Former Soviet Union,Secondary Energy|Electricity|Gas|w/ CCS,EJ/yr,0.0,0.0,0.0,0.0,0.0,0.0,0.0,0.0,0.0,0.0
GCAM 4.2,SSP3-Baseline,Countries from the Reforming Economies of the Former Soviet Union,Secondary Energy|Electricity|Gas|w/o CCS,EJ/yr,3.974589043,5.152779515,5.37402852,5.170680429,4.81501052,3.763332524,3.252116977,3.265361721999999,3.275494826999999,3.436226101
GCAM 4.2,SSP3-Baseline,Countries from the Reforming Economies of the Former Soviet Union,Secondary Energy|Electricity|Geothermal,EJ/yr,0.00181788,0.063869281,0.14665572600000001,0.204039658,0.22597724300000002,0.256128592,0.25380393500000004,0.25828795800000004,0.258866095,0.257647874
GCAM 4.2,SSP3-Baseline,Countries from the Reforming Economies of the Former Soviet Union,Secondary Energy|Electricity|Hydro,EJ/yr,0.8071022,0.8812955,0.9558673999999999,1.040465599999999,1.1350921,1.2297176,1.3243421,1.4189726,1.5135920999999999,1.5609069
GCAM 4.2,SSP3-Baseline,Countries from the Reforming Economies of the Former Soviet Union,Secondary Energy|Electricity|Non-Biomass Renewables,EJ/yr,0.82631485,1.05667424,1.358715179,1.6872551409999992,1.946574773,2.386242898,2.653169831,2.943492593,2.965235999,2.960034341
GCAM 4.2,SSP3-Baseline,Countries from the Reforming Economies of the Former Soviet Union,Secondary Energy|Electricity|Nuclear,EJ/yr,1.261544,1.165372958,1.010863296,0.758211005999999,0.500945085,0.368932925,0.262076655,0.26125402000000003,0.27597713,0.27986938
GCAM 4.2,SSP3-Baseline,Countries from the Reforming Economies of the Former Soviet Union,Secondary Energy|Electricity|Oil,EJ/yr,0.11013571,0.022067054000000003,0.020048441,0.019367318999999,0.016013705,0.025269727000000002,0.020361536000000003,0.024825877000000003,0.029870817999999,0.03024431
GCAM 4.2,SSP3-Baseline,Countries from the Reforming Economies of the Former Soviet Union,Secondary Energy|Electricity|Solar,EJ/yr,0.00240837,0.050431439,0.08785891700000001,0.136281826,0.15911288,0.24073918600000002,0.29071119100000004,0.32957815,0.31637732900000004,0.309179818999999
GCAM 4.2,SSP3-Baseline,Countries from the Reforming Economies of the Former Soviet Union,Secondary Energy|Electricity|Wind,EJ/yr,0.014986399999999999,0.061078020000000004,0.16833313600000002,0.306468057,0.42639255,0.65965752,0.784312605,0.936653885,0.8764004750000001,0.8322997480000001
GCAM 4.2,SSP3-Baseline,Countries from the Reforming Economies of the Former Soviet Union,Secondary Energy|Hydrogen,EJ/yr,0.0,0.018686364,0.050030009,0.089368588,0.134419238,0.166108901,0.201029545,0.23669402399999903,0.27372839600000004,0.302914303
GCAM 4.2,SSP3-Baseline,Countries of the Middle East and Africa,Capacity|Electricity,GW,632.277985948787,606.128842176915,800.041663856684,995.178124950422,1227.13931832573,1542.14691498335,1898.60801900892,2352.8842115693,2856.06701966602,3411.304884741409
GCAM 4.2,SSP3-Baseline,Countries of the Middle East and Africa,Capacity|Electricity|Biomass,GW,0.119720319634703,3.74356941273465,8.24042332572298,13.5961858273085,20.5653992262811,31.85692795535261,48.2674873953577,66.0722578957381,84.520639863965,103.528285451547
GCAM 4.2,SSP3-Baseline,Countries of the Middle East and Africa,Capacity|Electricity|Coal,GW,42.0344082952816,63.0704631215119,84.011657312278,101.837694222476,125.624622812024,159.397215523529,212.335103136098,281.809233495053,377.927330669711,514.519199089929
GCAM 4.2,SSP3-Baseline,Countries of the Middle East and Africa,Capacity|Electricity|Gas,GW,151.500532724505,270.926488346651,362.733017559297,440.2063387794901,507.935591110159,525.995022395041,559.294729230086,628.537901461821,720.119389459666,860.8385964611881
GCAM 4.2,SSP3-Baseline,Countries of the Middle East and Africa,Capacity|Electricity|Nuclear,GW,1.53462709284627,1.44612464062235,2.04690343311347,3.1696004213879,4.46418343762332,6.727774360166861,10.2600627853881,15.5305524550426,21.31663502734089,27.8595936566323
GCAM 4.2,SSP3-Baseline,Countries of the Middle East and Africa,Capacity|Electricity|Oil,GW,418.5238647894471,205.199134956875,217.492387192414,218.549303890792,233.281404743785,332.988534690512,404.384340119229,530.484279870624,679.0835723458911,832.978365201674
GCAM 4.2,SSP3-Baseline,Countries of the Middle East and Africa,Capacity|Electricity|Solar,GW,0.054794520547944,24.6607617784993,52.8608091660019,102.085683658421,174.878124895468,275.32193938227,388.545282408949,484.994373887271,572.649477294697,631.215515621816
GCAM 4.2,SSP3-Baseline,Countries of the Middle East and Africa,Capacity|Electricity|Wind,GW,0.7101709912782971,9.28305421669767,31.67000674177751,62.5347320108971,94.0181888041496,131.833641182564,186.271182273169,245.014307328715,288.837664193303,323.17293302892
GCAM 4.2,SSP3-Baseline,Countries of the Middle East and Africa,Emissions|CH4,Mt CH4/yr,56.637573812,61.53086081,78.320485072,97.199576105,120.824428195,148.048121465,177.87263722,213.189591191,245.193856208,276.703458813
GCAM 4.2,SSP3-Baseline,Countries of the Middle East and Africa,Emissions|CH4|Energy,Mt CH4/yr,23.09927288,19.100968298,23.574981786,27.024092176,30.899702318,34.018580482,34.649313545,34.616852297,33.967208596,28.930303858
GCAM 4.2,SSP3-Baseline,Countries of the Middle East and Africa,Emissions|CO2,Mt CO2/yr,4575.09302897768,5185.055127113111,7140.235772238391,9131.49549489211,10976.0558279707,13019.3237156542,15252.090505224,17582.8675673948,19413.6898280362,22656.559707305
GCAM 4.2,SSP3-Baseline,Countries of the Middle East and Africa,Emissions|CO2|AFOLU,Mt CO2/yr,1610.863218877,1417.08286223533,1893.03560704133,2472.92197990934,2831.892197101,2927.249847969339,2962.807933283,2656.14941143567,1424.92918964733,1157.676641638
GCAM 4.2,SSP3-Baseline,Countries of the Middle East and Africa,Emissions|CO2|Energy and Industrial Processes,Mt CO2/yr,2964.22981010068,3767.97226487778,5247.20016519706,6658.57351498277,8144.16363086975,10092.0738676849,12289.282571941,14926.7181559591,17988.7606383888,21498.883065667
GCAM 4.2,SSP3-Baseline,Countries of the Middle East and Africa,Emissions|CO2|Energy|Supply|Electricity,Mt CO2/yr,1002.54673722867,1236.40852749333,1581.34269303267,1845.82878296667,2122.39857606333,2415.27409962667,2807.57319619333,3397.45022019333,4197.20171346666,5314.88372140001
GCAM 4.2,SSP3-Baseline,Countries of the Middle East and Africa,Final Energy,EJ/yr,44.920988974,59.688201745,76.736090699,93.990738654,111.721269959,132.127919707,156.050146512,183.600227002,214.028182098,246.87587587
GCAM 4.2,SSP3-Baseline,Countries of the Middle East and Africa,Final Energy|Electricity,EJ/yr,4.53228389,7.696616779,11.165893208,14.641240952,18.40025803,22.205232646,27.004274109,33.118290624,40.087554214,48.346480782
GCAM 4.2,SSP3-Baseline,Countries of the Middle East and Africa,Final Energy|Gases,EJ/yr,8.411787588,10.726466176,13.695700192,16.427773364,18.771105315,21.118238834,23.602257424,26.375168419,29.71467926,33.740663424
GCAM 4.2,SSP3-Baseline,Countries of the Middle East and Africa,Final Energy|Heat,EJ/yr,0.0,0.0,0.0,0.0,0.0,0.0,0.0,0.0,0.0,0.0
GCAM 4.2,SSP3-Baseline,Countries of the Middle East and Africa,Final Energy|Hydrogen,EJ/yr,0.0,0.037439652000000004,0.156811571999999,0.37618299200000005,0.739319143,1.148895781,1.6836370340000002,2.326746321,3.096752816,3.79033126
GCAM 4.2,SSP3-Baseline,Countries of the Middle East and Africa,Final Energy|Industry,EJ/yr,16.296187857,22.877149584,30.46027224900001,38.592281433,47.826567052,58.625979303,71.678941897,86.834804387,103.467382561,121.164613984
GCAM 4.2,SSP3-Baseline,Countries of the Middle East and Africa,Final Energy|Liquids,EJ/yr,16.982185476,22.317550057,29.568181667,36.768771933,44.36194950399999,54.35575271,66.491053112,80.97621535399999,97.456644763,115.219389669
GCAM 4.2,SSP3-Baseline,Countries of the Middle East and Africa,Final Energy|Solids,EJ/yr,14.99473202,18.910129081,22.14950406,25.776769413,29.448637967,33.299799736,37.268924833,40.803806284,43.672551045,45.779010735
GCAM 4.2,SSP3-Baseline,Countries of the Middle East and Africa,Final Energy|Solids|Biomass,EJ/yr,13.784981687,17.39969494,20.33204117,23.7257959,27.18671010000001,30.73326726,34.38553305,37.62536115,40.21668519,42.047997824
GCAM 4.2,SSP3-Baseline,Countries of the Middle East and Africa,Final Energy|Solids|Coal,EJ/yr,1.2097503330000001,1.5104341410000002,1.81746289,2.050973513,2.261927867,2.566532476,2.883391783,3.178445134,3.455865855,3.731012911
GCAM 4.2,SSP3-Baseline,Countries of the Middle East and Africa,Final Energy|Transportation,EJ/yr,10.789351038,14.21824973,18.56049579,22.844782658,26.76766104,31.699772928,37.430378512,44.20978620100001,52.016629752,60.751064861
GCAM 4.2,SSP3-Baseline,Countries of the Middle East and Africa,Final Energy|Transportation|Electricity,EJ/yr,0.01736861,0.033202649,0.059851117999999,0.09778585199999901,0.15041193,0.22372264600000002,0.319476608999999,0.459471224,0.668792414,0.9381607820000001
GCAM 4.2,SSP3-Baseline,Countries of the Middle East and Africa,Final Energy|Transportation|Hydrogen,EJ/yr,0.0,0.007521570999999,0.044409378,0.10486455400000001,0.18369233000000001,0.295591928,0.42615726400000004,0.5903659410000001,0.796316195999999,1.03520538
GCAM 4.2,SSP3-Baseline,Countries of the Middle East and Africa,Final Energy|Transportation|Liquids,EJ/yr,10.55990564,13.666943277,17.297671717,20.533447403,23.192315284,26.63186164,30.695212992000002,35.578242264,41.170263753,47.322766669
GCAM 4.2,SSP3-Baseline,Countries of the Middle East and Africa,Population,million,1237.419,1558.683,1932.668,2334.461,2758.371,3173.84,3566.013,3940.317,4291.683,4614.363
GCAM 4.2,SSP3-Baseline,Countries of the Middle East and Africa,Primary Energy,EJ/yr,58.26001019,76.492329771,102.214120316,127.015145696,152.070051378,181.442496039,213.96039513,251.969801633,294.568921922,341.843262787
GCAM 4.2,SSP3-Baseline,Countries of the Middle East and Africa,Primary Energy|Biomass,EJ/yr,13.7989868,18.7318364,22.6519687,26.8949314,31.1212331,35.6892597,40.3150318,44.6543773,48.39812006,51.42558391
GCAM 4.2,SSP3-Baseline,Countries of the Middle East and Africa,Primary Energy|Coal,EJ/yr,4.601230200000002,7.480967,15.615188,24.08671,33.95011,49.30244,66.17864,86.00298000000002,109.42343,137.06439
GCAM 4.2,SSP3-Baseline,Countries of the Middle East and Africa,Primary Energy|Fossil,EJ/yr,43.9586458,56.6882093,77.5707397,96.92264,116.284352,139.288062,165.014816,196.44752,233.327341,276.187794
GCAM 4.2,SSP3-Baseline,Countries of the Middle East and Africa,Primary Energy|Gas,EJ/yr,16.7746766,25.32943,36.395847,45.155025,51.211963,53.376701,52.965254,51.944785,50.61969000000001,50.22058
GCAM 4.2,SSP3-Baseline,Countries of the Middle East and Africa,Primary Energy|Nuclear,EJ/yr,0.043556399999999995,0.041044588,0.058096032000000006,0.089960866999999,0.12670424,0.190950383,0.291205206,0.44079435200000006,0.6050172620000001,0.790722131
GCAM 4.2,SSP3-Baseline,Countries of the Middle East and Africa,Primary Energy|Oil,EJ/yr,22.582739,23.8778123,25.5597047,27.680905,31.122279,36.608921,45.870922,58.49975500000001,73.284221,88.902824
GCAM 4.2,SSP3-Baseline,Countries of the Middle East and Africa,Secondary Energy|Electricity,EJ/yr,5.56746661681,9.30876789,13.41850972,17.489354229,21.856404104,26.240586061,31.799409967,38.962260292,47.12890858,56.900495393
GCAM 4.2,SSP3-Baseline,Countries of the Middle East and Africa,Secondary Energy|Electricity|Biomass,EJ/yr,0.0030204,0.094445764,0.207895992,0.343015452999998,0.518840344,0.8037120640000001,1.217730786,1.6669237799999999,2.132354319,2.611894408
GCAM 4.2,SSP3-Baseline,Countries of the Middle East and Africa,Secondary Energy|Electricity|Biomass|w/ CCS,EJ/yr,0.0,0.0,0.0,0.0,0.0,0.0,0.0,0.0,0.0,0.0
GCAM 4.2,SSP3-Baseline,Countries of the Middle East and Africa,Secondary Energy|Electricity|Biomass|w/o CCS,EJ/yr,0.0030204,0.094445764,0.207895992,0.343015452999998,0.518840344,0.8037120640000001,1.217730786,1.6669237799999999,2.132354319,2.611894408
GCAM 4.2,SSP3-Baseline,Countries of the Middle East and Africa,Secondary Energy|Electricity|Coal,EJ/yr,1.06047768,1.5911921,2.1195133,2.56924282,3.169358484,4.021400471000002,5.35695985,7.10970879,9.53465304,12.98070197
GCAM 4.2,SSP3-Baseline,Countries of the Middle East and Africa,Secondary Energy|Electricity|Coal|w/ CCS,EJ/yr,0.0,0.0,0.0,0.0,0.0,0.0,0.0,0.0,0.0,0.0
GCAM 4.2,SSP3-Baseline,Countries of the Middle East and Africa,Secondary Energy|Electricity|Coal|w/o CCS,EJ/yr,1.06047768,1.5911921,2.1195133,2.56924282,3.169358484,4.021400471000002,5.35695985,7.10970879,9.53465304,12.98070197
GCAM 4.2,SSP3-Baseline,Countries of the Middle East and Africa,Secondary Energy|Electricity|Gas,EJ/yr,2.6817340868099997,5.726923957,8.123018597,10.28121055,12.202227385,12.875499104,13.893449451,15.682265329,17.993216902,21.510071335
GCAM 4.2,SSP3-Baseline,Countries of the Middle East and Africa,Secondary Energy|Electricity|Gas|w/ CCS,EJ/yr,0.0,0.0,0.0,0.0,0.0,0.0,0.0,0.0,0.0,0.0
GCAM 4.2,SSP3-Baseline,Countries of the Middle East and Africa,Secondary Energy|Electricity|Gas|w/o CCS,EJ/yr,2.6817340868099997,5.726923957,8.123018597,10.28121055,12.202227385,12.875499104,13.893449451,15.682265329,17.993216902,21.510071335
GCAM 4.2,SSP3-Baseline,Countries of the Middle East and Africa,Secondary Energy|Electricity|Geothermal,EJ/yr,0.00529559,0.10502611,0.28506498,0.37608489,0.42693035100000004,0.43945130400000004,0.44112275300000003,0.441971299999999,0.44230446700000003,0.44233542600000003
GCAM 4.2,SSP3-Baseline,Countries of the Middle East and Africa,Secondary Energy|Electricity|Hydro,EJ/yr,0.4437737,0.5963155,0.748974199999998,0.9660516,1.2475506,1.5290475,1.810543399999999,2.092042299999999,2.3735402,2.5142881
GCAM 4.2,SSP3-Baseline,Countries of the Middle East and Africa,Secondary Energy|Electricity|Non-Biomass Renewables,EJ/yr,0.45882119,1.031239339,1.9333158830000001,3.107613428,4.537762038,6.274223956,8.339342124,10.427109981,12.2384436,13.439162746000001
GCAM 4.2,SSP3-Baseline,Countries of the Middle East and Africa,Secondary Energy|Electricity|Nuclear,EJ/yr,0.043556399999999995,0.041044588,0.058096032000000006,0.089960866999999,0.12670424,0.190950383,0.291205206,0.44079435200000006,0.6050172620000001,0.790722131
GCAM 4.2,SSP3-Baseline,Countries of the Middle East and Africa,Secondary Energy|Electricity|Oil,EJ/yr,1.31985686,0.823922142,0.9766699160000001,1.0983111110000001,1.301511613,2.074800083,2.70072255,3.63545806,4.625223457,5.567942802999999
GCAM 4.2,SSP3-Baseline,Countries of the Middle East and Africa,Secondary Energy|Electricity|Solar,EJ/yr,0.0003456,0.19815953500000003,0.43985407400000004,0.858312817999999,1.4697505720000001,2.3101224119999992,3.268036929,4.106978495,4.868206644,5.386748412
GCAM 4.2,SSP3-Baseline,Countries of the Middle East and Africa,Secondary Energy|Electricity|Wind,EJ/yr,0.0094063,0.131738194,0.45942262899999803,0.90716412,1.3935305150000001,1.99560274,2.819639042,3.786117886,4.554392289,5.095790808
GCAM 4.2,SSP3-Baseline,Countries of the Middle East and Africa,Secondary Energy|Hydrogen,EJ/yr,0.0,0.037439422,0.156811217,0.376183555,0.739318754,1.148896512,1.6836355410000001,2.326746954,3.096753681,3.790332367
GCAM 4.2,SSP3-Baseline,Latin American countries,Capacity|Electricity,GW,396.364036509295,440.229153603432,547.21950422344,624.037508200007,706.179536397724,787.51271549273,864.58682115991,957.209411170918,1043.30222600659,1138.78663716969
GCAM 4.2,SSP3-Baseline,Latin American countries,Capacity|Electricity|Biomass,GW,6.05381785895484,16.1116022561517,20.4080834998097,24.249982718163402,28.3798099790715,34.6080323677702,41.702352668379,41.67558044774221,45.2908636954591,49.1066212423896
GCAM 4.2,SSP3-Baseline,Latin American countries,Capacity|Electricity|Coal,GW,10.0881330067225,23.997683996067998,35.8582449422882,45.4678438926941,55.9127952974379,71.3228939941655,92.72957968670732,111.47589025241,137.894919694952,176.80249238965
GCAM 4.2,SSP3-Baseline,Latin American countries,Capacity|Electricity|Gas,GW,57.2371630834601,118.752991422501,164.98987878932,196.971046343861,222.142053098047,215.377989979706,202.392709094368,208.439492611619,221.881018550228,248.476422945205
GCAM 4.2,SSP3-Baseline,Latin American countries,Capacity|Electricity|Nuclear,GW,3.49733637747336,3.21853941174812,2.9120390805569603,2.4556858828006,2.3086085743277502,2.7762975294548697,3.5204783598286298,5.035039883871701,6.5941607827386,8.20562711398613
GCAM 4.2,SSP3-Baseline,Latin American countries,Capacity|Electricity|Oil,GW,212.502727042111,128.206227565322,128.063174070903,106.595611681887,98.5285432125191,104.99777357623,104.650429192035,122.45492690893,138.495610889143,156.455531971398
GCAM 4.2,SSP3-Baseline,Latin American countries,Capacity|Electricity|Solar,GW,0.026319127346524,14.6026691579662,30.01616077609989,52.9434546614711,81.55149782596648,116.243628495153,148.140529092466,167.577497187539,177.728167123271,177.776372728525
GCAM 4.2,SSP3-Baseline,Latin American countries,Capacity|Electricity|Wind,GW,1.21192106979778,12.3263880432944,28.749246203097,47.67953505172829,59.46348678173951,74.3544095768856,91.5905987072975,108.438148627031,112.80529420345,114.7279420345
GCAM 4.2,SSP3-Baseline,Latin American countries,Emissions|CH4,Mt CH4/yr,47.663797305,47.54892746100001,53.251919208,58.138289017,61.008498422,64.224027746,66.647176025,70.027801737,73.037449045,75.22674047
GCAM 4.2,SSP3-Baseline,Latin American countries,Emissions|CH4|Energy,Mt CH4/yr,7.890933717999999,4.566903421,5.949260688,7.150733178999999,6.761956346,7.268884886,7.326133388,8.454767166,9.170050274,8.90366402
GCAM 4.2,SSP3-Baseline,Latin American countries,Emissions|CO2,Mt CO2/yr,3153.32006772076,3116.235278283269,3898.9836629177,4484.59420340396,5022.2757212606,5785.42679384083,6460.072785615021,7157.058574018829,7737.51724908539,8544.913700295141
GCAM 4.2,SSP3-Baseline,Latin American countries,Emissions|CO2|AFOLU,Mt CO2/yr,1400.46895894767,648.057599827001,652.597024695,675.283819136667,700.908045896667,867.783525766666,994.847637666666,1115.05372678333,1068.24990811,1163.93562871667
GCAM 4.2,SSP3-Baseline,Latin American countries,Emissions|CO2|Energy and Industrial Processes,Mt CO2/yr,1752.8511087731,2468.17767845627,3246.3866382227,3809.3103842673,4321.367675363929,4917.643268074171,5465.22514794835,6042.0048472355,6669.267340975401,7380.97807157847
GCAM 4.2,SSP3-Baseline,Latin American countries,Emissions|CO2|Energy|Supply|Electricity,Mt CO2/yr,337.337038789667,532.516687153,712.7714349873331,822.5420077599989,926.059824616667,993.864857076667,1068.20992072667,1172.65029486,1338.22949344333,1602.35868488667
GCAM 4.2,SSP3-Baseline,Latin American countries,Final Energy,EJ/yr,27.64685431900001,36.137776277,43.393793863,48.918086734,53.690104555,58.237516168,62.779579854,67.435808781,72.11009366100001,77.124104864
GCAM 4.2,SSP3-Baseline,Latin American countries,Final Energy|Electricity,EJ/yr,4.107527449,6.334388592000001,8.349142242000001,10.04871074,11.665628489,12.97867969,14.298872004,15.830478623,17.464230557,19.393067946
GCAM 4.2,SSP3-Baseline,Latin American countries,Final Energy|Gases,EJ/yr,4.259633745,5.417329197999999,6.822492003,8.031127669,9.089849795,10.031397201,10.917911054,11.753465059,12.650426574,13.730963444
GCAM 4.2,SSP3-Baseline,Latin American countries,Final Energy|Heat,EJ/yr,0.0,0.0,0.0,0.0,0.0,0.0,0.0,0.0,0.0,0.0
GCAM 4.2,SSP3-Baseline,Latin American countries,Final Energy|Hydrogen,EJ/yr,0.0,0.046293367,0.146276247,0.282383836,0.45166921,0.585514677,0.734361345999999,0.8864246960000001,1.045150842,1.176571889
GCAM 4.2,SSP3-Baseline,Latin American countries,Final Energy|Industry,EJ/yr,12.80485799,16.79699715,20.079439865,22.546041007,24.7089268,26.686511292,28.684516446,30.801711734,33.003712052,35.471633049
GCAM 4.2,SSP3-Baseline,Latin American countries,Final Energy|Liquids,EJ/yr,14.280511592,19.39347328,22.900665014,25.131303825,26.927575536,29.019299494,31.155952097,33.303140031,35.345509996,37.301184544
GCAM 4.2,SSP3-Baseline,Latin American countries,Final Energy|Solids,EJ/yr,4.999181533,4.94629184,5.175218357,5.4245606639999995,5.555381525,5.622625106,5.672483353000001,5.662300372000001,5.6047756920000005,5.522317041
GCAM 4.2,SSP3-Baseline,Latin American countries,Final Energy|Solids|Biomass,EJ/yr,4.289363363000001,4.056926632,4.129505593,4.282835873,4.357558058,4.372684386,4.387560303,4.3590384019999995,4.294161711,4.198768169
GCAM 4.2,SSP3-Baseline,Latin American countries,Final Energy|Solids|Coal,EJ/yr,0.70981817,0.8893652080000001,1.045712764,1.1417247910000001,1.197823467,1.2499407200000001,1.28492305,1.3032619699999999,1.310613981,1.323548872
GCAM 4.2,SSP3-Baseline,Latin American countries,Final Energy|Transportation,EJ/yr,9.582373264,12.281902845,14.665286703,16.580143093,18.211291859,19.925517331,21.647911169,23.358893181,25.022327218,26.702057197
GCAM 4.2,SSP3-Baseline,Latin American countries,Final Energy|Transportation|Electricity,EJ/yr,0.016294293,0.06962528,0.134648065999999,0.20888795400000001,0.300550959,0.41005168299999906,0.53145792,0.676556735,0.8492109950000001,1.036707107
GCAM 4.2,SSP3-Baseline,Latin American countries,Final Energy|Transportation|Hydrogen,EJ/yr,0.0,0.008119006,0.044238455999999,0.095020034,0.15735581,0.233106845,0.316941062,0.40847331600000003,0.5050694920000001,0.602258828999999
GCAM 4.2,SSP3-Baseline,Latin American countries,Final Energy|Transportation|Liquids,EJ/yr,9.346675051,11.67655751,13.363875844,14.331884802,14.913761562,15.633077636,16.40355316,17.211737175,17.96141812,18.66102712
GCAM 4.2,SSP3-Baseline,Latin American countries,Population,million,586.2230000000002,657.3689999999998,731.227,796.462,855.072,905.432,950.009,992.534,1035.573,1081.275
GCAM 4.2,SSP3-Baseline,Latin American countries,Primary Energy,EJ/yr,33.515505082,46.198707103,58.827386444,68.01631588800001,75.786017239,83.587841666,90.06760667299999,96.538065589,103.427767892,111.093273615
GCAM 4.2,SSP3-Baseline,Latin American countries,Primary Energy|Biomass,EJ/yr,4.738232892,6.055529097000001,7.185817489,8.101361532,8.756626158,9.624540475,9.989086086,9.829840426,9.830596698,9.791425415
GCAM 4.2,SSP3-Baseline,Latin American countries,Primary Energy|Coal,EJ/yr,1.44790165,3.6784019999999993,8.768467,12.925295,16.930153,23.17107,28.31646,33.09468,38.35641,44.47785
GCAM 4.2,SSP3-Baseline,Latin American countries,Primary Energy|Fossil,EJ/yr,25.99393105,36.6521568,47.4385984,54.943713,61.348468,67.45841300000001,72.7,78.487075,84.85576400000002,92.348644
GCAM 4.2,SSP3-Baseline,Latin American countries,Primary Energy|Gas,EJ/yr,7.841454,12.569257,18.753551,22.78957,25.25515,25.52024,24.0373,22.76356,21.58281,20.82085
GCAM 4.2,SSP3-Baseline,Latin American countries,Primary Energy|Nuclear,EJ/yr,0.0992628,0.09134947700000001,0.082650658,0.069698259,0.06552385200000001,0.078797987,0.09991962500000001,0.142906515999999,0.18715810900000002,0.232895391
GCAM 4.2,SSP3-Baseline,Latin American countries,Primary Energy|Oil,EJ/yr,16.7045754,20.4044978,19.9165804,19.228848,19.163165,18.767103,20.34624,22.628835,24.916544,27.049944
GCAM 4.2,SSP3-Baseline,Latin American countries,Secondary Energy|Electricity,EJ/yr,5.020225841,7.68618311,10.01969601,11.936247395,13.717668474,15.10974629,16.497389406,18.131088532,19.86182495,21.919209718
GCAM 4.2,SSP3-Baseline,Latin American countries,Secondary Energy|Electricity|Biomass,EJ/yr,0.15273056000000002,0.40647639100000005,0.514871457,0.6117979640000001,0.7159885500000001,0.873119127,1.052100315,1.051424884,1.142634142,1.238901126
GCAM 4.2,SSP3-Baseline,Latin American countries,Secondary Energy|Electricity|Biomass|w/ CCS,EJ/yr,0.0,0.0,0.0,0.0,0.0,0.0,0.0,0.0,0.0,0.0
GCAM 4.2,SSP3-Baseline,Latin American countries,Secondary Energy|Electricity|Biomass|w/o CCS,EJ/yr,0.15273056000000002,0.40647639100000005,0.514871457,0.6117979640000001,0.7159885500000001,0.873119127,1.052100315,1.051424884,1.142634142,1.238901126
GCAM 4.2,SSP3-Baseline,Latin American countries,Secondary Energy|Electricity|Coal,EJ/yr,0.25451149,0.6054327700000001,0.90466049,1.14709914,1.41061273,1.799391028,2.33945602,2.81240294,3.47892335,4.46051472
GCAM 4.2,SSP3-Baseline,Latin American countries,Secondary Energy|Electricity|Coal|w/ CCS,EJ/yr,0.0,0.0,0.0,0.0,0.0,0.0,0.0,0.0,0.0,0.0
GCAM 4.2,SSP3-Baseline,Latin American countries,Secondary Energy|Electricity|Coal|w/o CCS,EJ/yr,0.25451149,0.6054327700000001,0.90466049,1.14709914,1.41061273,1.799391028,2.33945602,2.81240294,3.47892335,4.46051472
GCAM 4.2,SSP3-Baseline,Latin American countries,Secondary Energy|Electricity|Gas,EJ/yr,1.159494051,2.682024351,3.84395518,4.6950662659999995,5.38382695,5.288544121,5.027486799,5.202102453999999,5.546209021,6.211897958
GCAM 4.2,SSP3-Baseline,Latin American countries,Secondary Energy|Electricity|Gas|w/ CCS,EJ/yr,0.0,0.0,0.0,0.0,0.0,0.0,0.0,0.0,0.0,0.0
GCAM 4.2,SSP3-Baseline,Latin American countries,Secondary Energy|Electricity|Gas|w/o CCS,EJ/yr,1.159494051,2.682024351,3.84395518,4.6950662659999995,5.38382695,5.288544121,5.027486799,5.202102453999999,5.546209021,6.211897958
GCAM 4.2,SSP3-Baseline,Latin American countries,Secondary Energy|Electricity|Geothermal,EJ/yr,0.035611199999999,0.32722118,0.51607987,0.60531859,0.608160399999999,0.60395614,0.65246561,0.706627298,0.716565445999999,0.70573018
GCAM 4.2,SSP3-Baseline,Latin American countries,Secondary Energy|Electricity|Hydro,EJ/yr,2.6322491,2.7762504999999997,2.9206548,3.120327999999999,3.375283999999999,3.630236,3.88519,4.140149,4.395097,4.522576
GCAM 4.2,SSP3-Baseline,Latin American countries,Secondary Energy|Electricity|Non-Biomass Renewables,EJ/yr,2.68407834,3.3996718,4.120319896,4.901543097,5.615399228999999,6.426090203999999,7.278600962,8.078243647,8.554249085,8.720308809
GCAM 4.2,SSP3-Baseline,Latin American countries,Secondary Energy|Electricity|Nuclear,EJ/yr,0.0992628,0.09134947700000001,0.082650658,0.069698259,0.06552385200000001,0.078797987,0.09991962500000001,0.142906515999999,0.18715810900000002,0.232895391
GCAM 4.2,SSP3-Baseline,Latin American countries,Secondary Energy|Electricity|Oil,EJ/yr,0.6701486,0.501228321,0.553238329,0.5110426690000001,0.5263171630000001,0.643803822999999,0.6998256850000001,0.8440080910000001,0.952651242999999,1.054691714
GCAM 4.2,SSP3-Baseline,Latin American countries,Secondary Energy|Electricity|Solar,EJ/yr,0.00016600000000000002,0.12127438600000001,0.266532808,0.484230765,0.750592047,1.066374067,1.354512432,1.555811559,1.663873034,1.682972439
GCAM 4.2,SSP3-Baseline,Latin American countries,Secondary Energy|Electricity|Wind,EJ/yr,0.01605204,0.174925733999998,0.41705241800000004,0.6916657420000001,0.8813627820000001,1.125523997,1.38643292,1.67565579,1.778713605,1.80903019
GCAM 4.2,SSP3-Baseline,Latin American countries,Secondary Energy|Hydrogen,EJ/yr,0.0,0.046291187000000004,0.146276922,0.282384095,0.451668709,0.585514736,0.7343615410000001,0.886425325999999,1.045150950999999,1.176571798
GCAM 4.2,SSP3-Baseline,OECD90 and EU (and EU candidate) countries,Capacity|Electricity,GW,1611.0993741434,1753.31120595306,1897.70603257902,1992.884851575981,2011.88247194258,1974.06565820987,1924.336716890389,1847.88271736041,1749.28755825073,1645.2533293558
GCAM 4.2,SSP3-Baseline,OECD90 and EU (and EU candidate) countries,Capacity|Electricity|Biomass,GW,19.47607258371389,17.5693714326484,21.5807320205479,28.9827992611619,36.7930045027905,41.9332376490361,48.9959063847666,49.3909089611872,49.5190505691907,47.23988128646621
GCAM 4.2,SSP3-Baseline,OECD90 and EU (and EU candidate) countries,Capacity|Electricity|Coal,GW,463.145492453069,563.915903293062,603.559730110033,648.658550902144,720.6212269707629,770.654894208206,834.7614630105278,831.609356291223,833.4375237823441,796.7227440464868
GCAM 4.2,SSP3-Baseline,OECD90 and EU (and EU candidate) countries,Capacity|Electricity|Gas,GW,347.871071156773,385.1171706621,419.00379414003,452.502599029681,490.132136922882,442.904313340309,381.057200120497,360.454475456621,292.511726582319,257.313927194317
GCAM 4.2,SSP3-Baseline,OECD90 and EU (and EU candidate) countries,Capacity|Electricity|Nuclear,GW,262.545182930266,235.998916229776,200.28967631349,144.881443711596,89.91461345763571,53.9924452829922,26.0694005792322,25.1531385295112,24.1232757976774,21.3856621709228
GCAM 4.2,SSP3-Baseline,OECD90 and EU (and EU candidate) countries,Capacity|Electricity|Oil,GW,235.766717402334,38.447739488204,24.2857562389016,26.5144499143835,24.25102620814311,16.2521243182395,17.5158583047946,18.7635713153222,14.2815332080797,15.0302606544901
GCAM 4.2,SSP3-Baseline,OECD90 and EU (and EU candidate) countries,Capacity|Electricity|Solar,GW,17.180225159981,68.2190493357535,86.622362839795,96.4012357157126,98.635059849549,127.614442524271,144.781697993993,141.951841950984,133.092005610713,117.177837672572
GCAM 4.2,SSP3-Baseline,OECD90 and EU (and EU candidate) countries,Capacity|Electricity|Wind,GW,71.763282627866,231.387097637972,316.279463222156,359.06744004092,306.784567249048,270.968033094453,216.92369355657,161.111748866213,139.469140601218,126.622407661086
GCAM 4.2,SSP3-Baseline,OECD90 and EU (and EU candidate) countries,Emissions|CH4,Mt CH4/yr,63.763727643,68.01523509399999,71.883345658,73.540161758,74.509656343,76.970603021,77.13708078,75.74375363899999,76.843906655,85.890031645
GCAM 4.2,SSP3-Baseline,OECD90 and EU (and EU candidate) countries,Emissions|CH4|Energy,Mt CH4/yr,20.264424178,25.986180521,29.024784876,30.611980619,32.134473934,35.572998117,37.018524911,37.116176519,39.875935625,50.70889559
GCAM 4.2,SSP3-Baseline,OECD90 and EU (and EU candidate) countries,Emissions|CO2,Mt CO2/yr,10660.1018745861,12577.7706091374,13378.118238232,14274.2222598873,14813.8872385387,15540.7567734874,15769.178970842,15430.595836656,14830.6133518387,14177.0373467008
GCAM 4.2,SSP3-Baseline,OECD90 and EU (and EU candidate) countries,Emissions|CO2|AFOLU,Mt CO2/yr,-752.360736314001,-0.034791709333745,-201.554336375334,107.658707346667,236.857757913333,533.689525277333,696.2575908383328,811.1650540693338,773.372795059334,848.631383981333
GCAM 4.2,SSP3-Baseline,OECD90 and EU (and EU candidate) countries,Emissions|CO2|Energy and Industrial Processes,Mt CO2/yr,11412.4626109,12577.8054008468,13579.6725746073,14166.5635525407,14577.0294806253,15007.06724821,15072.9213800037,14619.4307825867,14057.2405567793,13328.4059627195
GCAM 4.2,SSP3-Baseline,OECD90 and EU (and EU candidate) countries,Emissions|CO2|Energy|Supply|Electricity,Mt CO2/yr,4108.33153597533,4701.10972971567,4958.776639035999,5187.865093597999,5531.60373856934,5590.06631873067,5712.94803744867,5492.12983459433,5275.49579290067,4924.95605996533
GCAM 4.2,SSP3-Baseline,OECD90 and EU (and EU candidate) countries,Final Energy,EJ/yr,148.892581984,159.296777372,163.363180303,162.469969621,158.073869131,152.372405807,145.86136783,138.07322211,129.623904624,121.23844485
GCAM 4.2,SSP3-Baseline,OECD90 and EU (and EU candidate) countries,Final Energy|Electricity,EJ/yr,30.761297831,35.866173133,38.41794000300001,40.032865099,41.01260429,40.334358605,39.40880629999999,38.215735822,36.402736844,34.329832554
GCAM 4.2,SSP3-Baseline,OECD90 and EU (and EU candidate) countries,Final Energy|Gases,EJ/yr,31.313764108,33.502268491,34.776148601,33.741248505,31.478066067,29.420272596,27.360256737,25.290353473,23.568088813,22.208315707
GCAM 4.2,SSP3-Baseline,OECD90 and EU (and EU candidate) countries,Final Energy|Heat,EJ/yr,0.0808569,0.10633734800000001,0.12358899999999999,0.13129497,0.13497101,0.14067568,0.14661704,0.15286373,0.16081868,0.1687378
GCAM 4.2,SSP3-Baseline,OECD90 and EU (and EU candidate) countries,Final Energy|Hydrogen,EJ/yr,0.0,0.168385908999998,0.47389934799999905,0.8171094550000001,1.167775541,1.367130059,1.5434083719999991,1.663890211,1.745256612,1.746434209
GCAM 4.2,SSP3-Baseline,OECD90 and EU (and EU candidate) countries,Final Energy|Industry,EJ/yr,52.432250823,55.822787029,57.23124815,56.695283621,55.195433794,53.33779255899999,51.275321865,48.96953730600001,46.52479859,44.125335637
GCAM 4.2,SSP3-Baseline,OECD90 and EU (and EU candidate) countries,Final Energy|Liquids,EJ/yr,74.258076255,77.027048991,77.240724379,75.740971823,72.870410946,70.163089613,67.024935013,63.127517541,58.885674101000006,54.634674784
GCAM 4.2,SSP3-Baseline,OECD90 and EU (and EU candidate) countries,Final Energy|Solids,EJ/yr,12.47858689,12.6265635,12.330878972,12.006479769,11.410041277,10.946879254,10.377344368,9.622861333,8.861329573999999,8.150449796
GCAM 4.2,SSP3-Baseline,OECD90 and EU (and EU candidate) countries,Final Energy|Solids|Biomass,EJ/yr,5.67934563,5.306831818,4.858786831000002,4.596873293,4.296729127,4.024920512,3.813606253999998,3.539321481,3.230832128,2.910810908
GCAM 4.2,SSP3-Baseline,OECD90 and EU (and EU candidate) countries,Final Energy|Solids|Coal,EJ/yr,6.799241260000001,7.3197316820000005,7.472092141,7.409606476,7.11331215,6.921958742,6.563738114,6.083539852,5.6304974460000015,5.239638888
GCAM 4.2,SSP3-Baseline,OECD90 and EU (and EU candidate) countries,Final Energy|Transportation,EJ/yr,50.41271738100001,53.259458985,54.515107654,54.938622507,54.068640966,52.897732517,51.37070407,49.121390793,46.453098725,43.746913048
GCAM 4.2,SSP3-Baseline,OECD90 and EU (and EU candidate) countries,Final Energy|Transportation|Electricity,EJ/yr,0.33631819100000004,0.42663190300000003,0.577255522999999,0.7406939690000001,0.93006078,1.129087465,1.34308895,1.567003202,1.794832364,1.959636304
GCAM 4.2,SSP3-Baseline,OECD90 and EU (and EU candidate) countries,Final Energy|Transportation|Hydrogen,EJ/yr,0.0,0.040284859,0.18978661200000002,0.36041597400000003,0.53685454,0.7018932170000001,0.8517195550000001,0.9700896710000001,1.054334452,1.093786479
GCAM 4.2,SSP3-Baseline,OECD90 and EU (and EU candidate) countries,Final Energy|Transportation|Liquids,EJ/yr,49.972212875,51.598494419,50.98701946,49.61343799399999,47.162391066,44.804594465,42.367221691,39.522986364,36.497156262,33.618186241000004
GCAM 4.2,SSP3-Baseline,OECD90 and EU (and EU candidate) countries,Population,million,1008.395,1047.475,1057.006,1048.231,1024.262,988.842,946.443,900.301,851.301,800.472
GCAM 4.2,SSP3-Baseline,OECD90 and EU (and EU candidate) countries,Primary Energy,EJ/yr,188.1345698,206.895784478,221.353632111,227.138600295,227.136288197,225.66400585,218.355817032,206.773348526,194.309495414,181.270392434
GCAM 4.2,SSP3-Baseline,OECD90 and EU (and EU candidate) countries,Primary Energy|Biomass,EJ/yr,8.497049,10.047766,11.870736,13.309517,13.969496,14.856452,14.134136,12.886969,11.484259,10.017821
GCAM 4.2,SSP3-Baseline,OECD90 and EU (and EU candidate) countries,Primary Energy|Coal,EJ/yr,38.285448099999996,48.5963768,61.53691,71.676198,80.84008100000001,94.060668,100.820378,100.911777,99.936139,96.017306
GCAM 4.2,SSP3-Baseline,OECD90 and EU (and EU candidate) countries,Primary Energy|Fossil,EJ/yr,166.24695251,180.9305404,192.7716713,197.6757129,198.986038,197.707768,192.472426,182.854004,172.10511,160.932219
GCAM 4.2,SSP3-Baseline,OECD90 and EU (and EU candidate) countries,Primary Energy|Gas,EJ/yr,49.600793,55.54772,64.865367,67.602756,65.695471,59.790947,49.624649,41.138754,32.9587,27.53447
GCAM 4.2,SSP3-Baseline,OECD90 and EU (and EU candidate) countries,Primary Energy|Nuclear,EJ/yr,7.451662400000001,6.69821564,5.6847017090000005,4.112083088,2.551992525,1.5324351790000001,0.7399121550000001,0.7139064390000001,0.6846764630000001,0.606976418
GCAM 4.2,SSP3-Baseline,OECD90 and EU (and EU candidate) countries,Primary Energy|Oil,EJ/yr,78.36071141,76.7864436,66.3693943,58.3967589,52.450486,43.85615300000001,42.027399,40.803473,39.210271,37.380443
GCAM 4.2,SSP3-Baseline,OECD90 and EU (and EU candidate) countries,Secondary Energy|Electricity,EJ/yr,33.836154657,39.657148667,42.472869658,44.31034589,45.487867841,44.69863699800001,43.68639906600001,42.416056758,40.430034617,38.163464416
GCAM 4.2,SSP3-Baseline,OECD90 and EU (and EU candidate) countries,Secondary Energy|Electricity|Biomass,EJ/yr,0.49135794,0.443254157999999,0.5444559720000001,0.731201245999999,0.9282433520000001,1.057925266,1.236107923,1.246073364,1.249306223,1.191805517
GCAM 4.2,SSP3-Baseline,OECD90 and EU (and EU candidate) countries,Secondary Energy|Electricity|Biomass|w/ CCS,EJ/yr,0.0,0.0,0.0,0.0,0.0,0.0,0.0,0.0,0.0,0.0
GCAM 4.2,SSP3-Baseline,OECD90 and EU (and EU candidate) countries,Secondary Energy|Electricity|Biomass|w/o CCS,EJ/yr,0.49135794,0.443254157999999,0.5444559720000001,0.731201245999999,0.9282433520000001,1.057925266,1.236107923,1.246073364,1.249306223,1.191805517
GCAM 4.2,SSP3-Baseline,OECD90 and EU (and EU candidate) countries,Secondary Energy|Electricity|Coal,EJ/yr,11.68602823,14.228173638,15.228127209,16.365587646,18.180791014,19.442867591,21.060029998,20.980506128000002,21.0266286,20.100358765
GCAM 4.2,SSP3-Baseline,OECD90 and EU (and EU candidate) countries,Secondary Energy|Electricity|Coal|w/ CCS,EJ/yr,0.0,0.0,0.0,0.0,0.0,0.0,0.0,0.0,0.0,0.0
GCAM 4.2,SSP3-Baseline,OECD90 and EU (and EU candidate) countries,Secondary Energy|Electricity|Coal|w/o CCS,EJ/yr,11.68602823,14.228173638,15.228127209,16.365587646,18.180791014,19.442867591,21.060029998,20.980506128000002,21.0266286,20.100358765
GCAM 4.2,SSP3-Baseline,OECD90 and EU (and EU candidate) countries,Secondary Energy|Electricity|Gas,EJ/yr,7.522676637000001,8.915385871,9.887657082,10.930403384,12.061423696,11.00017181,9.529102212,9.036199802,7.340708563,6.456119092000001
GCAM 4.2,SSP3-Baseline,OECD90 and EU (and EU candidate) countries,Secondary Energy|Electricity|Gas|w/ CCS,EJ/yr,0.0,0.0,0.0,0.0,0.0,0.0,0.0,0.0,0.0,0.0
GCAM 4.2,SSP3-Baseline,OECD90 and EU (and EU candidate) countries,Secondary Energy|Electricity|Gas|w/o CCS,EJ/yr,7.522676637000001,8.915385871,9.887657082,10.930403384,12.061423696,11.00017181,9.529102212,9.036199802,7.340708563,6.456119092000001
GCAM 4.2,SSP3-Baseline,OECD90 and EU (and EU candidate) countries,Secondary Energy|Electricity|Geothermal,EJ/yr,0.13238103,0.59720963,0.89941408,1.06112583,1.150943911,1.142893118,1.1219865900000001,1.119515528,1.071348387999999,1.028889644
GCAM 4.2,SSP3-Baseline,OECD90 and EU (and EU candidate) countries,Secondary Energy|Electricity|Hydro,EJ/yr,4.745641,4.7678449999999994,4.8044270000000004,4.889751,5.023826000000001,5.157903,5.291969,5.426038,5.560125,5.625474
GCAM 4.2,SSP3-Baseline,OECD90 and EU (and EU candidate) countries,Secondary Energy|Electricity|Non-Biomass Renewables,EJ/yr,5.93890629,9.219262438,11.026523102,12.041287307,11.628761672,11.567350671,11.009342877,10.318469087,10.035449951,9.713376015
GCAM 4.2,SSP3-Baseline,OECD90 and EU (and EU candidate) countries,Secondary Energy|Electricity|Nuclear,EJ/yr,7.451662400000001,6.69821564,5.6847017090000005,4.112083088,2.551992525,1.5324351790000001,0.7399121550000001,0.7139064390000001,0.6846764630000001,0.606976418
GCAM 4.2,SSP3-Baseline,OECD90 and EU (and EU candidate) countries,Secondary Energy|Electricity|Oil,EJ/yr,0.74552316,0.152856922,0.101404584,0.129783219,0.136655582,0.09788648100000001,0.111903901,0.12090193800000001,0.093264816999999,0.09482860900000001
GCAM 4.2,SSP3-Baseline,OECD90 and EU (and EU candidate) countries,Secondary Energy|Electricity|Solar,EJ/yr,0.11037097,0.5705477290000001,0.73455457,0.881577114,0.9068554480000001,1.164835565,1.3117526,1.2833138320000002,1.2048277,1.062430151
GCAM 4.2,SSP3-Baseline,OECD90 and EU (and EU candidate) countries,Secondary Energy|Electricity|Wind,EJ/yr,0.9505132900000001,3.283660078999999,4.588127452,5.208833363,4.547136313,4.101718988,3.283634686999999,2.489601727,2.199148863,1.99658222
GCAM 4.2,SSP3-Baseline,OECD90 and EU (and EU candidate) countries,Secondary Energy|Hydrogen,EJ/yr,0.0,0.16838749900000002,0.473898845,0.8171077160000001,1.167776094,1.367128953,1.543408559,1.663889314,1.74525668,1.746433366999999
GCAM 4.2,SSP3-Baseline,World,Capacity|Electricity,GW,4144.84828142649,4934.53734427973,6008.579572416938,6788.13382287591,7455.03296494187,7984.824388231171,8597.80022652246,9382.892374399373,10131.3172791162,10949.9411606998
GCAM 4.2,SSP3-Baseline,World,Capacity|Electricity|Biomass,GW,30.3345299816083,54.454803121829,85.07388809614409,119.570235643392,155.480088232496,195.774055563483,246.678187507927,293.099776445966,333.848024638508,367.296399115297
GCAM 4.2,SSP3-Baseline,World,Capacity|Electricity|Coal,GW,1225.95827546296,1805.72253297818,2220.78716633371,2487.03882947267,2750.09210263667,2939.18435648941,3212.3314829877,3339.49546106037,3528.13728833714,3779.79412041001
GCAM 4.2,SSP3-Baseline,World,Capacity|Electricity|Gas,GW,841.210098776002,1231.21550602486,1529.34845022355,1746.75759957667,1923.31962806792,1823.19624108162,1726.42168306063,1812.34134520865,1888.67159081684,2100.82502708016
GCAM 4.2,SSP3-Baseline,World,Capacity|Electricity|Nuclear,GW,349.605290602627,317.397674650488,275.174363619708,207.8676550608829,141.404294104797,101.324171352669,73.52671863549241,87.7707131884548,100.344854029258,110.196028066689
GCAM 4.2,SSP3-Baseline,World,Capacity|Electricity|Oil,GW,1085.21662861492,488.014936342593,490.2992487553911,457.854641639713,449.81096651446,554.0617958840689,641.166357060185,832.892592909691,1021.33569523719,1215.61504070745
GCAM 4.2,SSP3-Baseline,World,Capacity|Electricity|Solar,GW,18.7869999570383,153.465063849783,271.534273606535,429.728472800495,615.446411310136,876.8918123698959,1122.12164933907,1291.22252355628,1415.62425188013,1464.3140730821
GCAM 4.2,SSP3-Baseline,World,Capacity|Electricity|Wind,GW,92.8780660348868,310.475684649642,499.840223940066,646.405227152405,667.824681417792,690.066963219284,720.173950934382,818.44086492664,887.544033358701,933.751744038559
GCAM 4.2,SSP3-Baseline,World,Emissions|CH4,Mt CH4/yr,368.28881567,401.92925886,471.409645156,523.884915784,565.872104454,608.936163533,659.029360873,714.476672734,763.242153177,803.006370619
GCAM 4.2,SSP3-Baseline,World,Emissions|CH4|Energy,Mt CH4/yr,134.801787552,142.950769185,177.180810608,193.003015274,196.643736671,201.595641118,209.096139559,216.331982542,220.29626449,212.707026696
GCAM 4.2,SSP3-Baseline,World,Emissions|CO2,Mt CO2/yr,35775.7624496598,44618.2675483813,53625.3346269637,60210.0595691455,64829.3288773544,70115.5402010455,74798.138210326,78272.3003801981,80966.9957842684,86114.0111041157
GCAM 4.2,SSP3-Baseline,World,Emissions|CO2|AFOLU,Mt CO2/yr,3128.786017632,2885.86648231567,3082.33296544433,4290.66899975633,4829.021677348,5749.25004828533,6240.035552091,6291.25531956167,4818.773871065,4761.15395897167
GCAM 4.2,SSP3-Baseline,World,Emissions|CO2|Energy and Industrial Processes,Mt CO2/yr,32646.9764320278,41732.4010660657,50543.0016615193,55919.3905693892,60000.3072000064,64366.2901527601,68558.102658235,71981.0450606364,76148.2219132034,81352.8571451441
GCAM 4.2,SSP3-Baseline,World,Emissions|CO2|Energy|Supply|Electricity,Mt CO2/yr,11668.8311078277,15732.3874075353,18754.401931386,20383.9134176113,21774.1267293293,22305.8513632607,23315.48377350871,23597.1623370743,24455.3498854573,26071.9316226453
GCAM 4.2,SSP3-Baseline,World,Final Energy,EJ/yr,393.851397579,485.470624512,558.6903458209999,602.899116863,632.911135036,660.583816384,691.371517797,725.5263874030002,763.4285389160001,807.4774965360001
GCAM 4.2,SSP3-Baseline,World,Final Energy|Electricity,EJ/yr,65.715268004,90.801594863,110.936326513,125.656988067,138.512730706,145.810155653,155.014455428,166.705773562,178.507493064,192.612706083
GCAM 4.2,SSP3-Baseline,World,Final Energy|Gases,EJ/yr,63.538010698,76.134309245,87.36989088799999,92.905625138,95.16285823,97.386711583,100.038196295,103.309205588,108.289476015,115.561947512
GCAM 4.2,SSP3-Baseline,World,Final Energy|Heat,EJ/yr,9.7270965,10.532949248,10.9554205,10.7216211,10.18451326,9.73292531,9.28083944,8.86374528,8.572728900000001,8.32154243
GCAM 4.2,SSP3-Baseline,World,Final Energy|Hydrogen,EJ/yr,0.0,0.35137616200000005,1.055640929,1.989203869,3.15774969,4.085285736999999,5.15843136,6.300924225,7.570465904,8.612415036
GCAM 4.2,SSP3-Baseline,World,Final Energy|Industry,EJ/yr,174.628985141,217.222554683,250.041392122,271.285507343,288.336538387,304.765376784,323.467109351,344.970207747,369.037695774,396.599854041
GCAM 4.2,SSP3-Baseline,World,Final Energy|Liquids,EJ/yr,157.828982203,191.148783068,220.220921401,237.566921096,249.849233557,265.128274072,282.235741029,300.908190454,321.345802461,343.391251886
GCAM 4.2,SSP3-Baseline,World,Final Energy|Solids,EJ/yr,97.042040174,116.501611926,128.15214559,134.058757593,136.044049593,138.440464029,139.643854245,139.438548294,139.142572572,138.977633589
GCAM 4.2,SSP3-Baseline,World,Final Energy|Solids|Biomass,EJ/yr,47.07149658100001,51.860467315,55.504048175,59.194393053,62.340789107,65.56219581,68.690505708,71.03809906800001,72.70869316,73.541441148
GCAM 4.2,SSP3-Baseline,World,Final Energy|Solids|Coal,EJ/yr,49.970543593,64.641144611,72.648097415,74.86436454,73.703260486,72.87826821899999,70.953348537,68.400449226,66.433879412,65.436192441
GCAM 4.2,SSP3-Baseline,World,Final Energy|Transportation,EJ/yr,98.44800895,118.403718028,136.72746421,149.19591157,157.310790606,165.973300836,175.271142192,184.901058883,195.076078373,206.553559085
GCAM 4.2,SSP3-Baseline,World,Final Energy|Transportation|Electricity,EJ/yr,0.8815542940000001,1.323263906,1.7950641569999992,2.243449849,2.71393773,3.216713806,3.8080318220000002,4.523317381,5.389489871,6.286934943999999
GCAM 4.2,SSP3-Baseline,World,Final Energy|Transportation|Hydrogen,EJ/yr,0.0,0.062568413,0.315667511,0.640478642,1.010219032,1.425847479,1.856644589,2.303346462,2.769447343999999,3.226274353
GCAM 4.2,SSP3-Baseline,World,Final Energy|Transportation|Liquids,EJ/yr,96.434236906,113.537414753,127.013198328,133.933373766,136.43212642700001,139.888391546,144.203229926,149.048694898,154.310262169,160.473339296
GCAM 4.2,SSP3-Baseline,World,GDP|PPP,billion US$2010/yr,73630.72577,109555.9857,146203.7968,173384.3505,195046.2301,213646.5109,233829.9295,255576.5625,278760.2174,305584.6519
GCAM 4.2,SSP3-Baseline,World,Population,million,6895.882,7713.446,8530.199,9274.327,9975.967,10595.653,11141.658,11660.89,12164.656,12652.095
GCAM 4.2,SSP3-Baseline,World,Primary Energy,EJ/yr,508.622852342,646.534278575,776.2610854689999,855.705868444,911.121448142,962.426337332,1007.653555241,1049.786068171,1099.072077915,1159.941700482
GCAM 4.2,SSP3-Baseline,World,Primary Energy|Biomass,EJ/yr,51.530069752,66.174164377,79.18681712899999,89.38875228200001,96.801035528,105.040962045,109.487166776,112.518611466,114.381133798,115.074534625
GCAM 4.2,SSP3-Baseline,World,Primary Energy|Coal,EJ/yr,143.25977845,206.4495268,277.858544,326.201153,366.743914,421.245788,466.7741980000001,498.069827,535.588799,580.781116
GCAM 4.2,SSP3-Baseline,World,Primary Energy|Fossil,EJ/yr,433.18340324,551.18992,663.5941996,729.687257,775.916325,815.9962690000001,853.7225490000003,887.7491980000003,931.057423,989.134986
GCAM 4.2,SSP3-Baseline,World,Primary Energy|Gas,EJ/yr,113.8447856,152.010192,200.283665,225.964261,234.923874,226.136718,204.810067,186.800562,169.702567,159.464814
GCAM 4.2,SSP3-Baseline,World,Primary Energy|Nuclear,EJ/yr,9.9226372,9.008507234,7.810108858,5.899782932999999,4.013393237,2.875823161,2.086864739,2.49114349,2.848027785,3.127627747
GCAM 4.2,SSP3-Baseline,World,Primary Energy|Oil,EJ/yr,176.07883919,192.7302012,185.4519906,177.521843,174.248537,168.6137629999999,182.138284,202.878809,225.766057,248.889056
GCAM 4.2,SSP3-Baseline,World,Secondary Energy|Electricity,EJ/yr,78.38901521981,107.532649603,130.779135144,147.299610758,161.519697155,169.077057482,178.980137332,192.127896008,205.229859196,220.995524447
GCAM 4.2,SSP3-Baseline,World,Secondary Energy|Electricity|Biomass,EJ/yr,0.789247180999999,1.3921890110000001,2.161535318,3.026774807,3.927849296,4.94142583,6.223394657,7.39455564,8.422585044,9.266447394
GCAM 4.2,SSP3-Baseline,World,Secondary Energy|Electricity|Biomass|w/ CCS,EJ/yr,0.0,0.0,0.0,0.0,0.0,0.0,0.0,0.0,0.0,0.0
GCAM 4.2,SSP3-Baseline,World,Secondary Energy|Electricity|Biomass|w/o CCS,EJ/yr,0.789247180999999,1.3921890110000001,2.161535318,3.026774807,3.927849296,4.94142583,6.223394657,7.39455564,8.422585044,9.266447394
GCAM 4.2,SSP3-Baseline,World,Secondary Energy|Electricity|Coal,EJ/yr,31.86561027,46.38068463699999,56.712094152,63.213015038,69.63324804199999,74.263664659,81.043268518,84.25146308800001,89.01067002,95.359669905
GCAM 4.2,SSP3-Baseline,World,Secondary Energy|Electricity|Coal|w/ CCS,EJ/yr,0.0,0.0,0.0,0.0,0.0,0.0,0.0,0.0,0.0,0.0
GCAM 4.2,SSP3-Baseline,World,Secondary Energy|Electricity|Coal|w/o CCS,EJ/yr,31.86561027,46.38068463699999,56.712094152,63.213015038,69.63324804199999,74.263664659,81.043268518,84.25146308800001,89.01067002,95.359669905
GCAM 4.2,SSP3-Baseline,World,Secondary Energy|Electricity|Gas,EJ/yr,18.35919912881,28.621945766,36.233140439,42.140886666,47.05158627399999,45.046333228,43.012580751,45.312782611,47.2707154,52.57505369800001
GCAM 4.2,SSP3-Baseline,World,Secondary Energy|Electricity|Gas|w/ CCS,EJ/yr,0.0,0.0,0.0,0.0,0.0,0.0,0.0,0.0,0.0,0.0
GCAM 4.2,SSP3-Baseline,World,Secondary Energy|Electricity|Gas|w/o CCS,EJ/yr,18.35919912881,28.621945766,36.233140439,42.140886666,47.05158627399999,45.046333228,43.012580751,45.312782611,47.2707154,52.57505369800001
GCAM 4.2,SSP3-Baseline,World,Secondary Energy|Electricity|Geothermal,EJ/yr,0.2451255,1.45621808,2.39394147,2.8717907119999992,3.109120233,3.193237665,3.236615713999999,3.310092165,3.280990701,3.223864833999999
GCAM 4.2,SSP3-Baseline,World,Secondary Energy|Electricity|Hydro,EJ/yr,12.3909307,13.0198439,13.6647437,14.6095264,15.8542282,17.0989167,18.3436002,19.5883008,20.8329875,21.4536538
GCAM 4.2,SSP3-Baseline,World,Secondary Energy|Electricity|Non-Biomass Renewables,EJ/yr,13.98674255,20.161687266,25.669959879,30.730076229,34.390694377,38.513283126,42.356974726,47.027115215,50.785493332,52.604552109
GCAM 4.2,SSP3-Baseline,World,Secondary Energy|Electricity|Nuclear,EJ/yr,9.9226372,9.008507234,7.810108858,5.899782932999999,4.013393237,2.875823161,2.086864739,2.49114349,2.848027785,3.127627747
GCAM 4.2,SSP3-Baseline,World,Secondary Energy|Electricity|Oil,EJ/yr,3.46557889,1.9676356890000002,2.192296498,2.289075085,2.502925929,3.436527478,4.257053941000001,5.650835964,6.892367615,8.062173593999999
GCAM 4.2,SSP3-Baseline,World,Secondary Energy|Electricity|Solar,EJ/yr,0.12050522,1.279601408,2.360313374,3.871643541,5.528901611,7.775391999,9.875283545,11.481649769,12.676722192,13.203635772
GCAM 4.2,SSP3-Baseline,World,Secondary Energy|Electricity|Wind,EJ/yr,1.23018113,4.406023878,7.250961335,9.377115576,9.898444333,10.445736762,10.901475267,12.647072481,13.994792939,14.723397703
GCAM 4.2,SSP3-Baseline,World,Secondary Energy|Hydrogen,EJ/yr,0.0,0.351378764,1.055641654,1.989202493,3.157747366,4.085285478999999,5.158428673,6.300924405,7.570466285,8.612416660000001
GCAM 4.2,SSP5-Baseline,Asian countries except Japan,Capacity|Electricity,GW,1207.62010431012,1850.06830792108,3080.20802164528,4467.63174869536,5566.50012938183,6207.96291288737,6560.67413498206,6620.10691744761,6432.116529486208,6053.1054023866
GCAM 4.2,SSP5-Baseline,Asian countries except Japan,Capacity|Electricity|Biomass,GW,3.32077189561137,14.3895710457889,38.9827346920979,72.79664815607549,103.558708579084,127.878172128678,148.910130565068,172.722924158105,188.482448431951,186.835174403856
GCAM 4.2,SSP5-Baseline,Asian countries except Japan,Capacity|Electricity|Coal,GW,643.797682410579,1085.26582845795,1663.36441396341,2220.5636888001,2599.51797743055,2776.328502425801,2882.375933060639,2762.31333515664,2534.2488410071,2263.77054358511
GCAM 4.2,SSP5-Baseline,Asian countries except Japan,Capacity|Electricity|Gas,GW,155.245738203957,279.642187341451,482.187214611871,727.281410530822,926.08772260274,982.926734636606,959.241581129502,904.296530758499,815.5698345224499,807.268702435313
GCAM 4.2,SSP5-Baseline,Asian countries except Japan,Capacity|Electricity|Nuclear,GW,37.580035514967,75.8830740177012,192.963610547381,363.4786582530021,499.915444430351,570.212262176559,617.92269716444,685.719593832797,677.242171557021,597.359334658098
GCAM 4.2,SSP5-Baseline,Asian countries except Japan,Capacity|Electricity|Oil,GW,196.573617453069,116.339570807965,204.175610136035,233.61687313705,200.889763920599,191.344646356545,200.568478365994,235.148139190132,280.06550422533,300.727652088089
GCAM 4.2,SSP5-Baseline,Asian countries except Japan,Capacity|Electricity|Solar,GW,1.143816590563159,48.0117467775538,149.822542805206,367.331440642199,669.2292217237069,1003.07731496753,1242.65951029828,1318.33094757987,1331.35427900353,1245.63908463775
GCAM 4.2,SSP5-Baseline,Asian countries except Japan,Capacity|Electricity|Wind,GW,18.0612255683603,57.600336123795,157.465323550173,272.676794912095,336.120804187311,305.119055801307,241.439339167935,253.308129419957,297.983521372399,335.537243467783
GCAM 4.2,SSP5-Baseline,Asian countries except Japan,Emissions|CH4,Mt CH4/yr,164.683437773,163.863498359,187.718250652,210.957684345,223.704370525,234.35121254,235.644412357,223.41541713,214.616190987,269.8313858608
GCAM 4.2,SSP5-Baseline,Asian countries except Japan,Emissions|CH4|Energy,Mt CH4/yr,58.966633901,50.592621721,64.281278159,79.37747276399999,86.04800064700001,97.325196191,104.07045265,99.237881741,101.124413779,169.095638925
GCAM 4.2,SSP5-Baseline,Asian countries except Japan,Emissions|CO2,Mt CO2/yr,15069.2826912189,18719.5711956664,27354.5321041312,35614.4312768945,40555.6890462479,43647.4874535752,44687.1044496862,43119.3173151876,40470.056434189,37181.4741309839
GCAM 4.2,SSP5-Baseline,Asian countries except Japan,Emissions|CO2|AFOLU,Mt CO2/yr,1363.61447697567,-965.061038465334,-995.365635627,-723.441687679334,-787.886005367999,-588.257031992666,-525.137938475333,-544.583836316667,-662.214998250667,-784.0109928676669
GCAM 4.2,SSP5-Baseline,Asian countries except Japan,Emissions|CO2|Energy and Industrial Processes,Mt CO2/yr,13705.6682142433,19684.6322341318,28349.8977397581,36337.8729645738,41343.575051616,44235.74448556781,45212.24238816161,43663.9011515044,41132.2714324397,37965.4851238516
GCAM 4.2,SSP5-Baseline,Asian countries except Japan,Emissions|CO2|Energy|Supply|Electricity,Mt CO2/yr,5320.38260941733,8273.73867404333,12222.7644969833,15874.8712057467,18178.21791599,19068.2748159567,19411.1708614633,18151.47890666,16259.1268061933,14399.76867065
GCAM 4.2,SSP5-Baseline,Asian countries except Japan,Final Energy,EJ/yr,137.403880477,184.690894554,254.421185598,325.680986672,375.193130196,406.737151294,422.840135566,424.081539033,413.486055226,394.455268846
GCAM 4.2,SSP5-Baseline,Asian countries except Japan,Final Energy|Electricity,EJ/yr,21.244348915,35.63359764699999,58.085561035,83.571797179,103.747985125,114.316489355,119.918425664,120.657656644,116.328668318,109.370167672
GCAM 4.2,SSP5-Baseline,Asian countries except Japan,Final Energy|Gases,EJ/yr,10.744730629,18.214719315,28.688600159,37.895201006,43.490161006,47.146723427,50.001129566,51.159804453,50.43973239,50.970192535
GCAM 4.2,SSP5-Baseline,Asian countries except Japan,Final Energy|Heat,EJ/yr,3.0529687,4.3706639,5.498275700000002,6.006425599999999,5.9113272000000014,5.5387887,4.9209038,4.2841288,3.7014161,3.0494024
GCAM 4.2,SSP5-Baseline,Asian countries except Japan,Final Energy|Hydrogen,EJ/yr,0.0,0.078588323,0.253442646,0.550741841,0.950714115,1.199244199,1.417830822,1.599402779,1.7614735540000002,1.8226368320000002
GCAM 4.2,SSP5-Baseline,Asian countries except Japan,Final Energy|Industry,EJ/yr,74.871795933,102.814410184,133.218408861,158.620503214,172.812415249,178.927430401,179.184680181,174.765921112,166.309864803,155.851945376
GCAM 4.2,SSP5-Baseline,Asian countries except Japan,Final Energy|Liquids,EJ/yr,42.63673069,62.954675788,95.226387651,128.119166636,152.679390063,172.576356824,185.543069252,191.372796838,192.269186688,186.415074213
GCAM 4.2,SSP5-Baseline,Asian countries except Japan,Final Energy|Solids,EJ/yr,59.725101543,63.43864958100001,66.66891840699999,69.53765441,68.41355268699999,65.959548789,61.038776462,55.00774951899999,48.985578176,42.827795194
GCAM 4.2,SSP5-Baseline,Asian countries except Japan,Final Energy|Solids|Biomass,EJ/yr,22.340332883,15.632965901,11.009910187,9.174280945,8.371328883,7.906916365,7.383045753999999,6.7324933829999996,6.072638412000001,5.354035256
GCAM 4.2,SSP5-Baseline,Asian countries except Japan,Final Energy|Solids|Coal,EJ/yr,37.38476866,47.80568368,55.65900822,60.363373465,60.042223804,58.052632424,53.655730708,48.275256136,42.912939764,37.473759938
GCAM 4.2,SSP5-Baseline,Asian countries except Japan,Final Energy|Transportation,EJ/yr,21.363663039,31.387425867,48.731326155,68.383451018,85.182769135,100.450589154,113.444176346,122.948465718,129.190554208,132.058491223
GCAM 4.2,SSP5-Baseline,Asian countries except Japan,Final Energy|Transportation|Electricity,EJ/yr,0.22901339999999998,0.38777736900000004,0.604508755,0.849781630999999,1.080459091,1.285626685,1.496649712,1.71974802,1.974280807,2.200203796
GCAM 4.2,SSP5-Baseline,Asian countries except Japan,Final Energy|Transportation|Hydrogen,EJ/yr,0.0,0.0038591359999990004,0.029094758999999002,0.082660413,0.17004038,0.279750693999999,0.40221839,0.530827843999998,0.661640094,0.753467839
GCAM 4.2,SSP5-Baseline,Asian countries except Japan,Final Energy|Transportation|Liquids,EJ/yr,20.55078079,29.930516683,45.529001149,62.415123745,75.920334675,87.854875173,97.600985867,104.190333757,108.019128956,108.721793816
GCAM 4.2,SSP5-Baseline,Asian countries except Japan,Population,million,3758.607,4042.232,4203.852,4256.742999999999,4198.559,4041.768,3809.293,3521.151,3191.641,2839.513
GCAM 4.2,SSP5-Baseline,Asian countries except Japan,Primary Energy,EJ/yr,183.43320752,259.01867781,376.907122284,491.728139173,567.610721447,611.555514816,628.019213782,615.689847552,587.06820168,549.2926024369999
GCAM 4.2,SSP5-Baseline,Asian countries except Japan,Primary Energy|Biomass,EJ/yr,23.21659806,20.90518538,21.38175128,23.830332957,25.525967064,26.372949579,25.581515166,24.698402356,23.574450706,21.637539848
GCAM 4.2,SSP5-Baseline,Asian countries except Japan,Primary Energy|Coal,EJ/yr,89.0045685,132.694412,194.379822,248.39864,279.83594,296.6042,297.43494,277.17037,251.95434,222.02719
GCAM 4.2,SSP5-Baseline,Asian countries except Japan,Primary Energy|Fossil,EJ/yr,155.07137598,230.3747841,341.5741675,444.928392,510.9903389999999,549.1952,563.811847,549.022877,520.271217,486.382639
GCAM 4.2,SSP5-Baseline,Asian countries except Japan,Primary Energy|Gas,EJ/yr,18.653152,35.81742,70.28265999999999,101.63947,120.13795,127.17068,125.6489,119.30144,108.34492,105.74113
GCAM 4.2,SSP5-Baseline,Asian countries except Japan,Primary Energy|Nuclear,EJ/yr,1.0666115999999999,2.1537437600000002,5.47677038,10.31639667,14.18880011,16.18399251,17.53812916,19.46236780000001,19.22175821,16.95449158
GCAM 4.2,SSP5-Baseline,Asian countries except Japan,Primary Energy|Oil,EJ/yr,47.41365548,61.86295210000001,76.9116855,94.890282,111.016449,125.42032,140.728007,152.551067,159.971957,158.614319
GCAM 4.2,SSP5-Baseline,Asian countries except Japan,Secondary Energy|Electricity,EJ/yr,25.111875411,42.31933946,69.200707982,99.563559852,123.063411733,134.602302363,140.095895381,139.945863527,133.895182246,124.922288182
GCAM 4.2,SSP5-Baseline,Asian countries except Japan,Secondary Energy|Electricity|Biomass,EJ/yr,0.08377909,0.36303192700000003,0.9834876170000001,1.8365720769999991,2.612661948,3.226212828999999,3.756823902,4.3575921090000005,4.755185995,4.713627248
GCAM 4.2,SSP5-Baseline,Asian countries except Japan,Secondary Energy|Electricity|Biomass|w/ CCS,EJ/yr,0.0,0.0,0.0,0.0,0.0,0.0,0.0,0.0,0.0,0.0
GCAM 4.2,SSP5-Baseline,Asian countries except Japan,Secondary Energy|Electricity|Biomass|w/o CCS,EJ/yr,0.08377909,0.36303192700000003,0.9834876170000001,1.8365720769999991,2.612661948,3.226212828999999,3.756823902,4.3575921090000005,4.755185995,4.713627248
GCAM 4.2,SSP5-Baseline,Asian countries except Japan,Secondary Energy|Electricity|Coal,EJ/yr,16.24224297,27.379954533,41.964688127,56.02215719199999,65.582719149,70.043436522,72.71888594,69.68985067,63.93605716,57.11221429
GCAM 4.2,SSP5-Baseline,Asian countries except Japan,Secondary Energy|Electricity|Coal|w/ CCS,EJ/yr,0.0,0.0,0.0,0.0,0.0,0.0,0.0,0.0,0.0,0.0
GCAM 4.2,SSP5-Baseline,Asian countries except Japan,Secondary Energy|Electricity|Coal|w/o CCS,EJ/yr,16.24224297,27.379954533,41.964688127,56.02215719199999,65.582719149,70.043436522,72.71888594,69.68985067,63.93605716,57.11221429
GCAM 4.2,SSP5-Baseline,Asian countries except Japan,Secondary Energy|Electricity|Gas,EJ/yr,3.020705311,6.34977064,11.357729982,17.543315768,22.643202137,24.207470538,23.759960519,22.485916239,20.321039733,20.103634299
GCAM 4.2,SSP5-Baseline,Asian countries except Japan,Secondary Energy|Electricity|Gas|w/ CCS,EJ/yr,0.0,0.0,0.0,0.0,0.0,0.0,0.0,0.0,0.0,0.0
GCAM 4.2,SSP5-Baseline,Asian countries except Japan,Secondary Energy|Electricity|Gas|w/o CCS,EJ/yr,3.020705311,6.34977064,11.357729982,17.543315768,22.643202137,24.207470538,23.759960519,22.485916239,20.321039733,20.103634299
GCAM 4.2,SSP5-Baseline,Asian countries except Japan,Secondary Energy|Electricity|Geothermal,EJ/yr,0.0700198,0.36483018899999803,0.590101199,0.7022476270000001,0.7599307580000001,0.78233925,0.7558428500000001,0.7615395960000001,0.7588955140000001,0.74107628
GCAM 4.2,SSP5-Baseline,Asian countries except Japan,Secondary Energy|Electricity|Hydro,EJ/yr,3.762164700000001,3.998137399999999,4.2348203,4.592930200000001,5.072475499999999,5.552012599999999,5.9942857000000025,6.5110989,6.9906331999999995,7.2304088
GCAM 4.2,SSP5-Baseline,Asian countries except Japan,Secondary Energy|Electricity|Non-Biomass Renewables,EJ/yr,4.07862188,5.58496457,8.474433123999999,12.653017546000001,16.905615273,19.803372727,21.087722456,22.506200396,24.000775764,24.317932009
GCAM 4.2,SSP5-Baseline,Asian countries except Japan,Secondary Energy|Electricity|Nuclear,EJ/yr,1.0666115999999999,2.1537437600000002,5.47677038,10.31639667,14.18880011,16.18399251,17.53812916,19.46236780000001,19.22175821,16.95449158
GCAM 4.2,SSP5-Baseline,Asian countries except Japan,Secondary Energy|Electricity|Oil,EJ/yr,0.61991456,0.48787403,0.9435987520000001,1.192100599,1.130413116,1.137817237,1.234373404,1.443936313,1.6603653839999999,1.7203887560000002
GCAM 4.2,SSP5-Baseline,Asian countries except Japan,Secondary Energy|Electricity|Solar,EJ/yr,0.00721428,0.404578349,1.3652311119999991,3.402237112,6.091253351000002,8.850347682,10.682859384,11.319282567,11.552642885000001,11.055695674
GCAM 4.2,SSP5-Baseline,Asian countries except Japan,Secondary Energy|Electricity|Wind,EJ/yr,0.2392231,0.8174186320000001,2.284280513,3.9556026070000003,4.981955664,4.618673195,3.654734522,3.914279333,4.698604165,5.290751255
GCAM 4.2,SSP5-Baseline,Asian countries except Japan,Secondary Energy|Hydrogen,EJ/yr,0.0,0.078587852,0.253440755,0.550741159,0.950713682999999,1.199244501,1.417830453,1.599401615,1.761473656999999,1.8226358020000002
GCAM 4.2,SSP5-Baseline,Countries from the Reforming Economies of the Former Soviet Union,Capacity|Electricity,GW,297.486780514886,411.5014641049421,510.276798949514,595.091581051419,638.350531377493,658.075484734145,663.558165554625,662.19302943306,641.564047316172,614.1634307472319
GCAM 4.2,SSP5-Baseline,Countries from the Reforming Economies of the Former Soviet Union,Capacity|Electricity|Biomass,GW,1.36414732369355,2.65442113774734,4.2155176227169004,5.930032581811267,7.42062353342213,10.429456097793,12.2547250761035,14.4894532042745,16.0787130977296,16.1420723141806
GCAM 4.2,SSP5-Baseline,Countries from the Reforming Economies of the Former Soviet Union,Capacity|Electricity|Coal,GW,66.892559297311,95.94752029426692,114.795222127093,129.109604895992,139.037342243785,151.399549324581,161.875533913622,155.764701452309,157.826943413876,156.814707397894
GCAM 4.2,SSP5-Baseline,Countries from the Reforming Economies of the Former Soviet Union,Capacity|Electricity|Gas,GW,129.355593607306,190.685115265094,219.393214104515,234.33594051243,233.493252473364,190.678524701928,160.071214992389,149.369071886098,139.012149162861,139.80675158549
GCAM 4.2,SSP5-Baseline,Countries from the Reforming Economies of the Former Soviet Union,Capacity|Electricity|Nuclear,GW,44.44810868707371,66.82592381193979,93.30858912565527,118.821650036642,131.781223575173,150.094012486611,160.931982496195,154.182289024184,137.831215823891,114.482679406956
GCAM 4.2,SSP5-Baseline,Countries from the Reforming Economies of the Former Soviet Union,Capacity|Electricity|Oil,GW,21.8497019279554,6.07163678018772,6.089914938483,5.274094368340951,4.06391354325215,5.21509627885592,4.39465967465754,6.32490685248605,8.13482107749873,7.77365391933029
GCAM 4.2,SSP5-Baseline,Countries from the Reforming Economies of the Former Soviet Union,Capacity|Electricity|Solar,GW,0.381844558599696,6.540510089425252,12.3008301228815,21.0724387388678,27.9062642855205,40.3199973326222,48.69815697448399,54.3496181918951,54.40763576358971,51.5829895125223
GCAM 4.2,SSP5-Baseline,Countries from the Reforming Economies of the Former Soviet Union,Capacity|Electricity|Wind,GW,1.1314657775845,5.08290842212075,15.9792713089802,31.0171509992721,40.9228176241674,51.6942249862591,53.6945511346821,62.0796593332919,58.9355188990361,57.1127966133943
GCAM 4.2,SSP5-Baseline,Countries from the Reforming Economies of the Former Soviet Union,Emissions|CH4,Mt CH4/yr,35.540279537,49.885664354,69.636409645,79.912567341,75.86321825600001,67.485351002,65.48673961,65.386321487,59.744454031000004,46.052181156
GCAM 4.2,SSP5-Baseline,Countries from the Reforming Economies of the Former Soviet Union,Emissions|CH4|Energy,Mt CH4/yr,24.580523278,39.551697389,59.342996392,69.695158871,65.771359275,57.60606092,55.943165903,56.32701140899999,51.273618125,38.22148023800001
GCAM 4.2,SSP5-Baseline,Countries from the Reforming Economies of the Former Soviet Union,Emissions|CO2,Mt CO2/yr,2318.50324816733,3088.618137473,3434.63948013267,4066.444242061671,4340.45677750666,4638.01578735,4712.94104645467,4653.660998129,4626.79450926879,4468.052589069671
GCAM 4.2,SSP5-Baseline,Countries from the Reforming Economies of the Former Soviet Union,Emissions|CO2|AFOLU,Mt CO2/yr,-493.26226235,-169.650907143666,-396.87771871,-230.1664007573329,-191.449713653,-43.7100341626667,-63.4078675303333,-51.5071811503333,-63.53487050899999,-89.64818486799999
GCAM 4.2,SSP5-Baseline,Countries from the Reforming Economies of the Former Soviet Union,Emissions|CO2|Energy and Industrial Processes,Mt CO2/yr,2811.76551051733,3258.26904461667,3831.517198842671,4296.610642819001,4531.906491159671,4681.72582151266,4776.348913985,4705.16817927933,4690.329379777801,4557.70077393766
GCAM 4.2,SSP5-Baseline,Countries from the Reforming Economies of the Former Soviet Union,Emissions|CO2|Energy|Supply|Electricity,Mt CO2/yr,900.233223083334,1192.35962776333,1346.83383083333,1417.84330420333,1420.49795437,1348.25957368667,1302.08150552333,1202.14918688333,1167.31498917,1145.23030651333
GCAM 4.2,SSP5-Baseline,Countries from the Reforming Economies of the Former Soviet Union,Final Energy,EJ/yr,34.98710206,38.906610915,44.70919427600001,49.537859628,51.488030329,52.569439695,52.97558622,51.955392697,50.083105809,47.98768186
GCAM 4.2,SSP5-Baseline,Countries from the Reforming Economies of the Former Soviet Union,Final Energy|Electricity,EJ/yr,5.069809919,7.794338566,9.932188709,11.807023877,12.858917228,13.278790567,13.457055216,13.295058183,12.849160334,12.280140622
GCAM 4.2,SSP5-Baseline,Countries from the Reforming Economies of the Former Soviet Union,Final Energy|Gases,EJ/yr,8.808095083,9.421935489,10.767937854,11.653989205,11.759573403000001,11.726821046,11.642339982,11.172817050999999,10.395828164,9.980914238
GCAM 4.2,SSP5-Baseline,Countries from the Reforming Economies of the Former Soviet Union,Final Energy|Heat,EJ/yr,6.5932709,6.361485500000001,6.5991739,6.578963099999998,6.2835645,5.956464599999999,5.574975900000001,5.09006695,4.56290607,4.06044601
GCAM 4.2,SSP5-Baseline,Countries from the Reforming Economies of the Former Soviet Union,Final Energy|Hydrogen,EJ/yr,0.0,0.018137132,0.053343032000000005,0.10559473,0.17137218,0.22158738300000003,0.27070515,0.31207327300000004,0.348378526,0.367151455
GCAM 4.2,SSP5-Baseline,Countries from the Reforming Economies of the Former Soviet Union,Final Energy|Industry,EJ/yr,18.223892538,19.211993155,20.552414091,21.519807154,21.895306034,22.032975004,21.965013265,21.429985845,20.492163744,19.531874852
GCAM 4.2,SSP5-Baseline,Countries from the Reforming Economies of the Former Soviet Union,Final Energy|Liquids,EJ/yr,9.67148797,10.87162717,12.987225279,15.049135871,16.161966632,17.240615436,18.11614938,18.45997675,18.560597093,18.240496549
GCAM 4.2,SSP5-Baseline,Countries from the Reforming Economies of the Former Soviet Union,Final Energy|Solids,EJ/yr,4.844438188,4.439087058,4.369325502,4.343152845,4.252636386,4.145160663,3.914360592,3.62540049,3.366235622,3.058532986
GCAM 4.2,SSP5-Baseline,Countries from the Reforming Economies of the Former Soviet Union,Final Energy|Solids|Biomass,EJ/yr,0.9774730180000001,0.908004448,0.7922252120000001,0.7040930550000001,0.641986476,0.581498493,0.5252134980000001,0.469650102,0.42307525700000004,0.375786393
GCAM 4.2,SSP5-Baseline,Countries from the Reforming Economies of the Former Soviet Union,Final Energy|Solids|Coal,EJ/yr,3.8669651700000003,3.53108261,3.5771002899999997,3.63905979,3.6106499100000002,3.5636621699999997,3.3891470939999992,3.155750388,2.9431603650000002,2.682746593
GCAM 4.2,SSP5-Baseline,Countries from the Reforming Economies of the Former Soviet Union,Final Energy|Transportation,EJ/yr,6.299913263,7.487004145,9.422388235,11.402845004,12.491403895,13.53457779,14.5422287,15.134567718,15.528554543,15.748859043
GCAM 4.2,SSP5-Baseline,Countries from the Reforming Economies of the Former Soviet Union,Final Energy|Transportation|Electricity,EJ/yr,0.28255979999999903,0.390955261,0.523618769,0.677293047,0.807388017999999,0.934551517,1.077318655999999,1.210799613,1.348326854,1.478441981999999
GCAM 4.2,SSP5-Baseline,Countries from the Reforming Economies of the Former Soviet Union,Final Energy|Transportation|Hydrogen,EJ/yr,0.0,0.002895522,0.018858738,0.047427433000000005,0.086833904,0.13059236600000002,0.17530082200000002,0.21558816400000003,0.252603562,0.27746855400000003
GCAM 4.2,SSP5-Baseline,Countries from the Reforming Economies of the Former Soviet Union,Final Energy|Transportation|Liquids,EJ/yr,6.00467123,6.935185102999999,8.477904794,9.984169689,10.62891126,11.239619141,11.81059891,12.03484172,12.101665223,12.026098039
GCAM 4.2,SSP5-Baseline,Countries from the Reforming Economies of the Former Soviet Union,Population,million,305.238,301.058,297.433,294.448,290.665,284.878,275.584,262.205,245.929,228.252
GCAM 4.2,SSP5-Baseline,Countries from the Reforming Economies of the Former Soviet Union,Primary Energy,EJ/yr,45.27955985,53.289134243,63.04079854,70.723386956,74.049572447,75.519398607,75.972270969,74.332837829,72.314503423,69.475470953
GCAM 4.2,SSP5-Baseline,Countries from the Reforming Economies of the Former Soviet Union,Primary Energy|Biomass,EJ/yr,1.2792029999999999,1.7553919999999992,2.255727,2.558886,2.661061,2.841182,2.685391,2.541629,2.419211,2.217052
GCAM 4.2,SSP5-Baseline,Countries from the Reforming Economies of the Former Soviet Union,Primary Energy|Coal,EJ/yr,9.92063,12.01283,15.34052,18.14166,19.97546,22.12556,22.65008,21.53143,21.46265,20.33235
GCAM 4.2,SSP5-Baseline,Countries from the Reforming Economies of the Former Soviet Union,Primary Energy|Fossil,EJ/yr,41.912498,48.554382,56.6710596,62.880389,65.406093,65.762259,65.872001,64.24974399999999,62.748132,60.792821
GCAM 4.2,SSP5-Baseline,Countries from the Reforming Economies of the Former Soviet Union,Primary Energy|Gas,EJ/yr,20.97471,25.21532,30.01602,32.88113,33.08614,30.90239,29.25917,27.77441,25.62118,24.76838
GCAM 4.2,SSP5-Baseline,Countries from the Reforming Economies of the Former Soviet Union,Primary Energy|Nuclear,EJ/yr,1.261544,1.8966801,2.6483217,3.3724436,3.7402674,4.260028299999999,4.5676359,4.3760634,3.9119807,3.2492932
GCAM 4.2,SSP5-Baseline,Countries from the Reforming Economies of the Former Soviet Union,Primary Energy|Oil,EJ/yr,11.017158,11.326232,11.3145196,11.857599,12.344493,12.734309,13.962751,14.943904,15.664302,15.692091
GCAM 4.2,SSP5-Baseline,Countries from the Reforming Economies of the Former Soviet Union,Secondary Energy|Electricity,EJ/yr,8.853292695,11.592338601,13.693169901000001,15.261576417,15.865439779,15.931010794,15.81413394,15.599548862,15.052735141,14.363899129
GCAM 4.2,SSP5-Baseline,Countries from the Reforming Economies of the Former Soviet Union,Secondary Energy|Electricity|Biomass,EJ/yr,0.058359192000000004,0.084759808,0.119915850999999,0.15824916800000002,0.191620898999999,0.265014326,0.309172008,0.36555151700000005,0.40564663700000003,0.407245113999999
GCAM 4.2,SSP5-Baseline,Countries from the Reforming Economies of the Former Soviet Union,Secondary Energy|Electricity|Biomass|w/ CCS,EJ/yr,0.0,0.0,0.0,0.0,0.0,0.0,0.0,0.0,0.0,0.0
GCAM 4.2,SSP5-Baseline,Countries from the Reforming Economies of the Former Soviet Union,Secondary Energy|Electricity|Biomass|w/o CCS,EJ/yr,0.058359192000000004,0.084759808,0.119915850999999,0.15824916800000002,0.191620898999999,0.265014326,0.309172008,0.36555151700000005,0.40564663700000003,0.407245113999999
GCAM 4.2,SSP5-Baseline,Countries from the Reforming Economies of the Former Soviet Union,Secondary Energy|Electricity|Coal,EJ/yr,2.6223499,3.2438577,3.579411,3.72459184,3.75910412,3.93104007,4.08392547,3.9297565,3.98178439,3.95624689
GCAM 4.2,SSP5-Baseline,Countries from the Reforming Economies of the Former Soviet Union,Secondary Energy|Electricity|Coal|w/ CCS,EJ/yr,0.0,0.0,0.0,0.0,0.0,0.0,0.0,0.0,0.0,0.0
GCAM 4.2,SSP5-Baseline,Countries from the Reforming Economies of the Former Soviet Union,Secondary Energy|Electricity|Coal|w/o CCS,EJ/yr,2.6223499,3.2438577,3.579411,3.72459184,3.75910412,3.93104007,4.08392547,3.9297565,3.98178439,3.95624689
GCAM 4.2,SSP5-Baseline,Countries from the Reforming Economies of the Former Soviet Union,Secondary Energy|Electricity|Gas,EJ/yr,3.974589043,5.2580132840000005,5.851515599,6.067986816,5.910074894,4.7893469920000005,3.980212028999999,3.726100508,3.472444535,3.49088975
GCAM 4.2,SSP5-Baseline,Countries from the Reforming Economies of the Former Soviet Union,Secondary Energy|Electricity|Gas|w/ CCS,EJ/yr,0.0,0.0,0.0,0.0,0.0,0.0,0.0,0.0,0.0,0.0
GCAM 4.2,SSP5-Baseline,Countries from the Reforming Economies of the Former Soviet Union,Secondary Energy|Electricity|Gas|w/o CCS,EJ/yr,3.974589043,5.2580132840000005,5.851515599,6.067986816,5.910074894,4.7893469920000005,3.980212028999999,3.726100508,3.472444535,3.49088975
GCAM 4.2,SSP5-Baseline,Countries from the Reforming Economies of the Former Soviet Union,Secondary Energy|Electricity|Geothermal,EJ/yr,0.00181788,0.06966446400000001,0.159100231999999,0.20913374,0.220327553999999,0.23972435800000003,0.230694056,0.23687754300000002,0.23569846900000002,0.21640605200000002
GCAM 4.2,SSP5-Baseline,Countries from the Reforming Economies of the Former Soviet Union,Secondary Energy|Electricity|Hydro,EJ/yr,0.8071022,0.8812955,0.9558673999999999,1.040465599999999,1.1350921,1.2297176,1.3243421,1.4189726,1.5135920999999999,1.5609069
GCAM 4.2,SSP5-Baseline,Countries from the Reforming Economies of the Former Soviet Union,Secondary Energy|Electricity|Non-Biomass Renewables,EJ/yr,0.82631485,1.082680143,1.465690239,1.9116683550000002,2.2421510469999992,2.655929307,2.8472430689999992,3.165401428999999,3.235179724,3.216304753
GCAM 4.2,SSP5-Baseline,Countries from the Reforming Economies of the Former Soviet Union,Secondary Energy|Electricity|Nuclear,EJ/yr,1.261544,1.8966801,2.6483217,3.3724436,3.7402674,4.260028299999999,4.5676359,4.3760634,3.9119807,3.2492932
GCAM 4.2,SSP5-Baseline,Countries from the Reforming Economies of the Former Soviet Union,Secondary Energy|Electricity|Oil,EJ/yr,0.11013571,0.026347566000000003,0.028315512,0.026636637999999,0.022221419000000003,0.029651799000000003,0.025945463999999002,0.036675507999999,0.045699155000000005,0.043919422
GCAM 4.2,SSP5-Baseline,Countries from the Reforming Economies of the Former Soviet Union,Secondary Energy|Electricity|Solar,EJ/yr,0.00240837,0.059587142,0.118918038,0.21211637200000003,0.280176725,0.403977391,0.479417457999998,0.550256659,0.5565938930000001,0.538437223999998
GCAM 4.2,SSP5-Baseline,Countries from the Reforming Economies of the Former Soviet Union,Secondary Energy|Electricity|Wind,EJ/yr,0.014986399999999999,0.07213303700000001,0.23180456900000002,0.44995264300000004,0.606554668,0.782509958,0.8127894550000001,0.959294627,0.929295262,0.9005545770000001
GCAM 4.2,SSP5-Baseline,Countries from the Reforming Economies of the Former Soviet Union,Secondary Energy|Hydrogen,EJ/yr,0.0,0.018138618000000002,0.053343265,0.105594406999999,0.17137211,0.22158782,0.270705385,0.31207348900000004,0.348378546,0.367151261
GCAM 4.2,SSP5-Baseline,Countries of the Middle East and Africa,Capacity|Electricity,GW,632.277985948787,629.86748799504,996.47818645362,1597.24144953888,2342.64462184467,3194.0941441946,3980.0787556637,4545.694181643161,4875.1717174627,5050.90083604726
GCAM 4.2,SSP5-Baseline,Countries of the Middle East and Africa,Capacity|Electricity|Biomass,GW,0.119720319634703,3.82918430523845,12.6020407233004,28.9448225440766,53.7421543632673,85.2173725266362,120.707359921994,152.562275851408,175.664225488331,189.392021935249
GCAM 4.2,SSP5-Baseline,Countries of the Middle East and Africa,Capacity|Electricity|Coal,GW,42.0344082952816,65.7369918505835,100.865425624683,150.3805563483,213.640744823377,278.010088906329,345.500005152841,406.21581803336,462.130434265602,524.901923595256
GCAM 4.2,SSP5-Baseline,Countries of the Middle East and Africa,Capacity|Electricity|Gas,GW,151.500532724505,278.213225694444,420.753755604706,619.395062817098,834.419721627662,976.842288004185,1100.55050930682,1176.20426138382,1157.44145444888,1175.18849958777
GCAM 4.2,SSP5-Baseline,Countries of the Middle East and Africa,Capacity|Electricity|Nuclear,GW,1.53462709284627,2.87323912001804,29.1093723927504,90.8401588660579,153.752756356052,221.673609138057,293.798106255989,364.881396922037,403.313457283387,407.825955874063
GCAM 4.2,SSP5-Baseline,Countries of the Middle East and Africa,Capacity|Electricity|Oil,GW,418.5238647894471,213.060520199138,272.746438831812,344.1286255390661,401.319360096397,542.229724521182,653.847104895992,769.72051901002,905.1741374936572,1006.73989785483
GCAM 4.2,SSP5-Baseline,Countries of the Middle East and Africa,Capacity|Electricity|Solar,GW,0.054794520547944,27.7276871034665,70.3548339043058,182.26005009546,397.792600774602,705.5671299824451,1007.14912356423,1183.54454251187,1281.33460136875,1266.66934731392
GCAM 4.2,SSP5-Baseline,Countries of the Middle East and Africa,Capacity|Electricity|Wind,GW,0.7101709912782971,10.4628106854952,47.8368932400239,126.000176127214,221.118481006509,306.493172815724,369.3078812706109,392.20427616252,378.606635527651,363.120074200914
GCAM 4.2,SSP5-Baseline,Countries of the Middle East and Africa,Emissions|CH4,Mt CH4/yr,56.637573825,60.1474024,76.460970365,96.828025772,118.31790963,136.060126844,147.771543018,149.236886031,147.048656597,136.982716061
GCAM 4.2,SSP5-Baseline,Countries of the Middle East and Africa,Emissions|CH4|Energy,Mt CH4/yr,23.099272896,18.620612154,24.734785168,33.272216843,41.621520429,46.663050539,45.338987147,34.19149057,23.423896223,8.120156085
GCAM 4.2,SSP5-Baseline,Countries of the Middle East and Africa,Emissions|CO2,Mt CO2/yr,4574.22155401461,4432.70891146289,6285.85816983556,9691.60471530635,12869.6842268967,15946.5713109797,19013.7021646205,21327.3546927879,22934.3766208595,23766.023708977
GCAM 4.2,SSP5-Baseline,Countries of the Middle East and Africa,Emissions|CO2|AFOLU,Mt CO2/yr,1609.99114841033,598.869440953667,419.344135822333,825.860761858,578.361850113667,51.8905270326667,-67.5223896049999,-77.8897933953333,-202.272287605667,-300.638355501
GCAM 4.2,SSP5-Baseline,Countries of the Middle East and Africa,Emissions|CO2|Energy and Industrial Processes,Mt CO2/yr,2964.23040560427,3833.83947050923,5866.514034013238,8865.74395344835,12291.322376783,15894.680783947,19081.2245542255,21405.2444861833,23136.6489084651,24066.662064478
GCAM 4.2,SSP5-Baseline,Countries of the Middle East and Africa,Emissions|CO2|Energy|Supply|Electricity,Mt CO2/yr,1002.54673722867,1275.38549305933,1856.96183053333,2632.62141354667,3487.14663986333,4233.927823363339,4907.89901326999,5415.787458033329,5718.83091963334,6084.35919703334
GCAM 4.2,SSP5-Baseline,Countries of the Middle East and Africa,Final Energy,EJ/yr,44.920991925,58.95336679800001,81.824670759,115.946591712,155.964884254,198.119055093,238.224079723,269.847827792,291.639140847,304.48882254
GCAM 4.2,SSP5-Baseline,Countries of the Middle East and Africa,Final Energy|Electricity,EJ/yr,4.53228389,7.984881127,13.946660078,23.556711523,35.086143727,46.44786435,57.13000826,65.09498981899999,68.941845373,71.185306048
GCAM 4.2,SSP5-Baseline,Countries of the Middle East and Africa,Final Energy|Gases,EJ/yr,8.411787687999999,10.904806838,14.793164195,19.800686288,24.488784913,28.941865811,33.37034821,36.905864111,39.248579306,42.318874374
GCAM 4.2,SSP5-Baseline,Countries of the Middle East and Africa,Final Energy|Heat,EJ/yr,0.0,0.0,0.0,0.0,0.0,0.0,0.0,0.0,0.0,0.0
GCAM 4.2,SSP5-Baseline,Countries of the Middle East and Africa,Final Energy|Hydrogen,EJ/yr,0.0,0.03696681,0.174176947,0.528724407,1.162573133,1.746821301,2.338708557,2.8790162070000003,3.374171944,3.65533382
GCAM 4.2,SSP5-Baseline,Countries of the Middle East and Africa,Final Energy|Industry,EJ/yr,16.296187857,22.917597118,34.22011106,50.010419271,64.927699708,76.37230717,85.97920340299999,93.242974442,98.146312208,101.646727007
GCAM 4.2,SSP5-Baseline,Countries of the Middle East and Africa,Final Energy|Liquids,EJ/yr,16.982188327,22.612976281999998,33.472285497,51.359566143,73.74459943,99.822102087,125.01825669,145.867340248,162.327759854,171.26737714
GCAM 4.2,SSP5-Baseline,Countries of the Middle East and Africa,Final Energy|Solids,EJ/yr,14.99473202,17.413735741,19.438384042,20.700903351,21.482783051,21.160401544,20.366758006,19.100617407,17.74678437,16.061931158
GCAM 4.2,SSP5-Baseline,Countries of the Middle East and Africa,Final Energy|Solids|Biomass,EJ/yr,13.784981687,15.90950411,17.54201997,18.328981418,18.771022383000002,18.207478225,17.349841709,16.140590054,14.882292026,13.351431876
GCAM 4.2,SSP5-Baseline,Countries of the Middle East and Africa,Final Energy|Solids|Coal,EJ/yr,1.2097503330000001,1.5042316310000001,1.896364072,2.371921933,2.711760668,2.952923319,3.016916297,2.960027353,2.8644923440000003,2.710499282
GCAM 4.2,SSP5-Baseline,Countries of the Middle East and Africa,Final Energy|Transportation,EJ/yr,10.789353989,14.381978029,20.942278917,31.32788956,44.048008475,59.735664209,76.238707114,91.425567083,104.505666609,114.781859895
GCAM 4.2,SSP5-Baseline,Countries of the Middle East and Africa,Final Energy|Transportation|Electricity,EJ/yr,0.01736861,0.031272077,0.058442178000000004,0.10675822300000001,0.188282527,0.31404395,0.48420966,0.710168719,0.999172873,1.281837748
GCAM 4.2,SSP5-Baseline,Countries of the Middle East and Africa,Final Energy|Transportation|Hydrogen,EJ/yr,0.0,0.007607936000000001,0.050585872999999004,0.141946273,0.295427565,0.514185491,0.763408747,1.022260367,1.268094384,1.45389195
GCAM 4.2,SSP5-Baseline,Countries of the Middle East and Africa,Final Energy|Transportation|Liquids,EJ/yr,10.559908491,13.838581452,19.568447877,28.376885743,38.79338552,51.510059307,64.59527339,76.197038688,85.768015724,92.56441576
GCAM 4.2,SSP5-Baseline,Countries of the Middle East and Africa,Population,million,1237.419,1495.489,1728.104,1931.489,2085.759,2185.143,2237.161,2242.164,2204.656,2130.578
GCAM 4.2,SSP5-Baseline,Countries of the Middle East and Africa,Primary Energy,EJ/yr,58.26001119,76.175990443,111.569261504,162.266538455,219.747521846,277.965882651,329.95045497,368.057654667,392.822692998,406.668481744
GCAM 4.2,SSP5-Baseline,Countries of the Middle East and Africa,Primary Energy|Biomass,EJ/yr,13.7989868,17.2516552,21.10263499,24.546313448,27.888361663,30.270258178,31.603532768,31.975608086,31.686010451,30.533586394
GCAM 4.2,SSP5-Baseline,Countries of the Middle East and Africa,Primary Energy|Coal,EJ/yr,4.601230200000002,7.5375250000000005,16.684087,29.14721,43.31577,58.77131,69.82208,77.08765,84.15221,86.98902
GCAM 4.2,SSP5-Baseline,Countries of the Middle East and Africa,Primary Energy|Fossil,EJ/yr,43.9586468,57.7657169,87.28544000000002,130.345216,179.109274,228.76953,273.60155,307.064078,330.024704,345.091466
GCAM 4.2,SSP5-Baseline,Countries of the Middle East and Africa,Primary Energy|Gas,EJ/yr,16.7746766,25.958082,41.592392,61.45018,80.11421,93.19253,103.06659,107.00839,103.29184,104.46851
GCAM 4.2,SSP5-Baseline,Countries of the Middle East and Africa,Primary Energy|Nuclear,EJ/yr,0.043556399999999995,0.08154942200000001,0.8261938510000001,2.578261725,4.363872232,6.2916290440000004,8.338695371,10.35620976,11.44700387,11.57507941
GCAM 4.2,SSP5-Baseline,Countries of the Middle East and Africa,Primary Energy|Oil,EJ/yr,22.58274,24.2701099,29.008961,39.747826,55.67929399999999,76.80569,100.71288,122.968038,142.580654,153.633936
GCAM 4.2,SSP5-Baseline,Countries of the Middle East and Africa,Secondary Energy|Electricity,EJ/yr,5.56746661681,9.651601675,16.772758268,28.247476889,41.910696817,55.254166933,67.775787366,77.16284562199999,81.624324681,84.294817599
GCAM 4.2,SSP5-Baseline,Countries of the Middle East and Africa,Secondary Energy|Electricity|Biomass,EJ/yr,0.0030204,0.096605725,0.317934365,0.730243139,1.355850064,2.149932048,3.045301841999999,3.848963145,4.431797612,4.778133443
GCAM 4.2,SSP5-Baseline,Countries of the Middle East and Africa,Secondary Energy|Electricity|Biomass|w/ CCS,EJ/yr,0.0,0.0,0.0,0.0,0.0,0.0,0.0,0.0,0.0,0.0
GCAM 4.2,SSP5-Baseline,Countries of the Middle East and Africa,Secondary Energy|Electricity|Biomass|w/o CCS,EJ/yr,0.0030204,0.096605725,0.317934365,0.730243139,1.355850064,2.149932048,3.045301841999999,3.848963145,4.431797612,4.778133443
GCAM 4.2,SSP5-Baseline,Countries of the Middle East and Africa,Secondary Energy|Electricity|Coal,EJ/yr,1.06047768,1.65846542,2.5447136500000003,3.79392098,5.389899623,7.013860931,8.71655053,10.24833763,11.6589963,13.24264565
GCAM 4.2,SSP5-Baseline,Countries of the Middle East and Africa,Secondary Energy|Electricity|Coal|w/ CCS,EJ/yr,0.0,0.0,0.0,0.0,0.0,0.0,0.0,0.0,0.0,0.0
GCAM 4.2,SSP5-Baseline,Countries of the Middle East and Africa,Secondary Energy|Electricity|Coal|w/o CCS,EJ/yr,1.06047768,1.65846542,2.5447136500000003,3.79392098,5.389899623,7.013860931,8.71655053,10.24833763,11.6589963,13.24264565
GCAM 4.2,SSP5-Baseline,Countries of the Middle East and Africa,Secondary Energy|Electricity|Gas,EJ/yr,2.6817340868099997,5.8854228960000015,9.497455497,14.613762792,20.174624253,23.940715913,27.224616862,29.201612916,28.784813554,29.213895909
GCAM 4.2,SSP5-Baseline,Countries of the Middle East and Africa,Secondary Energy|Electricity|Gas|w/ CCS,EJ/yr,0.0,0.0,0.0,0.0,0.0,0.0,0.0,0.0,0.0,0.0
GCAM 4.2,SSP5-Baseline,Countries of the Middle East and Africa,Secondary Energy|Electricity|Gas|w/o CCS,EJ/yr,2.6817340868099997,5.8854228960000015,9.497455497,14.613762792,20.174624253,23.940715913,27.224616862,29.201612916,28.784813554,29.213895909
GCAM 4.2,SSP5-Baseline,Countries of the Middle East and Africa,Secondary Energy|Electricity|Geothermal,EJ/yr,0.00529559,0.10917835000000001,0.31591897,0.42889913900000004,0.43921676400000004,0.44033175900000004,0.440336462999998,0.43994761200000004,0.43964183900000003,0.439073832999998
GCAM 4.2,SSP5-Baseline,Countries of the Middle East and Africa,Secondary Energy|Electricity|Hydro,EJ/yr,0.4437737,0.5963155,0.748974199999998,0.9660516,1.2475506,1.5290475,1.810543399999999,2.092042299999999,2.3735402,2.5142881
GCAM 4.2,SSP5-Baseline,Countries of the Middle East and Africa,Secondary Energy|Electricity|Non-Biomass Renewables,EJ/yr,0.45882119,1.077068968,2.354992663,4.796747282,8.386013951,12.634465429,16.406676831,18.661758821,19.664974677,19.46834994
GCAM 4.2,SSP5-Baseline,Countries of the Middle East and Africa,Secondary Energy|Electricity|Nuclear,EJ/yr,0.043556399999999995,0.08154942200000001,0.8261938510000001,2.578261725,4.363872232,6.2916290440000004,8.338695371,10.35620976,11.44700387,11.57507941
GCAM 4.2,SSP5-Baseline,Countries of the Middle East and Africa,Secondary Energy|Electricity|Oil,EJ/yr,1.31985686,0.852489244,1.231468242,1.734540971,2.240436694,3.223563568,4.04394593,4.84596335,5.636738668,6.016713247
GCAM 4.2,SSP5-Baseline,Countries of the Middle East and Africa,Secondary Energy|Electricity|Solar,EJ/yr,0.0003456,0.223095552,0.596151109,1.573967104,3.421846151,6.025613195,8.565480163,10.069177423,10.881923209,10.789310677
GCAM 4.2,SSP5-Baseline,Countries of the Middle East and Africa,Secondary Energy|Electricity|Wind,EJ/yr,0.0094063,0.148479566,0.693948384,1.827829439,3.277400436,4.639472975,5.5903168050000005,6.060591486,5.969869429,5.72567733
GCAM 4.2,SSP5-Baseline,Countries of the Middle East and Africa,Secondary Energy|Hydrogen,EJ/yr,0.0,0.036966907,0.174174991,0.5287239060000001,1.162572419,1.746822481999999,2.3387070530000003,2.879017325,3.374171589,3.6553329210000003
GCAM 4.2,SSP5-Baseline,Latin American countries,Capacity|Electricity,GW,396.364036509295,448.020741803219,659.5100074178949,913.8107186501468,1136.78714714369,1310.9523699769,1412.56291802831,1437.48910667136,1386.78133094972,1287.86252477493
GCAM 4.2,SSP5-Baseline,Latin American countries,Capacity|Electricity|Biomass,GW,6.05381785895484,15.7486255390665,24.5239895278412,35.0673124762176,44.17376407122011,52.4380143328259,59.4696985191527,58.1752227612887,55.7184959252917,48.7220660514967
GCAM 4.2,SSP5-Baseline,Latin American countries,Capacity|Electricity|Coal,GW,10.0881330067225,23.7019723490614,40.4395111935565,62.4017079686707,84.12748485857429,103.416757356672,122.750736459919,133.011464675292,137.225690084348,134.68966379693
GCAM 4.2,SSP5-Baseline,Latin American countries,Capacity|Electricity|Gas,GW,57.2371630834601,120.406657787925,193.948010527651,283.45102367136,356.190267709919,373.451942652841,365.919585996956,338.895466102232,291.539321981228,265.277582699137
GCAM 4.2,SSP5-Baseline,Latin American countries,Capacity|Electricity|Nuclear,GW,3.49733637747336,5.0974193161959604,10.6555056654828,22.6947549890073,38.8145062433057,53.0932482806246,65.5215910211963,76.9324655420261,81.0831437792433,76.5077801736286
GCAM 4.2,SSP5-Baseline,Latin American countries,Capacity|Electricity|Oil,GW,212.502727042111,130.613144897894,173.545124698757,188.175347578957,177.81422219844,189.361965571093,195.09222154839,205.8356364948,203.832347356988,190.907763587646
GCAM 4.2,SSP5-Baseline,Latin American countries,Capacity|Electricity|Solar,GW,0.026319127346524,16.2071789086081,40.63535308622171,92.9128169571664,167.769165804043,250.206266858413,307.033280586623,321.461140579919,316.07209345219,280.6500916332701
GCAM 4.2,SSP5-Baseline,Latin American countries,Capacity|Electricity|Wind,GW,1.21192106979778,13.0656833107841,37.3250769307128,76.29416815564821,103.379601428155,115.592389187489,114.338057035346,110.778555185392,99.85665924657542,86.8948800735668
GCAM 4.2,SSP5-Baseline,Latin American countries,Emissions|CH4,Mt CH4/yr,47.663797361,46.61611299899999,50.537449013,53.358126757,54.06117459399999,54.541560951,55.656489753,53.593514347,55.56298525800001,44.681628697
GCAM 4.2,SSP5-Baseline,Latin American countries,Emissions|CH4|Energy,Mt CH4/yr,7.8909337760000025,5.080032939,7.032470042999999,9.185844159,10.303584913,12.197530221,15.349318693,15.772378661,20.72094276,13.275253047
GCAM 4.2,SSP5-Baseline,Latin American countries,Emissions|CO2,Mt CO2/yr,3153.32032800643,2500.93537009862,3435.66040829766,4610.798844525129,5598.15297653334,6556.53397832107,7110.183214242171,7371.390527324259,7312.20308041521,7043.67375172047
GCAM 4.2,SSP5-Baseline,Latin American countries,Emissions|CO2|AFOLU,Mt CO2/yr,1400.46895894767,41.0242469413334,-117.654144762,-183.684734794,-235.316365265667,-137.507283675667,-163.872987567667,-199.116227878333,-285.86416606,-369.817366079334
GCAM 4.2,SSP5-Baseline,Latin American countries,Emissions|CO2|Energy and Industrial Processes,Mt CO2/yr,1752.85136905877,2459.911123157289,3553.31455305967,4794.48357931913,5833.469341799,6694.04126199673,7274.05620180984,7570.5067552026,7598.067246475202,7413.4911177998
GCAM 4.2,SSP5-Baseline,Latin American countries,Emissions|CO2|Energy|Supply|Electricity,Mt CO2/yr,337.337038936334,535.732075893667,841.083030076666,1183.02346730333,1454.71463925333,1598.30564325667,1674.55134979,1648.04483404,1541.88965516667,1436.70971062667
GCAM 4.2,SSP5-Baseline,Latin American countries,Final Energy,EJ/yr,27.646858622,35.5357362,46.066791495,58.904337623,69.964293036,78.222882447,83.685743459,86.303238069,86.335782715,84.13988740399999
GCAM 4.2,SSP5-Baseline,Latin American countries,Final Energy|Electricity,EJ/yr,4.10752745,6.422862647000001,9.703745799,14.043269634,18.074013153,20.755236409,22.36942931,22.829034173,22.106464378,20.822393229
GCAM 4.2,SSP5-Baseline,Latin American countries,Final Energy|Gases,EJ/yr,4.259633825,5.3893323639999995,7.25782382,9.311702306,11.020466637,12.371553101,13.520688373,14.334206026,14.674918846,15.153515965
GCAM 4.2,SSP5-Baseline,Latin American countries,Final Energy|Heat,EJ/yr,0.0,0.0,0.0,0.0,0.0,0.0,0.0,0.0,0.0,0.0
GCAM 4.2,SSP5-Baseline,Latin American countries,Final Energy|Hydrogen,EJ/yr,0.0,0.044583110999999,0.150731745,0.317042472,0.521007046,0.6665266230000001,0.794863107999999,0.8951583000000001,0.963109755999999,0.9680913350000001
GCAM 4.2,SSP5-Baseline,Latin American countries,Final Energy|Industry,EJ/yr,12.80485799,16.552176871,20.566382026,24.160060655,26.441266646,27.71683674,28.305909066,28.229404197,27.403608267,26.076168501
GCAM 4.2,SSP5-Baseline,Latin American countries,Final Energy|Liquids,EJ/yr,14.280515814,19.312662698,24.840932039,31.345189114,36.705499365,41.055678271,43.939831398,45.50636648800001,46.160205438,45.107274193
GCAM 4.2,SSP5-Baseline,Latin American countries,Final Energy|Solids,EJ/yr,4.999181533,4.36629538,4.113558092,3.8871340969999992,3.643306835,3.373888043,3.06093127,2.738473082,2.431084297,2.088612682
GCAM 4.2,SSP5-Baseline,Latin American countries,Final Energy|Solids|Biomass,EJ/yr,4.289363363000001,3.509611621,3.082034321,2.697428116,2.380258307,2.099497794,1.84511158,1.605900941,1.3852517020000001,1.1596279520000001
GCAM 4.2,SSP5-Baseline,Latin American countries,Final Energy|Solids|Coal,EJ/yr,0.70981817,0.856683759,1.031523771,1.189705981,1.2630485280000001,1.274390249,1.21581969,1.132572141,1.045832595,0.92898473
GCAM 4.2,SSP5-Baseline,Latin American countries,Final Energy|Transportation,EJ/yr,9.582377567,12.231233455,16.061116583,21.2508277,26.150286706,30.389977194,34.014248805,36.89299472800001,39.018548789,40.210773244
GCAM 4.2,SSP5-Baseline,Latin American countries,Final Energy|Transportation|Electricity,EJ/yr,0.016294293999999,0.066174993,0.142037821999999,0.25890839400000004,0.418810389,0.5825425780000001,0.736882829,0.8837728760000001,1.013618068,1.087637985999999
GCAM 4.2,SSP5-Baseline,Latin American countries,Final Energy|Transportation|Hydrogen,EJ/yr,0.0,0.008022102,0.050649183,0.129695305,0.239616021,0.356527391,0.467960282,0.56313347,0.632455636,0.660073675
GCAM 4.2,SSP5-Baseline,Latin American countries,Final Energy|Transportation|Liquids,EJ/yr,9.346679273,11.633314549,14.635785985,18.4096603,21.542050044,24.113885468,26.16535702,27.62097655,28.608238461,28.828976484000002
GCAM 4.2,SSP5-Baseline,Latin American countries,Population,million,586.2230000000002,632.938,656.91,663.409,652.794,627.684,593.746,553.665,506.567,452.334
GCAM 4.2,SSP5-Baseline,Latin American countries,Primary Energy,EJ/yr,33.515515082,45.61402751600001,63.651658944,84.028706212,100.759707726,113.37080025,120.965309118,123.81888145,122.315471361,118.098682975
GCAM 4.2,SSP5-Baseline,Latin American countries,Primary Energy|Biomass,EJ/yr,4.738232892,5.434239567000001,6.588398281,7.4507188289999995,7.864811123,8.172405595,7.917438941,7.161574997000001,6.452037119,5.5367383740000005
GCAM 4.2,SSP5-Baseline,Latin American countries,Primary Energy|Coal,EJ/yr,1.44790165,3.494891999999999,8.884979,14.333961,18.668166,22.89177,24.49769,24.51622,24.530920000000002,23.04421
GCAM 4.2,SSP5-Baseline,Latin American countries,Primary Energy|Fossil,EJ/yr,25.99394105,36.6071649,52.358511,70.09953399999999,84.551243,95.29378,102.119311,105.047153,104.09847,101.36752
GCAM 4.2,SSP5-Baseline,Latin American countries,Primary Energy|Gas,EJ/yr,7.841464,12.687671,21.46433,30.53409000000001,37.20456,40.81504,42.4236,42.37449,39.47728,38.52524
GCAM 4.2,SSP5-Baseline,Latin American countries,Primary Energy|Nuclear,EJ/yr,0.0992628,0.144676994,0.30242882400000004,0.6441316140000001,1.101648842,1.50691381,1.859660005,2.18352801,2.30133422,2.17147442
GCAM 4.2,SSP5-Baseline,Latin American countries,Primary Energy|Oil,EJ/yr,16.7045754,20.4246019,22.009202,25.231483,28.678517,31.58697,35.19802100000001,38.156443,40.09027,39.79807
GCAM 4.2,SSP5-Baseline,Latin American countries,Secondary Energy|Electricity,EJ/yr,5.020225841,7.7917249129999995,11.633611157,16.651963509,21.208988053,24.116486818,25.780733984,26.147451905,25.168596834,23.586053478
GCAM 4.2,SSP5-Baseline,Latin American countries,Secondary Energy|Electricity|Biomass,EJ/yr,0.15273056000000002,0.397318923999999,0.618710827,0.8847062130000001,1.114451059,1.3229481760000001,1.50034913,1.46769106,1.40571079,1.2291992600000001
GCAM 4.2,SSP5-Baseline,Latin American countries,Secondary Energy|Electricity|Biomass|w/ CCS,EJ/yr,0.0,0.0,0.0,0.0,0.0,0.0,0.0,0.0,0.0,0.0
GCAM 4.2,SSP5-Baseline,Latin American countries,Secondary Energy|Electricity|Biomass|w/o CCS,EJ/yr,0.15273056000000002,0.397318923999999,0.618710827,0.8847062130000001,1.114451059,1.3229481760000001,1.50034913,1.46769106,1.40571079,1.2291992600000001
GCAM 4.2,SSP5-Baseline,Latin American countries,Secondary Energy|Electricity|Coal,EJ/yr,0.25451149,0.59797232,1.02024034,1.57432021,2.12243549,2.609080688,3.09685378,3.3557196400000002,3.46203949,3.3980585899999998
GCAM 4.2,SSP5-Baseline,Latin American countries,Secondary Energy|Electricity|Coal|w/ CCS,EJ/yr,0.0,0.0,0.0,0.0,0.0,0.0,0.0,0.0,0.0,0.0
GCAM 4.2,SSP5-Baseline,Latin American countries,Secondary Energy|Electricity|Coal|w/o CCS,EJ/yr,0.25451149,0.59797232,1.02024034,1.57432021,2.12243549,2.609080688,3.09685378,3.3557196400000002,3.46203949,3.3980585899999998
GCAM 4.2,SSP5-Baseline,Latin American countries,Secondary Energy|Electricity|Gas,EJ/yr,1.159494051,2.716304648,4.52877437,6.783346535,8.647266137999999,9.150690874,9.036988755,8.408549998,7.250778932999999,6.596218993
GCAM 4.2,SSP5-Baseline,Latin American countries,Secondary Energy|Electricity|Gas|w/ CCS,EJ/yr,0.0,0.0,0.0,0.0,0.0,0.0,0.0,0.0,0.0,0.0
GCAM 4.2,SSP5-Baseline,Latin American countries,Secondary Energy|Electricity|Gas|w/o CCS,EJ/yr,1.159494051,2.716304648,4.52877437,6.783346535,8.647266137999999,9.150690874,9.036988755,8.408549998,7.250778932999999,6.596218993
GCAM 4.2,SSP5-Baseline,Latin American countries,Secondary Energy|Electricity|Geothermal,EJ/yr,0.035611199999999,0.33143459000000003,0.57195558,0.73497542,0.77531112,0.744230684,0.717495428,0.7138508100000001,0.6873350570000001,0.629465284
GCAM 4.2,SSP5-Baseline,Latin American countries,Secondary Energy|Electricity|Hydro,EJ/yr,2.6322491,2.7762504999999997,2.9206548,3.120327999999999,3.375283999999999,3.630236,3.88519,4.140149,4.395097,4.522576
GCAM 4.2,SSP5-Baseline,Latin American countries,Secondary Energy|Electricity|Non-Biomass Renewables,EJ/yr,2.68407834,3.427946781,4.402320839,5.834321769,7.2420047610000005,8.397700845,9.068899172,9.426625443,9.463630022,9.022950181
GCAM 4.2,SSP5-Baseline,Latin American countries,Secondary Energy|Electricity|Nuclear,EJ/yr,0.0992628,0.144676994,0.30242882400000004,0.6441316140000001,1.101648842,1.50691381,1.859660005,2.18352801,2.30133422,2.17147442
GCAM 4.2,SSP5-Baseline,Latin American countries,Secondary Energy|Electricity|Oil,EJ/yr,0.6701486,0.507505246,0.761135957,0.931137168,0.981181762999999,1.129152425,1.217983142,1.305337754,1.285103379,1.168152034
GCAM 4.2,SSP5-Baseline,Latin American countries,Secondary Energy|Electricity|Solar,EJ/yr,0.00016600000000000002,0.134843854,0.368251922,0.872252855999999,1.559124995,2.2734798,2.7354465599999997,2.8608045,2.806658162,2.500750428
GCAM 4.2,SSP5-Baseline,Latin American countries,Secondary Energy|Electricity|Wind,EJ/yr,0.01605204,0.185417837,0.541458537,1.106765493,1.532284646,1.749754361,1.730767184,1.711821133,1.574539803,1.3701584690000002
GCAM 4.2,SSP5-Baseline,Latin American countries,Secondary Energy|Hydrogen,EJ/yr,0.0,0.044584133000000005,0.15073061000000001,0.31704187,0.521007598999998,0.666526999,0.7948633220000001,0.895157472999999,0.9631098830000001,0.9680907390000001
GCAM 4.2,SSP5-Baseline,OECD90 and EU (and EU candidate) countries,Capacity|Electricity,GW,1611.0993741434,1959.84128734354,2425.66768475983,2935.14292619927,3387.78079915037,3821.706908647311,4232.54562242927,4616.58632074604,4916.05776388041,5129.81523438358
GCAM 4.2,SSP5-Baseline,OECD90 and EU (and EU candidate) countries,Capacity|Electricity|Biomass,GW,19.47607258371389,18.7047957889396,25.4597581731988,35.3270144438103,47.8435987442922,61.2956098982115,77.12109323471591,90.7717417395992,104.984409008752,113.717057648402
GCAM 4.2,SSP5-Baseline,OECD90 and EU (and EU candidate) countries,Capacity|Electricity|Coal,GW,463.145492453069,598.8770880898011,692.035747518708,798.61076186739,949.517006278538,1121.35420483733,1320.05786533644,1479.7055276113,1675.28515981735,1829.82130541286
GCAM 4.2,SSP5-Baseline,OECD90 and EU (and EU candidate) countries,Capacity|Electricity|Gas,GW,347.871071156773,417.153351122526,517.715179667682,643.010010305682,791.901842180365,856.8128451610851,905.784121480212,1018.7341771309,1041.64365407788,1098.6424459348
GCAM 4.2,SSP5-Baseline,OECD90 and EU (and EU candidate) countries,Capacity|Electricity|Nuclear,GW,262.545182930266,324.221299114945,398.240283767405,486.125109574947,574.837295648007,654.084399487006,732.095694867242,764.8849917554539,760.638317407971,710.707681520943
GCAM 4.2,SSP5-Baseline,OECD90 and EU (and EU candidate) countries,Capacity|Electricity|Oil,GW,235.766717402334,36.5419491216387,30.8793170899924,37.48838680397,39.785073328894,42.3566213613013,49.2419597047818,70.4458275066591,79.3775085220066,87.000032542174
GCAM 4.2,SSP5-Baseline,OECD90 and EU (and EU candidate) countries,Capacity|Electricity|Solar,GW,17.180225159981,81.5364054219988,112.744389879866,153.92404048787,202.076709032588,307.66985030746,404.689030095634,465.401339166842,512.893387008651,523.134039354276
GCAM 4.2,SSP5-Baseline,OECD90 and EU (and EU candidate) countries,Capacity|Electricity|Wind,GW,71.763282627866,267.402247871921,417.800840585225,540.2857407958879,533.177191753835,523.070359734377,482.705763254693,459.598630266414,468.461243658042,492.113895611365
GCAM 4.2,SSP5-Baseline,OECD90 and EU (and EU candidate) countries,Emissions|CH4,Mt CH4/yr,63.763727695,68.430240881,77.983803174,87.89276017,99.255740215,106.721591609,111.97922649,126.204985454,136.538241144,102.765631825
GCAM 4.2,SSP5-Baseline,OECD90 and EU (and EU candidate) countries,Emissions|CH4|Energy,Mt CH4/yr,20.264424231,25.531846241,31.19837294,37.14655498699999,44.298984593,47.276908457,48.298598323,58.792183823,66.212404777,30.421307019
GCAM 4.2,SSP5-Baseline,OECD90 and EU (and EU candidate) countries,Emissions|CO2,Mt CO2/yr,10660.1038559428,12461.641681493,14631.5633524368,17345.153014002,19887.4736627637,22968.48675901669,25588.3710216786,27811.4521730158,30004.0198738772,31659.3987680762
GCAM 4.2,SSP5-Baseline,OECD90 and EU (and EU candidate) countries,Emissions|CO2|AFOLU,Mt CO2/yr,-752.360736314001,-601.876282172,-813.298716105334,-523.771176602667,-438.206263187,-155.350815062667,-137.643497442,-86.85132182466681,-141.949226745333,-198.432115434667
GCAM 4.2,SSP5-Baseline,OECD90 and EU (and EU candidate) countries,Emissions|CO2|Energy and Industrial Processes,Mt CO2/yr,11412.4645922568,13063.517963665,15444.8620685421,17868.9241906047,20325.6799259507,23123.8375740794,25726.0145191207,27898.3034948405,30145.9691006224,31857.8308835109
GCAM 4.2,SSP5-Baseline,OECD90 and EU (and EU candidate) countries,Emissions|CO2|Energy|Supply|Electricity,Mt CO2/yr,4108.33153626866,4999.45344315267,5743.84520300433,6543.004163663,7573.75192262333,8541.50287301667,9619.18295576333,10511.02881048,11479.9209332133,12312.9700237867
GCAM 4.2,SSP5-Baseline,OECD90 and EU (and EU candidate) countries,Final Energy,EJ/yr,148.892618646,167.196636555,191.792458823,217.997271918,242.646317744,269.594907869,297.179812926,322.183031895,342.725794061,361.1233030830001
GCAM 4.2,SSP5-Baseline,OECD90 and EU (and EU candidate) countries,Final Energy|Electricity,EJ/yr,30.761297942,40.172326299,49.265580671,59.34021017600002,69.476370099,78.463162213,87.05784710399998,95.07036141,101.212351909,105.560771865
GCAM 4.2,SSP5-Baseline,OECD90 and EU (and EU candidate) countries,Final Energy|Gases,EJ/yr,31.31376412900001,35.362192323,42.114655495,47.397619647,51.043462799,55.295605627,60.111207312,63.659959459,65.32086923,69.346414637
GCAM 4.2,SSP5-Baseline,OECD90 and EU (and EU candidate) countries,Final Energy|Heat,EJ/yr,0.0808569,0.10567256400000001,0.13435453,0.15370578000000001,0.15966714,0.16122433,0.15905387,0.15117881,0.14010227,0.1289107
GCAM 4.2,SSP5-Baseline,OECD90 and EU (and EU candidate) countries,Final Energy|Hydrogen,EJ/yr,0.0,0.167022144,0.508583,0.97078714,1.5592271320000002,2.059434071,2.625147726,3.208972418999998,3.8010454300000003,4.275444206
GCAM 4.2,SSP5-Baseline,OECD90 and EU (and EU candidate) countries,Final Energy|Industry,EJ/yr,52.432250823,58.54444152600001,66.887456309,75.410091382,84.166836984,94.044279453,104.710500159,115.075157659,124.049147271,132.948643463
GCAM 4.2,SSP5-Baseline,OECD90 and EU (and EU candidate) countries,Final Energy|Liquids,EJ/yr,74.258112785,79.056667871,87.06285800100002,96.829354819,106.493632254,118.880674514,131.909425329,144.34127716,155.96449742,165.347874126
GCAM 4.2,SSP5-Baseline,OECD90 and EU (and EU candidate) countries,Final Energy|Solids,EJ/yr,12.47858689,12.332755354,12.706427126,13.305594356,13.91395832,14.734807114,15.317131585,15.751282637,16.286927802,16.46388754900001
GCAM 4.2,SSP5-Baseline,OECD90 and EU (and EU candidate) countries,Final Energy|Solids|Biomass,EJ/yr,5.67934563,5.276654457,5.051564467,5.018136872,5.106354647,5.303734297,5.509997597000001,5.68102384,5.887560002000001,5.943638718
GCAM 4.2,SSP5-Baseline,OECD90 and EU (and EU candidate) countries,Final Energy|Solids|Coal,EJ/yr,6.799241260000001,7.056100897,7.654862659,8.287457483999999,8.807603673,9.431072817,9.807133988,10.070258797,10.3993678,10.520248831
GCAM 4.2,SSP5-Baseline,OECD90 and EU (and EU candidate) countries,Final Energy|Transportation,EJ/yr,50.412754043,54.08978925100001,59.611098075,66.800078477,73.745092098,82.780453542,93.071750689,103.425318169,113.271921227,122.963917608
GCAM 4.2,SSP5-Baseline,OECD90 and EU (and EU candidate) countries,Final Energy|Transportation|Electricity,EJ/yr,0.336318302,0.44063907900000004,0.6430951410000001,0.9084698560000001,1.267663919,1.738222503,2.335702324,3.06943814,3.9331162490000002,4.775438925
GCAM 4.2,SSP5-Baseline,OECD90 and EU (and EU candidate) countries,Final Energy|Transportation|Hydrogen,EJ/yr,0.0,0.03926352,0.196373921,0.40277801,0.6576653650000001,0.967561262,1.3251896699999999,1.7019955050000002,2.069488569,2.385629347
GCAM 4.2,SSP5-Baseline,OECD90 and EU (and EU candidate) countries,Final Energy|Transportation|Liquids,EJ/yr,49.972249405,52.452623365,55.973326943,60.882029294,65.28403824899999,71.45140139,78.49137811899999,85.39285823,91.77100212,97.866132066
GCAM 4.2,SSP5-Baseline,OECD90 and EU (and EU candidate) countries,Population,million,1008.395,1082.011,1169.743,1260.324,1356.447,1457.562,1551.11,1632.3,1694.829,1737.837
GCAM 4.2,SSP5-Baseline,OECD90 and EU (and EU candidate) countries,Primary Energy,EJ/yr,188.1345698,217.695248474,258.881334139,299.370198429,336.821463924,376.790764324,413.032458893,443.9787931769999,470.973510174,493.3650361000001
GCAM 4.2,SSP5-Baseline,OECD90 and EU (and EU candidate) countries,Primary Energy|Biomass,EJ/yr,8.497049,10.017718,12.403301,14.12585,15.455245,17.04811,17.269143,17.42754200000001,17.749548,17.504131
GCAM 4.2,SSP5-Baseline,OECD90 and EU (and EU candidate) countries,Primary Energy|Coal,EJ/yr,38.285448099999996,50.4354422,67.680747,83.332257,99.055787,118.844271,133.070145,142.702524,157.32124,165.97649
GCAM 4.2,SSP5-Baseline,OECD90 and EU (and EU candidate) countries,Primary Energy|Fossil,EJ/yr,166.24695251,188.5506943,222.3139544,256.12825,289.013185,323.9977120000001,357.382933,386.687978,412.579679,436.061772
GCAM 4.2,SSP5-Baseline,OECD90 and EU (and EU candidate) countries,Primary Energy|Gas,EJ/yr,49.600793,59.380788,79.93451,96.58173,108.65044,117.2774,122.76579,127.94307,125.47972,130.02616
GCAM 4.2,SSP5-Baseline,OECD90 and EU (and EU candidate) countries,Primary Energy|Nuclear,EJ/yr,7.451662400000001,9.2021786,11.30301503,13.797397310000001,16.31526206,18.56448506,20.77863285,21.70927179,21.58874098,20.1715897
GCAM 4.2,SSP5-Baseline,OECD90 and EU (and EU candidate) countries,Primary Energy|Oil,EJ/yr,78.36071141,78.7344641,74.6986974,76.214263,81.306958,87.876041,101.546998,116.042384,129.778719,140.059122
GCAM 4.2,SSP5-Baseline,OECD90 and EU (and EU candidate) countries,Secondary Energy|Electricity,EJ/yr,33.836154657,44.554515533,54.638553918,65.846998743,77.136966434,86.99524968200001,96.428358772,105.269946285,111.997253308,116.698807094
GCAM 4.2,SSP5-Baseline,OECD90 and EU (and EU candidate) countries,Secondary Energy|Electricity|Biomass,EJ/yr,0.49135794,0.47189955200000006,0.642319147,0.8912581820000001,1.207036584,1.546414683,1.945672637,2.290062118,2.648630658,2.8689449039999992
GCAM 4.2,SSP5-Baseline,OECD90 and EU (and EU candidate) countries,Secondary Energy|Electricity|Biomass|w/ CCS,EJ/yr,0.0,0.0,0.0,0.0,0.0,0.0,0.0,0.0,0.0,0.0
GCAM 4.2,SSP5-Baseline,OECD90 and EU (and EU candidate) countries,Secondary Energy|Electricity|Biomass|w/o CCS,EJ/yr,0.49135794,0.47189955200000006,0.642319147,0.8912581820000001,1.207036584,1.546414683,1.945672637,2.290062118,2.648630658,2.8689449039999992
GCAM 4.2,SSP5-Baseline,OECD90 and EU (and EU candidate) countries,Secondary Energy|Electricity|Coal,EJ/yr,11.68602823,15.110203051,17.460271047,20.148702186,23.955557066,28.290590479,33.303475873,37.331194815,42.26543424,46.16419575
GCAM 4.2,SSP5-Baseline,OECD90 and EU (and EU candidate) countries,Secondary Energy|Electricity|Coal|w/ CCS,EJ/yr,0.0,0.0,0.0,0.0,0.0,0.0,0.0,0.0,0.0,0.0
GCAM 4.2,SSP5-Baseline,OECD90 and EU (and EU candidate) countries,Secondary Energy|Electricity|Coal|w/o CCS,EJ/yr,11.68602823,15.110203051,17.460271047,20.148702186,23.955557066,28.290590479,33.303475873,37.331194815,42.26543424,46.16419575
GCAM 4.2,SSP5-Baseline,OECD90 and EU (and EU candidate) countries,Secondary Energy|Electricity|Gas,EJ/yr,7.522676637000001,9.6964773,12.237491853,15.508594348,19.406073957,21.175441781,22.515241839,25.385718856,25.993589796,27.388791039
GCAM 4.2,SSP5-Baseline,OECD90 and EU (and EU candidate) countries,Secondary Energy|Electricity|Gas|w/ CCS,EJ/yr,0.0,0.0,0.0,0.0,0.0,0.0,0.0,0.0,0.0,0.0
GCAM 4.2,SSP5-Baseline,OECD90 and EU (and EU candidate) countries,Secondary Energy|Electricity|Gas|w/o CCS,EJ/yr,7.522676637000001,9.6964773,12.237491853,15.508594348,19.406073957,21.175441781,22.515241839,25.385718856,25.993589796,27.388791039
GCAM 4.2,SSP5-Baseline,OECD90 and EU (and EU candidate) countries,Secondary Energy|Electricity|Geothermal,EJ/yr,0.13238103,0.66654324,1.01818245,1.17454263,1.249115363,1.277030865,1.288965863,1.311163826,1.32163782,1.302651913
GCAM 4.2,SSP5-Baseline,OECD90 and EU (and EU candidate) countries,Secondary Energy|Electricity|Hydro,EJ/yr,4.745641,4.7678449999999994,4.8044270000000004,4.889751,5.023826000000001,5.157903,5.291969,5.426038,5.560125,5.627164
GCAM 4.2,SSP5-Baseline,OECD90 and EU (and EU candidate) countries,Secondary Energy|Electricity|Non-Biomass Renewables,EJ/yr,5.93890629,9.924657574,12.861063709,15.318701119,16.037771864,17.180457264,17.601750043,18.154001387,19.055542194,19.6275434
GCAM 4.2,SSP5-Baseline,OECD90 and EU (and EU candidate) countries,Secondary Energy|Electricity|Nuclear,EJ/yr,7.451662400000001,9.2021786,11.30301503,13.797397310000001,16.31526206,18.56448506,20.77863285,21.70927179,21.58874098,20.1715897
GCAM 4.2,SSP5-Baseline,OECD90 and EU (and EU candidate) countries,Secondary Energy|Electricity|Oil,EJ/yr,0.74552316,0.14909945600000002,0.134393132,0.182345598,0.215264903,0.23786041500000002,0.28358553000000003,0.39969731900000005,0.44531544,0.47774230100000004
GCAM 4.2,SSP5-Baseline,OECD90 and EU (and EU candidate) countries,Secondary Energy|Electricity|Solar,EJ/yr,0.11037097,0.6955099690000001,0.977601618,1.416719973,1.862120819,2.827660903999999,3.713962884,4.314787383000001,4.787082484,4.938075581000001
GCAM 4.2,SSP5-Baseline,OECD90 and EU (and EU candidate) countries,Secondary Energy|Electricity|Wind,EJ/yr,0.9505132900000001,3.794759365,6.060852641,7.837687516,7.902709682,7.917862495,7.306852296000002,7.102012178,7.38669689,7.759651906
GCAM 4.2,SSP5-Baseline,OECD90 and EU (and EU candidate) countries,Secondary Energy|Hydrogen,EJ/yr,0.0,0.167022843,0.508582973,0.970786887,1.5592272249999999,2.059432851,2.6251467120000003,3.20897306,3.801038863999998,4.275442648
GCAM 4.2,SSP5-Baseline,World,Capacity|Electricity,GW,4144.84828142649,5299.299289167821,7672.140699226129,10508.9184241351,13072.0632288981,15192.7918204403,16849.419596658,17882.0695559412,18251.6913890952,18135.8474283396
GCAM 4.2,SSP5-Baseline,World,Capacity|Electricity|Biomass,GW,30.3345299816083,55.3265978167808,105.784040739155,178.065830201991,256.738849291286,337.258624984145,418.463007317034,488.721617714675,540.928291952055,554.808392353184
GCAM 4.2,SSP5-Baseline,World,Capacity|Electricity|Coal,GW,1225.95827546296,1869.52940104167,2611.50032042745,3361.06631988045,3985.84055563483,4430.50910285071,4832.56007392345,4937.01084692891,4966.717068588278,4909.99814378805
GCAM 4.2,SSP5-Baseline,World,Capacity|Electricity|Gas,GW,841.210098776002,1286.10053721144,1833.99737451643,2507.47344783739,3142.09280659405,3380.71233515665,3491.567012905881,3587.49950726154,3445.2064141933,3486.18398224252
GCAM 4.2,SSP5-Baseline,World,Capacity|Electricity|Nuclear,GW,349.605290602627,474.900955380799,724.277361498675,1081.96033171966,1399.10122625289,1649.15753156886,1870.27007180506,2046.6007370765,2060.10830585151,1906.88343163369
GCAM 4.2,SSP5-Baseline,World,Capacity|Electricity|Oil,GW,1085.21662861492,502.626821806824,687.4364056950792,808.683327427384,823.872333087582,970.508054088977,1103.14442418981,1287.4750290541,1476.58431867548,1593.14899999207
GCAM 4.2,SSP5-Baseline,World,Capacity|Electricity|Solar,GW,18.7869999570383,180.023528301052,385.857949798481,817.500786921562,1464.77396162046,2306.84055944848,3010.22910151926,3343.0875880304,3496.06199659671,3367.675552451741
GCAM 4.2,SSP5-Baseline,World,Capacity|Electricity|Wind,GW,92.8780660348868,353.613986414116,676.407405615115,1046.27403099012,1234.71889599998,1301.96920252516,1261.48559186327,1277.96925036757,1303.8435787037,1334.77888996702
GCAM 4.2,SSP5-Baseline,World,Emissions|CH4,Mt CH4/yr,368.288816191,388.942918993,462.336882849,528.949164385,571.20241322,599.159842946,616.538411228,617.837124449,613.510528017,600.3135435998
GCAM 4.2,SSP5-Baseline,World,Emissions|CH4|Energy,Mt CH4/yr,134.801788082,139.376810444,186.589902702,228.677247624,248.043449857,261.068746328,269.000522716,264.320946204,262.755275664,259.133835314
GCAM 4.2,SSP5-Baseline,World,Emissions|CO2,Mt CO2/yr,35775.4316773501,41203.4752961939,55142.2535148338,71328.4320927897,83251.4566899483,93757.0952892426,101112.301896682,104283.175706445,105347.45051861,104118.622948827
GCAM 4.2,SSP5-Baseline,World,Emissions|CO2|AFOLU,Mt CO2/yr,3128.45158566967,-1096.694539886,-1903.852079382,-835.203237975333,-1074.49649736,-872.934637861,-957.584680620333,-959.948360565333,-1355.83554917067,-1742.54701475067
GCAM 4.2,SSP5-Baseline,World,Emissions|CO2|Energy and Industrial Processes,Mt CO2/yr,32646.9800916804,42300.1698360799,57046.1055942158,72163.635330765,84325.9531873083,94630.0299271036,102069.886577303,105243.12406701,106703.28606778,105861.169963578
GCAM 4.2,SSP5-Baseline,World,Emissions|CO2|Energy|Supply|Electricity,Mt CO2/yr,11668.8311449343,16276.6693139123,22011.488391431,27651.363554463,32114.32907209999,34790.27072928,36914.88568581,36928.4891960967,36167.0833033767,35379.03790861
GCAM 4.2,SSP5-Baseline,World,Final Energy,EJ/yr,393.85145173,485.283245022,618.814300951,768.0670475530002,895.2566555589999,1005.243436398,1094.905357894,1154.371029486,1184.269878658,1192.194963733
GCAM 4.2,SSP5-Baseline,World,Final Energy|Electricity,EJ/yr,65.715268116,98.008006286,140.933736292,192.319012389,239.243429332,273.261542894,299.932765554,316.947100229,321.438490312,319.218779436
GCAM 4.2,SSP5-Baseline,World,Final Energy|Gases,EJ/yr,63.538011354,79.292986329,103.622181523,126.059198452,141.802448758,155.482569012,168.645713443,177.2326511,180.079927936,187.769911749
GCAM 4.2,SSP5-Baseline,World,Final Energy|Heat,EJ/yr,9.7270965,10.837821964,12.23180413,12.73909448,12.35455884,11.65647763,10.65493357,9.52537456,8.40442444,7.23875911
GCAM 4.2,SSP5-Baseline,World,Final Energy|Hydrogen,EJ/yr,0.0,0.34529752,1.14027737,2.47289059,4.364893606,5.893613577000001,7.447255362999999,8.894622978,10.24817921,11.088657648
GCAM 4.2,SSP5-Baseline,World,Final Energy|Industry,EJ/yr,174.628985141,220.040618854,275.444772347,329.720881676,370.243524621,399.093828768,420.145306074,432.743443255,436.401096293,436.055359199
GCAM 4.2,SSP5-Baseline,World,Final Energy|Liquids,EJ/yr,157.829035586,194.808609809,253.589688467,322.702412583,385.785087744,449.575427132,504.526732049,545.547757484,575.282246493,586.378096221
GCAM 4.2,SSP5-Baseline,World,Final Energy|Solids,EJ/yr,97.042040174,101.990523114,107.296613169,111.774439059,111.706237279,109.373806153,103.697957915,96.223523135,88.816610267,80.500759569
GCAM 4.2,SSP5-Baseline,World,Final Energy|Solids|Biomass,EJ/yr,47.07149658100001,41.236740537,37.477754157,35.922920406,35.270950696,34.099125174,32.613210138,30.62965832,28.650817399,26.184520195
GCAM 4.2,SSP5-Baseline,World,Final Energy|Solids|Coal,EJ/yr,49.970543593,60.753782577,69.818859012,75.851518653,76.435286583,75.274680979,71.084747777,65.593864815,60.165792868,54.316239374
GCAM 4.2,SSP5-Baseline,World,Final Energy|Transportation,EJ/yr,98.448061901,119.577430747,154.768207965,199.165091759,241.617560309,286.891261889,331.311111654,369.826913416,401.515245376,425.763901013
GCAM 4.2,SSP5-Baseline,World,Final Energy|Transportation|Electricity,EJ/yr,0.881554405999999,1.316818779,1.971702665,2.801211151,3.7626039440000003,4.854987233,6.130763181,7.593927367999999,9.268514851,10.823560437
GCAM 4.2,SSP5-Baseline,World,Final Energy|Transportation|Hydrogen,EJ/yr,0.0,0.061648216000000006,0.345562474,0.804507434,1.449583235,2.248617204,3.134077911,4.03380535,4.884282245,5.530531365
GCAM 4.2,SSP5-Baseline,World,Final Energy|Transportation|Liquids,EJ/yr,96.434289189,114.790221152,144.184466748,180.067868771,212.168719748,246.169840479,278.663593306,305.436048945,326.268050484,340.007416165
GCAM 4.2,SSP5-Baseline,World,GDP|PPP,billion US$2010/yr,73630.72577,111942.5654,182599.0483,283774.4396,396654.523,519951.0284,656844.6177,801775.7726,956057.3089,1115597.276
GCAM 4.2,SSP5-Baseline,World,Population,million,6895.882,7553.728,8056.041999999998,8406.413,8584.224,8597.035,8466.894,8211.485,7843.621999999998,7388.514
GCAM 4.2,SSP5-Baseline,World,Primary Energy,EJ/yr,508.622863442,651.793078486,874.050175411,1108.116969225,1298.98898739,1455.202360648,1567.939707732,1625.878014675,1645.494379636,1636.900274209
GCAM 4.2,SSP5-Baseline,World,Primary Energy|Biomass,EJ/yr,51.530069752,55.364190147,63.731812551,72.512101234,79.39544585,84.704905352,85.057020875,83.804756439,81.881257276,77.429047616
GCAM 4.2,SSP5-Baseline,World,Primary Energy|Coal,EJ/yr,143.25977845,206.1751012,302.970155,393.353728,460.851123,519.237111,547.474935,543.008194,539.4213599999998,518.3692599999998
GCAM 4.2,SSP5-Baseline,World,Primary Energy|Fossil,EJ/yr,433.18341434,561.8527422000002,760.2031325,964.381781,1129.070134,1263.018481,1362.787642,1412.07183,1429.722202,1429.696218
GCAM 4.2,SSP5-Baseline,World,Primary Energy|Gas,EJ/yr,113.8447956,159.059281,243.289912,323.0866,379.1933,409.35804,423.16405,424.4018,402.21494,403.52942
GCAM 4.2,SSP5-Baseline,World,Primary Energy|Nuclear,EJ/yr,9.9226372,13.478828876,20.556729785,30.708630919,39.709850644,46.807048724,53.08275328600001,58.08744076,58.47081798,54.12192831
GCAM 4.2,SSP5-Baseline,World,Primary Energy|Oil,EJ/yr,176.07884029,196.61836,213.9430655,247.941453,289.025711,334.42333,392.148657,444.6618360000001,488.085902,507.797538
GCAM 4.2,SSP5-Baseline,World,Secondary Energy|Electricity,EJ/yr,78.38901522081,115.909520182,165.938801226,225.57157541,279.185502816,316.89921659,345.894909443,364.125656201,367.73809221,363.8658654819999
GCAM 4.2,SSP5-Baseline,World,Secondary Energy|Electricity|Biomass,EJ/yr,0.7892471820000001,1.413615936,2.682367807,4.501028778999999,6.481620554,8.510522062,10.557319519,12.329859949,13.646971692,13.997149969
GCAM 4.2,SSP5-Baseline,World,Secondary Energy|Electricity|Biomass|w/ CCS,EJ/yr,0.0,0.0,0.0,0.0,0.0,0.0,0.0,0.0,0.0,0.0
GCAM 4.2,SSP5-Baseline,World,Secondary Energy|Electricity|Biomass|w/o CCS,EJ/yr,0.7892471820000001,1.413615936,2.682367807,4.501028778999999,6.481620554,8.510522062,10.557319519,12.329859949,13.646971692,13.997149969
GCAM 4.2,SSP5-Baseline,World,Secondary Energy|Electricity|Coal,EJ/yr,31.86561027,47.990453024,66.569324164,85.263692408,100.809715448,111.88800869,121.919691593,124.554859255,125.30431158,123.87336117
GCAM 4.2,SSP5-Baseline,World,Secondary Energy|Electricity|Coal|w/ CCS,EJ/yr,0.0,0.0,0.0,0.0,0.0,0.0,0.0,0.0,0.0,0.0
GCAM 4.2,SSP5-Baseline,World,Secondary Energy|Electricity|Coal|w/o CCS,EJ/yr,31.86561027,47.990453024,66.569324164,85.263692408,100.809715448,111.88800869,121.919691593,124.554859255,125.30431158,123.87336117
GCAM 4.2,SSP5-Baseline,World,Secondary Energy|Electricity|Gas,EJ/yr,18.35919912881,29.905988768,43.472967301,60.517006259,76.781241379,83.263666098,86.517020004,89.207898517,85.822666551,86.79342999
GCAM 4.2,SSP5-Baseline,World,Secondary Energy|Electricity|Gas|w/ CCS,EJ/yr,0.0,0.0,0.0,0.0,0.0,0.0,0.0,0.0,0.0,0.0
GCAM 4.2,SSP5-Baseline,World,Secondary Energy|Electricity|Gas|w/o CCS,EJ/yr,18.35919912881,29.905988768,43.472967301,60.517006259,76.781241379,83.263666098,86.517020004,89.207898517,85.822666551,86.79342999
GCAM 4.2,SSP5-Baseline,World,Secondary Energy|Electricity|Geothermal,EJ/yr,0.2451255,1.541650833,2.655258431,3.249798556,3.443901559,3.483656916,3.43333466,3.463379387,3.443208699,3.328673362
GCAM 4.2,SSP5-Baseline,World,Secondary Energy|Electricity|Hydro,EJ/yr,12.3909307,13.0198439,13.6647437,14.6095264,15.8542282,17.0989167,18.3063302,19.5883008,20.8329875,21.4553438
GCAM 4.2,SSP5-Baseline,World,Secondary Energy|Electricity|Non-Biomass Renewables,EJ/yr,13.98674255,21.097318036,29.558500574,40.514456071,50.813556896,60.671925572,67.012291571,71.913987476,75.420102381,75.65308028300001
GCAM 4.2,SSP5-Baseline,World,Secondary Energy|Electricity|Nuclear,EJ/yr,9.9226372,13.478828876,20.556729785,30.708630919,39.709850644,46.807048724,53.08275328600001,58.08744076,58.47081798,54.12192831
GCAM 4.2,SSP5-Baseline,World,Secondary Energy|Electricity|Oil,EJ/yr,3.46557889,2.023315541999999,3.098911595,4.066760974,4.589517895,5.758045443999999,6.80583347,8.031610244,9.073222026,9.42691576
GCAM 4.2,SSP5-Baseline,World,Secondary Energy|Electricity|Solar,EJ/yr,0.12050522,1.5176148660000002,3.426153798999998,7.477293417,13.214522041,20.381078972,26.177166449,29.114308532,30.584900633,29.822269584
GCAM 4.2,SSP5-Baseline,World,Secondary Energy|Electricity|Wind,EJ/yr,1.23018113,5.018208437,9.812344644,15.177837698,18.300905096,19.708272984,19.095460262,19.747998757,20.559005549,21.046793537
GCAM 4.2,SSP5-Baseline,World,Secondary Energy|Hydrogen,EJ/yr,0.0,0.345300352999998,1.140272594,2.472888229,4.364893036000002,5.893614652999999,7.447252925,8.894622962,10.248172539,11.088653371
