region,year,variable,unit,value
USA,1975,GDP,million 1990$,3618130.0
USA,1975,energy-investment,million 1990$,40810.6
USA,1975,consumer-durable,million 1990$,0.141933
USA,1975,value-added,million 1990$,3129560.0
USA,1975,gross-output,million 1990$,3618140.0
USA,1975,savings,million 1990$,507559.0
USA,1975,investment,million 1990$,546375.0
USA,1975,capital-stock,million 1990$,12638400.0
USA,1975,depreciation,million 1990$,452443.0
USA,1975,energy-service-value,million 1990$,488581.0
USA,1975,energy-net-export,million 1990$,-2.129
USA,1975,materials-net-export,million 1990$,-38813.5
USA,1975,capital-net-export,million 1990$,38815.6
USA,1975,labor-wages,million 1990$,2263360.0
USA,1975,gdp-per-capita,thous 1990$ percap,16.8813
USA,1975,gdp-per-capita-ppp,thous 1990$ percap,15.979
USA,1975,labor-force,thous pers,88314.5
USA,1975,population,thous pers,214328.0
USA,1975,savings-rate,rate annual,0.140282
USA,1975,fac-share-labor,share,0.62556
USA,1975,fac-share-capital,share,0.239403
USA,1975,fac-share-energy,share,0.135037
USA,1975,energy-service,million 1990$,2.129
USA,1975,total-factor-productivity,million 1990$,0.0
USA,1990,GDP,million 1990$,6006860.0
USA,1990,energy-investment,million 1990$,86145.0
USA,1990,consumer-durable,million 1990$,217090.0
USA,1990,value-added,million 1990$,5250610.0
USA,1990,gross-output,million 1990$,6054860.0
USA,1990,savings,million 1990$,507559.0
USA,1990,investment,million 1990$,601609.0
USA,1990,capital-stock,million 1990$,19436800.0
USA,1990,depreciation,million 1990$,452443.0
USA,1990,energy-service-value,million 1990$,804249.0
USA,1990,energy-net-export,million 1990$,-48005.6
USA,1990,materials-net-export,million 1990$,-46044.2
USA,1990,capital-net-export,million 1990$,94049.8
USA,1990,labor-wages,million 1990$,3695400.0
USA,1990,gdp-per-capita,thous 1990$ percap,23.8625
USA,1990,gdp-per-capita-ppp,thous 1990$ percap,22.587
USA,1990,labor-force,thous pers,122855.0
USA,1990,population,thous pers,251728.0
USA,1990,savings-rate,rate annual,0.176343
USA,1990,fac-share-labor,share,0.61032
USA,1990,fac-share-capital,share,0.256853
USA,1990,fac-share-energy,share,0.132827
USA,1990,energy-service,million 1990$,1770890.0
USA,1990,total-factor-productivity,million 1990$,0.0
USA,2005,GDP,million 1990$,9552960.0
USA,2005,energy-investment,million 1990$,175231.0
USA,2005,consumer-durable,million 1990$,291656.0
USA,2005,value-added,million 1990$,7940310.0
USA,2005,gross-output,million 1990$,9680690.0
USA,2005,savings,million 1990$,1276360.0
USA,2005,investment,million 1990$,1928270.0
USA,2005,capital-stock,million 1990$,28439000.0
USA,2005,depreciation,million 1990$,724313.0
USA,2005,energy-service-value,million 1990$,1740380.0
USA,2005,energy-net-export,million 1990$,-127726.0
USA,2005,materials-net-export,million 1990$,-524186.0
USA,2005,capital-net-export,million 1990$,651912.0
USA,2005,labor-wages,million 1990$,5785610.0
USA,2005,gdp-per-capita,thous 1990$ percap,31.7633
USA,2005,gdp-per-capita-ppp,thous 1990$ percap,30.0655
USA,2005,labor-force,thous pers,145276.0
USA,2005,population,thous pers,300755.0
USA,2005,savings-rate,rate annual,0.172598
USA,2005,fac-share-labor,share,0.597645
USA,2005,fac-share-capital,share,0.222577
USA,2005,fac-share-energy,share,0.179779
USA,2005,energy-service,million 1990$,2306810.0
USA,2005,total-factor-productivity,million 1990$,0.0
USA,2010,GDP,million 1990$,10024200.0
USA,2010,energy-investment,million 1990$,164834.0
USA,2010,consumer-durable,million 1990$,297402.0
USA,2010,value-added,million 1990$,8241730.0
USA,2010,gross-output,million 1990$,10202100.0
USA,2010,savings,million 1990$,1940480.0
USA,2010,investment,million 1990$,2372060.0
USA,2010,capital-stock,million 1990$,30891300.0
USA,2010,depreciation,million 1990$,1206100.0
USA,2010,energy-service-value,million 1990$,1960340.0
USA,2010,energy-net-export,million 1990$,-177831.0
USA,2010,materials-net-export,million 1990$,-253750.0
USA,2010,capital-net-export,million 1990$,431581.0
USA,2010,labor-wages,million 1990$,5894250.0
USA,2010,gdp-per-capita,thous 1990$ percap,31.8223
USA,2010,gdp-per-capita-ppp,thous 1990$ percap,30.1214
USA,2010,labor-force,thous pers,143485.0
USA,2010,population,thous pers,315007.0
USA,2010,savings-rate,rate annual,0.159697
USA,2010,fac-share-labor,share,0.57775
USA,2010,fac-share-capital,share,0.230098
USA,2010,fac-share-energy,share,0.192151
USA,2010,energy-service,million 1990$,2477020.0
USA,2010,total-factor-productivity,million 1990$,0.0
USA,2015,GDP,million 1990$,11212100.0
USA,2015,energy-investment,million 1990$,221567.0
USA,2015,consumer-durable,million 1990$,428493.0
USA,2015,value-added,million 1990$,9105650.0
USA,2015,gross-output,million 1990$,11295900.0
USA,2015,savings,million 1990$,1898240.0
USA,2015,investment,million 1990$,2472250.0
USA,2015,capital-stock,million 1990$,32836400.0
USA,2015,depreciation,million 1990$,1387180.0
USA,2015,energy-service-value,million 1990$,2190290.0
USA,2015,energy-net-export,million 1990$,-83854.9
USA,2015,materials-net-export,million 1990$,-490154.0
USA,2015,capital-net-export,million 1990$,574009.0
USA,2015,labor-wages,million 1990$,6683900.0
USA,2015,gdp-per-capita,thous 1990$ percap,34.1615
USA,2015,gdp-per-capita-ppp,thous 1990$ percap,32.3356
USA,2015,labor-force,thous pers,154168.0
USA,2015,population,thous pers,328208.0
USA,2015,savings-rate,rate annual,0.178391
USA,2015,fac-share-labor,share,0.591708
USA,2015,fac-share-capital,share,0.214392
USA,2015,fac-share-energy,share,0.193901
USA,2015,energy-service,million 1990$,2737820.0
USA,2015,total-factor-productivity,million 1990$,0.0
USA,2021,GDP,million 1990$,12393100.0
USA,2021,energy-investment,million 1990$,243296.0
USA,2021,consumer-durable,million 1990$,393165.0
USA,2021,value-added,million 1990$,10038700.0
USA,2021,gross-output,million 1990$,12387500.0
USA,2021,savings,million 1990$,2428630.0
USA,2021,investment,million 1990$,3136180.0
USA,2021,capital-stock,million 1990$,35950300.0
USA,2021,depreciation,million 1990$,1592830.0
USA,2021,energy-service-value,million 1990$,2348750.0
USA,2021,energy-net-export,million 1990$,5675.07
USA,2021,materials-net-export,million 1990$,-713229.0
USA,2021,capital-net-export,million 1990$,707554.0
USA,2021,labor-wages,million 1990$,7397680.0
USA,2021,gdp-per-capita,thous 1990$ percap,36.4125
USA,2021,gdp-per-capita-ppp,thous 1990$ percap,34.4662
USA,2021,labor-force,thous pers,162002.0
USA,2021,population,thous pers,340354.0
USA,2021,savings-rate,rate annual,0.170984
USA,2021,fac-share-labor,share,0.597192
USA,2021,fac-share-capital,share,0.213201
USA,2021,fac-share-energy,share,0.189607
USA,2021,energy-service,million 1990$,2628750.0
USA,2021,total-factor-productivity,million 1990$,0.0
USA,2025,GDP,million 1990$,13741300.0
USA,2025,energy-investment,million 1990$,262248.0
USA,2025,consumer-durable,million 1990$,240039.0
USA,2025,value-added,million 1990$,11119000.0
USA,2025,gross-output,million 1990$,13757300.0
USA,2025,savings,million 1990$,2512190.0
USA,2025,investment,million 1990$,3017590.0
USA,2025,capital-stock,million 1990$,38143700.0
USA,2025,depreciation,million 1990$,1790070.0
USA,2025,energy-service-value,million 1990$,2638250.0
USA,2025,energy-net-export,million 1990$,-15989.3
USA,2025,materials-net-export,million 1990$,-489406.0
USA,2025,capital-net-export,million 1990$,505396.0
USA,2025,labor-wages,million 1990$,8230440.0
USA,2025,gdp-per-capita,thous 1990$ percap,39.7702
USA,2025,gdp-per-capita-ppp,thous 1990$ percap,37.6444
USA,2025,labor-force,thous pers,162376.0
USA,2025,population,thous pers,345517.0
USA,2025,savings-rate,rate annual,0.176985
USA,2025,fac-share-labor,share,0.598261
USA,2025,fac-share-capital,share,0.209967
USA,2025,fac-share-energy,share,0.191772
USA,2025,energy-service,million 1990$,2750390.0
USA,2025,total-factor-productivity,million 1990$,1.08583
USA,2030,GDP,million 1990$,15070900.0
USA,2030,energy-investment,million 1990$,204665.0
USA,2030,consumer-durable,million 1990$,365860.0
USA,2030,value-added,million 1990$,12156300.0
USA,2030,gross-output,million 1990$,15077800.0
USA,2030,savings,million 1990$,2867930.0
USA,2030,investment,million 1990$,3120620.0
USA,2030,capital-stock,million 1990$,41398300.0
USA,2030,depreciation,million 1990$,1899290.0
USA,2030,energy-service-value,million 1990$,2921530.0
USA,2030,energy-net-export,million 1990$,-6933.03
USA,2030,materials-net-export,million 1990$,-245765.0
USA,2030,capital-net-export,million 1990$,252698.0
USA,2030,labor-wages,million 1990$,9055650.0
USA,2030,gdp-per-capita,thous 1990$ percap,42.6866
USA,2030,gdp-per-capita-ppp,thous 1990$ percap,40.405
USA,2030,labor-force,thous pers,162295.0
USA,2030,population,thous pers,353058.0
USA,2030,savings-rate,rate annual,0.179614
USA,2030,fac-share-labor,share,0.600595
USA,2030,fac-share-capital,share,0.205641
USA,2030,fac-share-energy,share,0.193764
USA,2030,energy-service,million 1990$,2880770.0
USA,2030,total-factor-productivity,million 1990$,1.15993
USA,2035,GDP,million 1990$,16266600.0
USA,2035,energy-investment,million 1990$,238424.0
USA,2035,consumer-durable,million 1990$,479624.0
USA,2035,value-added,million 1990$,13083500.0
USA,2035,gross-output,million 1990$,16262900.0
USA,2035,savings,million 1990$,3185050.0
USA,2035,investment,million 1990$,3185050.0
USA,2035,capital-stock,million 1990$,43902100.0
USA,2035,depreciation,million 1990$,2061350.0
USA,2035,energy-service-value,million 1990$,3179390.0
USA,2035,energy-net-export,million 1990$,3678.88
USA,2035,materials-net-export,million 1990$,-3678.88
USA,2035,capital-net-export,million 1990$,0.0
USA,2035,labor-wages,million 1990$,9787200.0
USA,2035,gdp-per-capita,thous 1990$ percap,45.1278
USA,2035,gdp-per-capita-ppp,thous 1990$ percap,42.7157
USA,2035,labor-force,thous pers,162912.0
USA,2035,population,thous pers,360456.0
USA,2035,savings-rate,rate annual,0.179629
USA,2035,fac-share-labor,share,0.601811
USA,2035,fac-share-capital,share,0.202689
USA,2035,fac-share-energy,share,0.195499
USA,2035,energy-service,million 1990$,2997920.0
USA,2035,total-factor-productivity,million 1990$,1.22384
USA,2040,GDP,million 1990$,17389200.0
USA,2040,energy-investment,million 1990$,312381.0
USA,2040,consumer-durable,million 1990$,475278.0
USA,2040,value-added,million 1990$,13964800.0
USA,2040,gross-output,million 1990$,17390800.0
USA,2040,savings,million 1990$,3438000.0
USA,2040,investment,million 1990$,3438000.0
USA,2040,capital-stock,million 1990$,46318900.0
USA,2040,depreciation,million 1990$,2186020.0
USA,2040,energy-service-value,million 1990$,3425940.0
USA,2040,energy-net-export,million 1990$,-1564.04
USA,2040,materials-net-export,million 1990$,1564.04
USA,2040,capital-net-export,million 1990$,0.0
USA,2040,labor-wages,million 1990$,10489000.0
USA,2040,gdp-per-capita,thous 1990$ percap,47.3278
USA,2040,gdp-per-capita-ppp,thous 1990$ percap,44.7981
USA,2040,labor-force,thous pers,162841.0
USA,2040,population,thous pers,367421.0
USA,2040,savings-rate,rate annual,0.178425
USA,2040,fac-share-labor,share,0.603133
USA,2040,fac-share-capital,share,0.199869
USA,2040,fac-share-energy,share,0.196998
USA,2040,energy-service,million 1990$,3095680.0
USA,2040,total-factor-productivity,million 1990$,1.28689
USA,2045,GDP,million 1990$,18481200.0
USA,2045,energy-investment,million 1990$,290587.0
USA,2045,consumer-durable,million 1990$,515079.0
USA,2045,value-added,million 1990$,14843100.0
USA,2045,gross-output,million 1990$,18504000.0
USA,2045,savings,million 1990$,3654340.0
USA,2045,investment,million 1990$,3654340.0
USA,2045,capital-stock,million 1990$,48855000.0
USA,2045,depreciation,million 1990$,2306350.0
USA,2045,energy-service-value,million 1990$,3660960.0
USA,2045,energy-net-export,million 1990$,-22866.3
USA,2045,materials-net-export,million 1990$,22866.3
USA,2045,capital-net-export,million 1990$,0.0
USA,2045,labor-wages,million 1990$,11189900.0
USA,2045,gdp-per-capita,thous 1990$ percap,49.4393
USA,2045,gdp-per-capita-ppp,thous 1990$ percap,46.7968
USA,2045,labor-force,thous pers,163419.0
USA,2045,population,thous pers,373815.0
USA,2045,savings-rate,rate annual,0.176754
USA,2045,fac-share-labor,share,0.604726
USA,2045,fac-share-capital,share,0.197427
USA,2045,fac-share-energy,share,0.197847
USA,2045,energy-service,million 1990$,3179060.0
USA,2045,total-factor-productivity,million 1990$,1.34488
USA,2050,GDP,million 1990$,19562500.0
USA,2050,energy-investment,million 1990$,356138.0
USA,2050,consumer-durable,million 1990$,448071.0
USA,2050,value-added,million 1990$,15693900.0
USA,2050,gross-output,million 1990$,19589500.0
USA,2050,savings,million 1990$,3852930.0
USA,2050,investment,million 1990$,3852930.0
USA,2050,capital-stock,million 1990$,51637000.0
USA,2050,depreciation,million 1990$,2432640.0
USA,2050,energy-service-value,million 1990$,3895650.0
USA,2050,energy-net-export,million 1990$,-27014.6
USA,2050,materials-net-export,million 1990$,27014.6
USA,2050,capital-net-export,million 1990$,0.0
USA,2050,labor-wages,million 1990$,11879200.0
USA,2050,gdp-per-capita,thous 1990$ percap,51.5041
USA,2050,gdp-per-capita-ppp,thous 1990$ percap,48.7512
USA,2050,labor-force,thous pers,163471.0
USA,2050,population,thous pers,379824.0
USA,2050,savings-rate,rate annual,0.174852
USA,2050,fac-share-labor,share,0.606404
USA,2050,fac-share-capital,share,0.194732
USA,2050,fac-share-energy,share,0.198864
USA,2050,energy-service,million 1990$,3264700.0
USA,2050,total-factor-productivity,million 1990$,1.40071
USA,2055,GDP,million 1990$,20662600.0
USA,2055,energy-investment,million 1990$,327441.0
USA,2055,consumer-durable,million 1990$,493313.0
USA,2055,value-added,million 1990$,16552100.0
USA,2055,gross-output,million 1990$,20680300.0
USA,2055,savings,million 1990$,4041140.0
USA,2055,investment,million 1990$,4041140.0
USA,2055,capital-stock,million 1990$,54650400.0
USA,2055,depreciation,million 1990$,2571160.0
USA,2055,energy-service-value,million 1990$,4128110.0
USA,2055,energy-net-export,million 1990$,-17641.2
USA,2055,materials-net-export,million 1990$,17641.2
USA,2055,capital-net-export,million 1990$,0.0
USA,2055,labor-wages,million 1990$,12581000.0
USA,2055,gdp-per-capita,thous 1990$ percap,53.6736
USA,2055,gdp-per-capita-ppp,thous 1990$ percap,50.8047
USA,2055,labor-force,thous pers,163358.0
USA,2055,population,thous pers,384968.0
USA,2055,savings-rate,rate annual,0.173206
USA,2055,fac-share-labor,share,0.60836
USA,2055,fac-share-capital,share,0.192024
USA,2055,fac-share-energy,share,0.199616
USA,2055,energy-service,million 1990$,3339310.0
USA,2055,total-factor-productivity,million 1990$,1.45662
USA,2060,GDP,million 1990$,21794900.0
USA,2060,energy-investment,million 1990$,319564.0
USA,2060,consumer-durable,million 1990$,513461.0
USA,2060,value-added,million 1990$,17436700.0
USA,2060,gross-output,million 1990$,21807300.0
USA,2060,savings,million 1990$,4234390.0
USA,2060,investment,million 1990$,4234390.0
USA,2060,capital-stock,million 1990$,57784600.0
USA,2060,depreciation,million 1990$,2721210.0
USA,2060,energy-service-value,million 1990$,4370590.0
USA,2060,energy-net-export,million 1990$,-12382.2
USA,2060,materials-net-export,million 1990$,12382.2
USA,2060,capital-net-export,million 1990$,0.0
USA,2060,labor-wages,million 1990$,13307700.0
USA,2060,gdp-per-capita,thous 1990$ percap,55.8929
USA,2060,gdp-per-capita-ppp,thous 1990$ percap,52.9054
USA,2060,labor-force,thous pers,163129.0
USA,2060,population,thous pers,389941.0
USA,2060,savings-rate,rate annual,0.171626
USA,2060,fac-share-labor,share,0.610239
USA,2060,fac-share-capital,share,0.189342
USA,2060,fac-share-energy,share,0.200419
USA,2060,energy-service,million 1990$,3414480.0
USA,2060,total-factor-productivity,million 1990$,1.5143
USA,2065,GDP,million 1990$,22959900.0
USA,2065,energy-investment,million 1990$,311680.0
USA,2065,consumer-durable,million 1990$,515665.0
USA,2065,value-added,million 1990$,18350600.0
USA,2065,gross-output,million 1990$,22965500.0
USA,2065,savings,million 1990$,4432000.0
USA,2065,investment,million 1990$,4432000.0
USA,2065,capital-stock,million 1990$,61051200.0
USA,2065,depreciation,million 1990$,2877270.0
USA,2065,energy-service-value,million 1990$,4614940.0
USA,2065,energy-net-export,million 1990$,-5631.42
USA,2065,materials-net-export,million 1990$,5631.42
USA,2065,capital-net-export,million 1990$,0.0
USA,2065,labor-wages,million 1990$,14057400.0
USA,2065,gdp-per-capita,thous 1990$ percap,58.1588
USA,2065,gdp-per-capita-ppp,thous 1990$ percap,55.0502
USA,2065,labor-force,thous pers,163491.0
USA,2065,population,thous pers,394779.0
USA,2065,savings-rate,rate annual,0.170099
USA,2065,fac-share-labor,share,0.61211
USA,2065,fac-share-capital,share,0.186939
USA,2065,fac-share-energy,share,0.200951
USA,2065,energy-service,million 1990$,3487880.0
USA,2065,total-factor-productivity,million 1990$,1.56946
USA,2070,GDP,million 1990$,24112600.0
USA,2070,energy-investment,million 1990$,332915.0
USA,2070,consumer-durable,million 1990$,524914.0
USA,2070,value-added,million 1990$,19246700.0
USA,2070,gross-output,million 1990$,24112500.0
USA,2070,savings,million 1990$,4633840.0
USA,2070,investment,million 1990$,4633840.0
USA,2070,capital-stock,million 1990$,64520900.0
USA,2070,depreciation,million 1990$,3039920.0
USA,2070,energy-service-value,million 1990$,4865820.0
USA,2070,energy-net-export,million 1990$,104.504
USA,2070,materials-net-export,million 1990$,-104.504
USA,2070,capital-net-export,million 1990$,0.0
USA,2070,labor-wages,million 1990$,14805900.0
USA,2070,gdp-per-capita,thous 1990$ percap,60.3668
USA,2070,gdp-per-capita-ppp,thous 1990$ percap,57.1402
USA,2070,labor-force,thous pers,162687.0
USA,2070,population,thous pers,399435.0
USA,2070,savings-rate,rate annual,0.168365
USA,2070,fac-share-labor,share,0.614034
USA,2070,fac-share-capital,share,0.18417
USA,2070,fac-share-energy,share,0.201797
USA,2070,energy-service,million 1990$,3556850.0
USA,2070,total-factor-productivity,million 1990$,1.62953
USA,2075,GDP,million 1990$,25244000.0
USA,2075,energy-investment,million 1990$,343067.0
USA,2075,consumer-durable,million 1990$,525384.0
USA,2075,value-added,million 1990$,20118700.0
USA,2075,gross-output,million 1990$,25241900.0
USA,2075,savings,million 1990$,4824680.0
USA,2075,investment,million 1990$,4824680.0
USA,2075,capital-stock,million 1990$,67934400.0
USA,2075,depreciation,million 1990$,3212690.0
USA,2075,energy-service-value,million 1990$,5123140.0
USA,2075,energy-net-export,million 1990$,2111.77
USA,2075,materials-net-export,million 1990$,-2111.77
USA,2075,capital-net-export,million 1990$,0.0
USA,2075,labor-wages,million 1990$,15544000.0
USA,2075,gdp-per-capita,thous 1990$ percap,62.5561
USA,2075,gdp-per-capita-ppp,thous 1990$ percap,59.2124
USA,2075,labor-force,thous pers,160816.0
USA,2075,population,thous pers,403542.0
USA,2075,savings-rate,rate annual,0.166573
USA,2075,fac-share-labor,share,0.615802
USA,2075,fac-share-capital,share,0.181236
USA,2075,fac-share-energy,share,0.202962
USA,2075,energy-service,million 1990$,3619030.0
USA,2075,total-factor-productivity,million 1990$,1.69597
USA,2080,GDP,million 1990$,26348400.0
USA,2080,energy-investment,million 1990$,367695.0
USA,2080,consumer-durable,million 1990$,535166.0
USA,2080,value-added,million 1990$,20974800.0
USA,2080,gross-output,million 1990$,26345100.0
USA,2080,savings,million 1990$,5005810.0
USA,2080,investment,million 1990$,5005810.0
USA,2080,capital-stock,million 1990$,71350400.0
USA,2080,depreciation,million 1990$,3382660.0
USA,2080,energy-service-value,million 1990$,5370320.0
USA,2080,energy-net-export,million 1990$,3368.95
USA,2080,materials-net-export,million 1990$,-3368.95
USA,2080,capital-net-export,million 1990$,0.0
USA,2080,labor-wages,million 1990$,16270000.0
USA,2080,gdp-per-capita,thous 1990$ percap,64.8059
USA,2080,gdp-per-capita-ppp,thous 1990$ percap,61.342
USA,2080,labor-force,thous pers,159268.0
USA,2080,population,thous pers,406575.0
USA,2080,savings-rate,rate annual,0.16493
USA,2080,fac-share-labor,share,0.617573
USA,2080,fac-share-capital,share,0.178582
USA,2080,fac-share-energy,share,0.203845
USA,2080,energy-service,million 1990$,3671850.0
USA,2080,total-factor-productivity,million 1990$,1.75984
USA,2085,GDP,million 1990$,27428600.0
USA,2085,energy-investment,million 1990$,354292.0
USA,2085,consumer-durable,million 1990$,537635.0
USA,2085,value-added,million 1990$,21818200.0
USA,2085,gross-output,million 1990$,27425000.0
USA,2085,savings,million 1990$,5181530.0
USA,2085,investment,million 1990$,5181530.0
USA,2085,capital-stock,million 1990$,74636100.0
USA,2085,depreciation,million 1990$,3552750.0
USA,2085,energy-service-value,million 1990$,5606870.0
USA,2085,energy-net-export,million 1990$,3611.34
USA,2085,materials-net-export,million 1990$,-3611.34
USA,2085,capital-net-export,million 1990$,0.0
USA,2085,labor-wages,million 1990$,16984100.0
USA,2085,gdp-per-capita,thous 1990$ percap,67.1767
USA,2085,gdp-per-capita-ppp,thous 1990$ percap,63.5861
USA,2085,labor-force,thous pers,158038.0
USA,2085,population,thous pers,408306.0
USA,2085,savings-rate,rate annual,0.163553
USA,2085,fac-share-labor,share,0.619291
USA,2085,fac-share-capital,share,0.176266
USA,2085,fac-share-energy,share,0.204443
USA,2085,energy-service,million 1990$,3713860.0
USA,2085,total-factor-productivity,million 1990$,1.8219
USA,2090,GDP,million 1990$,28489100.0
USA,2090,energy-investment,million 1990$,350811.0
USA,2090,consumer-durable,million 1990$,537720.0
USA,2090,value-added,million 1990$,22658400.0
USA,2090,gross-output,million 1990$,28485300.0
USA,2090,savings,million 1990$,5356200.0
USA,2090,investment,million 1990$,5356200.0
USA,2090,capital-stock,million 1990$,78021400.0
USA,2090,depreciation,million 1990$,3716350.0
USA,2090,energy-service-value,million 1990$,5826890.0
USA,2090,energy-net-export,million 1990$,3886.91
USA,2090,materials-net-export,million 1990$,-3886.91
USA,2090,capital-net-export,million 1990$,0.0
USA,2090,labor-wages,million 1990$,17693100.0
USA,2090,gdp-per-capita,thous 1990$ percap,69.6805
USA,2090,gdp-per-capita-ppp,thous 1990$ percap,65.9561
USA,2090,labor-force,thous pers,157601.0
USA,2090,population,thous pers,408854.0
USA,2090,savings-rate,rate annual,0.162424
USA,2090,fac-share-labor,share,0.621133
USA,2090,fac-share-capital,share,0.174309
USA,2090,fac-share-energy,share,0.204558
USA,2090,energy-service,million 1990$,3747540.0
USA,2090,total-factor-productivity,million 1990$,1.87744
USA,2095,GDP,million 1990$,29531400.0
USA,2095,energy-investment,million 1990$,352248.0
USA,2095,consumer-durable,million 1990$,538680.0
USA,2095,value-added,million 1990$,23478500.0
USA,2095,gross-output,million 1990$,29526100.0
USA,2095,savings,million 1990$,5531140.0
USA,2095,investment,million 1990$,5531140.0
USA,2095,capital-stock,million 1990$,81450800.0
USA,2095,depreciation,million 1990$,3884920.0
USA,2095,energy-service-value,million 1990$,6047610.0
USA,2095,energy-net-export,million 1990$,5317.46
USA,2095,materials-net-export,million 1990$,-5317.46
USA,2095,capital-net-export,million 1990$,0.0
USA,2095,labor-wages,million 1990$,18394000.0
USA,2095,gdp-per-capita,thous 1990$ percap,72.2805
USA,2095,gdp-per-capita-ppp,thous 1990$ percap,68.4171
USA,2095,labor-force,thous pers,156450.0
USA,2095,population,thous pers,408567.0
USA,2095,savings-rate,rate annual,0.161423
USA,2095,fac-share-labor,share,0.622973
USA,2095,fac-share-capital,share,0.172204
USA,2095,fac-share-energy,share,0.204822
USA,2095,energy-service,million 1990$,3773430.0
USA,2095,total-factor-productivity,million 1990$,1.93768
USA,2100,GDP,million 1990$,30542700.0
USA,2100,energy-investment,million 1990$,362199.0
USA,2100,consumer-durable,million 1990$,537986.0
USA,2100,value-added,million 1990$,24267800.0
USA,2100,gross-output,million 1990$,30537100.0
USA,2100,savings,million 1990$,5703930.0
USA,2100,investment,million 1990$,5703930.0
USA,2100,capital-stock,million 1990$,84878700.0
USA,2100,depreciation,million 1990$,4055680.0
USA,2100,energy-service-value,million 1990$,6269270.0
USA,2100,energy-net-export,million 1990$,5588.04
USA,2100,materials-net-export,million 1990$,-5588.04
USA,2100,capital-net-export,million 1990$,0.0
USA,2100,labor-wages,million 1990$,19079300.0
USA,2100,gdp-per-capita,thous 1990$ percap,74.932
USA,2100,gdp-per-capita-ppp,thous 1990$ percap,70.9269
USA,2100,labor-force,thous pers,154398.0
USA,2100,population,thous pers,407605.0
USA,2100,savings-rate,rate annual,0.160439
USA,2100,fac-share-labor,share,0.62479
USA,2100,fac-share-capital,share,0.16991
USA,2100,fac-share-energy,share,0.2053
USA,2100,energy-service,million 1990$,3789970.0
USA,2100,total-factor-productivity,million 1990$,2.0046
Africa_Eastern,1975,GDP,million 1990$,34407.0
Africa_Eastern,1975,energy-investment,million 1990$,275.863
Africa_Eastern,1975,consumer-durable,million 1990$,0.141933
Africa_Eastern,1975,value-added,million 1990$,22957.3
Africa_Eastern,1975,gross-output,million 1990$,34409.1
Africa_Eastern,1975,savings,million 1990$,1520.03
Africa_Eastern,1975,investment,million 1990$,2764.34
Africa_Eastern,1975,capital-stock,million 1990$,68185.7
Africa_Eastern,1975,depreciation,million 1990$,2841.91
Africa_Eastern,1975,energy-service-value,million 1990$,11451.8
Africa_Eastern,1975,energy-net-export,million 1990$,-2.129
Africa_Eastern,1975,materials-net-export,million 1990$,-1242.18
Africa_Eastern,1975,capital-net-export,million 1990$,1244.31
Africa_Eastern,1975,labor-wages,million 1990$,13834.7
Africa_Eastern,1975,gdp-per-capita,thous 1990$ percap,0.349633
Africa_Eastern,1975,gdp-per-capita-ppp,thous 1990$ percap,0.873977
Africa_Eastern,1975,labor-force,thous pers,36951.0
Africa_Eastern,1975,population,thous pers,98409.0
Africa_Eastern,1975,savings-rate,rate annual,0.044178
Africa_Eastern,1975,fac-share-labor,share,0.402065
Africa_Eastern,1975,fac-share-capital,share,0.265122
Africa_Eastern,1975,fac-share-energy,share,0.332814
Africa_Eastern,1975,energy-service,million 1990$,2.129
Africa_Eastern,1975,total-factor-productivity,million 1990$,0.0
Africa_Eastern,1990,GDP,million 1990$,54331.0
Africa_Eastern,1990,energy-investment,million 1990$,399.799
Africa_Eastern,1990,consumer-durable,million 1990$,878.806
Africa_Eastern,1990,value-added,million 1990$,36060.0
Africa_Eastern,1990,gross-output,million 1990$,56204.5
Africa_Eastern,1990,savings,million 1990$,1520.17
Africa_Eastern,1990,investment,million 1990$,2753.06
Africa_Eastern,1990,capital-stock,million 1990$,109169.0
Africa_Eastern,1990,depreciation,million 1990$,2841.91
Africa_Eastern,1990,energy-service-value,million 1990$,20144.5
Africa_Eastern,1990,energy-net-export,million 1990$,-1873.46
Africa_Eastern,1990,materials-net-export,million 1990$,640.568
Africa_Eastern,1990,capital-net-export,million 1990$,1232.89
Africa_Eastern,1990,labor-wages,million 1990$,23296.2
Africa_Eastern,1990,gdp-per-capita,thous 1990$ percap,0.35966
Africa_Eastern,1990,gdp-per-capita-ppp,thous 1990$ percap,0.899043
Africa_Eastern,1990,labor-force,thous pers,56117.7
Africa_Eastern,1990,population,thous pers,151062.0
Africa_Eastern,1990,savings-rate,rate annual,0.054515
Africa_Eastern,1990,fac-share-labor,share,0.41449
Africa_Eastern,1990,fac-share-capital,share,0.227096
Africa_Eastern,1990,fac-share-energy,share,0.358414
Africa_Eastern,1990,energy-service,million 1990$,21948.3
Africa_Eastern,1990,total-factor-productivity,million 1990$,0.0
Africa_Eastern,2005,GDP,million 1990$,102023.0
Africa_Eastern,2005,energy-investment,million 1990$,2676.93
Africa_Eastern,2005,consumer-durable,million 1990$,1275.89
Africa_Eastern,2005,value-added,million 1990$,70513.2
Africa_Eastern,2005,gross-output,million 1990$,102278.0
Africa_Eastern,2005,savings,million 1990$,3840.66
Africa_Eastern,2005,investment,million 1990$,8243.07
Africa_Eastern,2005,capital-stock,million 1990$,232637.0
Africa_Eastern,2005,depreciation,million 1990$,4409.88
Africa_Eastern,2005,energy-service-value,million 1990$,31765.0
Africa_Eastern,2005,energy-net-export,million 1990$,-255.217
Africa_Eastern,2005,materials-net-export,million 1990$,-4147.19
Africa_Eastern,2005,capital-net-export,million 1990$,4402.41
Africa_Eastern,2005,labor-wages,million 1990$,42145.2
Africa_Eastern,2005,gdp-per-capita,thous 1990$ percap,0.442647
Africa_Eastern,2005,gdp-per-capita-ppp,thous 1990$ percap,1.10648
Africa_Eastern,2005,labor-force,thous pers,86734.6
Africa_Eastern,2005,population,thous pers,230484.0
Africa_Eastern,2005,savings-rate,rate annual,0.169094
Africa_Eastern,2005,fac-share-labor,share,0.412064
Africa_Eastern,2005,fac-share-capital,share,0.277362
Africa_Eastern,2005,fac-share-energy,share,0.310574
Africa_Eastern,2005,energy-service,million 1990$,32924.6
Africa_Eastern,2005,total-factor-productivity,million 1990$,0.0
Africa_Eastern,2010,GDP,million 1990$,141995.0
Africa_Eastern,2010,energy-investment,million 1990$,4024.34
Africa_Eastern,2010,consumer-durable,million 1990$,3356.04
Africa_Eastern,2010,value-added,million 1990$,93549.2
Africa_Eastern,2010,gross-output,million 1990$,140939.0
Africa_Eastern,2010,savings,million 1990$,18527.4
Africa_Eastern,2010,investment,million 1990$,22847.9
Africa_Eastern,2010,capital-stock,million 1990$,347822.0
Africa_Eastern,2010,depreciation,million 1990$,11636.0
Africa_Eastern,2010,energy-service-value,million 1990$,47389.7
Africa_Eastern,2010,energy-net-export,million 1990$,1056.01
Africa_Eastern,2010,materials-net-export,million 1990$,-5376.53
Africa_Eastern,2010,capital-net-export,million 1990$,4320.51
Africa_Eastern,2010,labor-wages,million 1990$,55718.5
Africa_Eastern,2010,gdp-per-capita,thous 1990$ percap,0.532531
Africa_Eastern,2010,gdp-per-capita-ppp,thous 1990$ percap,1.33117
Africa_Eastern,2010,labor-force,thous pers,103272.0
Africa_Eastern,2010,population,thous pers,266642.0
Africa_Eastern,2010,savings-rate,rate annual,0.2103
Africa_Eastern,2010,fac-share-labor,share,0.395338
Africa_Eastern,2010,fac-share-capital,share,0.268419
Africa_Eastern,2010,fac-share-energy,share,0.336243
Africa_Eastern,2010,energy-service,million 1990$,49066.9
Africa_Eastern,2010,total-factor-productivity,million 1990$,0.0
Africa_Eastern,2015,GDP,million 1990$,182444.0
Africa_Eastern,2015,energy-investment,million 1990$,4976.87
Africa_Eastern,2015,consumer-durable,million 1990$,5116.61
Africa_Eastern,2015,value-added,million 1990$,127797.0
Africa_Eastern,2015,gross-output,million 1990$,187272.0
Africa_Eastern,2015,savings,million 1990$,33217.6
Africa_Eastern,2015,investment,million 1990$,43895.6
Africa_Eastern,2015,capital-stock,million 1990$,536411.0
Africa_Eastern,2015,depreciation,million 1990$,19909.3
Africa_Eastern,2015,energy-service-value,million 1990$,59475.1
Africa_Eastern,2015,energy-net-export,million 1990$,-4828.08
Africa_Eastern,2015,materials-net-export,million 1990$,-5849.92
Africa_Eastern,2015,capital-net-export,million 1990$,10678.0
Africa_Eastern,2015,labor-wages,million 1990$,67229.2
Africa_Eastern,2015,gdp-per-capita,thous 1990$ percap,0.599271
Africa_Eastern,2015,gdp-per-capita-ppp,thous 1990$ percap,1.498
Africa_Eastern,2015,labor-force,thous pers,121890.0
Africa_Eastern,2015,population,thous pers,304443.0
Africa_Eastern,2015,savings-rate,rate annual,0.232039
Africa_Eastern,2015,fac-share-labor,share,0.358992
Africa_Eastern,2015,fac-share-capital,share,0.323422
Africa_Eastern,2015,fac-share-energy,share,0.317586
Africa_Eastern,2015,energy-service,million 1990$,67252.9
Africa_Eastern,2015,total-factor-productivity,million 1990$,0.0
Africa_Eastern,2021,GDP,million 1990$,230981.0
Africa_Eastern,2021,energy-investment,million 1990$,6164.87
Africa_Eastern,2021,consumer-durable,million 1990$,6135.78
Africa_Eastern,2021,value-added,million 1990$,171634.0
Africa_Eastern,2021,gross-output,million 1990$,236950.0
Africa_Eastern,2021,savings,million 1990$,47450.7
Africa_Eastern,2021,investment,million 1990$,59108.9
Africa_Eastern,2021,capital-stock,million 1990$,718174.0
Africa_Eastern,2021,depreciation,million 1990$,30396.8
Africa_Eastern,2021,energy-service-value,million 1990$,65315.2
Africa_Eastern,2021,energy-net-export,million 1990$,-5968.52
Africa_Eastern,2021,materials-net-export,million 1990$,-5689.66
Africa_Eastern,2021,capital-net-export,million 1990$,11658.2
Africa_Eastern,2021,labor-wages,million 1990$,83834.8
Africa_Eastern,2021,gdp-per-capita,thous 1990$ percap,0.650001
Africa_Eastern,2021,gdp-per-capita-ppp,thous 1990$ percap,1.62481
Africa_Eastern,2021,labor-force,thous pers,143951.0
Africa_Eastern,2021,population,thous pers,355355.0
Africa_Eastern,2021,savings-rate,rate annual,0.234395
Africa_Eastern,2021,fac-share-labor,share,0.353809
Africa_Eastern,2021,fac-share-capital,share,0.370541
Africa_Eastern,2021,fac-share-energy,share,0.27565
Africa_Eastern,2021,energy-service,million 1990$,80583.3
Africa_Eastern,2021,total-factor-productivity,million 1990$,0.0
Africa_Eastern,2025,GDP,million 1990$,272475.0
Africa_Eastern,2025,energy-investment,million 1990$,20305.5
Africa_Eastern,2025,consumer-durable,million 1990$,3895.24
Africa_Eastern,2025,value-added,million 1990$,199895.0
Africa_Eastern,2025,gross-output,million 1990$,277733.0
Africa_Eastern,2025,savings,million 1990$,60276.6
Africa_Eastern,2025,investment,million 1990$,68603.8
Africa_Eastern,2025,capital-stock,million 1990$,782185.0
Africa_Eastern,2025,depreciation,million 1990$,38938.7
Africa_Eastern,2025,energy-service-value,million 1990$,77837.5
Africa_Eastern,2025,energy-net-export,million 1990$,-5257.57
Africa_Eastern,2025,materials-net-export,million 1990$,-3069.7
Africa_Eastern,2025,capital-net-export,million 1990$,8327.27
Africa_Eastern,2025,labor-wages,million 1990$,97110.5
Africa_Eastern,2025,gdp-per-capita,thous 1990$ percap,0.696689
Africa_Eastern,2025,gdp-per-capita-ppp,thous 1990$ percap,1.74151
Africa_Eastern,2025,labor-force,thous pers,162409.0
Africa_Eastern,2025,population,thous pers,391100.0
Africa_Eastern,2025,savings-rate,rate annual,0.230622
Africa_Eastern,2025,fac-share-labor,share,0.349655
Africa_Eastern,2025,fac-share-capital,share,0.370085
Africa_Eastern,2025,fac-share-energy,share,0.280261
Africa_Eastern,2025,energy-service,million 1990$,93484.1
Africa_Eastern,2025,total-factor-productivity,million 1990$,1.04444
Africa_Eastern,2030,GDP,million 1990$,363027.0
Africa_Eastern,2030,energy-investment,million 1990$,31235.3
Africa_Eastern,2030,consumer-durable,million 1990$,8256.79
Africa_Eastern,2030,value-added,million 1990$,259729.0
Africa_Eastern,2030,gross-output,million 1990$,370685.0
Africa_Eastern,2030,savings,million 1990$,70076.7
Africa_Eastern,2030,investment,million 1990$,74240.4
Africa_Eastern,2030,capital-stock,million 1990$,816418.0
Africa_Eastern,2030,depreciation,million 1990$,42409.3
Africa_Eastern,2030,energy-service-value,million 1990$,110956.0
Africa_Eastern,2030,energy-net-export,million 1990$,-7658.39
Africa_Eastern,2030,materials-net-export,million 1990$,3494.76
Africa_Eastern,2030,capital-net-export,million 1990$,4163.64
Africa_Eastern,2030,labor-wages,million 1990$,124305.0
Africa_Eastern,2030,gdp-per-capita,thous 1990$ percap,0.828783
Africa_Eastern,2030,gdp-per-capita-ppp,thous 1990$ percap,2.07171
Africa_Eastern,2030,labor-force,thous pers,186652.0
Africa_Eastern,2030,population,thous pers,438024.0
Africa_Eastern,2030,savings-rate,rate annual,0.244255
Africa_Eastern,2030,fac-share-labor,share,0.335338
Africa_Eastern,2030,fac-share-capital,share,0.365335
Africa_Eastern,2030,fac-share-energy,share,0.299328
Africa_Eastern,2030,energy-service,million 1990$,123026.0
Africa_Eastern,2030,total-factor-productivity,million 1990$,1.2083
Africa_Eastern,2035,GDP,million 1990$,479089.0
Africa_Eastern,2035,energy-investment,million 1990$,40298.0
Africa_Eastern,2035,consumer-durable,million 1990$,12234.8
Africa_Eastern,2035,value-added,million 1990$,334631.0
Africa_Eastern,2035,gross-output,million 1990$,489553.0
Africa_Eastern,2035,savings,million 1990$,98314.4
Africa_Eastern,2035,investment,million 1990$,98314.4
Africa_Eastern,2035,capital-stock,million 1990$,881727.0
Africa_Eastern,2035,depreciation,million 1990$,44265.4
Africa_Eastern,2035,energy-service-value,million 1990$,154922.0
Africa_Eastern,2035,energy-net-export,million 1990$,-10464.3
Africa_Eastern,2035,materials-net-export,million 1990$,10464.3
Africa_Eastern,2035,capital-net-export,million 1990$,0.0
Africa_Eastern,2035,labor-wages,million 1990$,158862.0
Africa_Eastern,2035,gdp-per-capita,thous 1990$ percap,0.986521
Africa_Eastern,2035,gdp-per-capita-ppp,thous 1990$ percap,2.46601
Africa_Eastern,2035,labor-force,thous pers,212241.0
Africa_Eastern,2035,population,thous pers,485635.0
Africa_Eastern,2035,savings-rate,rate annual,0.256522
Africa_Eastern,2035,fac-share-labor,share,0.324505
Africa_Eastern,2035,fac-share-capital,share,0.35904
Africa_Eastern,2035,fac-share-energy,share,0.316455
Africa_Eastern,2035,energy-service,million 1990$,159923.0
Africa_Eastern,2035,total-factor-productivity,million 1990$,1.3721
Africa_Eastern,2040,GDP,million 1990$,620361.0
Africa_Eastern,2040,energy-investment,million 1990$,54155.4
Africa_Eastern,2040,consumer-durable,million 1990$,14420.3
Africa_Eastern,2040,value-added,million 1990$,426395.0
Africa_Eastern,2040,gross-output,million 1990$,634007.0
Africa_Eastern,2040,savings,million 1990$,135624.0
Africa_Eastern,2040,investment,million 1990$,135624.0
Africa_Eastern,2040,capital-stock,million 1990$,1040030.0
Africa_Eastern,2040,depreciation,million 1990$,47806.3
Africa_Eastern,2040,energy-service-value,million 1990$,207612.0
Africa_Eastern,2040,energy-net-export,million 1990$,-13645.8
Africa_Eastern,2040,materials-net-export,million 1990$,13645.8
Africa_Eastern,2040,capital-net-export,million 1990$,0.0
Africa_Eastern,2040,labor-wages,million 1990$,203938.0
Africa_Eastern,2040,gdp-per-capita,thous 1990$ percap,1.16435
Africa_Eastern,2040,gdp-per-capita-ppp,thous 1990$ percap,2.91054
Africa_Eastern,2040,labor-force,thous pers,238764.0
Africa_Eastern,2040,population,thous pers,532794.0
Africa_Eastern,2040,savings-rate,rate annual,0.266017
Africa_Eastern,2040,fac-share-labor,share,0.321665
Africa_Eastern,2040,fac-share-capital,share,0.350875
Africa_Eastern,2040,fac-share-energy,share,0.32746
Africa_Eastern,2040,energy-service,million 1990$,203990.0
Africa_Eastern,2040,total-factor-productivity,million 1990$,1.49167
Africa_Eastern,2045,GDP,million 1990$,796650.0
Africa_Eastern,2045,energy-investment,million 1990$,63896.2
Africa_Eastern,2045,consumer-durable,million 1990$,18062.0
Africa_Eastern,2045,value-added,million 1990$,541495.0
Africa_Eastern,2045,gross-output,million 1990$,815144.0
Africa_Eastern,2045,savings,million 1990$,181506.0
Africa_Eastern,2045,investment,million 1990$,181506.0
Africa_Eastern,2045,capital-stock,million 1990$,1293690.0
Africa_Eastern,2045,depreciation,million 1990$,56389.2
Africa_Eastern,2045,energy-service-value,million 1990$,273649.0
Africa_Eastern,2045,energy-net-export,million 1990$,-18493.7
Africa_Eastern,2045,materials-net-export,million 1990$,18493.7
Africa_Eastern,2045,capital-net-export,million 1990$,0.0
Africa_Eastern,2045,labor-wages,million 1990$,263515.0
Africa_Eastern,2045,gdp-per-capita,thous 1990$ percap,1.37615
Africa_Eastern,2045,gdp-per-capita-ppp,thous 1990$ percap,3.43997
Africa_Eastern,2045,labor-force,thous pers,265633.0
Africa_Eastern,2045,population,thous pers,578897.0
Africa_Eastern,2045,savings-rate,rate annual,0.274724
Africa_Eastern,2045,fac-share-labor,share,0.323274
Africa_Eastern,2045,fac-share-capital,share,0.341019
Africa_Eastern,2045,fac-share-energy,share,0.335707
Africa_Eastern,2045,energy-service,million 1990$,259018.0
Africa_Eastern,2045,total-factor-productivity,million 1990$,1.58744
Africa_Eastern,2050,GDP,million 1990$,1015180.0
Africa_Eastern,2050,energy-investment,million 1990$,76305.1
Africa_Eastern,2050,consumer-durable,million 1990$,20838.7
Africa_Eastern,2050,value-added,million 1990$,684593.0
Africa_Eastern,2050,gross-output,million 1990$,1038940.0
Africa_Eastern,2050,savings,million 1990$,240021.0
Africa_Eastern,2050,investment,million 1990$,240021.0
Africa_Eastern,2050,capital-stock,million 1990$,1688140.0
Africa_Eastern,2050,depreciation,million 1990$,70142.7
Africa_Eastern,2050,energy-service-value,million 1990$,354345.0
Africa_Eastern,2050,energy-net-export,million 1990$,-23761.6
Africa_Eastern,2050,materials-net-export,million 1990$,23761.6
Africa_Eastern,2050,capital-net-export,million 1990$,0.0
Africa_Eastern,2050,labor-wages,million 1990$,342007.0
Africa_Eastern,2050,gdp-per-capita,thous 1990$ percap,1.62838
Africa_Eastern,2050,gdp-per-capita-ppp,thous 1990$ percap,4.07045
Africa_Eastern,2050,labor-force,thous pers,291706.0
Africa_Eastern,2050,population,thous pers,623428.0
Africa_Eastern,2050,savings-rate,rate annual,0.282694
Africa_Eastern,2050,fac-share-labor,share,0.32919
Africa_Eastern,2050,fac-share-capital,share,0.329746
Africa_Eastern,2050,fac-share-energy,share,0.341065
Africa_Eastern,2050,energy-service,million 1990$,325652.0
Africa_Eastern,2050,total-factor-productivity,million 1990$,1.66105
Africa_Eastern,2055,GDP,million 1990$,1283600.0
Africa_Eastern,2055,energy-investment,million 1990$,86805.9
Africa_Eastern,2055,consumer-durable,million 1990$,28793.6
Africa_Eastern,2055,value-added,million 1990$,862025.0
Africa_Eastern,2055,gross-output,million 1990$,1314240.0
Africa_Eastern,2055,savings,million 1990$,313951.0
Africa_Eastern,2055,investment,million 1990$,313951.0
Africa_Eastern,2055,capital-stock,million 1990$,2250190.0
Africa_Eastern,2055,depreciation,million 1990$,91529.3
Africa_Eastern,2055,energy-service-value,million 1990$,452214.0
Africa_Eastern,2055,energy-net-export,million 1990$,-30640.7
Africa_Eastern,2055,materials-net-export,million 1990$,30640.7
Africa_Eastern,2055,capital-net-export,million 1990$,0.0
Africa_Eastern,2055,labor-wages,million 1990$,444059.0
Africa_Eastern,2055,gdp-per-capita,thous 1990$ percap,1.92956
Africa_Eastern,2055,gdp-per-capita-ppp,thous 1990$ percap,4.82331
Africa_Eastern,2055,labor-force,thous pers,315971.0
Africa_Eastern,2055,population,thous pers,665230.0
Africa_Eastern,2055,savings-rate,rate annual,0.290046
Africa_Eastern,2055,fac-share-labor,share,0.337883
Africa_Eastern,2055,fac-share-capital,share,0.318029
Africa_Eastern,2055,fac-share-energy,share,0.344088
Africa_Eastern,2055,energy-service,million 1990$,401335.0
Africa_Eastern,2055,total-factor-productivity,million 1990$,1.73532
Africa_Eastern,2060,GDP,million 1990$,1609720.0
Africa_Eastern,2060,energy-investment,million 1990$,102683.0
Africa_Eastern,2060,consumer-durable,million 1990$,35620.9
Africa_Eastern,2060,value-added,million 1990$,1075980.0
Africa_Eastern,2060,gross-output,million 1990$,1647860.0
Africa_Eastern,2060,savings,million 1990$,406400.0
Africa_Eastern,2060,investment,million 1990$,406400.0
Africa_Eastern,2060,capital-stock,million 1990$,3007480.0
Africa_Eastern,2060,depreciation,million 1990$,122003.0
Africa_Eastern,2060,energy-service-value,million 1990$,571884.0
Africa_Eastern,2060,energy-net-export,million 1990$,-38145.4
Africa_Eastern,2060,materials-net-export,million 1990$,38145.4
Africa_Eastern,2060,capital-net-export,million 1990$,0.0
Africa_Eastern,2060,labor-wages,million 1990$,572138.0
Africa_Eastern,2060,gdp-per-capita,thous 1990$ percap,2.28647
Africa_Eastern,2060,gdp-per-capita-ppp,thous 1990$ percap,5.71549
Africa_Eastern,2060,labor-force,thous pers,338269.0
Africa_Eastern,2060,population,thous pers,704017.0
Africa_Eastern,2060,savings-rate,rate annual,0.296608
Africa_Eastern,2060,fac-share-labor,share,0.347201
Africa_Eastern,2060,fac-share-capital,share,0.305753
Africa_Eastern,2060,fac-share-energy,share,0.347046
Africa_Eastern,2060,energy-service,million 1990$,490240.0
Africa_Eastern,2060,total-factor-productivity,million 1990$,1.812
Africa_Eastern,2065,GDP,million 1990$,2002740.0
Africa_Eastern,2065,energy-investment,million 1990$,117280.0
Africa_Eastern,2065,consumer-durable,million 1990$,43430.2
Africa_Eastern,2065,value-added,million 1990$,1331930.0
Africa_Eastern,2065,gross-output,million 1990$,2049160.0
Africa_Eastern,2065,savings,million 1990$,520215.0
Africa_Eastern,2065,investment,million 1990$,520215.0
Africa_Eastern,2065,capital-stock,million 1990$,3989330.0
Africa_Eastern,2065,depreciation,million 1990$,163063.0
Africa_Eastern,2065,energy-service-value,million 1990$,717233.0
Africa_Eastern,2065,energy-net-export,million 1990$,-46416.2
Africa_Eastern,2065,materials-net-export,million 1990$,46416.2
Africa_Eastern,2065,capital-net-export,million 1990$,0.0
Africa_Eastern,2065,labor-wages,million 1990$,730562.0
Africa_Eastern,2065,gdp-per-capita,thous 1990$ percap,2.71152
Africa_Eastern,2065,gdp-per-capita-ppp,thous 1990$ percap,6.77798
Africa_Eastern,2065,labor-force,thous pers,358312.0
Africa_Eastern,2065,population,thous pers,738606.0
Africa_Eastern,2065,savings-rate,rate annual,0.302597
Africa_Eastern,2065,fac-share-labor,share,0.356518
Africa_Eastern,2065,fac-share-capital,share,0.293469
Africa_Eastern,2065,fac-share-energy,share,0.350013
Africa_Eastern,2065,energy-service,million 1990$,591135.0
Africa_Eastern,2065,total-factor-productivity,million 1990$,1.90077
Africa_Eastern,2070,GDP,million 1990$,2464220.0
Africa_Eastern,2070,energy-investment,million 1990$,129005.0
Africa_Eastern,2070,consumer-durable,million 1990$,52926.2
Africa_Eastern,2070,value-added,million 1990$,1631300.0
Africa_Eastern,2070,gross-output,million 1990$,2519400.0
Africa_Eastern,2070,savings,million 1990$,659225.0
Africa_Eastern,2070,investment,million 1990$,659225.0
Africa_Eastern,2070,capital-stock,million 1990$,5255470.0
Africa_Eastern,2070,depreciation,million 1990$,216297.0
Africa_Eastern,2070,energy-service-value,million 1990$,888097.0
Africa_Eastern,2070,energy-net-export,million 1990$,-55178.4
Africa_Eastern,2070,materials-net-export,million 1990$,55178.4
Africa_Eastern,2070,capital-net-export,million 1990$,0.0
Africa_Eastern,2070,labor-wages,million 1990$,922480.0
Africa_Eastern,2070,gdp-per-capita,thous 1990$ percap,3.20502
Africa_Eastern,2070,gdp-per-capita-ppp,thous 1990$ percap,8.01159
Africa_Eastern,2070,labor-force,thous pers,375234.0
Africa_Eastern,2070,population,thous pers,768862.0
Africa_Eastern,2070,savings-rate,rate annual,0.307379
Africa_Eastern,2070,fac-share-labor,share,0.366151
Africa_Eastern,2070,fac-share-capital,share,0.281345
Africa_Eastern,2070,fac-share-energy,share,0.352504
Africa_Eastern,2070,energy-service,million 1990$,700445.0
Africa_Eastern,2070,total-factor-productivity,million 1990$,2.00043
Africa_Eastern,2075,GDP,million 1990$,3000700.0
Africa_Eastern,2075,energy-investment,million 1990$,141037.0
Africa_Eastern,2075,consumer-durable,million 1990$,62811.9
Africa_Eastern,2075,value-added,million 1990$,1976680.0
Africa_Eastern,2075,gross-output,million 1990$,3064350.0
Africa_Eastern,2075,savings,million 1990$,822908.0
Africa_Eastern,2075,investment,million 1990$,822908.0
Africa_Eastern,2075,capital-stock,million 1990$,6852770.0
Africa_Eastern,2075,depreciation,million 1990$,284946.0
Africa_Eastern,2075,energy-service-value,million 1990$,1087660.0
Africa_Eastern,2075,energy-net-export,million 1990$,-63651.6
Africa_Eastern,2075,materials-net-export,million 1990$,63651.6
Africa_Eastern,2075,capital-net-export,million 1990$,0.0
Africa_Eastern,2075,labor-wages,million 1990$,1151040.0
Africa_Eastern,2075,gdp-per-capita,thous 1990$ percap,3.77949
Africa_Eastern,2075,gdp-per-capita-ppp,thous 1990$ percap,9.44758
Africa_Eastern,2075,labor-force,thous pers,389029.0
Africa_Eastern,2075,population,thous pers,793943.0
Africa_Eastern,2075,savings-rate,rate annual,0.311246
Africa_Eastern,2075,fac-share-labor,share,0.375622
Africa_Eastern,2075,fac-share-capital,share,0.269437
Africa_Eastern,2075,fac-share-energy,share,0.354941
Africa_Eastern,2075,energy-service,million 1990$,817982.0
Africa_Eastern,2075,total-factor-productivity,million 1990$,2.11242
Africa_Eastern,2080,GDP,million 1990$,3611190.0
Africa_Eastern,2080,energy-investment,million 1990$,152333.0
Africa_Eastern,2080,consumer-durable,million 1990$,73283.1
Africa_Eastern,2080,value-added,million 1990$,2367810.0
Africa_Eastern,2080,gross-output,million 1990$,3683420.0
Africa_Eastern,2080,savings,million 1990$,1013670.0
Africa_Eastern,2080,investment,million 1990$,1013670.0
Africa_Eastern,2080,capital-stock,million 1990$,8819020.0
Africa_Eastern,2080,depreciation,million 1990$,371551.0
Africa_Eastern,2080,energy-service-value,million 1990$,1315610.0
Africa_Eastern,2080,energy-net-export,million 1990$,-72231.6
Africa_Eastern,2080,materials-net-export,million 1990$,72231.6
Africa_Eastern,2080,capital-net-export,million 1990$,0.0
Africa_Eastern,2080,labor-wages,million 1990$,1417550.0
Africa_Eastern,2080,gdp-per-capita,thous 1990$ percap,4.43524
Africa_Eastern,2080,gdp-per-capita-ppp,thous 1990$ percap,11.0868
Africa_Eastern,2080,labor-force,thous pers,399504.0
Africa_Eastern,2080,population,thous pers,814205.0
Africa_Eastern,2080,savings-rate,rate annual,0.313869
Africa_Eastern,2080,fac-share-labor,share,0.384847
Africa_Eastern,2080,fac-share-capital,share,0.257983
Africa_Eastern,2080,fac-share-energy,share,0.357171
Africa_Eastern,2080,energy-service,million 1990$,939430.0
Africa_Eastern,2080,total-factor-productivity,million 1990$,2.23878
Africa_Eastern,2085,GDP,million 1990$,4295900.0
Africa_Eastern,2085,energy-investment,million 1990$,165391.0
Africa_Eastern,2085,consumer-durable,million 1990$,83679.5
Africa_Eastern,2085,value-added,million 1990$,2803170.0
Africa_Eastern,2085,gross-output,million 1990$,4376800.0
Africa_Eastern,2085,savings,million 1990$,1229370.0
Africa_Eastern,2085,investment,million 1990$,1229370.0
Africa_Eastern,2085,capital-stock,million 1990$,11177100.0
Africa_Eastern,2085,depreciation,million 1990$,478158.0
Africa_Eastern,2085,energy-service-value,million 1990$,1573630.0
Africa_Eastern,2085,energy-net-export,million 1990$,-80904.5
Africa_Eastern,2085,materials-net-export,million 1990$,80904.5
Africa_Eastern,2085,capital-net-export,million 1990$,0.0
Africa_Eastern,2085,labor-wages,million 1990$,1722370.0
Africa_Eastern,2085,gdp-per-capita,thous 1990$ percap,5.17489
Africa_Eastern,2085,gdp-per-capita-ppp,thous 1990$ percap,12.9357
Africa_Eastern,2085,labor-force,thous pers,406275.0
Africa_Eastern,2085,population,thous pers,830143.0
Africa_Eastern,2085,savings-rate,rate annual,0.315237
Africa_Eastern,2085,fac-share-labor,share,0.393522
Africa_Eastern,2085,fac-share-capital,share,0.246939
Africa_Eastern,2085,fac-share-energy,share,0.359539
Africa_Eastern,2085,energy-service,million 1990$,1063470.0
Africa_Eastern,2085,total-factor-productivity,million 1990$,2.3812
Africa_Eastern,2090,GDP,million 1990$,5056450.0
Africa_Eastern,2090,energy-investment,million 1990$,177838.0
Africa_Eastern,2090,consumer-durable,million 1990$,94126.1
Africa_Eastern,2090,value-added,million 1990$,3281570.0
Africa_Eastern,2090,gross-output,million 1990$,5145640.0
Africa_Eastern,2090,savings,million 1990$,1468340.0
Africa_Eastern,2090,investment,million 1990$,1468340.0
Africa_Eastern,2090,capital-stock,million 1990$,13928400.0
Africa_Eastern,2090,depreciation,million 1990$,606009.0
Africa_Eastern,2090,energy-service-value,million 1990$,1864070.0
Africa_Eastern,2090,energy-net-export,million 1990$,-89194.0
Africa_Eastern,2090,materials-net-export,million 1990$,89194.0
Africa_Eastern,2090,capital-net-export,million 1990$,0.0
Africa_Eastern,2090,labor-wages,million 1990$,2065720.0
Africa_Eastern,2090,gdp-per-capita,thous 1990$ percap,6.00338
Africa_Eastern,2090,gdp-per-capita-ppp,thous 1990$ percap,15.0067
Africa_Eastern,2090,labor-force,thous pers,408964.0
Africa_Eastern,2090,population,thous pers,842266.0
Africa_Eastern,2090,savings-rate,rate annual,0.315496
Africa_Eastern,2090,fac-share-labor,share,0.401451
Africa_Eastern,2090,fac-share-capital,share,0.236287
Africa_Eastern,2090,fac-share-energy,share,0.362261
Africa_Eastern,2090,energy-service,million 1990$,1188190.0
Africa_Eastern,2090,total-factor-productivity,million 1990$,2.54371
Africa_Eastern,2095,GDP,million 1990$,5895190.0
Africa_Eastern,2095,energy-investment,million 1990$,186079.0
Africa_Eastern,2095,consumer-durable,million 1990$,104301.0
Africa_Eastern,2095,value-added,million 1990$,3803540.0
Africa_Eastern,2095,gross-output,million 1990$,5992020.0
Africa_Eastern,2095,savings,million 1990$,1729610.0
Africa_Eastern,2095,investment,million 1990$,1729610.0
Africa_Eastern,2095,capital-stock,million 1990$,17079900.0
Africa_Eastern,2095,depreciation,million 1990$,755185.0
Africa_Eastern,2095,energy-service-value,million 1990$,2188480.0
Africa_Eastern,2095,energy-net-export,million 1990$,-96827.5
Africa_Eastern,2095,materials-net-export,million 1990$,96827.5
Africa_Eastern,2095,capital-net-export,million 1990$,0.0
Africa_Eastern,2095,labor-wages,million 1990$,2448710.0
Africa_Eastern,2095,gdp-per-capita,thous 1990$ percap,6.93029
Africa_Eastern,2095,gdp-per-capita-ppp,thous 1990$ percap,17.3236
Africa_Eastern,2095,labor-force,thous pers,408063.0
Africa_Eastern,2095,population,thous pers,850642.0
Africa_Eastern,2095,savings-rate,rate annual,0.314903
Africa_Eastern,2095,fac-share-labor,share,0.408662
Africa_Eastern,2095,fac-share-capital,share,0.226105
Africa_Eastern,2095,fac-share-energy,share,0.365233
Africa_Eastern,2095,energy-service,million 1990$,1311040.0
Africa_Eastern,2095,total-factor-productivity,million 1990$,2.72879
Africa_Eastern,2100,GDP,million 1990$,6814580.0
Africa_Eastern,2100,energy-investment,million 1990$,197479.0
Africa_Eastern,2100,consumer-durable,million 1990$,113522.0
Africa_Eastern,2100,value-added,million 1990$,4370650.0
Africa_Eastern,2100,gross-output,million 1990$,6920690.0
Africa_Eastern,2100,savings,million 1990$,2013010.0
Africa_Eastern,2100,investment,million 1990$,2013010.0
Africa_Eastern,2100,capital-stock,million 1990$,20653700.0
Africa_Eastern,2100,depreciation,million 1990$,926057.0
Africa_Eastern,2100,energy-service-value,million 1990$,2550040.0
Africa_Eastern,2100,energy-net-export,million 1990$,-106110.0
Africa_Eastern,2100,materials-net-export,million 1990$,106110.0
Africa_Eastern,2100,capital-net-export,million 1990$,0.0
Africa_Eastern,2100,labor-wages,million 1990$,2873070.0
Africa_Eastern,2100,gdp-per-capita,thous 1990$ percap,7.96528
Africa_Eastern,2100,gdp-per-capita-ppp,thous 1990$ percap,19.9108
Africa_Eastern,2100,labor-force,thous pers,404479.0
Africa_Eastern,2100,population,thous pers,855535.0
Africa_Eastern,2100,savings-rate,rate annual,0.313645
Africa_Eastern,2100,fac-share-labor,share,0.415143
Africa_Eastern,2100,fac-share-capital,share,0.216391
Africa_Eastern,2100,fac-share-energy,share,0.368466
Africa_Eastern,2100,energy-service,million 1990$,1432330.0
Africa_Eastern,2100,total-factor-productivity,million 1990$,2.93611
Africa_Northern,1975,GDP,million 1990$,89053.0
Africa_Northern,1975,energy-investment,million 1990$,3560.87
Africa_Northern,1975,consumer-durable,million 1990$,0.141933
Africa_Northern,1975,value-added,million 1990$,57189.5
Africa_Northern,1975,gross-output,million 1990$,89055.1
Africa_Northern,1975,savings,million 1990$,16678.4
Africa_Northern,1975,investment,million 1990$,21268.5
Africa_Northern,1975,capital-stock,million 1990$,201387.0
Africa_Northern,1975,depreciation,million 1990$,9284.14
Africa_Northern,1975,energy-service-value,million 1990$,31865.6
Africa_Northern,1975,energy-net-export,million 1990$,-2.129
Africa_Northern,1975,materials-net-export,million 1990$,-4587.96
Africa_Northern,1975,capital-net-export,million 1990$,4590.09
Africa_Northern,1975,labor-wages,million 1990$,22023.3
Africa_Northern,1975,gdp-per-capita,thous 1990$ percap,1.11382
Africa_Northern,1975,gdp-per-capita-ppp,thous 1990$ percap,3.04463
Africa_Northern,1975,labor-force,thous pers,17422.9
Africa_Northern,1975,population,thous pers,79953.0
Africa_Northern,1975,savings-rate,rate annual,0.187286
Africa_Northern,1975,fac-share-labor,share,0.247299
Africa_Northern,1975,fac-share-capital,share,0.394881
Africa_Northern,1975,fac-share-energy,share,0.357819
Africa_Northern,1975,energy-service,million 1990$,2.129
Africa_Northern,1975,total-factor-productivity,million 1990$,0.0
Africa_Northern,1990,GDP,million 1990$,175397.0
Africa_Northern,1990,energy-investment,million 1990$,5028.62
Africa_Northern,1990,consumer-durable,million 1990$,3765.8
Africa_Northern,1990,value-added,million 1990$,101800.0
Africa_Northern,1990,gross-output,million 1990$,153163.0
Africa_Northern,1990,savings,million 1990$,16678.5
Africa_Northern,1990,investment,million 1990$,14131.9
Africa_Northern,1990,capital-stock,million 1990$,426051.0
Africa_Northern,1990,depreciation,million 1990$,9284.14
Africa_Northern,1990,energy-service-value,million 1990$,51362.5
Africa_Northern,1990,energy-net-export,million 1990$,22234.0
Africa_Northern,1990,materials-net-export,million 1990$,-19687.4
Africa_Northern,1990,capital-net-export,million 1990$,-2546.59
Africa_Northern,1990,labor-wages,million 1990$,48807.3
Africa_Northern,1990,gdp-per-capita,thous 1990$ percap,1.45971
Africa_Northern,1990,gdp-per-capita-ppp,thous 1990$ percap,3.99013
Africa_Northern,1990,labor-force,thous pers,26834.7
Africa_Northern,1990,population,thous pers,120159.0
Africa_Northern,1990,savings-rate,rate annual,0.172367
Africa_Northern,1990,fac-share-labor,share,0.318662
Africa_Northern,1990,fac-share-capital,share,0.345992
Africa_Northern,1990,fac-share-energy,share,0.335346
Africa_Northern,1990,energy-service,million 1990$,68547.3
Africa_Northern,1990,total-factor-productivity,million 1990$,0.0
Africa_Northern,2005,GDP,million 1990$,303637.0
Africa_Northern,2005,energy-investment,million 1990$,9660.34
Africa_Northern,2005,consumer-durable,million 1990$,6819.89
Africa_Northern,2005,value-added,million 1990$,183014.0
Africa_Northern,2005,gross-output,million 1990$,265888.0
Africa_Northern,2005,savings,million 1990$,33998.5
Africa_Northern,2005,investment,million 1990$,25395.9
Africa_Northern,2005,capital-stock,million 1990$,632782.0
Africa_Northern,2005,depreciation,million 1990$,20546.3
Africa_Northern,2005,energy-service-value,million 1990$,82873.6
Africa_Northern,2005,energy-net-export,million 1990$,37749.5
Africa_Northern,2005,materials-net-export,million 1990$,-29147.0
Africa_Northern,2005,capital-net-export,million 1990$,-8602.51
Africa_Northern,2005,labor-wages,million 1990$,85814.4
Africa_Northern,2005,gdp-per-capita,thous 1990$ percap,1.90932
Africa_Northern,2005,gdp-per-capita-ppp,thous 1990$ percap,5.21914
Africa_Northern,2005,labor-force,thous pers,41541.2
Africa_Northern,2005,population,thous pers,159029.0
Africa_Northern,2005,savings-rate,rate annual,0.188157
Africa_Northern,2005,fac-share-labor,share,0.322747
Africa_Northern,2005,fac-share-capital,share,0.365566
Africa_Northern,2005,fac-share-energy,share,0.311687
Africa_Northern,2005,energy-service,million 1990$,127369.0
Africa_Northern,2005,total-factor-productivity,million 1990$,0.0
Africa_Northern,2010,GDP,million 1990$,382664.0
Africa_Northern,2010,energy-investment,million 1990$,14485.4
Africa_Northern,2010,consumer-durable,million 1990$,16477.2
Africa_Northern,2010,value-added,million 1990$,233431.0
Africa_Northern,2010,gross-output,million 1990$,319409.0
Africa_Northern,2010,savings,million 1990$,63951.3
Africa_Northern,2010,investment,million 1990$,65252.1
Africa_Northern,2010,capital-stock,million 1990$,811904.0
Africa_Northern,2010,depreciation,million 1990$,32985.7
Africa_Northern,2010,energy-service-value,million 1990$,85978.5
Africa_Northern,2010,energy-net-export,million 1990$,63254.8
Africa_Northern,2010,materials-net-export,million 1990$,-64555.6
Africa_Northern,2010,capital-net-export,million 1990$,1300.77
Africa_Northern,2010,labor-wages,million 1990$,107281.0
Africa_Northern,2010,gdp-per-capita,thous 1990$ percap,2.20716
Africa_Northern,2010,gdp-per-capita-ppp,thous 1990$ percap,6.03329
Africa_Northern,2010,labor-force,thous pers,53360.0
Africa_Northern,2010,population,thous pers,173374.0
Africa_Northern,2010,savings-rate,rate annual,0.200009
Africa_Northern,2010,fac-share-labor,share,0.335874
Africa_Northern,2010,fac-share-capital,share,0.394946
Africa_Northern,2010,fac-share-energy,share,0.26918
Africa_Northern,2010,energy-service,million 1990$,192855.0
Africa_Northern,2010,total-factor-productivity,million 1990$,0.0
Africa_Northern,2015,GDP,million 1990$,419658.0
Africa_Northern,2015,energy-investment,million 1990$,13333.3
Africa_Northern,2015,consumer-durable,million 1990$,18910.9
Africa_Northern,2015,value-added,million 1990$,297309.0
Africa_Northern,2015,gross-output,million 1990$,393635.0
Africa_Northern,2015,savings,million 1990$,93013.5
Africa_Northern,2015,investment,million 1990$,105922.0
Africa_Northern,2015,capital-stock,million 1990$,970160.0
Africa_Northern,2015,depreciation,million 1990$,46915.1
Africa_Northern,2015,energy-service-value,million 1990$,96326.3
Africa_Northern,2015,energy-net-export,million 1990$,26022.9
Africa_Northern,2015,materials-net-export,million 1990$,-38931.6
Africa_Northern,2015,capital-net-export,million 1990$,12908.7
Africa_Northern,2015,labor-wages,million 1990$,120657.0
Africa_Northern,2015,gdp-per-capita,thous 1990$ percap,2.20653
Africa_Northern,2015,gdp-per-capita-ppp,thous 1990$ percap,6.03158
Africa_Northern,2015,labor-force,thous pers,57513.5
Africa_Northern,2015,population,thous pers,190189.0
Africa_Northern,2015,savings-rate,rate annual,0.174846
Africa_Northern,2015,fac-share-labor,share,0.306521
Africa_Northern,2015,fac-share-capital,share,0.448769
Africa_Northern,2015,fac-share-energy,share,0.24471
Africa_Northern,2015,energy-service,million 1990$,234285.0
Africa_Northern,2015,total-factor-productivity,million 1990$,0.0
Africa_Northern,2021,GDP,million 1990$,495785.0
Africa_Northern,2021,energy-investment,million 1990$,16760.8
Africa_Northern,2021,consumer-durable,million 1990$,15472.0
Africa_Northern,2021,value-added,million 1990$,367533.0
Africa_Northern,2021,gross-output,million 1990$,469669.0
Africa_Northern,2021,savings,million 1990$,92286.4
Africa_Northern,2021,investment,million 1990$,106474.0
Africa_Northern,2021,capital-stock,million 1990$,1166270.0
Africa_Northern,2021,depreciation,million 1990$,60419.6
Africa_Northern,2021,energy-service-value,million 1990$,102136.0
Africa_Northern,2021,energy-net-export,million 1990$,26115.9
Africa_Northern,2021,materials-net-export,million 1990$,-40303.3
Africa_Northern,2021,capital-net-export,million 1990$,14187.4
Africa_Northern,2021,labor-wages,million 1990$,143390.0
Africa_Northern,2021,gdp-per-capita,thous 1990$ percap,2.35997
Africa_Northern,2021,gdp-per-capita-ppp,thous 1990$ percap,6.451
Africa_Northern,2021,labor-force,thous pers,63902.2
Africa_Northern,2021,population,thous pers,210081.0
Africa_Northern,2021,savings-rate,rate annual,0.18901
Africa_Northern,2021,fac-share-labor,share,0.305301
Africa_Northern,2021,fac-share-capital,share,0.477236
Africa_Northern,2021,fac-share-energy,share,0.217463
Africa_Northern,2021,energy-service,million 1990$,226702.0
Africa_Northern,2021,total-factor-productivity,million 1990$,0.0
Africa_Northern,2025,GDP,million 1990$,582809.0
Africa_Northern,2025,energy-investment,million 1990$,81657.4
Africa_Northern,2025,consumer-durable,million 1990$,13135.4
Africa_Northern,2025,value-added,million 1990$,431625.0
Africa_Northern,2025,gross-output,million 1990$,556074.0
Africa_Northern,2025,savings,million 1990$,109180.0
Africa_Northern,2025,investment,million 1990$,119314.0
Africa_Northern,2025,capital-stock,million 1990$,1214540.0
Africa_Northern,2025,depreciation,million 1990$,73803.6
Africa_Northern,2025,energy-service-value,million 1990$,124449.0
Africa_Northern,2025,energy-net-export,million 1990$,26735.1
Africa_Northern,2025,materials-net-export,million 1990$,-36868.9
Africa_Northern,2025,capital-net-export,million 1990$,10133.9
Africa_Northern,2025,labor-wages,million 1990$,167769.0
Africa_Northern,2025,gdp-per-capita,thous 1990$ percap,2.61358
Africa_Northern,2025,gdp-per-capita-ppp,thous 1990$ percap,7.14423
Africa_Northern,2025,labor-force,thous pers,67914.3
Africa_Northern,2025,population,thous pers,222993.0
Africa_Northern,2025,savings-rate,rate annual,0.195269
Africa_Northern,2025,fac-share-labor,share,0.301703
Africa_Northern,2025,fac-share-capital,share,0.474498
Africa_Northern,2025,fac-share-energy,share,0.223799
Africa_Northern,2025,energy-service,million 1990$,256162.0
Africa_Northern,2025,total-factor-productivity,million 1990$,1.10975
Africa_Northern,2030,GDP,million 1990$,726511.0
Africa_Northern,2030,energy-investment,million 1990$,73708.0
Africa_Northern,2030,consumer-durable,million 1990$,21587.2
Africa_Northern,2030,value-added,million 1990$,531609.0
Africa_Northern,2030,gross-output,million 1990$,702874.0
Africa_Northern,2030,savings,million 1990$,131993.0
Africa_Northern,2030,investment,million 1990$,137060.0
Africa_Northern,2030,capital-stock,million 1990$,1062130.0
Africa_Northern,2030,depreciation,million 1990$,76858.8
Africa_Northern,2030,energy-service-value,million 1990$,171265.0
Africa_Northern,2030,energy-net-export,million 1990$,23637.0
Africa_Northern,2030,materials-net-export,million 1990$,-28703.9
Africa_Northern,2030,capital-net-export,million 1990$,5066.94
Africa_Northern,2030,labor-wages,million 1990$,198391.0
Africa_Northern,2030,gdp-per-capita,thous 1990$ percap,3.04814
Africa_Northern,2030,gdp-per-capita-ppp,thous 1990$ percap,8.33211
Africa_Northern,2030,labor-force,thous pers,73942.8
Africa_Northern,2030,population,thous pers,238346.0
Africa_Northern,2030,savings-rate,rate annual,0.209343
Africa_Northern,2030,fac-share-labor,share,0.282257
Africa_Northern,2030,fac-share-capital,share,0.474079
Africa_Northern,2030,fac-share-energy,share,0.243664
Africa_Northern,2030,energy-service,million 1990$,304030.0
Africa_Northern,2030,total-factor-productivity,million 1990$,1.40099
Africa_Northern,2035,GDP,million 1990$,908244.0
Africa_Northern,2035,energy-investment,million 1990$,85882.1
Africa_Northern,2035,consumer-durable,million 1990$,31581.7
Africa_Northern,2035,value-added,million 1990$,660671.0
Africa_Northern,2035,gross-output,million 1990$,885549.0
Africa_Northern,2035,savings,million 1990$,174762.0
Africa_Northern,2035,investment,million 1990$,174762.0
Africa_Northern,2035,capital-stock,million 1990$,1116120.0
Africa_Northern,2035,depreciation,million 1990$,67213.9
Africa_Northern,2035,energy-service-value,million 1990$,224878.0
Africa_Northern,2035,energy-net-export,million 1990$,22695.4
Africa_Northern,2035,materials-net-export,million 1990$,-22695.4
Africa_Northern,2035,capital-net-export,million 1990$,0.0
Africa_Northern,2035,labor-wages,million 1990$,245442.0
Africa_Northern,2035,gdp-per-capita,thous 1990$ percap,3.58961
Africa_Northern,2035,gdp-per-capita-ppp,thous 1990$ percap,9.81224
Africa_Northern,2035,labor-force,thous pers,79592.8
Africa_Northern,2035,population,thous pers,253020.0
Africa_Northern,2035,savings-rate,rate annual,0.223541
Africa_Northern,2035,fac-share-labor,share,0.277164
Africa_Northern,2035,fac-share-capital,share,0.468895
Africa_Northern,2035,fac-share-energy,share,0.253942
Africa_Northern,2035,energy-service,million 1990$,359839.0
Africa_Northern,2035,total-factor-productivity,million 1990$,1.61981
Africa_Northern,2040,GDP,million 1990$,1128140.0
Africa_Northern,2040,energy-investment,million 1990$,111313.0
Africa_Northern,2040,consumer-durable,million 1990$,35124.4
Africa_Northern,2040,value-added,million 1990$,821708.0
Africa_Northern,2040,gross-output,million 1990$,1106700.0
Africa_Northern,2040,savings,million 1990$,231374.0
Africa_Northern,2040,investment,million 1990$,231374.0
Africa_Northern,2040,capital-stock,million 1990$,1306810.0
Africa_Northern,2040,depreciation,million 1990$,70630.3
Africa_Northern,2040,energy-service-value,million 1990$,284991.0
Africa_Northern,2040,energy-net-export,million 1990$,21445.2
Africa_Northern,2040,materials-net-export,million 1990$,-21445.2
Africa_Northern,2040,capital-net-export,million 1990$,0.0
Africa_Northern,2040,labor-wages,million 1990$,311030.0
Africa_Northern,2040,gdp-per-capita,thous 1990$ percap,4.22088
Africa_Northern,2040,gdp-per-capita-ppp,thous 1990$ percap,11.5378
Africa_Northern,2040,labor-force,thous pers,84344.9
Africa_Northern,2040,population,thous pers,267277.0
Africa_Northern,2040,savings-rate,rate annual,0.235953
Africa_Northern,2040,fac-share-labor,share,0.281043
Africa_Northern,2040,fac-share-capital,share,0.461442
Africa_Northern,2040,fac-share-energy,share,0.257514
Africa_Northern,2040,energy-service,million 1990$,421376.0
Africa_Northern,2040,total-factor-productivity,million 1990$,1.77768
Africa_Northern,2045,GDP,million 1990$,1390790.0
Africa_Northern,2045,energy-investment,million 1990$,114471.0
Africa_Northern,2045,consumer-durable,million 1990$,41405.9
Africa_Northern,2045,value-added,million 1990$,1016130.0
Africa_Northern,2045,gross-output,million 1990$,1369190.0
Africa_Northern,2045,savings,million 1990$,301395.0
Africa_Northern,2045,investment,million 1990$,301395.0
Africa_Northern,2045,capital-stock,million 1990$,1625190.0
Africa_Northern,2045,depreciation,million 1990$,82697.5
Africa_Northern,2045,energy-service-value,million 1990$,353057.0
Africa_Northern,2045,energy-net-export,million 1990$,21606.8
Africa_Northern,2045,materials-net-export,million 1990$,-21606.8
Africa_Northern,2045,capital-net-export,million 1990$,0.0
Africa_Northern,2045,labor-wages,million 1990$,397323.0
Africa_Northern,2045,gdp-per-capita,thous 1990$ percap,4.95459
Africa_Northern,2045,gdp-per-capita-ppp,thous 1990$ percap,13.5434
Africa_Northern,2045,labor-force,thous pers,87963.8
Africa_Northern,2045,population,thous pers,280708.0
Africa_Northern,2045,savings-rate,rate annual,0.246734
Africa_Northern,2045,fac-share-labor,share,0.290189
Africa_Northern,2045,fac-share-capital,share,0.451951
Africa_Northern,2045,fac-share-energy,share,0.257859
Africa_Northern,2045,energy-service,million 1990$,491489.0
Africa_Northern,2045,total-factor-productivity,million 1990$,1.89062
Africa_Northern,2050,GDP,million 1990$,1701510.0
Africa_Northern,2050,energy-investment,million 1990$,134921.0
Africa_Northern,2050,consumer-durable,million 1990$,43637.8
Africa_Northern,2050,value-added,million 1990$,1252680.0
Africa_Northern,2050,gross-output,million 1990$,1677560.0
Africa_Northern,2050,savings,million 1990$,386559.0
Africa_Northern,2050,investment,million 1990$,386559.0
Africa_Northern,2050,capital-stock,million 1990$,2188430.0
Africa_Northern,2050,depreciation,million 1990$,102845.0
Africa_Northern,2050,energy-service-value,million 1990$,424871.0
Africa_Northern,2050,energy-net-export,million 1990$,23951.3
Africa_Northern,2050,materials-net-export,million 1990$,-23951.3
Africa_Northern,2050,capital-net-export,million 1990$,0.0
Africa_Northern,2050,labor-wages,million 1990$,513845.0
Africa_Northern,2050,gdp-per-capita,thous 1990$ percap,5.81106
Africa_Northern,2050,gdp-per-capita-ppp,thous 1990$ percap,15.8846
Africa_Northern,2050,labor-force,thous pers,90759.9
Africa_Northern,2050,population,thous pers,292805.0
Africa_Northern,2050,savings-rate,rate annual,0.256215
Africa_Northern,2050,fac-share-labor,share,0.306306
Africa_Northern,2050,fac-share-capital,share,0.440426
Africa_Northern,2050,fac-share-energy,share,0.253268
Africa_Northern,2050,energy-service,million 1990$,566839.0
Africa_Northern,2050,total-factor-productivity,million 1990$,1.93762
Africa_Northern,2055,GDP,million 1990$,2065620.0
Africa_Northern,2055,energy-investment,million 1990$,152763.0
Africa_Northern,2055,consumer-durable,million 1990$,55051.8
Africa_Northern,2055,value-added,million 1990$,1528910.0
Africa_Northern,2055,gross-output,million 1990$,2033240.0
Africa_Northern,2055,savings,million 1990$,489051.0
Africa_Northern,2055,investment,million 1990$,489051.0
Africa_Northern,2055,capital-stock,million 1990$,2946280.0
Africa_Northern,2055,depreciation,million 1990$,138488.0
Africa_Northern,2055,energy-service-value,million 1990$,504331.0
Africa_Northern,2055,energy-net-export,million 1990$,32385.7
Africa_Northern,2055,materials-net-export,million 1990$,-32385.7
Africa_Northern,2055,capital-net-export,million 1990$,0.0
Africa_Northern,2055,labor-wages,million 1990$,657361.0
Africa_Northern,2055,gdp-per-capita,thous 1990$ percap,6.8136
Africa_Northern,2055,gdp-per-capita-ppp,thous 1990$ percap,18.625
Africa_Northern,2055,labor-force,thous pers,93239.0
Africa_Northern,2055,population,thous pers,303162.0
Africa_Northern,2055,savings-rate,rate annual,0.264625
Africa_Northern,2055,fac-share-labor,share,0.323307
Africa_Northern,2055,fac-share-capital,share,0.42865
Africa_Northern,2055,fac-share-energy,share,0.248043
Africa_Northern,2055,energy-service,million 1990$,644327.0
Africa_Northern,2055,total-factor-productivity,million 1990$,1.98165
Africa_Northern,2060,GDP,million 1990$,2484020.0
Africa_Northern,2060,energy-investment,million 1990$,160221.0
Africa_Northern,2060,consumer-durable,million 1990$,61341.4
Africa_Northern,2060,value-added,million 1990$,1854240.0
Africa_Northern,2060,gross-output,million 1990$,2450410.0
Africa_Northern,2060,savings,million 1990$,611079.0
Africa_Northern,2060,investment,million 1990$,611079.0
Africa_Northern,2060,capital-stock,million 1990$,3901570.0
Africa_Northern,2060,depreciation,million 1990$,186446.0
Africa_Northern,2060,energy-service-value,million 1990$,596171.0
Africa_Northern,2060,energy-net-export,million 1990$,33605.3
Africa_Northern,2060,materials-net-export,million 1990$,-33605.3
Africa_Northern,2060,capital-net-export,million 1990$,0.0
Africa_Northern,2060,labor-wages,million 1990$,832009.0
Africa_Northern,2060,gdp-per-capita,thous 1990$ percap,7.96847
Africa_Northern,2060,gdp-per-capita-ppp,thous 1990$ percap,21.7819
Africa_Northern,2060,labor-force,thous pers,95795.9
Africa_Northern,2060,population,thous pers,311731.0
Africa_Northern,2060,savings-rate,rate annual,0.271692
Africa_Northern,2060,fac-share-labor,share,0.339538
Africa_Northern,2060,fac-share-capital,share,0.417168
Africa_Northern,2060,fac-share-energy,share,0.243294
Africa_Northern,2060,energy-service,million 1990$,725090.0
Africa_Northern,2060,total-factor-productivity,million 1990$,2.04174
Africa_Northern,2065,GDP,million 1990$,2951990.0
Africa_Northern,2065,energy-investment,million 1990$,168370.0
Africa_Northern,2065,consumer-durable,million 1990$,67071.7
Africa_Northern,2065,value-added,million 1990$,2221020.0
Africa_Northern,2065,gross-output,million 1990$,2914480.0
Africa_Northern,2065,savings,million 1990$,752408.0
Africa_Northern,2065,investment,million 1990$,752408.0
Africa_Northern,2065,capital-stock,million 1990$,5152630.0
Africa_Northern,2065,depreciation,million 1990$,246899.0
Africa_Northern,2065,energy-service-value,million 1990$,693451.0
Africa_Northern,2065,energy-net-export,million 1990$,37518.3
Africa_Northern,2065,materials-net-export,million 1990$,-37518.3
Africa_Northern,2065,capital-net-export,million 1990$,0.0
Africa_Northern,2065,labor-wages,million 1990$,1038290.0
Africa_Northern,2065,gdp-per-capita,thous 1990$ percap,9.27183
Africa_Northern,2065,gdp-per-capita-ppp,thous 1990$ percap,25.3446
Africa_Northern,2065,labor-force,thous pers,98315.7
Africa_Northern,2065,population,thous pers,318383.0
Africa_Northern,2065,savings-rate,rate annual,0.277142
Africa_Northern,2065,fac-share-labor,share,0.356253
Africa_Northern,2065,fac-share-capital,share,0.405814
Africa_Northern,2065,fac-share-energy,share,0.237933
Africa_Northern,2065,energy-service,million 1990$,804511.0
Africa_Northern,2065,total-factor-productivity,million 1990$,2.09329
Africa_Northern,2070,GDP,million 1990$,3452710.0
Africa_Northern,2070,energy-investment,million 1990$,178694.0
Africa_Northern,2070,consumer-durable,million 1990$,73964.2
Africa_Northern,2070,value-added,million 1990$,2616740.0
Africa_Northern,2070,gross-output,million 1990$,3410280.0
Africa_Northern,2070,savings,million 1990$,910245.0
Africa_Northern,2070,investment,million 1990$,910245.0
Africa_Northern,2070,capital-stock,million 1990$,6689140.0
Africa_Northern,2070,depreciation,million 1990$,326069.0
Africa_Northern,2070,energy-service-value,million 1990$,793539.0
Africa_Northern,2070,energy-net-export,million 1990$,42435.3
Africa_Northern,2070,materials-net-export,million 1990$,-42435.3
Africa_Northern,2070,capital-net-export,million 1990$,0.0
Africa_Northern,2070,labor-wages,million 1990$,1270810.0
Africa_Northern,2070,gdp-per-capita,thous 1990$ percap,10.6761
Africa_Northern,2070,gdp-per-capita-ppp,thous 1990$ percap,29.1833
Africa_Northern,2070,labor-force,thous pers,100127.0
Africa_Northern,2070,population,thous pers,323405.0
Africa_Northern,2070,savings-rate,rate annual,0.280257
Africa_Northern,2070,fac-share-labor,share,0.37264
Africa_Northern,2070,fac-share-capital,share,0.39467
Africa_Northern,2070,fac-share-energy,share,0.23269
Africa_Northern,2070,energy-service,million 1990$,877665.0
Africa_Northern,2070,total-factor-productivity,million 1990$,2.14738
Africa_Northern,2075,GDP,million 1990$,3987520.0
Africa_Northern,2075,energy-investment,million 1990$,189324.0
Africa_Northern,2075,consumer-durable,million 1990$,78838.9
Africa_Northern,2075,value-added,million 1990$,3039350.0
Africa_Northern,2075,gross-output,million 1990$,3940730.0
Africa_Northern,2075,savings,million 1990$,1075400.0
Africa_Northern,2075,investment,million 1990$,1075400.0
Africa_Northern,2075,capital-stock,million 1990$,8449050.0
Africa_Northern,2075,depreciation,million 1990$,423302.0
Africa_Northern,2075,energy-service-value,million 1990$,901377.0
Africa_Northern,2075,energy-net-export,million 1990$,46798.0
Africa_Northern,2075,materials-net-export,million 1990$,-46798.0
Africa_Northern,2075,capital-net-export,million 1990$,0.0
Africa_Northern,2075,labor-wages,million 1990$,1528160.0
Africa_Northern,2075,gdp-per-capita,thous 1990$ percap,12.1832
Africa_Northern,2075,gdp-per-capita-ppp,thous 1990$ percap,33.3028
Africa_Northern,2075,labor-force,thous pers,100616.0
Africa_Northern,2075,population,thous pers,327298.0
Africa_Northern,2075,savings-rate,rate annual,0.28155
Africa_Northern,2075,fac-share-labor,share,0.387787
Africa_Northern,2075,fac-share-capital,share,0.383479
Africa_Northern,2075,fac-share-energy,share,0.228734
Africa_Northern,2075,energy-service,million 1990$,946926.0
Africa_Northern,2075,total-factor-productivity,million 1990$,2.22234
Africa_Northern,2080,GDP,million 1990$,4553530.0
Africa_Northern,2080,energy-investment,million 1990$,207539.0
Africa_Northern,2080,consumer-durable,million 1990$,84056.1
Africa_Northern,2080,value-added,million 1990$,3483190.0
Africa_Northern,2080,gross-output,million 1990$,4501910.0
Africa_Northern,2080,savings,million 1990$,1247130.0
Africa_Northern,2080,investment,million 1990$,1247130.0
Africa_Northern,2080,capital-stock,million 1990$,10406600.0
Africa_Northern,2080,depreciation,million 1990$,534673.0
Africa_Northern,2080,energy-service-value,million 1990$,1018720.0
Africa_Northern,2080,energy-net-export,million 1990$,51618.8
Africa_Northern,2080,materials-net-export,million 1990$,-51618.8
Africa_Northern,2080,capital-net-export,million 1990$,0.0
Africa_Northern,2080,labor-wages,million 1990$,1809540.0
Africa_Northern,2080,gdp-per-capita,thous 1990$ percap,13.787
Africa_Northern,2080,gdp-per-capita-ppp,thous 1990$ percap,37.6869
Africa_Northern,2080,labor-force,thous pers,99159.1
Africa_Northern,2080,population,thous pers,330277.0
Africa_Northern,2080,savings-rate,rate annual,0.281331
Africa_Northern,2080,fac-share-labor,share,0.401949
Africa_Northern,2080,fac-share-capital,share,0.371765
Africa_Northern,2080,fac-share-energy,share,0.226286
Africa_Northern,2080,energy-service,million 1990$,1012100.0
Africa_Northern,2080,total-factor-productivity,million 1990$,2.32478
Africa_Northern,2085,GDP,million 1990$,5150050.0
Africa_Northern,2085,energy-investment,million 1990$,212610.0
Africa_Northern,2085,consumer-durable,million 1990$,87726.9
Africa_Northern,2085,value-added,million 1990$,3962230.0
Africa_Northern,2085,gross-output,million 1990$,5110730.0
Africa_Northern,2085,savings,million 1990$,1423150.0
Africa_Northern,2085,investment,million 1990$,1423150.0
Africa_Northern,2085,capital-stock,million 1990$,12490600.0
Africa_Northern,2085,depreciation,million 1990$,658550.0
Africa_Northern,2085,energy-service-value,million 1990$,1148500.0
Africa_Northern,2085,energy-net-export,million 1990$,39317.0
Africa_Northern,2085,materials-net-export,million 1990$,-39317.0
Africa_Northern,2085,capital-net-export,million 1990$,0.0
Africa_Northern,2085,labor-wages,million 1990$,2118850.0
Africa_Northern,2085,gdp-per-capita,thous 1990$ percap,15.4957
Africa_Northern,2085,gdp-per-capita-ppp,thous 1990$ percap,42.3576
Africa_Northern,2085,labor-force,thous pers,97051.7
Africa_Northern,2085,population,thous pers,332354.0
Africa_Northern,2085,savings-rate,rate annual,0.280022
Africa_Northern,2085,fac-share-labor,share,0.414588
Africa_Northern,2085,fac-share-capital,share,0.360689
Africa_Northern,2085,fac-share-energy,share,0.224723
Africa_Northern,2085,energy-service,million 1990$,1071560.0
Africa_Northern,2085,total-factor-productivity,million 1990$,2.45839
Africa_Northern,2090,GDP,million 1990$,5780110.0
Africa_Northern,2090,energy-investment,million 1990$,218749.0
Africa_Northern,2090,consumer-durable,million 1990$,91297.9
Africa_Northern,2090,value-added,million 1990$,4468150.0
Africa_Northern,2090,gross-output,million 1990$,5754490.0
Africa_Northern,2090,savings,million 1990$,1602850.0
Africa_Northern,2090,investment,million 1990$,1602850.0
Africa_Northern,2090,capital-stock,million 1990$,14746800.0
Africa_Northern,2090,depreciation,million 1990$,790433.0
Africa_Northern,2090,energy-service-value,million 1990$,1286340.0
Africa_Northern,2090,energy-net-export,million 1990$,25619.7
Africa_Northern,2090,materials-net-export,million 1990$,-25619.7
Africa_Northern,2090,capital-net-export,million 1990$,0.0
Africa_Northern,2090,labor-wages,million 1990$,2451890.0
Africa_Northern,2090,gdp-per-capita,thous 1990$ percap,17.325
Africa_Northern,2090,gdp-per-capita-ppp,thous 1990$ percap,47.3581
Africa_Northern,2090,labor-force,thous pers,94962.9
Africa_Northern,2090,population,thous pers,333628.0
Africa_Northern,2090,savings-rate,rate annual,0.278006
Africa_Northern,2090,fac-share-labor,share,0.426082
Africa_Northern,2090,fac-share-capital,share,0.350381
Africa_Northern,2090,fac-share-energy,share,0.223537
Africa_Northern,2090,energy-service,million 1990$,1127250.0
Africa_Northern,2090,total-factor-productivity,million 1990$,2.60361
Africa_Northern,2095,GDP,million 1990$,6443230.0
Africa_Northern,2095,energy-investment,million 1990$,229610.0
Africa_Northern,2095,consumer-durable,million 1990$,94267.0
Africa_Northern,2095,value-added,million 1990$,4997950.0
Africa_Northern,2095,gross-output,million 1990$,6429400.0
Africa_Northern,2095,savings,million 1990$,1787290.0
Africa_Northern,2095,investment,million 1990$,1787290.0
Africa_Northern,2095,capital-stock,million 1990$,17143800.0
Africa_Northern,2095,depreciation,million 1990$,933209.0
Africa_Northern,2095,energy-service-value,million 1990$,1431450.0
Africa_Northern,2095,energy-net-export,million 1990$,13831.1
Africa_Northern,2095,materials-net-export,million 1990$,-13831.1
Africa_Northern,2095,capital-net-export,million 1990$,0.0
Africa_Northern,2095,labor-wages,million 1990$,2806440.0
Africa_Northern,2095,gdp-per-capita,thous 1990$ percap,19.2999
Africa_Northern,2095,gdp-per-capita-ppp,thous 1990$ percap,52.7565
Africa_Northern,2095,labor-force,thous pers,92917.9
Africa_Northern,2095,population,thous pers,333848.0
Africa_Northern,2095,savings-rate,rate annual,0.27562
Africa_Northern,2095,fac-share-labor,share,0.436501
Africa_Northern,2095,fac-share-capital,share,0.340858
Africa_Northern,2095,fac-share-energy,share,0.222641
Africa_Northern,2095,energy-service,million 1990$,1178640.0
Africa_Northern,2095,total-factor-productivity,million 1990$,2.75989
Africa_Northern,2100,GDP,million 1990$,7132970.0
Africa_Northern,2100,energy-investment,million 1990$,242737.0
Africa_Northern,2100,consumer-durable,million 1990$,96231.2
Africa_Northern,2100,value-added,million 1990$,5541300.0
Africa_Northern,2100,gross-output,million 1990$,7122950.0
Africa_Northern,2100,savings,million 1990$,1976960.0
Africa_Northern,2100,investment,million 1990$,1976960.0
Africa_Northern,2100,capital-stock,million 1990$,19647200.0
Africa_Northern,2100,depreciation,million 1990$,1084900.0
Africa_Northern,2100,energy-service-value,million 1990$,1581650.0
Africa_Northern,2100,energy-net-export,million 1990$,10018.8
Africa_Northern,2100,materials-net-export,million 1990$,-10018.8
Africa_Northern,2100,capital-net-export,million 1990$,0.0
Africa_Northern,2100,labor-wages,million 1990$,3177740.0
Africa_Northern,2100,gdp-per-capita,thous 1990$ percap,21.4235
Africa_Northern,2100,gdp-per-capita-ppp,thous 1990$ percap,58.5613
Africa_Northern,2100,labor-force,thous pers,90537.0
Africa_Northern,2100,population,thous pers,332951.0
Africa_Northern,2100,savings-rate,rate annual,0.27292
Africa_Northern,2100,fac-share-labor,share,0.446127
Africa_Northern,2100,fac-share-capital,share,0.331823
Africa_Northern,2100,fac-share-energy,share,0.22205
Africa_Northern,2100,energy-service,million 1990$,1223530.0
Africa_Northern,2100,total-factor-productivity,million 1990$,2.9298
Africa_Southern,1975,GDP,million 1990$,36521.0
Africa_Southern,1975,energy-investment,million 1990$,1774.33
Africa_Southern,1975,consumer-durable,million 1990$,0.141933
Africa_Southern,1975,value-added,million 1990$,34697.0
Africa_Southern,1975,gross-output,million 1990$,36523.1
Africa_Southern,1975,savings,million 1990$,7892.81
Africa_Southern,1975,investment,million 1990$,10391.1
Africa_Southern,1975,capital-stock,million 1990$,207044.0
Africa_Southern,1975,depreciation,million 1990$,10020.9
Africa_Southern,1975,energy-service-value,million 1990$,1826.16
Africa_Southern,1975,energy-net-export,million 1990$,-2.129
Africa_Southern,1975,materials-net-export,million 1990$,-2496.12
Africa_Southern,1975,capital-net-export,million 1990$,2498.25
Africa_Southern,1975,labor-wages,million 1990$,9338.95
Africa_Southern,1975,gdp-per-capita,thous 1990$ percap,0.694052
Africa_Southern,1975,gdp-per-capita-ppp,thous 1990$ percap,1.46766
Africa_Southern,1975,labor-force,thous pers,20951.5
Africa_Southern,1975,population,thous pers,52620.0
Africa_Southern,1975,savings-rate,rate annual,0.216117
Africa_Southern,1975,fac-share-labor,share,0.2557
Africa_Southern,1975,fac-share-capital,share,0.6943
Africa_Southern,1975,fac-share-energy,share,0.05
Africa_Southern,1975,energy-service,million 1990$,2.129
Africa_Southern,1975,total-factor-productivity,million 1990$,0.0
Africa_Southern,1990,GDP,million 1990$,50116.0
Africa_Southern,1990,energy-investment,million 1990$,1556.88
Africa_Southern,1990,consumer-durable,million 1990$,578.447
Africa_Southern,1990,value-added,million 1990$,45334.0
Africa_Southern,1990,gross-output,million 1990$,47720.0
Africa_Southern,1990,savings,million 1990$,7892.95
Africa_Southern,1990,investment,million 1990$,7529.24
Africa_Southern,1990,capital-stock,million 1990$,223098.0
Africa_Southern,1990,depreciation,million 1990$,10020.9
Africa_Southern,1990,energy-service-value,million 1990$,2386.0
Africa_Southern,1990,energy-net-export,million 1990$,2395.98
Africa_Southern,1990,materials-net-export,million 1990$,-2032.27
Africa_Southern,1990,capital-net-export,million 1990$,-363.711
Africa_Southern,1990,labor-wages,million 1990$,15025.5
Africa_Southern,1990,gdp-per-capita,thous 1990$ percap,0.596321
Africa_Southern,1990,gdp-per-capita-ppp,thous 1990$ percap,1.261
Africa_Southern,1990,labor-force,thous pers,32642.3
Africa_Southern,1990,population,thous pers,84042.0
Africa_Southern,1990,savings-rate,rate annual,0.214598
Africa_Southern,1990,fac-share-labor,share,0.314868
Africa_Southern,1990,fac-share-capital,share,0.635132
Africa_Southern,1990,fac-share-energy,share,0.05
Africa_Southern,1990,energy-service,million 1990$,16077.3
Africa_Southern,1990,total-factor-productivity,million 1990$,0.0
Africa_Southern,2005,GDP,million 1990$,86018.0
Africa_Southern,2005,energy-investment,million 1990$,3190.67
Africa_Southern,2005,consumer-durable,million 1990$,1068.7
Africa_Southern,2005,value-added,million 1990$,67496.2
Africa_Southern,2005,gross-output,million 1990$,75251.4
Africa_Southern,2005,savings,million 1990$,11333.2
Africa_Southern,2005,investment,million 1990$,6579.6
Africa_Southern,2005,capital-stock,million 1990$,321641.0
Africa_Southern,2005,depreciation,million 1990$,10438.6
Africa_Southern,2005,energy-service-value,million 1990$,7755.2
Africa_Southern,2005,energy-net-export,million 1990$,10766.6
Africa_Southern,2005,materials-net-export,million 1990$,-6013.01
Africa_Southern,2005,capital-net-export,million 1990$,-4753.64
Africa_Southern,2005,labor-wages,million 1990$,26505.3
Africa_Southern,2005,gdp-per-capita,thous 1990$ percap,0.70189
Africa_Southern,2005,gdp-per-capita-ppp,thous 1990$ percap,1.48424
Africa_Southern,2005,labor-force,thous pers,48097.4
Africa_Southern,2005,population,thous pers,122552.0
Africa_Southern,2005,savings-rate,rate annual,0.296372
Africa_Southern,2005,fac-share-labor,share,0.352223
Africa_Southern,2005,fac-share-capital,share,0.544719
Africa_Southern,2005,fac-share-energy,share,0.103057
Africa_Southern,2005,energy-service,million 1990$,28083.4
Africa_Southern,2005,total-factor-productivity,million 1990$,0.0
Africa_Southern,2010,GDP,million 1990$,122632.0
Africa_Southern,2010,energy-investment,million 1990$,4591.62
Africa_Southern,2010,consumer-durable,million 1990$,2821.18
Africa_Southern,2010,value-added,million 1990$,88449.6
Africa_Southern,2010,gross-output,million 1990$,93104.9
Africa_Southern,2010,savings,million 1990$,26562.0
Africa_Southern,2010,investment,million 1990$,21765.5
Africa_Southern,2010,capital-stock,million 1990$,422004.0
Africa_Southern,2010,depreciation,million 1990$,16863.3
Africa_Southern,2010,energy-service-value,million 1990$,4655.24
Africa_Southern,2010,energy-net-export,million 1990$,29527.1
Africa_Southern,2010,materials-net-export,million 1990$,-24730.6
Africa_Southern,2010,capital-net-export,million 1990$,-4796.48
Africa_Southern,2010,labor-wages,million 1990$,40061.6
Africa_Southern,2010,gdp-per-capita,thous 1990$ percap,0.874618
Africa_Southern,2010,gdp-per-capita-ppp,thous 1990$ percap,1.84949
Africa_Southern,2010,labor-force,thous pers,58311.5
Africa_Southern,2010,population,thous pers,140212.0
Africa_Southern,2010,savings-rate,rate annual,0.316116
Africa_Southern,2010,fac-share-labor,share,0.430285
Africa_Southern,2010,fac-share-capital,share,0.519715
Africa_Southern,2010,fac-share-energy,share,0.05
Africa_Southern,2010,energy-service,million 1990$,41181.6
Africa_Southern,2010,total-factor-productivity,million 1990$,0.0
Africa_Southern,2015,GDP,million 1990$,159232.0
Africa_Southern,2015,energy-investment,million 1990$,7359.5
Africa_Southern,2015,consumer-durable,million 1990$,4703.56
Africa_Southern,2015,value-added,million 1990$,120363.0
Africa_Southern,2015,gross-output,million 1990$,126698.0
Africa_Southern,2015,savings,million 1990$,41587.1
Africa_Southern,2015,investment,million 1990$,43237.3
Africa_Southern,2015,capital-stock,million 1990$,577769.0
Africa_Southern,2015,depreciation,million 1990$,20947.4
Africa_Southern,2015,energy-service-value,million 1990$,6334.89
Africa_Southern,2015,energy-net-export,million 1990$,32534.3
Africa_Southern,2015,materials-net-export,million 1990$,-34184.5
Africa_Southern,2015,capital-net-export,million 1990$,1650.19
Africa_Southern,2015,labor-wages,million 1990$,55342.6
Africa_Southern,2015,gdp-per-capita,thous 1990$ percap,0.978709
Africa_Southern,2015,gdp-per-capita-ppp,thous 1990$ percap,2.06961
Africa_Southern,2015,labor-force,thous pers,69727.6
Africa_Southern,2015,population,thous pers,162696.0
Africa_Southern,2015,savings-rate,rate annual,0.30415
Africa_Southern,2015,fac-share-labor,share,0.436808
Africa_Southern,2015,fac-share-capital,share,0.513192
Africa_Southern,2015,fac-share-energy,share,0.05
Africa_Southern,2015,energy-service,million 1990$,58049.1
Africa_Southern,2015,total-factor-productivity,million 1990$,0.0
Africa_Southern,2021,GDP,million 1990$,174466.0
Africa_Southern,2021,energy-investment,million 1990$,6933.89
Africa_Southern,2021,consumer-durable,million 1990$,4037.18
Africa_Southern,2021,value-added,million 1990$,150945.0
Africa_Southern,2021,gross-output,million 1990$,163486.0
Africa_Southern,2021,savings,million 1990$,53134.0
Africa_Southern,2021,investment,million 1990$,54259.9
Africa_Southern,2021,capital-stock,million 1990$,689798.0
Africa_Southern,2021,depreciation,million 1990$,27099.1
Africa_Southern,2021,energy-service-value,million 1990$,12540.6
Africa_Southern,2021,energy-net-export,million 1990$,10980.3
Africa_Southern,2021,materials-net-export,million 1990$,-12106.2
Africa_Southern,2021,capital-net-export,million 1990$,1125.92
Africa_Southern,2021,labor-wages,million 1990$,67072.6
Africa_Southern,2021,gdp-per-capita,thous 1990$ percap,0.898763
Africa_Southern,2021,gdp-per-capita-ppp,thous 1990$ percap,1.90055
Africa_Southern,2021,labor-force,thous pers,83841.3
Africa_Southern,2021,population,thous pers,194118.0
Africa_Southern,2021,savings-rate,rate annual,0.277155
Africa_Southern,2021,fac-share-labor,share,0.410266
Africa_Southern,2021,fac-share-capital,share,0.513026
Africa_Southern,2021,fac-share-energy,share,0.0767078
Africa_Southern,2021,energy-service,million 1990$,61934.1
Africa_Southern,2021,total-factor-productivity,million 1990$,0.0
Africa_Southern,2025,GDP,million 1990$,203743.0
Africa_Southern,2025,energy-investment,million 1990$,21119.9
Africa_Southern,2025,consumer-durable,million 1990$,2828.69
Africa_Southern,2025,value-added,million 1990$,175177.0
Africa_Southern,2025,gross-output,million 1990$,190110.0
Africa_Southern,2025,savings,million 1990$,52391.3
Africa_Southern,2025,investment,million 1990$,53195.5
Africa_Southern,2025,capital-stock,million 1990$,732096.0
Africa_Southern,2025,depreciation,million 1990$,30911.9
Africa_Southern,2025,energy-service-value,million 1990$,14933.0
Africa_Southern,2025,energy-net-export,million 1990$,13633.0
Africa_Southern,2025,materials-net-export,million 1990$,-14437.2
Africa_Southern,2025,capital-net-export,million 1990$,804.23
Africa_Southern,2025,labor-wages,million 1990$,76946.8
Africa_Southern,2025,gdp-per-capita,thous 1990$ percap,0.944619
Africa_Southern,2025,gdp-per-capita-ppp,thous 1990$ percap,1.99752
Africa_Southern,2025,labor-force,thous pers,95332.2
Africa_Southern,2025,population,thous pers,215688.0
Africa_Southern,2025,savings-rate,rate annual,0.265772
Africa_Southern,2025,fac-share-labor,share,0.404749
Africa_Southern,2025,fac-share-capital,share,0.516702
Africa_Southern,2025,fac-share-energy,share,0.0785493
Africa_Southern,2025,energy-service,million 1990$,71341.2
Africa_Southern,2025,total-factor-productivity,million 1990$,1.05857
Africa_Southern,2030,GDP,million 1990$,264149.0
Africa_Southern,2030,energy-investment,million 1990$,25033.2
Africa_Southern,2030,consumer-durable,million 1990$,5840.49
Africa_Southern,2030,value-added,million 1990$,229749.0
Africa_Southern,2030,gross-output,million 1990$,251005.0
Africa_Southern,2030,savings,million 1990$,58863.9
Africa_Southern,2030,investment,million 1990$,59266.0
Africa_Southern,2030,capital-stock,million 1990$,743571.0
Africa_Southern,2030,depreciation,million 1990$,32807.4
Africa_Southern,2030,energy-service-value,million 1990$,21255.2
Africa_Southern,2030,energy-net-export,million 1990$,13144.4
Africa_Southern,2030,materials-net-export,million 1990$,-13546.5
Africa_Southern,2030,capital-net-export,million 1990$,402.115
Africa_Southern,2030,labor-wages,million 1990$,98516.8
Africa_Southern,2030,gdp-per-capita,thous 1990$ percap,1.08233
Africa_Southern,2030,gdp-per-capita-ppp,thous 1990$ percap,2.28874
Africa_Southern,2030,labor-force,thous pers,111580.0
Africa_Southern,2030,population,thous pers,244055.0
Africa_Southern,2030,savings-rate,rate annual,0.269294
Africa_Southern,2030,fac-share-labor,share,0.39249
Africa_Southern,2030,fac-share-capital,share,0.52283
Africa_Southern,2030,fac-share-energy,share,0.0846805
Africa_Southern,2030,energy-service,million 1990$,90762.7
Africa_Southern,2030,total-factor-productivity,million 1990$,1.27677
Africa_Southern,2035,GDP,million 1990$,344676.0
Africa_Southern,2035,energy-investment,million 1990$,33854.1
Africa_Southern,2035,consumer-durable,million 1990$,8749.34
Africa_Southern,2035,value-added,million 1990$,302826.0
Africa_Southern,2035,gross-output,million 1990$,332733.0
Africa_Southern,2035,savings,million 1990$,77246.3
Africa_Southern,2035,investment,million 1990$,77246.3
Africa_Southern,2035,capital-stock,million 1990$,803233.0
Africa_Southern,2035,depreciation,million 1990$,33321.6
Africa_Southern,2035,energy-service-value,million 1990$,29907.3
Africa_Southern,2035,energy-net-export,million 1990$,11942.5
Africa_Southern,2035,materials-net-export,million 1990$,-11942.5
Africa_Southern,2035,capital-net-export,million 1990$,0.0
Africa_Southern,2035,labor-wages,million 1990$,128307.0
Africa_Southern,2035,gdp-per-capita,thous 1990$ percap,1.26079
Africa_Southern,2035,gdp-per-capita-ppp,thous 1990$ percap,2.6661
Africa_Southern,2035,labor-force,thous pers,129213.0
Africa_Southern,2035,population,thous pers,273381.0
Africa_Southern,2035,savings-rate,rate annual,0.275192
Africa_Southern,2035,fac-share-labor,share,0.385615
Africa_Southern,2035,fac-share-capital,share,0.524501
Africa_Southern,2035,fac-share-energy,share,0.0898837
Africa_Southern,2035,energy-service,million 1990$,115093.0
Africa_Southern,2035,total-factor-productivity,million 1990$,1.50377
Africa_Southern,2040,GDP,million 1990$,442219.0
Africa_Southern,2040,energy-investment,million 1990$,45707.7
Africa_Southern,2040,consumer-durable,million 1990$,10178.8
Africa_Southern,2040,value-added,million 1990$,391335.0
Africa_Southern,2040,gross-output,million 1990$,431793.0
Africa_Southern,2040,savings,million 1990$,102828.0
Africa_Southern,2040,investment,million 1990$,102828.0
Africa_Southern,2040,capital-stock,million 1990$,913998.0
Africa_Southern,2040,depreciation,million 1990$,35995.3
Africa_Southern,2040,energy-service-value,million 1990$,40457.9
Africa_Southern,2040,energy-net-export,million 1990$,10426.1
Africa_Southern,2040,materials-net-export,million 1990$,-10426.1
Africa_Southern,2040,capital-net-export,million 1990$,0.0
Africa_Southern,2040,labor-wages,million 1990$,165731.0
Africa_Southern,2040,gdp-per-capita,thous 1990$ percap,1.45884
Africa_Southern,2040,gdp-per-capita-ppp,thous 1990$ percap,3.0849
Africa_Southern,2040,labor-force,thous pers,147426.0
Africa_Southern,2040,population,thous pers,303131.0
Africa_Southern,2040,savings-rate,rate annual,0.279329
Africa_Southern,2040,fac-share-labor,share,0.383821
Africa_Southern,2040,fac-share-capital,share,0.522481
Africa_Southern,2040,fac-share-energy,share,0.0936974
Africa_Southern,2040,energy-service,million 1990$,143676.0
Africa_Southern,2040,total-factor-productivity,million 1990$,1.6987
Africa_Southern,2045,GDP,million 1990$,563637.0
Africa_Southern,2045,energy-investment,million 1990$,51109.9
Africa_Southern,2045,consumer-durable,million 1990$,12762.9
Africa_Southern,2045,value-added,million 1990$,499976.0
Africa_Southern,2045,gross-output,million 1990$,553614.0
Africa_Southern,2045,savings,million 1990$,133758.0
Africa_Southern,2045,investment,million 1990$,133758.0
Africa_Southern,2045,capital-stock,million 1990$,1082740.0
Africa_Southern,2045,depreciation,million 1990$,40959.0
Africa_Southern,2045,energy-service-value,million 1990$,53638.6
Africa_Southern,2045,energy-net-export,million 1990$,10022.8
Africa_Southern,2045,materials-net-export,million 1990$,-10022.8
Africa_Southern,2045,capital-net-export,million 1990$,0.0
Africa_Southern,2045,labor-wages,million 1990$,213668.0
Africa_Southern,2045,gdp-per-capita,thous 1990$ percap,1.69382
Africa_Southern,2045,gdp-per-capita-ppp,thous 1990$ percap,3.58181
Africa_Southern,2045,labor-force,thous pers,165703.0
Africa_Southern,2045,population,thous pers,332760.0
Africa_Southern,2045,savings-rate,rate annual,0.283597
Africa_Southern,2045,fac-share-labor,share,0.385951
Africa_Southern,2045,fac-share-capital,share,0.517161
Africa_Southern,2045,fac-share-energy,share,0.0968881
Africa_Southern,2045,energy-service,million 1990$,179227.0
Africa_Southern,2045,total-factor-productivity,million 1990$,1.86687
Africa_Southern,2050,GDP,million 1990$,715129.0
Africa_Southern,2050,energy-investment,million 1990$,60462.8
Africa_Southern,2050,consumer-durable,million 1990$,14685.2
Africa_Southern,2050,value-added,million 1990$,635707.0
Africa_Southern,2050,gross-output,million 1990$,705329.0
Africa_Southern,2050,savings,million 1990$,172889.0
Africa_Southern,2050,investment,million 1990$,172889.0
Africa_Southern,2050,capital-stock,million 1990$,1359300.0
Africa_Southern,2050,depreciation,million 1990$,48520.9
Africa_Southern,2050,energy-service-value,million 1990$,69622.5
Africa_Southern,2050,energy-net-export,million 1990$,9799.65
Africa_Southern,2050,materials-net-export,million 1990$,-9799.65
Africa_Southern,2050,capital-net-export,million 1990$,0.0
Africa_Southern,2050,labor-wages,million 1990$,277449.0
Africa_Southern,2050,gdp-per-capita,thous 1990$ percap,1.97758
Africa_Southern,2050,gdp-per-capita-ppp,thous 1990$ percap,4.18185
Africa_Southern,2050,labor-force,thous pers,183872.0
Africa_Southern,2050,population,thous pers,361618.0
Africa_Southern,2050,savings-rate,rate annual,0.288336
Africa_Southern,2050,fac-share-labor,share,0.39336
Africa_Southern,2050,fac-share-capital,share,0.50793
Africa_Southern,2050,fac-share-energy,share,0.0987092
Africa_Southern,2050,energy-service,million 1990$,222315.0
Africa_Southern,2050,total-factor-productivity,million 1990$,1.99025
Africa_Southern,2055,GDP,million 1990$,903323.0
Africa_Southern,2055,energy-investment,million 1990$,69536.7
Africa_Southern,2055,consumer-durable,million 1990$,20343.7
Africa_Southern,2055,value-added,million 1990$,803235.0
Africa_Southern,2055,gross-output,million 1990$,891985.0
Africa_Southern,2055,savings,million 1990$,222746.0
Africa_Southern,2055,investment,million 1990$,222746.0
Africa_Southern,2055,capital-stock,million 1990$,1755570.0
Africa_Southern,2055,depreciation,million 1990$,60914.1
Africa_Southern,2055,energy-service-value,million 1990$,88749.8
Africa_Southern,2055,energy-net-export,million 1990$,11337.9
Africa_Southern,2055,materials-net-export,million 1990$,-11337.9
Africa_Southern,2055,capital-net-export,million 1990$,0.0
Africa_Southern,2055,labor-wages,million 1990$,360218.0
Africa_Southern,2055,gdp-per-capita,thous 1990$ percap,2.32237
Africa_Southern,2055,gdp-per-capita-ppp,thous 1990$ percap,4.91095
Africa_Southern,2055,labor-force,thous pers,201880.0
Africa_Southern,2055,population,thous pers,388966.0
Africa_Southern,2055,savings-rate,rate annual,0.293549
Africa_Southern,2055,fac-share-labor,share,0.403838
Africa_Southern,2055,fac-share-capital,share,0.496665
Africa_Southern,2055,fac-share-energy,share,0.0994969
Africa_Southern,2055,energy-service,million 1990$,271978.0
Africa_Southern,2055,total-factor-productivity,million 1990$,2.09033
Africa_Southern,2060,GDP,million 1990$,1135140.0
Africa_Southern,2060,energy-investment,million 1990$,75679.1
Africa_Southern,2060,consumer-durable,million 1990$,24882.0
Africa_Southern,2060,value-added,million 1990$,1018830.0
Africa_Southern,2060,gross-output,million 1990$,1131980.0
Africa_Southern,2060,savings,million 1990$,286073.0
Africa_Southern,2060,investment,million 1990$,286073.0
Africa_Southern,2060,capital-stock,million 1990$,2292810.0
Africa_Southern,2060,depreciation,million 1990$,78672.4
Africa_Southern,2060,energy-service-value,million 1990$,113153.0
Africa_Southern,2060,energy-net-export,million 1990$,3156.5
Africa_Southern,2060,materials-net-export,million 1990$,-3156.5
Africa_Southern,2060,capital-net-export,million 1990$,0.0
Africa_Southern,2060,labor-wages,million 1990$,470852.0
Africa_Southern,2060,gdp-per-capita,thous 1990$ percap,2.73778
Africa_Southern,2060,gdp-per-capita-ppp,thous 1990$ percap,5.78939
Africa_Southern,2060,labor-force,thous pers,219344.0
Africa_Southern,2060,population,thous pers,414621.0
Africa_Southern,2060,savings-rate,rate annual,0.298854
Africa_Southern,2060,fac-share-labor,share,0.415953
Africa_Southern,2060,fac-share-capital,share,0.484088
Africa_Southern,2060,fac-share-energy,share,0.0999597
Africa_Southern,2060,energy-service,million 1990$,330046.0
Africa_Southern,2060,total-factor-productivity,million 1990$,2.20641
Africa_Southern,2065,GDP,million 1990$,1417330.0
Africa_Southern,2065,energy-investment,million 1990$,85508.5
Africa_Southern,2065,consumer-durable,million 1990$,30162.4
Africa_Southern,2065,value-added,million 1990$,1281500.0
Africa_Southern,2065,gross-output,million 1990$,1423840.0
Africa_Southern,2065,savings,million 1990$,365509.0
Africa_Southern,2065,investment,million 1990$,365509.0
Africa_Southern,2065,capital-stock,million 1990$,3034310.0
Africa_Southern,2065,depreciation,million 1990$,102748.0
Africa_Southern,2065,energy-service-value,million 1990$,142337.0
Africa_Southern,2065,energy-net-export,million 1990$,-6510.67
Africa_Southern,2065,materials-net-export,million 1990$,6510.67
Africa_Southern,2065,capital-net-export,million 1990$,0.0
Africa_Southern,2065,labor-wages,million 1990$,612298.0
Africa_Southern,2065,gdp-per-capita,thous 1990$ percap,3.2358
Africa_Southern,2065,gdp-per-capita-ppp,thous 1990$ percap,6.84251
Africa_Southern,2065,labor-force,thous pers,235436.0
Africa_Southern,2065,population,thous pers,438016.0
Africa_Southern,2065,savings-rate,rate annual,0.304025
Africa_Southern,2065,fac-share-labor,share,0.430033
Africa_Southern,2065,fac-share-capital,share,0.47
Africa_Southern,2065,fac-share-energy,share,0.0999671
Africa_Southern,2065,energy-service,million 1990$,395909.0
Africa_Southern,2065,total-factor-productivity,million 1990$,2.31393
Africa_Southern,2070,GDP,million 1990$,1753180.0
Africa_Southern,2070,energy-investment,million 1990$,95091.9
Africa_Southern,2070,consumer-durable,million 1990$,36923.7
Africa_Southern,2070,value-added,million 1990$,1591690.0
Africa_Southern,2070,gross-output,million 1990$,1768180.0
Africa_Southern,2070,savings,million 1990$,463701.0
Africa_Southern,2070,investment,million 1990$,463701.0
Africa_Southern,2070,capital-stock,million 1990$,4003710.0
Africa_Southern,2070,depreciation,million 1990$,135977.0
Africa_Southern,2070,energy-service-value,million 1990$,176494.0
Africa_Southern,2070,energy-net-export,million 1990$,-15002.0
Africa_Southern,2070,materials-net-export,million 1990$,15002.0
Africa_Southern,2070,capital-net-export,million 1990$,0.0
Africa_Southern,2070,labor-wages,million 1990$,786769.0
Africa_Southern,2070,gdp-per-capita,thous 1990$ percap,3.82098
Africa_Southern,2070,gdp-per-capita-ppp,thous 1990$ percap,8.07995
Africa_Southern,2070,labor-force,thous pers,249248.0
Africa_Southern,2070,population,thous pers,458830.0
Africa_Southern,2070,savings-rate,rate annual,0.308485
Africa_Southern,2070,fac-share-labor,share,0.44496
Africa_Southern,2070,fac-share-capital,share,0.455223
Africa_Southern,2070,fac-share-energy,share,0.0998166
Africa_Southern,2070,energy-service,million 1990$,467797.0
Africa_Southern,2070,total-factor-productivity,million 1990$,2.42463
Africa_Southern,2075,GDP,million 1990$,2148690.0
Africa_Southern,2075,energy-investment,million 1990$,103288.0
Africa_Southern,2075,consumer-durable,million 1990$,43919.5
Africa_Southern,2075,value-added,million 1990$,1955270.0
Africa_Southern,2075,gross-output,million 1990$,2171830.0
Africa_Southern,2075,savings,million 1990$,581399.0
Africa_Southern,2075,investment,million 1990$,581399.0
Africa_Southern,2075,capital-stock,million 1990$,5237860.0
Africa_Southern,2075,depreciation,million 1990$,179418.0
Africa_Southern,2075,energy-service-value,million 1990$,216563.0
Africa_Southern,2075,energy-net-export,million 1990$,-23141.3
Africa_Southern,2075,materials-net-export,million 1990$,23141.3
Africa_Southern,2075,capital-net-export,million 1990$,0.0
Africa_Southern,2075,labor-wages,million 1990$,999329.0
Africa_Southern,2075,gdp-per-capita,thous 1990$ percap,4.50469
Africa_Southern,2075,gdp-per-capita-ppp,thous 1990$ percap,9.52575
Africa_Southern,2075,labor-force,thous pers,260643.0
Africa_Southern,2075,population,thous pers,476989.0
Africa_Southern,2075,savings-rate,rate annual,0.31219
Africa_Southern,2075,fac-share-labor,share,0.460132
Africa_Southern,2075,fac-share-capital,share,0.440153
Africa_Southern,2075,fac-share-energy,share,0.0997146
Africa_Southern,2075,energy-service,million 1990$,545584.0
Africa_Southern,2075,total-factor-productivity,million 1990$,2.54831
Africa_Southern,2080,GDP,million 1990$,2605830.0
Africa_Southern,2080,energy-investment,million 1990$,111699.0
Africa_Southern,2080,consumer-durable,million 1990$,51303.9
Africa_Southern,2080,value-added,million 1990$,2375250.0
Africa_Southern,2080,gross-output,million 1990$,2637950.0
Africa_Southern,2080,savings,million 1990$,720520.0
Africa_Southern,2080,investment,million 1990$,720520.0
Africa_Southern,2080,capital-stock,million 1990$,6785720.0
Africa_Southern,2080,depreciation,million 1990$,234724.0
Africa_Southern,2080,energy-service-value,million 1990$,262698.0
Africa_Southern,2080,energy-net-export,million 1990$,-32120.0
Africa_Southern,2080,materials-net-export,million 1990$,32120.0
Africa_Southern,2080,capital-net-export,million 1990$,0.0
Africa_Southern,2080,labor-wages,million 1990$,1254200.0
Africa_Southern,2080,gdp-per-capita,thous 1990$ percap,5.29695
Africa_Southern,2080,gdp-per-capita-ppp,thous 1990$ percap,11.2011
Africa_Southern,2080,labor-force,thous pers,269326.0
Africa_Southern,2080,population,thous pers,491948.0
Africa_Southern,2080,savings-rate,rate annual,0.315054
Africa_Southern,2080,fac-share-labor,share,0.475446
Africa_Southern,2080,fac-share-capital,share,0.42497
Africa_Southern,2080,fac-share-energy,share,0.0995842
Africa_Southern,2080,energy-service,million 1990$,626634.0
Africa_Southern,2080,total-factor-productivity,million 1990$,2.68784
Africa_Southern,2085,GDP,million 1990$,3127200.0
Africa_Southern,2085,energy-investment,million 1990$,118471.0
Africa_Southern,2085,consumer-durable,million 1990$,58668.9
Africa_Southern,2085,value-added,million 1990$,2852940.0
Africa_Southern,2085,gross-output,million 1990$,3168180.0
Africa_Southern,2085,savings,million 1990$,881275.0
Africa_Southern,2085,investment,million 1990$,881275.0
Africa_Southern,2085,capital-stock,million 1990$,8679170.0
Africa_Southern,2085,depreciation,million 1990$,304088.0
Africa_Southern,2085,energy-service-value,million 1990$,315239.0
Africa_Southern,2085,energy-net-export,million 1990$,-40982.7
Africa_Southern,2085,materials-net-export,million 1990$,40982.7
Africa_Southern,2085,capital-net-export,million 1990$,0.0
Africa_Southern,2085,labor-wages,million 1990$,1554190.0
Africa_Southern,2085,gdp-per-capita,thous 1990$ percap,6.21174
Africa_Southern,2085,gdp-per-capita-ppp,thous 1990$ percap,13.1355
Africa_Southern,2085,labor-force,thous pers,275246.0
Africa_Southern,2085,population,thous pers,503434.0
Africa_Southern,2085,savings-rate,rate annual,0.317151
Africa_Southern,2085,fac-share-labor,share,0.49056
Africa_Southern,2085,fac-share-capital,share,0.409938
Africa_Southern,2085,fac-share-energy,share,0.0995014
Africa_Southern,2085,energy-service,million 1990$,709295.0
Africa_Southern,2085,total-factor-productivity,million 1990$,2.84716
Africa_Southern,2090,GDP,million 1990$,3715940.0
Africa_Southern,2090,energy-investment,million 1990$,124203.0
Africa_Southern,2090,consumer-durable,million 1990$,66219.9
Africa_Southern,2090,value-added,million 1990$,3388940.0
Africa_Southern,2090,gross-output,million 1990$,3763300.0
Africa_Southern,2090,savings,million 1990$,1064160.0
Africa_Southern,2090,investment,million 1990$,1064160.0
Africa_Southern,2090,capital-stock,million 1990$,10956100.0
Africa_Southern,2090,depreciation,million 1990$,388939.0
Africa_Southern,2090,energy-service-value,million 1990$,374354.0
Africa_Southern,2090,energy-net-export,million 1990$,-47360.1
Africa_Southern,2090,materials-net-export,million 1990$,47360.1
Africa_Southern,2090,capital-net-export,million 1990$,0.0
Africa_Southern,2090,labor-wages,million 1990$,1901500.0
Africa_Southern,2090,gdp-per-capita,thous 1990$ percap,7.26244
Africa_Southern,2090,gdp-per-capita-ppp,thous 1990$ percap,15.3574
Africa_Southern,2090,labor-force,thous pers,278798.0
Africa_Southern,2090,population,thous pers,511665.0
Africa_Southern,2090,savings-rate,rate annual,0.318509
Africa_Southern,2090,fac-share-labor,share,0.505276
Africa_Southern,2090,fac-share-capital,share,0.395249
Africa_Southern,2090,fac-share-energy,share,0.0994749
Africa_Southern,2090,energy-service,million 1990$,792287.0
Africa_Southern,2090,total-factor-productivity,million 1990$,3.0261
Africa_Southern,2095,GDP,million 1990$,4372400.0
Africa_Southern,2095,energy-investment,million 1990$,131240.0
Africa_Southern,2095,consumer-durable,million 1990$,73112.5
Africa_Southern,2095,value-added,million 1990$,3985940.0
Africa_Southern,2095,gross-output,million 1990$,4426350.0
Africa_Southern,2095,savings,million 1990$,1269550.0
Africa_Southern,2095,investment,million 1990$,1269550.0
Africa_Southern,2095,capital-stock,million 1990$,13644900.0
Africa_Southern,2095,depreciation,million 1990$,490977.0
Africa_Southern,2095,energy-service-value,million 1990$,440403.0
Africa_Southern,2095,energy-net-export,million 1990$,-53946.7
Africa_Southern,2095,materials-net-export,million 1990$,53946.7
Africa_Southern,2095,capital-net-export,million 1990$,0.0
Africa_Southern,2095,labor-wages,million 1990$,2299760.0
Africa_Southern,2095,gdp-per-capita,thous 1990$ percap,8.45196
Africa_Southern,2095,gdp-per-capita-ppp,thous 1990$ percap,17.8728
Africa_Southern,2095,labor-force,thous pers,279810.0
Africa_Southern,2095,population,thous pers,517324.0
Africa_Southern,2095,savings-rate,rate annual,0.318948
Africa_Southern,2095,fac-share-labor,share,0.519562
Africa_Southern,2095,fac-share-capital,share,0.380942
Africa_Southern,2095,fac-share-energy,share,0.0994958
Africa_Southern,2095,energy-service,million 1990$,873085.0
Africa_Southern,2095,total-factor-productivity,million 1990$,3.23124
Africa_Southern,2100,GDP,million 1990$,5095000.0
Africa_Southern,2100,energy-investment,million 1990$,138523.0
Africa_Southern,2100,consumer-durable,million 1990$,79028.0
Africa_Southern,2100,value-added,million 1990$,4643330.0
Africa_Southern,2100,gross-output,million 1990$,5156160.0
Africa_Southern,2100,savings,million 1990$,1495750.0
Africa_Southern,2100,investment,million 1990$,1495750.0
Africa_Southern,2100,capital-stock,million 1990$,16753100.0
Africa_Southern,2100,depreciation,million 1990$,611467.0
Africa_Southern,2100,energy-service-value,million 1990$,512830.0
Africa_Southern,2100,energy-net-export,million 1990$,-61163.7
Africa_Southern,2100,materials-net-export,million 1990$,61163.7
Africa_Southern,2100,capital-net-export,million 1990$,0.0
Africa_Southern,2100,labor-wages,million 1990$,2750440.0
Africa_Southern,2100,gdp-per-capita,thous 1990$ percap,9.78356
Africa_Southern,2100,gdp-per-capita-ppp,thous 1990$ percap,20.6886
Africa_Southern,2100,labor-force,thous pers,278185.0
Africa_Southern,2100,population,thous pers,520771.0
Africa_Southern,2100,savings-rate,rate annual,0.318439
Africa_Southern,2100,fac-share-labor,share,0.533427
Africa_Southern,2100,fac-share-capital,share,0.367113
Africa_Southern,2100,fac-share-energy,share,0.0994598
Africa_Southern,2100,energy-service,million 1990$,946772.0
Africa_Southern,2100,total-factor-productivity,million 1990$,3.46853
Africa_Western,1975,GDP,million 1990$,136351.0
Africa_Western,1975,energy-investment,million 1990$,14483.2
Africa_Western,1975,consumer-durable,million 1990$,0.141933
Africa_Western,1975,value-added,million 1990$,79464.6
Africa_Western,1975,gross-output,million 1990$,136353.0
Africa_Western,1975,savings,million 1990$,24204.5
Africa_Western,1975,investment,million 1990$,28090.1
Africa_Western,1975,capital-stock,million 1990$,277627.0
Africa_Western,1975,depreciation,million 1990$,12044.0
Africa_Western,1975,energy-service-value,million 1990$,56888.5
Africa_Western,1975,energy-net-export,million 1990$,-2.129
Africa_Western,1975,materials-net-export,million 1990$,-3883.46
Africa_Western,1975,capital-net-export,million 1990$,3885.59
Africa_Western,1975,labor-wages,million 1990$,36728.2
Africa_Western,1975,gdp-per-capita,thous 1990$ percap,0.84855
Africa_Western,1975,gdp-per-capita-ppp,thous 1990$ percap,1.82787
Africa_Western,1975,labor-force,thous pers,60639.4
Africa_Western,1975,population,thous pers,160687.0
Africa_Western,1975,savings-rate,rate annual,0.177516
Africa_Western,1975,fac-share-labor,share,0.269361
Africa_Western,1975,fac-share-capital,share,0.313424
Africa_Western,1975,fac-share-energy,share,0.417215
Africa_Western,1975,energy-service,million 1990$,2.129
Africa_Western,1975,total-factor-productivity,million 1990$,0.0
Africa_Western,1990,GDP,million 1990$,169425.0
Africa_Western,1990,energy-investment,million 1990$,10707.6
Africa_Western,1990,consumer-durable,million 1990$,1807.29
Africa_Western,1990,value-added,million 1990$,88878.3
Africa_Western,1990,gross-output,million 1990$,154492.0
Africa_Western,1990,savings,million 1990$,24204.6
Africa_Western,1990,investment,million 1990$,6782.64
Africa_Western,1990,capital-stock,million 1990$,381341.0
Africa_Western,1990,depreciation,million 1990$,12044.0
Africa_Western,1990,energy-service-value,million 1990$,65613.8
Africa_Western,1990,energy-net-export,million 1990$,14932.9
Africa_Western,1990,materials-net-export,million 1990$,2489.06
Africa_Western,1990,capital-net-export,million 1990$,-17422.0
Africa_Western,1990,labor-wages,million 1990$,51122.5
Africa_Western,1990,gdp-per-capita,thous 1990$ percap,0.697661
Africa_Western,1990,gdp-per-capita-ppp,thous 1990$ percap,1.50284
Africa_Western,1990,labor-force,thous pers,82975.7
Africa_Western,1990,population,thous pers,242847.0
Africa_Western,1990,savings-rate,rate annual,0.231045
Africa_Western,1990,fac-share-labor,share,0.330907
Africa_Western,1990,fac-share-capital,share,0.244386
Africa_Western,1990,fac-share-energy,share,0.424707
Africa_Western,1990,energy-service,million 1990$,35151.8
Africa_Western,1990,total-factor-productivity,million 1990$,0.0
Africa_Western,2005,GDP,million 1990$,279735.0
Africa_Western,2005,energy-investment,million 1990$,8740.15
Africa_Western,2005,consumer-durable,million 1990$,4026.93
Africa_Western,2005,value-added,million 1990$,158572.0
Africa_Western,2005,gross-output,million 1990$,248515.0
Africa_Western,2005,savings,million 1990$,40952.1
Africa_Western,2005,investment,million 1990$,33490.3
Africa_Western,2005,capital-stock,million 1990$,447874.0
Africa_Western,2005,depreciation,million 1990$,16331.7
Africa_Western,2005,energy-service-value,million 1990$,89942.7
Africa_Western,2005,energy-net-export,million 1990$,31219.9
Africa_Western,2005,materials-net-export,million 1990$,-23758.1
Africa_Western,2005,capital-net-export,million 1990$,-7461.76
Africa_Western,2005,labor-wages,million 1990$,82412.6
Africa_Western,2005,gdp-per-capita,thous 1990$ percap,0.763184
Africa_Western,2005,gdp-per-capita-ppp,thous 1990$ percap,1.64398
Africa_Western,2005,labor-force,thous pers,125145.0
Africa_Western,2005,population,thous pers,366537.0
Africa_Western,2005,savings-rate,rate annual,0.124416
Africa_Western,2005,fac-share-labor,share,0.33162
Africa_Western,2005,fac-share-capital,share,0.306459
Africa_Western,2005,fac-share-energy,share,0.36192
Africa_Western,2005,energy-service,million 1990$,71092.4
Africa_Western,2005,total-factor-productivity,million 1990$,0.0
Africa_Western,2010,GDP,million 1990$,378511.0
Africa_Western,2010,energy-investment,million 1990$,26417.0
Africa_Western,2010,consumer-durable,million 1990$,6984.82
Africa_Western,2010,value-added,million 1990$,244380.0
Africa_Western,2010,gross-output,million 1990$,317570.0
Africa_Western,2010,savings,million 1990$,38830.4
Africa_Western,2010,investment,million 1990$,37798.5
Africa_Western,2010,capital-stock,million 1990$,646986.0
Africa_Western,2010,depreciation,million 1990$,19487.0
Africa_Western,2010,energy-service-value,million 1990$,73190.0
Africa_Western,2010,energy-net-export,million 1990$,60940.7
Africa_Western,2010,materials-net-export,million 1990$,-59908.7
Africa_Western,2010,capital-net-export,million 1990$,-1031.94
Africa_Western,2010,labor-wages,million 1990$,153708.0
Africa_Western,2010,gdp-per-capita,thous 1990$ percap,0.895013
Africa_Western,2010,gdp-per-capita-ppp,thous 1990$ percap,1.92796
Africa_Western,2010,labor-force,thous pers,147285.0
Africa_Western,2010,population,thous pers,422911.0
Africa_Western,2010,savings-rate,rate annual,0.180529
Africa_Western,2010,fac-share-labor,share,0.484013
Africa_Western,2010,fac-share-capital,share,0.285519
Africa_Western,2010,fac-share-energy,share,0.230469
Africa_Western,2010,energy-service,million 1990$,96727.6
Africa_Western,2010,total-factor-productivity,million 1990$,0.0
Africa_Western,2015,GDP,million 1990$,495098.0
Africa_Western,2015,energy-investment,million 1990$,23243.1
Africa_Western,2015,consumer-durable,million 1990$,11931.7
Africa_Western,2015,value-added,million 1990$,364141.0
Africa_Western,2015,gross-output,million 1990$,435771.0
Africa_Western,2015,savings,million 1990$,75317.0
Africa_Western,2015,investment,million 1990$,59713.5
Africa_Western,2015,capital-stock,million 1990$,946982.0
Africa_Western,2015,depreciation,million 1990$,32230.3
Africa_Western,2015,energy-service-value,million 1990$,71630.3
Africa_Western,2015,energy-net-export,million 1990$,59326.6
Africa_Western,2015,materials-net-export,million 1990$,-43723.1
Africa_Western,2015,capital-net-export,million 1990$,-15603.5
Africa_Western,2015,labor-wages,million 1990$,193855.0
Africa_Western,2015,gdp-per-capita,thous 1990$ percap,1.01549
Africa_Western,2015,gdp-per-capita-ppp,thous 1990$ percap,2.18747
Africa_Western,2015,labor-force,thous pers,174281.0
Africa_Western,2015,population,thous pers,487548.0
Africa_Western,2015,savings-rate,rate annual,0.203841
Africa_Western,2015,fac-share-labor,share,0.444854
Africa_Western,2015,fac-share-capital,share,0.39077
Africa_Western,2015,fac-share-energy,share,0.164376
Africa_Western,2015,energy-service,million 1990$,132845.0
Africa_Western,2015,total-factor-productivity,million 1990$,0.0
Africa_Western,2021,GDP,million 1990$,560669.0
Africa_Western,2021,energy-investment,million 1990$,23405.2
Africa_Western,2021,consumer-durable,million 1990$,13179.0
Africa_Western,2021,value-added,million 1990$,407369.0
Africa_Western,2021,gross-output,million 1990$,538396.0
Africa_Western,2021,savings,million 1990$,112853.0
Africa_Western,2021,investment,million 1990$,83697.7
Africa_Western,2021,capital-stock,million 1990$,1130990.0
Africa_Western,2021,depreciation,million 1990$,45705.1
Africa_Western,2021,energy-service-value,million 1990$,131027.0
Africa_Western,2021,energy-net-export,million 1990$,22273.2
Africa_Western,2021,materials-net-export,million 1990$,6882.05
Africa_Western,2021,capital-net-export,million 1990$,-29155.3
Africa_Western,2021,labor-wages,million 1990$,217385.0
Africa_Western,2021,gdp-per-capita,thous 1990$ percap,0.97626
Africa_Western,2021,gdp-per-capita-ppp,thous 1990$ percap,2.10297
Africa_Western,2021,labor-force,thous pers,209018.0
Africa_Western,2021,population,thous pers,574303.0
Africa_Western,2021,savings-rate,rate annual,0.214536
Africa_Western,2021,fac-share-labor,share,0.403764
Africa_Western,2021,fac-share-capital,share,0.35287
Africa_Western,2021,fac-share-energy,share,0.243366
Africa_Western,2021,energy-service,million 1990$,151109.0
Africa_Western,2021,total-factor-productivity,million 1990$,0.0
Africa_Western,2025,GDP,million 1990$,653379.0
Africa_Western,2025,energy-investment,million 1990$,54459.7
Africa_Western,2025,consumer-durable,million 1990$,8100.12
Africa_Western,2025,value-added,million 1990$,476614.0
Africa_Western,2025,gross-output,million 1990$,632183.0
Africa_Western,2025,savings,million 1990$,133463.0
Africa_Western,2025,investment,million 1990$,112638.0
Africa_Western,2025,capital-stock,million 1990$,1217310.0
Africa_Western,2025,depreciation,million 1990$,52897.5
Africa_Western,2025,energy-service-value,million 1990$,155569.0
Africa_Western,2025,energy-net-export,million 1990$,21196.1
Africa_Western,2025,materials-net-export,million 1990$,-370.88
Africa_Western,2025,capital-net-export,million 1990$,-20825.2
Africa_Western,2025,labor-wages,million 1990$,252630.0
Africa_Western,2025,gdp-per-capita,thous 1990$ percap,1.02476
Africa_Western,2025,gdp-per-capita-ppp,thous 1990$ percap,2.20745
Africa_Western,2025,labor-force,thous pers,236018.0
Africa_Western,2025,population,thous pers,637591.0
Africa_Western,2025,savings-rate,rate annual,0.209706
Africa_Western,2025,fac-share-labor,share,0.399615
Africa_Western,2025,fac-share-capital,share,0.354302
Africa_Western,2025,fac-share-energy,share,0.246083
Africa_Western,2025,energy-service,million 1990$,171820.0
Africa_Western,2025,total-factor-productivity,million 1990$,1.05585
Africa_Western,2030,GDP,million 1990$,814022.0
Africa_Western,2030,energy-investment,million 1990$,51210.0
Africa_Western,2030,consumer-durable,million 1990$,15681.5
Africa_Western,2030,value-added,million 1990$,592081.0
Africa_Western,2030,gross-output,million 1990$,794414.0
Africa_Western,2030,savings,million 1990$,152376.0
Africa_Western,2030,investment,million 1990$,141963.0
Africa_Western,2030,capital-stock,million 1990$,1319630.0
Africa_Western,2030,depreciation,million 1990$,56935.0
Africa_Western,2030,energy-service-value,million 1990$,202333.0
Africa_Western,2030,energy-net-export,million 1990$,19608.1
Africa_Western,2030,materials-net-export,million 1990$,-9195.47
Africa_Western,2030,capital-net-export,million 1990$,-10412.6
Africa_Western,2030,labor-wages,million 1990$,310709.0
Africa_Western,2030,gdp-per-capita,thous 1990$ percap,1.12514
Africa_Western,2030,gdp-per-capita-ppp,thous 1990$ percap,2.42367
Africa_Western,2030,labor-force,thous pers,274564.0
Africa_Western,2030,population,thous pers,723488.0
Africa_Western,2030,savings-rate,rate annual,0.212363
Africa_Western,2030,fac-share-labor,share,0.391117
Africa_Western,2030,fac-share-capital,share,0.354188
Africa_Western,2030,fac-share-energy,share,0.254695
Africa_Western,2030,energy-service,million 1990$,211907.0
Africa_Western,2030,total-factor-productivity,million 1990$,1.15242
Africa_Western,2035,GDP,million 1990$,1057760.0
Africa_Western,2035,energy-investment,million 1990$,72254.5
Africa_Western,2035,consumer-durable,million 1990$,25059.3
Africa_Western,2035,value-added,million 1990$,767646.0
Africa_Western,2035,gross-output,million 1990$,1039990.0
Africa_Western,2035,savings,million 1990$,192002.0
Africa_Western,2035,investment,million 1990$,192002.0
Africa_Western,2035,capital-stock,million 1990$,1608290.0
Africa_Western,2035,depreciation,million 1990$,61720.3
Africa_Western,2035,energy-service-value,million 1990$,272349.0
Africa_Western,2035,energy-net-export,million 1990$,17760.7
Africa_Western,2035,materials-net-export,million 1990$,-17760.7
Africa_Western,2035,capital-net-export,million 1990$,0.0
Africa_Western,2035,labor-wages,million 1990$,405939.0
Africa_Western,2035,gdp-per-capita,thous 1990$ percap,1.29774
Africa_Western,2035,gdp-per-capita-ppp,thous 1990$ percap,2.79547
Africa_Western,2035,labor-force,thous pers,317038.0
Africa_Western,2035,population,thous pers,815076.0
Africa_Western,2035,savings-rate,rate annual,0.222738
Africa_Western,2035,fac-share-labor,share,0.390329
Africa_Western,2035,fac-share-capital,share,0.347796
Africa_Western,2035,fac-share-energy,share,0.261875
Africa_Western,2035,energy-service,million 1990$,270560.0
Africa_Western,2035,total-factor-productivity,million 1990$,1.24918
Africa_Western,2040,GDP,million 1990$,1358530.0
Africa_Western,2040,energy-investment,million 1990$,99106.0
Africa_Western,2040,consumer-durable,million 1990$,29228.2
Africa_Western,2040,value-added,million 1990$,983621.0
Africa_Western,2040,gross-output,million 1990$,1342600.0
Africa_Western,2040,savings,million 1990$,260466.0
Africa_Western,2040,investment,million 1990$,260466.0
Africa_Western,2040,capital-stock,million 1990$,2008690.0
Africa_Western,2040,depreciation,million 1990$,75221.2
Africa_Western,2040,energy-service-value,million 1990$,358982.0
Africa_Western,2040,energy-net-export,million 1990$,15923.9
Africa_Western,2040,materials-net-export,million 1990$,-15923.9
Africa_Western,2040,capital-net-export,million 1990$,0.0
Africa_Western,2040,labor-wages,million 1990$,526661.0
Africa_Western,2040,gdp-per-capita,thous 1990$ percap,1.49062
Africa_Western,2040,gdp-per-capita-ppp,thous 1990$ percap,3.21097
Africa_Western,2040,labor-force,thous pers,362387.0
Africa_Western,2040,population,thous pers,911381.0
Africa_Western,2040,savings-rate,rate annual,0.231306
Africa_Western,2040,fac-share-labor,share,0.392268
Africa_Western,2040,fac-share-capital,share,0.340354
Africa_Western,2040,fac-share-energy,share,0.267377
Africa_Western,2040,energy-service,million 1990$,341109.0
Africa_Western,2040,total-factor-productivity,million 1990$,1.33344
Africa_Western,2045,GDP,million 1990$,1734680.0
Africa_Western,2045,energy-investment,million 1990$,116230.0
Africa_Western,2045,consumer-durable,million 1990$,36630.3
Africa_Western,2045,value-added,million 1990$,1251790.0
Africa_Western,2045,gross-output,million 1990$,1720450.0
Africa_Western,2045,savings,million 1990$,346169.0
Africa_Western,2045,investment,million 1990$,346169.0
Africa_Western,2045,capital-stock,million 1990$,2572830.0
Africa_Western,2045,depreciation,million 1990$,93948.5
Africa_Western,2045,energy-service-value,million 1990$,468656.0
Africa_Western,2045,energy-net-export,million 1990$,14239.4
Africa_Western,2045,materials-net-export,million 1990$,-14239.4
Africa_Western,2045,capital-net-export,million 1990$,0.0
Africa_Western,2045,labor-wages,million 1990$,681712.0
Africa_Western,2045,gdp-per-capita,thous 1990$ percap,1.71653
Africa_Western,2045,gdp-per-capita-ppp,thous 1990$ percap,3.69759
Africa_Western,2045,labor-force,thous pers,410478.0
Africa_Western,2045,population,thous pers,1010580.0
Africa_Western,2045,savings-rate,rate annual,0.239373
Africa_Western,2045,fac-share-labor,share,0.396241
Africa_Western,2045,fac-share-capital,share,0.331355
Africa_Western,2045,fac-share-energy,share,0.272404
Africa_Western,2045,energy-service,million 1990$,430250.0
Africa_Western,2045,total-factor-productivity,million 1990$,1.4061
Africa_Western,2050,GDP,million 1990$,2205710.0
Africa_Western,2050,energy-investment,million 1990$,146001.0
Africa_Western,2050,consumer-durable,million 1990$,42125.8
Africa_Western,2050,value-added,million 1990$,1587490.0
Africa_Western,2050,gross-output,million 1990$,2193000.0
Africa_Western,2050,savings,million 1990$,456011.0
Africa_Western,2050,investment,million 1990$,456011.0
Africa_Western,2050,capital-stock,million 1990$,3405320.0
Africa_Western,2050,depreciation,million 1990$,120334.0
Africa_Western,2050,energy-service-value,million 1990$,605512.0
Africa_Western,2050,energy-net-export,million 1990$,12711.4
Africa_Western,2050,materials-net-export,million 1990$,-12711.4
Africa_Western,2050,capital-net-export,million 1990$,0.0
Africa_Western,2050,labor-wages,million 1990$,883906.0
Africa_Western,2050,gdp-per-capita,thous 1990$ percap,1.98585
Africa_Western,2050,gdp-per-capita-ppp,thous 1990$ percap,4.27773
Africa_Western,2050,labor-force,thous pers,460914.0
Africa_Western,2050,population,thous pers,1110720.0
Africa_Western,2050,savings-rate,rate annual,0.247342
Africa_Western,2050,fac-share-labor,share,0.403058
Africa_Western,2050,fac-share-capital,share,0.320831
Africa_Western,2050,fac-share-energy,share,0.276111
Africa_Western,2050,energy-service,million 1990$,539906.0
Africa_Western,2050,total-factor-productivity,million 1990$,1.46743
Africa_Western,2055,GDP,million 1990$,2792800.0
Africa_Western,2055,energy-investment,million 1990$,173948.0
Africa_Western,2055,consumer-durable,million 1990$,58625.0
Africa_Western,2055,value-added,million 1990$,2003900.0
Africa_Western,2055,gross-output,million 1990$,2777800.0
Africa_Western,2055,savings,million 1990$,597412.0
Africa_Western,2055,investment,million 1990$,597412.0
Africa_Western,2055,capital-stock,million 1990$,4543800.0
Africa_Western,2055,depreciation,million 1990$,159270.0
Africa_Western,2055,energy-service-value,million 1990$,773903.0
Africa_Western,2055,energy-net-export,million 1990$,15001.7
Africa_Western,2055,materials-net-export,million 1990$,-15001.7
Africa_Western,2055,capital-net-export,million 1990$,0.0
Africa_Western,2055,labor-wages,million 1990$,1142450.0
Africa_Western,2055,gdp-per-capita,thous 1990$ percap,2.30971
Africa_Western,2055,gdp-per-capita-ppp,thous 1990$ percap,4.97537
Africa_Western,2055,labor-force,thous pers,513449.0
Africa_Western,2055,population,thous pers,1209160.0
Africa_Western,2055,savings-rate,rate annual,0.255346
Africa_Western,2055,fac-share-labor,share,0.411278
Africa_Western,2055,fac-share-capital,share,0.310119
Africa_Western,2055,fac-share-energy,share,0.278603
Africa_Western,2055,energy-service,million 1990$,667131.0
Africa_Western,2055,total-factor-productivity,million 1990$,1.53155
Africa_Western,2060,GDP,million 1990$,3516600.0
Africa_Western,2060,energy-investment,million 1990$,201745.0
Africa_Western,2060,consumer-durable,million 1990$,72948.5
Africa_Western,2060,value-added,million 1990$,2520050.0
Africa_Western,2060,gross-output,million 1990$,3506450.0
Africa_Western,2060,savings,million 1990$,778777.0
Africa_Western,2060,investment,million 1990$,778777.0
Africa_Western,2060,capital-stock,million 1990$,6063290.0
Africa_Western,2060,depreciation,million 1990$,212518.0
Africa_Western,2060,energy-service-value,million 1990$,986406.0
Africa_Western,2060,energy-net-export,million 1990$,10145.7
Africa_Western,2060,materials-net-export,million 1990$,-10145.7
Africa_Western,2060,capital-net-export,million 1990$,0.0
Africa_Western,2060,labor-wages,million 1990$,1471780.0
Africa_Western,2060,gdp-per-capita,thous 1990$ percap,2.69585
Africa_Western,2060,gdp-per-capita-ppp,thous 1990$ percap,5.80715
Africa_Western,2060,labor-force,thous pers,566545.0
Africa_Western,2060,population,thous pers,1304450.0
Africa_Western,2060,savings-rate,rate annual,0.263078
Africa_Western,2060,fac-share-labor,share,0.419735
Africa_Western,2060,fac-share-capital,share,0.298953
Africa_Western,2060,fac-share-energy,share,0.281312
Africa_Western,2060,energy-service,million 1990$,819470.0
Africa_Western,2060,total-factor-productivity,million 1990$,1.60465
Africa_Western,2065,GDP,million 1990$,4397750.0
Africa_Western,2065,energy-investment,million 1990$,232924.0
Africa_Western,2065,consumer-durable,million 1990$,89493.7
Africa_Western,2065,value-added,million 1990$,3145890.0
Africa_Western,2065,gross-output,million 1990$,4391650.0
Africa_Western,2065,savings,million 1990$,1007800.0
Africa_Western,2065,investment,million 1990$,1007800.0
Africa_Western,2065,capital-stock,million 1990$,8110260.0
Africa_Western,2065,depreciation,million 1990$,283586.0
Africa_Western,2065,energy-service-value,million 1990$,1245750.0
Africa_Western,2065,energy-net-export,million 1990$,6102.86
Africa_Western,2065,materials-net-export,million 1990$,-6102.86
Africa_Western,2065,capital-net-export,million 1990$,0.0
Africa_Western,2065,labor-wages,million 1990$,1883590.0
Africa_Western,2065,gdp-per-capita,thous 1990$ percap,3.15126
Africa_Western,2065,gdp-per-capita-ppp,thous 1990$ percap,6.78816
Africa_Western,2065,labor-force,thous pers,618576.0
Africa_Western,2065,population,thous pers,1395550.0
Africa_Western,2065,savings-rate,rate annual,0.270231
Africa_Western,2065,fac-share-labor,share,0.428903
Africa_Western,2065,fac-share-capital,share,0.287433
Africa_Western,2065,fac-share-energy,share,0.283664
Africa_Western,2065,energy-service,million 1990$,994942.0
Africa_Western,2065,total-factor-productivity,million 1990$,1.68309
Africa_Western,2070,GDP,million 1990$,5448050.0
Africa_Western,2070,energy-investment,million 1990$,262595.0
Africa_Western,2070,consumer-durable,million 1990$,110098.0
Africa_Western,2070,value-added,million 1990$,3891710.0
Africa_Western,2070,gross-output,million 1990$,5447560.0
Africa_Western,2070,savings,million 1990$,1291780.0
Africa_Western,2070,investment,million 1990$,1291780.0
Africa_Western,2070,capital-stock,million 1990$,10797100.0
Africa_Western,2070,depreciation,million 1990$,379325.0
Africa_Western,2070,energy-service-value,million 1990$,1555850.0
Africa_Western,2070,energy-net-export,million 1990$,486.156
Africa_Western,2070,materials-net-export,million 1990$,-486.156
Africa_Western,2070,capital-net-export,million 1990$,0.0
Africa_Western,2070,labor-wages,million 1990$,2388850.0
Africa_Western,2070,gdp-per-capita,thous 1990$ percap,3.67775
Africa_Western,2070,gdp-per-capita-ppp,thous 1990$ percap,7.92227
Africa_Western,2070,labor-force,thous pers,667062.0
Africa_Western,2070,population,thous pers,1481360.0
Africa_Western,2070,savings-rate,rate annual,0.276344
Africa_Western,2070,fac-share-labor,share,0.438518
Africa_Western,2070,fac-share-capital,share,0.275877
Africa_Western,2070,fac-share-energy,share,0.285606
Africa_Western,2070,energy-service,million 1990$,1188160.0
Africa_Western,2070,total-factor-productivity,million 1990$,1.77227
Africa_Western,2075,GDP,million 1990$,6684310.0
Africa_Western,2075,energy-investment,million 1990$,293842.0
Africa_Western,2075,consumer-durable,million 1990$,131676.0
Africa_Western,2075,value-added,million 1990$,4767120.0
Africa_Western,2075,gross-output,million 1990$,6692660.0
Africa_Western,2075,savings,million 1990$,1633600.0
Africa_Western,2075,investment,million 1990$,1633600.0
Africa_Western,2075,capital-stock,million 1990$,14239300.0
Africa_Western,2075,depreciation,million 1990$,504991.0
Africa_Western,2075,energy-service-value,million 1990$,1925540.0
Africa_Western,2075,energy-net-export,million 1990$,-8350.53
Africa_Western,2075,materials-net-export,million 1990$,8350.53
Africa_Western,2075,capital-net-export,million 1990$,0.0
Africa_Western,2075,labor-wages,million 1990$,2998010.0
Africa_Western,2075,gdp-per-capita,thous 1990$ percap,4.28267
Africa_Western,2075,gdp-per-capita-ppp,thous 1990$ percap,9.22535
Africa_Western,2075,labor-force,thous pers,710657.0
Africa_Western,2075,population,thous pers,1560780.0
Africa_Western,2075,savings-rate,rate annual,0.281425
Africa_Western,2075,fac-share-labor,share,0.447954
Africa_Western,2075,fac-share-capital,share,0.264336
Africa_Western,2075,fac-share-energy,share,0.28771
Africa_Western,2075,energy-service,million 1990$,1400880.0
Africa_Western,2075,total-factor-productivity,million 1990$,1.87403
Africa_Western,2080,GDP,million 1990$,8118120.0
Africa_Western,2080,energy-investment,million 1990$,321111.0
Africa_Western,2080,consumer-durable,million 1990$,154195.0
Africa_Western,2080,value-added,million 1990$,5790650.0
Africa_Western,2080,gross-output,million 1990$,8153660.0
Africa_Western,2080,savings,million 1990$,2038250.0
Africa_Western,2080,investment,million 1990$,2038250.0
Africa_Western,2080,capital-stock,million 1990$,18550400.0
Africa_Western,2080,depreciation,million 1990$,665984.0
Africa_Western,2080,energy-service-value,million 1990$,2363010.0
Africa_Western,2080,energy-net-export,million 1990$,-35543.7
Africa_Western,2080,materials-net-export,million 1990$,35543.7
Africa_Western,2080,capital-net-export,million 1990$,0.0
Africa_Western,2080,labor-wages,million 1990$,3727080.0
Africa_Western,2080,gdp-per-capita,thous 1990$ percap,4.97327
Africa_Western,2080,gdp-per-capita-ppp,thous 1990$ percap,10.713
Africa_Western,2080,labor-force,thous pers,748666.0
Africa_Western,2080,population,thous pers,1632350.0
Africa_Western,2080,savings-rate,rate annual,0.285493
Africa_Western,2080,fac-share-labor,share,0.457105
Africa_Western,2080,fac-share-capital,share,0.253085
Africa_Western,2080,fac-share-energy,share,0.28981
Africa_Western,2080,energy-service,million 1990$,1627260.0
Africa_Western,2080,total-factor-productivity,million 1990$,1.9943
Africa_Western,2085,GDP,million 1990$,9763210.0
Africa_Western,2085,energy-investment,million 1990$,348911.0
Africa_Western,2085,consumer-durable,million 1990$,177164.0
Africa_Western,2085,value-added,million 1990$,6964370.0
Africa_Western,2085,gross-output,million 1990$,9836790.0
Africa_Western,2085,savings,million 1990$,2508490.0
Africa_Western,2085,investment,million 1990$,2508490.0
Africa_Western,2085,capital-stock,million 1990$,23858000.0
Africa_Western,2085,depreciation,million 1990$,867623.0
Africa_Western,2085,energy-service-value,million 1990$,2872420.0
Africa_Western,2085,energy-net-export,million 1990$,-73581.4
Africa_Western,2085,materials-net-export,million 1990$,73581.4
Africa_Western,2085,capital-net-export,million 1990$,0.0
Africa_Western,2085,labor-wages,million 1990$,4581980.0
Africa_Western,2085,gdp-per-capita,thous 1990$ percap,5.75978
Africa_Western,2085,gdp-per-capita-ppp,thous 1990$ percap,12.4072
Africa_Western,2085,labor-force,thous pers,780919.0
Africa_Western,2085,population,thous pers,1695070.0
Africa_Western,2085,savings-rate,rate annual,0.288674
Africa_Western,2085,fac-share-labor,share,0.4658
Africa_Western,2085,fac-share-capital,share,0.242193
Africa_Western,2085,fac-share-energy,share,0.292007
Africa_Western,2085,energy-service,million 1990$,1865490.0
Africa_Western,2085,total-factor-productivity,million 1990$,2.13068
Africa_Western,2090,GDP,million 1990$,11633900.0
Africa_Western,2090,energy-investment,million 1990$,383354.0
Africa_Western,2090,consumer-durable,million 1990$,203421.0
Africa_Western,2090,value-added,million 1990$,8275560.0
Africa_Western,2090,gross-output,million 1990$,11733700.0
Africa_Western,2090,savings,million 1990$,3047880.0
Africa_Western,2090,investment,million 1990$,3047880.0
Africa_Western,2090,capital-stock,million 1990$,30260200.0
Africa_Western,2090,depreciation,million 1990$,1115860.0
Africa_Western,2090,energy-service-value,million 1990$,3458170.0
Africa_Western,2090,energy-net-export,million 1990$,-99839.5
Africa_Western,2090,materials-net-export,million 1990$,99839.5
Africa_Western,2090,capital-net-export,million 1990$,0.0
Africa_Western,2090,labor-wages,million 1990$,5557830.0
Africa_Western,2090,gdp-per-capita,thous 1990$ percap,6.65495
Africa_Western,2090,gdp-per-capita-ppp,thous 1990$ percap,14.3355
Africa_Western,2090,labor-force,thous pers,807191.0
Africa_Western,2090,population,thous pers,1748160.0
Africa_Western,2090,savings-rate,rate annual,0.291118
Africa_Western,2090,fac-share-labor,share,0.473663
Africa_Western,2090,fac-share-capital,share,0.231617
Africa_Western,2090,fac-share-energy,share,0.29472
Africa_Western,2090,energy-service,million 1990$,2119930.0
Africa_Western,2090,total-factor-productivity,million 1990$,2.27827
Africa_Western,2095,GDP,million 1990$,13740500.0
Africa_Western,2095,energy-investment,million 1990$,413714.0
Africa_Western,2095,consumer-durable,million 1990$,228054.0
Africa_Western,2095,value-added,million 1990$,9737770.0
Africa_Western,2095,gross-output,million 1990$,13867400.0
Africa_Western,2095,savings,million 1990$,3660300.0
Africa_Western,2095,investment,million 1990$,3660300.0
Africa_Western,2095,capital-stock,million 1990$,37811200.0
Africa_Western,2095,depreciation,million 1990$,1415300.0
Africa_Western,2095,energy-service-value,million 1990$,4129590.0
Africa_Western,2095,energy-net-export,million 1990$,-126862.0
Africa_Western,2095,materials-net-export,million 1990$,126862.0
Africa_Western,2095,capital-net-export,million 1990$,0.0
Africa_Western,2095,labor-wages,million 1990$,6666970.0
Africa_Western,2095,gdp-per-capita,thous 1990$ percap,7.67275
Africa_Western,2095,gdp-per-capita-ppp,thous 1990$ percap,16.5279
Africa_Western,2095,labor-force,thous pers,826283.0
Africa_Western,2095,population,thous pers,1790820.0
Africa_Western,2095,savings-rate,rate annual,0.292942
Africa_Western,2095,fac-share-labor,share,0.480767
Africa_Western,2095,fac-share-capital,share,0.221441
Africa_Western,2095,fac-share-energy,share,0.297792
Africa_Western,2095,energy-service,million 1990$,2383100.0
Africa_Western,2095,total-factor-productivity,million 1990$,2.44539
Africa_Western,2100,GDP,million 1990$,16089500.0
Africa_Western,2100,energy-investment,million 1990$,443200.0
Africa_Western,2100,consumer-durable,million 1990$,250414.0
Africa_Western,2100,value-added,million 1990$,11357300.0
Africa_Western,2100,gross-output,million 1990$,16244300.0
Africa_Western,2100,savings,million 1990$,4348140.0
Africa_Western,2100,investment,million 1990$,4348140.0
Africa_Western,2100,capital-stock,million 1990$,46635800.0
Africa_Western,2100,depreciation,million 1990$,1768470.0
Africa_Western,2100,energy-service-value,million 1990$,4886980.0
Africa_Western,2100,energy-net-export,million 1990$,-154813.0
Africa_Western,2100,materials-net-export,million 1990$,154813.0
Africa_Western,2100,capital-net-export,million 1990$,0.0
Africa_Western,2100,labor-wages,million 1990$,7918270.0
Africa_Western,2100,gdp-per-capita,thous 1990$ percap,8.82546
Africa_Western,2100,gdp-per-capita-ppp,thous 1990$ percap,19.011
Africa_Western,2100,labor-force,thous pers,837861.0
Africa_Western,2100,population,thous pers,1823070.0
Africa_Western,2100,savings-rate,rate annual,0.294178
Africa_Western,2100,fac-share-labor,share,0.48745
Africa_Western,2100,fac-share-capital,share,0.211707
Africa_Western,2100,fac-share-energy,share,0.300843
Africa_Western,2100,energy-service,million 1990$,2643070.0
Africa_Western,2100,total-factor-productivity,million 1990$,2.63598
Australia_NZ,1975,GDP,million 1990$,264522.0
Australia_NZ,1975,energy-investment,million 1990$,2928.03
Australia_NZ,1975,consumer-durable,million 1990$,0.141933
Australia_NZ,1975,value-added,million 1990$,208210.0
Australia_NZ,1975,gross-output,million 1990$,264524.0
Australia_NZ,1975,savings,million 1990$,46053.5
Australia_NZ,1975,investment,million 1990$,33710.2
Australia_NZ,1975,capital-stock,million 1990$,676226.0
Australia_NZ,1975,depreciation,million 1990$,21828.6
Australia_NZ,1975,energy-service-value,million 1990$,56314.2
Australia_NZ,1975,energy-net-export,million 1990$,-2.129
Australia_NZ,1975,materials-net-export,million 1990$,12345.5
Australia_NZ,1975,capital-net-export,million 1990$,-12343.4
Australia_NZ,1975,labor-wages,million 1990$,185106.0
Australia_NZ,1975,gdp-per-capita,thous 1990$ percap,15.5766
Australia_NZ,1975,gdp-per-capita-ppp,thous 1990$ percap,13.3325
Australia_NZ,1975,labor-force,thous pers,7334.81
Australia_NZ,1975,population,thous pers,16982.0
Australia_NZ,1975,savings-rate,rate annual,0.174101
Australia_NZ,1975,fac-share-labor,share,0.699772
Australia_NZ,1975,fac-share-capital,share,0.0873397
Australia_NZ,1975,fac-share-energy,share,0.212889
Australia_NZ,1975,energy-service,million 1990$,2.129
Australia_NZ,1975,total-factor-productivity,million 1990$,0.0
Australia_NZ,1990,GDP,million 1990$,395498.0
Australia_NZ,1990,energy-investment,million 1990$,5467.15
Australia_NZ,1990,consumer-durable,million 1990$,23553.3
Australia_NZ,1990,value-added,million 1990$,314465.0
Australia_NZ,1990,gross-output,million 1990$,391454.0
Australia_NZ,1990,savings,million 1990$,46053.7
Australia_NZ,1990,investment,million 1990$,9227.57
Australia_NZ,1990,capital-stock,million 1990$,1133170.0
Australia_NZ,1990,depreciation,million 1990$,21828.6
Australia_NZ,1990,energy-service-value,million 1990$,76989.3
Australia_NZ,1990,energy-net-export,million 1990$,4044.05
Australia_NZ,1990,materials-net-export,million 1990$,32782.1
Australia_NZ,1990,capital-net-export,million 1990$,-36826.1
Australia_NZ,1990,labor-wages,million 1990$,244559.0
Australia_NZ,1990,gdp-per-capita,thous 1990$ percap,19.3445
Australia_NZ,1990,gdp-per-capita-ppp,thous 1990$ percap,16.5575
Australia_NZ,1990,labor-force,thous pers,9406.5
Australia_NZ,1990,population,thous pers,20445.0
Australia_NZ,1990,savings-rate,rate annual,0.248224
Australia_NZ,1990,fac-share-labor,share,0.624746
Australia_NZ,1990,fac-share-capital,share,0.178578
Australia_NZ,1990,fac-share-energy,share,0.196675
Australia_NZ,1990,energy-service,million 1990$,228315.0
Australia_NZ,1990,total-factor-productivity,million 1990$,0.0
Australia_NZ,2005,GDP,million 1990$,663062.0
Australia_NZ,2005,energy-investment,million 1990$,13640.1
Australia_NZ,2005,consumer-durable,million 1990$,31087.3
Australia_NZ,2005,value-added,million 1990$,507551.0
Australia_NZ,2005,gross-output,million 1990$,656923.0
Australia_NZ,2005,savings,million 1990$,121725.0
Australia_NZ,2005,investment,million 1990$,86630.5
Australia_NZ,2005,capital-stock,million 1990$,1813160.0
Australia_NZ,2005,depreciation,million 1990$,36334.0
Australia_NZ,2005,energy-service-value,million 1990$,149371.0
Australia_NZ,2005,energy-net-export,million 1990$,6139.49
Australia_NZ,2005,materials-net-export,million 1990$,28955.4
Australia_NZ,2005,capital-net-export,million 1990$,-35094.9
Australia_NZ,2005,labor-wages,million 1990$,388544.0
Australia_NZ,2005,gdp-per-capita,thous 1990$ percap,27.2809
Australia_NZ,2005,gdp-per-capita-ppp,thous 1990$ percap,23.3505
Australia_NZ,2005,labor-force,thous pers,12006.3
Australia_NZ,2005,population,thous pers,24305.0
Australia_NZ,2005,savings-rate,rate annual,0.275189
Australia_NZ,2005,fac-share-labor,share,0.591461
Australia_NZ,2005,fac-share-capital,share,0.181158
Australia_NZ,2005,fac-share-energy,share,0.22738
Australia_NZ,2005,energy-service,million 1990$,327281.0
Australia_NZ,2005,total-factor-productivity,million 1990$,0.0
Australia_NZ,2010,GDP,million 1990$,754314.0
Australia_NZ,2010,energy-investment,million 1990$,17887.0
Australia_NZ,2010,consumer-durable,million 1990$,39995.4
Australia_NZ,2010,value-added,million 1990$,565885.0
Australia_NZ,2010,gross-output,million 1990$,740476.0
Australia_NZ,2010,savings,million 1990$,213555.0
Australia_NZ,2010,investment,million 1990$,207620.0
Australia_NZ,2010,capital-stock,million 1990$,2150710.0
Australia_NZ,2010,depreciation,million 1990$,62517.7
Australia_NZ,2010,energy-service-value,million 1990$,174591.0
Australia_NZ,2010,energy-net-export,million 1990$,13837.9
Australia_NZ,2010,materials-net-export,million 1990$,-7903.13
Australia_NZ,2010,capital-net-export,million 1990$,-5934.79
Australia_NZ,2010,labor-wages,million 1990$,433585.0
Australia_NZ,2010,gdp-per-capita,thous 1990$ percap,28.6093
Australia_NZ,2010,gdp-per-capita-ppp,thous 1990$ percap,24.4876
Australia_NZ,2010,labor-force,thous pers,13228.5
Australia_NZ,2010,population,thous pers,26366.0
Australia_NZ,2010,savings-rate,rate annual,0.240975
Australia_NZ,2010,fac-share-labor,share,0.585549
Australia_NZ,2010,fac-share-capital,share,0.178669
Australia_NZ,2010,fac-share-energy,share,0.235782
Australia_NZ,2010,energy-service,million 1990$,374827.0
Australia_NZ,2010,total-factor-productivity,million 1990$,0.0
Australia_NZ,2015,GDP,million 1990$,868016.0
Australia_NZ,2015,energy-investment,million 1990$,19960.0
Australia_NZ,2015,consumer-durable,million 1990$,42574.9
Australia_NZ,2015,value-added,million 1990$,643242.0
Australia_NZ,2015,gross-output,million 1990$,856770.0
Australia_NZ,2015,savings,million 1990$,221766.0
Australia_NZ,2015,investment,million 1990$,172768.0
Australia_NZ,2015,capital-stock,million 1990$,2501970.0
Australia_NZ,2015,depreciation,million 1990$,80341.8
Australia_NZ,2015,energy-service-value,million 1990$,213528.0
Australia_NZ,2015,energy-net-export,million 1990$,11246.3
Australia_NZ,2015,materials-net-export,million 1990$,37752.0
Australia_NZ,2015,capital-net-export,million 1990$,-48998.3
Australia_NZ,2015,labor-wages,million 1990$,518601.0
Australia_NZ,2015,gdp-per-capita,thous 1990$ percap,30.5521
Australia_NZ,2015,gdp-per-capita-ppp,thous 1990$ percap,26.1505
Australia_NZ,2015,labor-force,thous pers,14219.8
Australia_NZ,2015,population,thous pers,28411.0
Australia_NZ,2015,savings-rate,rate annual,0.273973
Australia_NZ,2015,fac-share-labor,share,0.605299
Australia_NZ,2015,fac-share-capital,share,0.145477
Australia_NZ,2015,fac-share-energy,share,0.249224
Australia_NZ,2015,energy-service,million 1990$,400827.0
Australia_NZ,2015,total-factor-productivity,million 1990$,0.0
Australia_NZ,2021,GDP,million 1990$,985357.0
Australia_NZ,2021,energy-investment,million 1990$,22585.1
Australia_NZ,2021,consumer-durable,million 1990$,38762.6
Australia_NZ,2021,value-added,million 1990$,737413.0
Australia_NZ,2021,gross-output,million 1990$,960490.0
Australia_NZ,2021,savings,million 1990$,280388.0
Australia_NZ,2021,investment,million 1990$,232677.0
Australia_NZ,2021,capital-stock,million 1990$,2838930.0
Australia_NZ,2021,depreciation,million 1990$,95389.9
Australia_NZ,2021,energy-service-value,million 1990$,223076.0
Australia_NZ,2021,energy-net-export,million 1990$,24867.2
Australia_NZ,2021,materials-net-export,million 1990$,22843.6
Australia_NZ,2021,capital-net-export,million 1990$,-47710.8
Australia_NZ,2021,labor-wages,million 1990$,572768.0
Australia_NZ,2021,gdp-per-capita,thous 1990$ percap,31.7335
Australia_NZ,2021,gdp-per-capita-ppp,thous 1990$ percap,27.1617
Australia_NZ,2021,labor-force,thous pers,15749.3
Australia_NZ,2021,population,thous pers,31051.0
Australia_NZ,2021,savings-rate,rate annual,0.265698
Australia_NZ,2021,fac-share-labor,share,0.596329
Australia_NZ,2021,fac-share-capital,share,0.171419
Australia_NZ,2021,fac-share-energy,share,0.232253
Australia_NZ,2021,energy-service,million 1990$,393980.0
Australia_NZ,2021,total-factor-productivity,million 1990$,0.0
Australia_NZ,2025,GDP,million 1990$,1099070.0
Australia_NZ,2025,energy-investment,million 1990$,39198.4
Australia_NZ,2025,consumer-durable,million 1990$,27395.2
Australia_NZ,2025,value-added,million 1990$,822324.0
Australia_NZ,2025,gross-output,million 1990$,1069840.0
Australia_NZ,2025,savings,million 1990$,300570.0
Australia_NZ,2025,investment,million 1990$,266491.0
Australia_NZ,2025,capital-stock,million 1990$,3207090.0
Australia_NZ,2025,depreciation,million 1990$,107698.0
Australia_NZ,2025,energy-service-value,million 1990$,247519.0
Australia_NZ,2025,energy-net-export,million 1990$,29223.2
Australia_NZ,2025,materials-net-export,million 1990$,4855.94
Australia_NZ,2025,capital-net-export,million 1990$,-34079.1
Australia_NZ,2025,labor-wages,million 1990$,643105.0
Australia_NZ,2025,gdp-per-capita,thous 1990$ percap,34.3469
Australia_NZ,2025,gdp-per-capita-ppp,thous 1990$ percap,29.3985
Australia_NZ,2025,labor-force,thous pers,16044.3
Australia_NZ,2025,population,thous pers,31999.0
Australia_NZ,2025,savings-rate,rate annual,0.260072
Australia_NZ,2025,fac-share-labor,share,0.601121
Australia_NZ,2025,fac-share-capital,share,0.167519
Australia_NZ,2025,fac-share-energy,share,0.23136
Australia_NZ,2025,energy-service,million 1990$,406522.0
Australia_NZ,2025,total-factor-productivity,million 1990$,1.07121
Australia_NZ,2030,GDP,million 1990$,1250670.0
Australia_NZ,2030,energy-investment,million 1990$,59079.8
Australia_NZ,2030,consumer-durable,million 1990$,43621.2
Australia_NZ,2030,value-added,million 1990$,935618.0
Australia_NZ,2030,gross-output,million 1990$,1219600.0
Australia_NZ,2030,savings,million 1990$,329072.0
Australia_NZ,2030,investment,million 1990$,312033.0
Australia_NZ,2030,capital-stock,million 1990$,3780750.0
Australia_NZ,2030,depreciation,million 1990$,121664.0
Australia_NZ,2030,energy-service-value,million 1990$,283987.0
Australia_NZ,2030,energy-net-export,million 1990$,31068.1
Australia_NZ,2030,materials-net-export,million 1990$,-14028.6
Australia_NZ,2030,capital-net-export,million 1990$,-17039.6
Australia_NZ,2030,labor-wages,million 1990$,738565.0
Australia_NZ,2030,gdp-per-capita,thous 1990$ percap,37.7448
Australia_NZ,2030,gdp-per-capita-ppp,thous 1990$ percap,32.3069
Australia_NZ,2030,labor-force,thous pers,16359.2
Australia_NZ,2030,population,thous pers,33135.0
Australia_NZ,2030,savings-rate,rate annual,0.257444
Australia_NZ,2030,fac-share-labor,share,0.605577
Australia_NZ,2030,fac-share-capital,share,0.161572
Australia_NZ,2030,fac-share-energy,share,0.232851
Australia_NZ,2030,energy-service,million 1990$,434807.0
Australia_NZ,2030,total-factor-productivity,million 1990$,1.15649
Australia_NZ,2035,GDP,million 1990$,1412050.0
Australia_NZ,2035,energy-investment,million 1990$,91936.7
Australia_NZ,2035,consumer-durable,million 1990$,59223.4
Australia_NZ,2035,value-added,million 1990$,1056500.0
Australia_NZ,2035,gross-output,million 1990$,1380240.0
Australia_NZ,2035,savings,million 1990$,371179.0
Australia_NZ,2035,investment,million 1990$,371179.0
Australia_NZ,2035,capital-stock,million 1990$,4360330.0
Australia_NZ,2035,depreciation,million 1990$,143427.0
Australia_NZ,2035,energy-service-value,million 1990$,323743.0
Australia_NZ,2035,energy-net-export,million 1990$,31807.9
Australia_NZ,2035,materials-net-export,million 1990$,-31807.9
Australia_NZ,2035,capital-net-export,million 1990$,0.0
Australia_NZ,2035,labor-wages,million 1990$,840466.0
Australia_NZ,2035,gdp-per-capita,thous 1990$ percap,41.3012
Australia_NZ,2035,gdp-per-capita-ppp,thous 1990$ percap,35.3509
Australia_NZ,2035,labor-force,thous pers,16660.7
Australia_NZ,2035,population,thous pers,34189.0
Australia_NZ,2035,savings-rate,rate annual,0.254421
Australia_NZ,2035,fac-share-labor,share,0.608928
Australia_NZ,2035,fac-share-capital,share,0.156516
Australia_NZ,2035,fac-share-energy,share,0.234556
Australia_NZ,2035,energy-service,million 1990$,463131.0
Australia_NZ,2035,total-factor-productivity,million 1990$,1.24682
Australia_NZ,2040,GDP,million 1990$,1583640.0
Australia_NZ,2040,energy-investment,million 1990$,149778.0
Australia_NZ,2040,consumer-durable,million 1990$,60574.0
Australia_NZ,2040,value-added,million 1990$,1183340.0
Australia_NZ,2040,gross-output,million 1990$,1551530.0
Australia_NZ,2040,savings,million 1990$,414802.0
Australia_NZ,2040,investment,million 1990$,414802.0
Australia_NZ,2040,capital-stock,million 1990$,4815600.0
Australia_NZ,2040,depreciation,million 1990$,165414.0
Australia_NZ,2040,energy-service-value,million 1990$,368193.0
Australia_NZ,2040,energy-net-export,million 1990$,32105.7
Australia_NZ,2040,materials-net-export,million 1990$,-32105.7
Australia_NZ,2040,capital-net-export,million 1990$,0.0
Australia_NZ,2040,labor-wages,million 1990$,946665.0
Australia_NZ,2040,gdp-per-capita,thous 1990$ percap,45.014
Australia_NZ,2040,gdp-per-capita-ppp,thous 1990$ percap,38.5289
Australia_NZ,2040,labor-force,thous pers,16776.4
Australia_NZ,2040,population,thous pers,35181.0
Australia_NZ,2040,savings-rate,rate annual,0.251098
Australia_NZ,2040,fac-share-labor,share,0.610148
Australia_NZ,2040,fac-share-capital,share,0.152542
Australia_NZ,2040,fac-share-energy,share,0.237309
Australia_NZ,2040,energy-service,million 1990$,489882.0
Australia_NZ,2040,total-factor-productivity,million 1990$,1.35631
Australia_NZ,2045,GDP,million 1990$,1768320.0
Australia_NZ,2045,energy-investment,million 1990$,157555.0
Australia_NZ,2045,consumer-durable,million 1990$,66975.3
Australia_NZ,2045,value-added,million 1990$,1319680.0
Australia_NZ,2045,gross-output,million 1990$,1737220.0
Australia_NZ,2045,savings,million 1990$,459947.0
Australia_NZ,2045,investment,million 1990$,459947.0
Australia_NZ,2045,capital-stock,million 1990$,5125710.0
Australia_NZ,2045,depreciation,million 1990$,182684.0
Australia_NZ,2045,energy-service-value,million 1990$,417544.0
Australia_NZ,2045,energy-net-export,million 1990$,31093.3
Australia_NZ,2045,materials-net-export,million 1990$,-31093.3
Australia_NZ,2045,capital-net-export,million 1990$,0.0
Australia_NZ,2045,labor-wages,million 1990$,1058910.0
Australia_NZ,2045,gdp-per-capita,thous 1990$ percap,48.9107
Australia_NZ,2045,gdp-per-capita-ppp,thous 1990$ percap,41.8641
Australia_NZ,2045,labor-force,thous pers,16980.2
Australia_NZ,2045,population,thous pers,36154.0
Australia_NZ,2045,savings-rate,rate annual,0.247653
Australia_NZ,2045,fac-share-labor,share,0.609542
Australia_NZ,2045,fac-share-capital,share,0.150107
Australia_NZ,2045,fac-share-energy,share,0.240351
Australia_NZ,2045,energy-service,million 1990$,517862.0
Australia_NZ,2045,total-factor-productivity,million 1990$,1.47365
Australia_NZ,2050,GDP,million 1990$,1959860.0
Australia_NZ,2050,energy-investment,million 1990$,138271.0
Australia_NZ,2050,consumer-durable,million 1990$,62639.6
Australia_NZ,2050,value-added,million 1990$,1458890.0
Australia_NZ,2050,gross-output,million 1990$,1928890.0
Australia_NZ,2050,savings,million 1990$,507492.0
Australia_NZ,2050,investment,million 1990$,507492.0
Australia_NZ,2050,capital-stock,million 1990$,5535950.0
Australia_NZ,2050,depreciation,million 1990$,194449.0
Australia_NZ,2050,energy-service-value,million 1990$,470003.0
Australia_NZ,2050,energy-net-export,million 1990$,30970.9
Australia_NZ,2050,materials-net-export,million 1990$,-30970.9
Australia_NZ,2050,capital-net-export,million 1990$,0.0
Australia_NZ,2050,labor-wages,million 1990$,1175820.0
Australia_NZ,2050,gdp-per-capita,thous 1990$ percap,52.7767
Australia_NZ,2050,gdp-per-capita-ppp,thous 1990$ percap,45.1732
Australia_NZ,2050,labor-force,thous pers,17005.6
Australia_NZ,2050,population,thous pers,37135.0
Australia_NZ,2050,savings-rate,rate annual,0.243493
Australia_NZ,2050,fac-share-labor,share,0.609581
Australia_NZ,2050,fac-share-capital,share,0.146755
Australia_NZ,2050,fac-share-energy,share,0.243665
Australia_NZ,2050,energy-service,million 1990$,545725.0
Australia_NZ,2050,total-factor-productivity,million 1990$,1.5958
Australia_NZ,2055,GDP,million 1990$,2154320.0
Australia_NZ,2055,energy-investment,million 1990$,125438.0
Australia_NZ,2055,consumer-durable,million 1990$,69316.7
Australia_NZ,2055,value-added,million 1990$,1597270.0
Australia_NZ,2055,gross-output,million 1990$,2118700.0
Australia_NZ,2055,savings,million 1990$,554312.0
Australia_NZ,2055,investment,million 1990$,554312.0
Australia_NZ,2055,capital-stock,million 1990$,6200520.0
Australia_NZ,2055,depreciation,million 1990$,210012.0
Australia_NZ,2055,energy-service-value,million 1990$,521435.0
Australia_NZ,2055,energy-net-export,million 1990$,35619.6
Australia_NZ,2055,materials-net-export,million 1990$,-35619.6
Australia_NZ,2055,capital-net-export,million 1990$,0.0
Australia_NZ,2055,labor-wages,million 1990$,1296070.0
Australia_NZ,2055,gdp-per-capita,thous 1990$ percap,56.6346
Australia_NZ,2055,gdp-per-capita-ppp,thous 1990$ percap,48.4753
Australia_NZ,2055,labor-force,thous pers,16932.1
Australia_NZ,2055,population,thous pers,38039.0
Australia_NZ,2055,savings-rate,rate annual,0.238923
Australia_NZ,2055,fac-share-labor,share,0.611728
Australia_NZ,2055,fac-share-capital,share,0.142162
Australia_NZ,2055,fac-share-energy,share,0.24611
Australia_NZ,2055,energy-service,million 1990$,570633.0
Australia_NZ,2055,total-factor-productivity,million 1990$,1.71014
Australia_NZ,2060,GDP,million 1990$,2356230.0
Australia_NZ,2060,energy-investment,million 1990$,144117.0
Australia_NZ,2060,consumer-durable,million 1990$,73588.7
Australia_NZ,2060,value-added,million 1990$,1743570.0
Australia_NZ,2060,gross-output,million 1990$,2319280.0
Australia_NZ,2060,savings,million 1990$,599466.0
Australia_NZ,2060,investment,million 1990$,599466.0
Australia_NZ,2060,capital-stock,million 1990$,6986060.0
Australia_NZ,2060,depreciation,million 1990$,235223.0
Australia_NZ,2060,energy-service-value,million 1990$,575710.0
Australia_NZ,2060,energy-net-export,million 1990$,36955.1
Australia_NZ,2060,materials-net-export,million 1990$,-36955.1
Australia_NZ,2060,capital-net-export,million 1990$,0.0
Australia_NZ,2060,labor-wages,million 1990$,1424540.0
Australia_NZ,2060,gdp-per-capita,thous 1990$ percap,60.6151
Australia_NZ,2060,gdp-per-capita-ppp,thous 1990$ percap,51.8823
Australia_NZ,2060,labor-force,thous pers,16863.3
Australia_NZ,2060,population,thous pers,38872.0
Australia_NZ,2060,savings-rate,rate annual,0.23444
Australia_NZ,2060,fac-share-labor,share,0.614217
Australia_NZ,2060,fac-share-capital,share,0.137555
Australia_NZ,2060,fac-share-energy,share,0.248228
Australia_NZ,2060,energy-service,million 1990$,594880.0
Australia_NZ,2060,total-factor-productivity,million 1990$,1.82678
Australia_NZ,2065,GDP,million 1990$,2565030.0
Australia_NZ,2065,energy-investment,million 1990$,159119.0
Australia_NZ,2065,consumer-durable,million 1990$,75458.5
Australia_NZ,2065,value-added,million 1990$,1894190.0
Australia_NZ,2065,gross-output,million 1990$,2524410.0
Australia_NZ,2065,savings,million 1990$,645085.0
Australia_NZ,2065,investment,million 1990$,645085.0
Australia_NZ,2065,capital-stock,million 1990$,7738540.0
Australia_NZ,2065,depreciation,million 1990$,265023.0
Australia_NZ,2065,energy-service-value,million 1990$,630219.0
Australia_NZ,2065,energy-net-export,million 1990$,40618.1
Australia_NZ,2065,materials-net-export,million 1990$,-40618.1
Australia_NZ,2065,capital-net-export,million 1990$,0.0
Australia_NZ,2065,labor-wages,million 1990$,1555930.0
Australia_NZ,2065,gdp-per-capita,thous 1990$ percap,64.7866
Australia_NZ,2065,gdp-per-capita-ppp,thous 1990$ percap,55.4528
Australia_NZ,2065,labor-force,thous pers,16921.2
Australia_NZ,2065,population,thous pers,39592.0
Australia_NZ,2065,savings-rate,rate annual,0.230227
Australia_NZ,2065,fac-share-labor,share,0.616352
Australia_NZ,2065,fac-share-capital,share,0.133999
Australia_NZ,2065,fac-share-energy,share,0.24965
Australia_NZ,2065,energy-service,million 1990$,616996.0
Australia_NZ,2065,total-factor-productivity,million 1990$,1.9391
Australia_NZ,2070,GDP,million 1990$,2774200.0
Australia_NZ,2070,energy-investment,million 1990$,163601.0
Australia_NZ,2070,consumer-durable,million 1990$,77905.6
Australia_NZ,2070,value-added,million 1990$,2045120.0
Australia_NZ,2070,gross-output,million 1990$,2728880.0
Australia_NZ,2070,savings,million 1990$,691446.0
Australia_NZ,2070,investment,million 1990$,691446.0
Australia_NZ,2070,capital-stock,million 1990$,8495390.0
Australia_NZ,2070,depreciation,million 1990$,293569.0
Australia_NZ,2070,energy-service-value,million 1990$,683761.0
Australia_NZ,2070,energy-net-export,million 1990$,45312.3
Australia_NZ,2070,materials-net-export,million 1990$,-45312.3
Australia_NZ,2070,capital-net-export,million 1990$,0.0
Australia_NZ,2070,labor-wages,million 1990$,1687660.0
Australia_NZ,2070,gdp-per-capita,thous 1990$ percap,68.9858
Australia_NZ,2070,gdp-per-capita-ppp,thous 1990$ percap,59.047
Australia_NZ,2070,labor-force,thous pers,17028.8
Australia_NZ,2070,population,thous pers,40214.0
Australia_NZ,2070,savings-rate,rate annual,0.225891
Australia_NZ,2070,fac-share-labor,share,0.618445
Australia_NZ,2070,fac-share-capital,share,0.130991
Australia_NZ,2070,fac-share-energy,share,0.250564
Australia_NZ,2070,energy-service,million 1990$,636715.0
Australia_NZ,2070,total-factor-productivity,million 1990$,2.04615
Australia_NZ,2075,GDP,million 1990$,2979340.0
Australia_NZ,2075,energy-investment,million 1990$,157236.0
Australia_NZ,2075,consumer-durable,million 1990$,79293.3
Australia_NZ,2075,value-added,million 1990$,2191460.0
Australia_NZ,2075,gross-output,million 1990$,2929630.0
Australia_NZ,2075,savings,million 1990$,735800.0
Australia_NZ,2075,investment,million 1990$,735800.0
Australia_NZ,2075,capital-stock,million 1990$,9292620.0
Australia_NZ,2075,depreciation,million 1990$,322281.0
Australia_NZ,2075,energy-service-value,million 1990$,738168.0
Australia_NZ,2075,energy-net-export,million 1990$,49709.8
Australia_NZ,2075,materials-net-export,million 1990$,-49709.8
Australia_NZ,2075,capital-net-export,million 1990$,0.0
Australia_NZ,2075,labor-wages,million 1990$,1817300.0
Australia_NZ,2075,gdp-per-capita,thous 1990$ percap,73.145
Australia_NZ,2075,gdp-per-capita-ppp,thous 1990$ percap,62.607
Australia_NZ,2075,labor-force,thous pers,16947.3
Australia_NZ,2075,population,thous pers,40732.0
Australia_NZ,2075,savings-rate,rate annual,0.221369
Australia_NZ,2075,fac-share-labor,share,0.620318
Australia_NZ,2075,fac-share-capital,share,0.127715
Australia_NZ,2075,fac-share-energy,share,0.251966
Australia_NZ,2075,energy-service,million 1990$,653768.0
Australia_NZ,2075,total-factor-productivity,million 1990$,2.16339
Australia_NZ,2080,GDP,million 1990$,3177180.0
Australia_NZ,2080,energy-investment,million 1990$,158459.0
Australia_NZ,2080,consumer-durable,million 1990$,81413.7
Australia_NZ,2080,value-added,million 1990$,2330460.0
Australia_NZ,2080,gross-output,million 1990$,3122020.0
Australia_NZ,2080,savings,million 1990$,776738.0
Australia_NZ,2080,investment,million 1990$,776738.0
Australia_NZ,2080,capital-stock,million 1990$,10162500.0
Australia_NZ,2080,depreciation,million 1990$,352525.0
Australia_NZ,2080,energy-service-value,million 1990$,791555.0
Australia_NZ,2080,energy-net-export,million 1990$,55167.8
Australia_NZ,2080,materials-net-export,million 1990$,-55167.8
Australia_NZ,2080,capital-net-export,million 1990$,0.0
Australia_NZ,2080,labor-wages,million 1990$,1942600.0
Australia_NZ,2080,gdp-per-capita,thous 1990$ percap,77.2511
Australia_NZ,2080,gdp-per-capita-ppp,thous 1990$ percap,66.1215
Australia_NZ,2080,labor-force,thous pers,16731.3
Australia_NZ,2080,population,thous pers,41128.0
Australia_NZ,2080,savings-rate,rate annual,0.216735
Australia_NZ,2080,fac-share-labor,share,0.622225
Australia_NZ,2080,fac-share-capital,share,0.124236
Australia_NZ,2080,fac-share-energy,share,0.25354
Australia_NZ,2080,energy-service,million 1990$,667695.0
Australia_NZ,2080,total-factor-productivity,million 1990$,2.28564
Australia_NZ,2085,GDP,million 1990$,3365100.0
Australia_NZ,2085,energy-investment,million 1990$,161326.0
Australia_NZ,2085,consumer-durable,million 1990$,82534.1
Australia_NZ,2085,value-added,million 1990$,2462560.0
Australia_NZ,2085,gross-output,million 1990$,3304500.0
Australia_NZ,2085,savings,million 1990$,813592.0
Australia_NZ,2085,investment,million 1990$,813592.0
Australia_NZ,2085,capital-stock,million 1990$,11034700.0
Australia_NZ,2085,depreciation,million 1990$,385524.0
Australia_NZ,2085,energy-service-value,million 1990$,841943.0
Australia_NZ,2085,energy-net-export,million 1990$,60598.3
Australia_NZ,2085,materials-net-export,million 1990$,-60598.3
Australia_NZ,2085,capital-net-export,million 1990$,0.0
Australia_NZ,2085,labor-wages,million 1990$,2062450.0
Australia_NZ,2085,gdp-per-capita,thous 1990$ percap,81.3434
Australia_NZ,2085,gdp-per-capita-ppp,thous 1990$ percap,69.6243
Australia_NZ,2085,labor-force,thous pers,16504.2
Australia_NZ,2085,population,thous pers,41369.0
Australia_NZ,2085,savings-rate,rate annual,0.212143
Australia_NZ,2085,fac-share-labor,share,0.624134
Australia_NZ,2085,fac-share-capital,share,0.121079
Australia_NZ,2085,fac-share-energy,share,0.254787
Australia_NZ,2085,energy-service,million 1990$,677977.0
Australia_NZ,2085,total-factor-productivity,million 1990$,2.40605
Australia_NZ,2090,GDP,million 1990$,3542030.0
Australia_NZ,2090,energy-investment,million 1990$,165070.0
Australia_NZ,2090,consumer-durable,million 1990$,83107.5
Australia_NZ,2090,value-added,million 1990$,2588530.0
Australia_NZ,2090,gross-output,million 1990$,3476360.0
Australia_NZ,2090,savings,million 1990$,846261.0
Australia_NZ,2090,investment,million 1990$,846261.0
Australia_NZ,2090,capital-stock,million 1990$,11886500.0
Australia_NZ,2090,depreciation,million 1990$,418614.0
Australia_NZ,2090,energy-service-value,million 1990$,887827.0
Australia_NZ,2090,energy-net-export,million 1990$,65671.9
Australia_NZ,2090,materials-net-export,million 1990$,-65671.9
Australia_NZ,2090,capital-net-export,million 1990$,0.0
Australia_NZ,2090,labor-wages,million 1990$,2176770.0
Australia_NZ,2090,gdp-per-capita,thous 1990$ percap,85.4511
Australia_NZ,2090,gdp-per-capita-ppp,thous 1990$ percap,73.1401
Australia_NZ,2090,labor-force,thous pers,16344.9
Australia_NZ,2090,population,thous pers,41451.0
Australia_NZ,2090,savings-rate,rate annual,0.207689
Australia_NZ,2090,fac-share-labor,share,0.626163
Australia_NZ,2090,fac-share-capital,share,0.118447
Australia_NZ,2090,fac-share-energy,share,0.25539
Australia_NZ,2090,energy-service,million 1990$,684903.0
Australia_NZ,2090,total-factor-productivity,million 1990$,2.51746
Australia_NZ,2095,GDP,million 1990$,3707990.0
Australia_NZ,2095,energy-investment,million 1990$,163630.0
Australia_NZ,2095,consumer-durable,million 1990$,83607.7
Australia_NZ,2095,value-added,million 1990$,2706520.0
Australia_NZ,2095,gross-output,million 1990$,3637590.0
Australia_NZ,2095,savings,million 1990$,874978.0
Australia_NZ,2095,investment,million 1990$,874978.0
Australia_NZ,2095,capital-stock,million 1990$,12701700.0
Australia_NZ,2095,depreciation,million 1990$,450928.0
Australia_NZ,2095,energy-service-value,million 1990$,931065.0
Australia_NZ,2095,energy-net-export,million 1990$,70403.1
Australia_NZ,2095,materials-net-export,million 1990$,-70403.1
Australia_NZ,2095,capital-net-export,million 1990$,0.0
Australia_NZ,2095,labor-wages,million 1990$,2284480.0
Australia_NZ,2095,gdp-per-capita,thous 1990$ percap,89.552
Australia_NZ,2095,gdp-per-capita-ppp,thous 1990$ percap,76.6503
Australia_NZ,2095,labor-force,thous pers,16141.8
Australia_NZ,2095,population,thous pers,41406.0
Australia_NZ,2095,savings-rate,rate annual,0.203352
Australia_NZ,2095,fac-share-labor,share,0.628021
Australia_NZ,2095,fac-share-capital,share,0.116022
Australia_NZ,2095,fac-share-energy,share,0.255957
Australia_NZ,2095,energy-service,million 1990$,688932.0
Australia_NZ,2095,total-factor-productivity,million 1990$,2.63045
Australia_NZ,2100,GDP,million 1990$,3862120.0
Australia_NZ,2100,energy-investment,million 1990$,161565.0
Australia_NZ,2100,consumer-durable,million 1990$,83819.2
Australia_NZ,2100,value-added,million 1990$,2815800.0
Australia_NZ,2100,gross-output,million 1990$,3787330.0
Australia_NZ,2100,savings,million 1990$,899896.0
Australia_NZ,2100,investment,million 1990$,899896.0
Australia_NZ,2100,capital-stock,million 1990$,13493300.0
Australia_NZ,2100,depreciation,million 1990$,481851.0
Australia_NZ,2100,energy-service-value,million 1990$,971530.0
Australia_NZ,2100,energy-net-export,million 1990$,74795.4
Australia_NZ,2100,materials-net-export,million 1990$,-74795.4
Australia_NZ,2100,capital-net-export,million 1990$,0.0
Australia_NZ,2100,labor-wages,million 1990$,2385080.0
Australia_NZ,2100,gdp-per-capita,thous 1990$ percap,93.5864
Australia_NZ,2100,gdp-per-capita-ppp,thous 1990$ percap,80.1034
Australia_NZ,2100,labor-force,thous pers,15896.0
Australia_NZ,2100,population,thous pers,41268.0
Australia_NZ,2100,savings-rate,rate annual,0.199059
Australia_NZ,2100,fac-share-labor,share,0.629753
Australia_NZ,2100,fac-share-capital,share,0.113726
Australia_NZ,2100,fac-share-energy,share,0.256521
Australia_NZ,2100,energy-service,million 1990$,690511.0
Australia_NZ,2100,total-factor-productivity,million 1990$,2.74454
Brazil,1975,GDP,million 1990$,341512.0
Brazil,1975,energy-investment,million 1990$,10759.6
Brazil,1975,consumer-durable,million 1990$,0.141933
Brazil,1975,value-added,million 1990$,324438.0
Brazil,1975,gross-output,million 1990$,341514.0
Brazil,1975,savings,million 1990$,100498.0
Brazil,1975,investment,million 1990$,111090.0
Brazil,1975,capital-stock,million 1990$,1095320.0
Brazil,1975,depreciation,million 1990$,57633.5
Brazil,1975,energy-service-value,million 1990$,17075.7
Brazil,1975,energy-net-export,million 1990$,-2.129
Brazil,1975,materials-net-export,million 1990$,-10589.4
Brazil,1975,capital-net-export,million 1990$,10591.6
Brazil,1975,labor-wages,million 1990$,127560.0
Brazil,1975,gdp-per-capita,thous 1990$ percap,3.14176
Brazil,1975,gdp-per-capita-ppp,thous 1990$ percap,5.0144
Brazil,1975,labor-force,thous pers,44149.6
Brazil,1975,population,thous pers,108701.0
Brazil,1975,savings-rate,rate annual,0.294274
Brazil,1975,fac-share-labor,share,0.373513
Brazil,1975,fac-share-capital,share,0.576487
Brazil,1975,fac-share-energy,share,0.05
Brazil,1975,energy-service,million 1990$,2.129
Brazil,1975,total-factor-productivity,million 1990$,0.0
Brazil,1990,GDP,million 1990$,565431.0
Brazil,1990,energy-investment,million 1990$,10384.3
Brazil,1990,consumer-durable,million 1990$,12380.6
Brazil,1990,value-added,million 1990$,522265.0
Brazil,1990,gross-output,million 1990$,570506.0
Brazil,1990,savings,million 1990$,100498.0
Brazil,1990,investment,million 1990$,91590.9
Brazil,1990,capital-stock,million 1990$,2322710.0
Brazil,1990,depreciation,million 1990$,57633.5
Brazil,1990,energy-service-value,million 1990$,48241.3
Brazil,1990,energy-net-export,million 1990$,-5075.41
Brazil,1990,materials-net-export,million 1990$,13982.7
Brazil,1990,capital-net-export,million 1990$,-8907.3
Brazil,1990,labor-wages,million 1990$,290442.0
Brazil,1990,gdp-per-capita,thous 1990$ percap,3.75188
Brazil,1990,gdp-per-capita-ppp,thous 1990$ percap,5.98819
Brazil,1990,labor-force,thous pers,70811.8
Brazil,1990,population,thous pers,150706.0
Brazil,1990,savings-rate,rate annual,0.205368
Brazil,1990,fac-share-labor,share,0.509094
Brazil,1990,fac-share-capital,share,0.406347
Brazil,1990,fac-share-energy,share,0.0845587
Brazil,1990,energy-service,million 1990$,171743.0
Brazil,1990,total-factor-productivity,million 1990$,0.0
Brazil,2005,GDP,million 1990$,833948.0
Brazil,2005,energy-investment,million 1990$,17568.6
Brazil,2005,consumer-durable,million 1990$,21495.6
Brazil,2005,value-added,million 1990$,796034.0
Brazil,2005,gross-output,million 1990$,837930.0
Brazil,2005,savings,million 1990$,128502.0
Brazil,2005,investment,million 1990$,91244.2
Brazil,2005,capital-stock,million 1990$,3378330.0
Brazil,2005,depreciation,million 1990$,88657.9
Brazil,2005,energy-service-value,million 1990$,41896.5
Brazil,2005,energy-net-export,million 1990$,-3982.15
Brazil,2005,materials-net-export,million 1990$,41239.9
Brazil,2005,capital-net-export,million 1990$,-37257.8
Brazil,2005,labor-wages,million 1990$,432369.0
Brazil,2005,gdp-per-capita,thous 1990$ percap,4.46446
Brazil,2005,gdp-per-capita-ppp,thous 1990$ percap,7.1255
Brazil,2005,labor-force,thous pers,89858.1
Brazil,2005,population,thous pers,186797.0
Brazil,2005,savings-rate,rate annual,0.255088
Brazil,2005,fac-share-labor,share,0.515997
Brazil,2005,fac-share-capital,share,0.434003
Brazil,2005,fac-share-energy,share,0.05
Brazil,2005,energy-service,million 1990$,294495.0
Brazil,2005,total-factor-productivity,million 1990$,0.0
Brazil,2010,GDP,million 1990$,1037910.0
Brazil,2010,energy-investment,million 1990$,22362.7
Brazil,2010,consumer-durable,million 1990$,44841.9
Brazil,2010,value-added,million 1990$,990162.0
Brazil,2010,gross-output,million 1990$,1042280.0
Brazil,2010,savings,million 1990$,234226.0
Brazil,2010,investment,million 1990$,239950.0
Brazil,2010,capital-stock,million 1990$,3970800.0
Brazil,2010,depreciation,million 1990$,142968.0
Brazil,2010,energy-service-value,million 1990$,52113.8
Brazil,2010,energy-net-export,million 1990$,-4365.03
Brazil,2010,materials-net-export,million 1990$,-1359.34
Brazil,2010,capital-net-export,million 1990$,5724.37
Brazil,2010,labor-wages,million 1990$,549253.0
Brazil,2010,gdp-per-capita,thous 1990$ percap,5.28594
Brazil,2010,gdp-per-capita-ppp,thous 1990$ percap,8.43663
Brazil,2010,labor-force,thous pers,97230.5
Brazil,2010,population,thous pers,196353.0
Brazil,2010,savings-rate,rate annual,0.251982
Brazil,2010,fac-share-labor,share,0.526974
Brazil,2010,fac-share-capital,share,0.423026
Brazil,2010,fac-share-energy,share,0.05
Brazil,2010,energy-service,million 1990$,399516.0
Brazil,2010,total-factor-productivity,million 1990$,0.0
Brazil,2015,GDP,million 1990$,1098280.0
Brazil,2015,energy-investment,million 1990$,19905.6
Brazil,2015,consumer-durable,million 1990$,51326.9
Brazil,2015,value-added,million 1990$,1046030.0
Brazil,2015,gross-output,million 1990$,1101080.0
Brazil,2015,savings,million 1990$,306377.0
Brazil,2015,investment,million 1990$,299333.0
Brazil,2015,capital-stock,million 1990$,4678440.0
Brazil,2015,depreciation,million 1990$,179393.0
Brazil,2015,energy-service-value,million 1990$,55054.1
Brazil,2015,energy-net-export,million 1990$,-2802.71
Brazil,2015,materials-net-export,million 1990$,9846.2
Brazil,2015,capital-net-export,million 1990$,-7043.49
Brazil,2015,labor-wages,million 1990$,615380.0
Brazil,2015,gdp-per-capita,thous 1990$ percap,5.35255
Brazil,2015,gdp-per-capita-ppp,thous 1990$ percap,8.54294
Brazil,2015,labor-force,thous pers,104960.0
Brazil,2015,population,thous pers,205188.0
Brazil,2015,savings-rate,rate annual,0.223195
Brazil,2015,fac-share-labor,share,0.558887
Brazil,2015,fac-share-capital,share,0.391113
Brazil,2015,fac-share-energy,share,0.05
Brazil,2015,energy-service,million 1990$,458891.0
Brazil,2015,total-factor-productivity,million 1990$,0.0
Brazil,2021,GDP,million 1990$,1107220.0
Brazil,2021,energy-investment,million 1990$,18727.7
Brazil,2021,consumer-durable,million 1990$,44496.6
Brazil,2021,value-added,million 1990$,1045110.0
Brazil,2021,gross-output,million 1990$,1100120.0
Brazil,2021,savings,million 1990$,296457.0
Brazil,2021,investment,million 1990$,273337.0
Brazil,2021,capital-stock,million 1990$,4951310.0
Brazil,2021,depreciation,million 1990$,217852.0
Brazil,2021,energy-service-value,million 1990$,55005.9
Brazil,2021,energy-net-export,million 1990$,7106.09
Brazil,2021,materials-net-export,million 1990$,16014.6
Brazil,2021,capital-net-export,million 1990$,-23120.7
Brazil,2021,labor-wages,million 1990$,598614.0
Brazil,2021,gdp-per-capita,thous 1990$ percap,5.16608
Brazil,2021,gdp-per-capita-ppp,thous 1990$ percap,8.24532
Brazil,2021,labor-force,thous pers,105983.0
Brazil,2021,population,thous pers,214326.0
Brazil,2021,savings-rate,rate annual,0.223188
Brazil,2021,fac-share-labor,share,0.544136
Brazil,2021,fac-share-capital,share,0.405864
Brazil,2021,fac-share-energy,share,0.05
Brazil,2021,energy-service,million 1990$,447017.0
Brazil,2021,total-factor-productivity,million 1990$,0.0
Brazil,2025,GDP,million 1990$,1245770.0
Brazil,2025,energy-investment,million 1990$,96741.2
Brazil,2025,consumer-durable,million 1990$,33476.4
Brazil,2025,value-added,million 1990$,1171930.0
Brazil,2025,gross-output,million 1990$,1236170.0
Brazil,2025,savings,million 1990$,291616.0
Brazil,2025,investment,million 1990$,275101.0
Brazil,2025,capital-stock,million 1990$,4905740.0
Brazil,2025,depreciation,million 1990$,224072.0
Brazil,2025,energy-service-value,million 1990$,64235.7
Brazil,2025,energy-net-export,million 1990$,9600.21
Brazil,2025,materials-net-export,million 1990$,6914.56
Brazil,2025,capital-net-export,million 1990$,-16514.8
Brazil,2025,labor-wages,million 1990$,668943.0
Brazil,2025,gdp-per-capita,thous 1990$ percap,5.70568
Brazil,2025,gdp-per-capita-ppp,thous 1990$ percap,9.10655
Brazil,2025,labor-force,thous pers,107862.0
Brazil,2025,population,thous pers,218338.0
Brazil,2025,savings-rate,rate annual,0.225331
Brazil,2025,fac-share-labor,share,0.541143
Brazil,2025,fac-share-capital,share,0.406893
Brazil,2025,fac-share-energy,share,0.0519636
Brazil,2025,energy-service,million 1990$,487781.0
Brazil,2025,total-factor-productivity,million 1990$,1.11223
Brazil,2030,GDP,million 1990$,1354150.0
Brazil,2030,energy-investment,million 1990$,64909.2
Brazil,2030,consumer-durable,million 1990$,47418.7
Brazil,2030,value-added,million 1990$,1272750.0
Brazil,2030,gross-output,million 1990$,1345350.0
Brazil,2030,savings,million 1990$,330774.0
Brazil,2030,investment,million 1990$,322517.0
Brazil,2030,capital-stock,million 1990$,4770040.0
Brazil,2030,depreciation,million 1990$,222009.0
Brazil,2030,energy-service-value,million 1990$,72593.4
Brazil,2030,energy-net-export,million 1990$,8804.97
Brazil,2030,materials-net-export,million 1990$,-547.586
Brazil,2030,capital-net-export,million 1990$,-8257.38
Brazil,2030,labor-wages,million 1990$,722736.0
Brazil,2030,gdp-per-capita,thous 1990$ percap,6.07207
Brazil,2030,gdp-per-capita-ppp,thous 1990$ percap,9.69133
Brazil,2030,labor-force,thous pers,109172.0
Brazil,2030,population,thous pers,223013.0
Brazil,2030,savings-rate,rate annual,0.221436
Brazil,2030,fac-share-labor,share,0.537212
Brazil,2030,fac-share-capital,share,0.408829
Brazil,2030,fac-share-energy,share,0.0539589
Brazil,2030,energy-service,million 1990$,525437.0
Brazil,2030,total-factor-productivity,million 1990$,1.21167
Brazil,2035,GDP,million 1990$,1539920.0
Brazil,2035,energy-investment,million 1990$,86949.9
Brazil,2035,consumer-durable,million 1990$,61338.0
Brazil,2035,value-added,million 1990$,1448370.0
Brazil,2035,gross-output,million 1990$,1533780.0
Brazil,2035,savings,million 1990$,354277.0
Brazil,2035,investment,million 1990$,354277.0
Brazil,2035,capital-stock,million 1990$,4889170.0
Brazil,2035,depreciation,million 1990$,215868.0
Brazil,2035,energy-service-value,million 1990$,85413.7
Brazil,2035,energy-net-export,million 1990$,6137.88
Brazil,2035,materials-net-export,million 1990$,-6137.88
Brazil,2035,capital-net-export,million 1990$,0.0
Brazil,2035,labor-wages,million 1990$,824437.0
Brazil,2035,gdp-per-capita,thous 1990$ percap,6.80152
Brazil,2035,gdp-per-capita-ppp,thous 1990$ percap,10.8556
Brazil,2035,labor-force,thous pers,109842.0
Brazil,2035,population,thous pers,226408.0
Brazil,2035,savings-rate,rate annual,0.226031
Brazil,2035,fac-share-labor,share,0.537519
Brazil,2035,fac-share-capital,share,0.406792
Brazil,2035,fac-share-energy,share,0.0556884
Brazil,2035,energy-service,million 1990$,569698.0
Brazil,2035,total-factor-productivity,million 1990$,1.35704
Brazil,2040,GDP,million 1990$,1783210.0
Brazil,2040,energy-investment,million 1990$,131590.0
Brazil,2040,consumer-durable,million 1990$,65384.9
Brazil,2040,value-added,million 1990$,1677820.0
Brazil,2040,gross-output,million 1990$,1780410.0
Brazil,2040,savings,million 1990$,409954.0
Brazil,2040,investment,million 1990$,409954.0
Brazil,2040,capital-stock,million 1990$,5073730.0
Brazil,2040,depreciation,million 1990$,221259.0
Brazil,2040,energy-service-value,million 1990$,102594.0
Brazil,2040,energy-net-export,million 1990$,2799.38
Brazil,2040,materials-net-export,million 1990$,-2799.38
Brazil,2040,capital-net-export,million 1990$,0.0
Brazil,2040,labor-wages,million 1990$,960762.0
Brazil,2040,gdp-per-capita,thous 1990$ percap,7.80548
Brazil,2040,gdp-per-capita-ppp,thous 1990$ percap,12.4579
Brazil,2040,labor-force,thous pers,108822.0
Brazil,2040,population,thous pers,228456.0
Brazil,2040,savings-rate,rate annual,0.234097
Brazil,2040,fac-share-labor,share,0.53963
Brazil,2040,fac-share-capital,share,0.402746
Brazil,2040,fac-share-energy,share,0.0576239
Brazil,2040,energy-service,million 1990$,619008.0
Brazil,2040,total-factor-productivity,million 1990$,1.55229
Brazil,2045,GDP,million 1990$,2079580.0
Brazil,2045,energy-investment,million 1990$,137206.0
Brazil,2045,consumer-durable,million 1990$,73124.7
Brazil,2045,value-added,million 1990$,1955810.0
Brazil,2045,gross-output,million 1990$,2079710.0
Brazil,2045,savings,million 1990$,489106.0
Brazil,2045,investment,million 1990$,489106.0
Brazil,2045,capital-stock,million 1990$,5359280.0
Brazil,2045,depreciation,million 1990$,229611.0
Brazil,2045,energy-service-value,million 1990$,123904.0
Brazil,2045,energy-net-export,million 1990$,-133.726
Brazil,2045,materials-net-export,million 1990$,133.726
Brazil,2045,capital-net-export,million 1990$,0.0
Brazil,2045,labor-wages,million 1990$,1130900.0
Brazil,2045,gdp-per-capita,thous 1990$ percap,9.07332
Brazil,2045,gdp-per-capita-ppp,thous 1990$ percap,14.4815
Brazil,2045,labor-force,thous pers,106492.0
Brazil,2045,population,thous pers,229197.0
Brazil,2045,savings-rate,rate annual,0.243433
Brazil,2045,fac-share-labor,share,0.543777
Brazil,2045,fac-share-capital,share,0.396646
Brazil,2045,fac-share-energy,share,0.0595773
Brazil,2045,energy-service,million 1990$,671647.0
Brazil,2045,total-factor-productivity,million 1990$,1.78635
Brazil,2050,GDP,million 1990$,2419770.0
Brazil,2050,energy-investment,million 1990$,135040.0
Brazil,2050,consumer-durable,million 1990$,69116.4
Brazil,2050,value-added,million 1990$,2275870.0
Brazil,2050,gross-output,million 1990$,2423560.0
Brazil,2050,savings,million 1990$,589810.0
Brazil,2050,investment,million 1990$,589810.0
Brazil,2050,capital-stock,million 1990$,5984770.0
Brazil,2050,depreciation,million 1990$,242534.0
Brazil,2050,energy-service-value,million 1990$,147694.0
Brazil,2050,energy-net-export,million 1990$,-3789.97
Brazil,2050,materials-net-export,million 1990$,3789.97
Brazil,2050,capital-net-export,million 1990$,0.0
Brazil,2050,labor-wages,million 1990$,1340120.0
Brazil,2050,gdp-per-capita,thous 1990$ percap,10.584
Brazil,2050,gdp-per-capita-ppp,thous 1990$ percap,16.8926
Brazil,2050,labor-force,thous pers,102810.0
Brazil,2050,population,thous pers,228626.0
Brazil,2050,savings-rate,rate annual,0.25235
Brazil,2050,fac-share-labor,share,0.552955
Brazil,2050,fac-share-capital,share,0.386104
Brazil,2050,fac-share-energy,share,0.0609408
Brazil,2050,energy-service,million 1990$,722942.0
Brazil,2050,total-factor-productivity,million 1990$,2.02354
Brazil,2055,GDP,million 1990$,2796330.0
Brazil,2055,energy-investment,million 1990$,126767.0
Brazil,2055,consumer-durable,million 1990$,75608.8
Brazil,2055,value-added,million 1990$,2627420.0
Brazil,2055,gross-output,million 1990$,2799580.0
Brazil,2055,savings,million 1990$,707874.0
Brazil,2055,investment,million 1990$,707874.0
Brazil,2055,capital-stock,million 1990$,7048430.0
Brazil,2055,depreciation,million 1990$,270841.0
Brazil,2055,energy-service-value,million 1990$,172160.0
Brazil,2055,energy-net-export,million 1990$,-3247.73
Brazil,2055,materials-net-export,million 1990$,3247.73
Brazil,2055,capital-net-export,million 1990$,0.0
Brazil,2055,labor-wages,million 1990$,1585880.0
Brazil,2055,gdp-per-capita,thous 1990$ percap,12.3208
Brazil,2055,gdp-per-capita-ppp,thous 1990$ percap,19.6645
Brazil,2055,labor-force,thous pers,98716.7
Brazil,2055,population,thous pers,226961.0
Brazil,2055,savings-rate,rate annual,0.25996
Brazil,2055,fac-share-labor,share,0.566469
Brazil,2055,fac-share-capital,share,0.372036
Brazil,2055,fac-share-energy,share,0.0614949
Brazil,2055,energy-service,million 1990$,768501.0
Brazil,2055,total-factor-productivity,million 1990$,2.23909
Brazil,2060,GDP,million 1990$,3199190.0
Brazil,2060,energy-investment,million 1990$,135391.0
Brazil,2060,consumer-durable,million 1990$,78469.2
Brazil,2060,value-added,million 1990$,3007020.0
Brazil,2060,gross-output,million 1990$,3204600.0
Brazil,2060,savings,million 1990$,839312.0
Brazil,2060,investment,million 1990$,839312.0
Brazil,2060,capital-stock,million 1990$,8500700.0
Brazil,2060,depreciation,million 1990$,318977.0
Brazil,2060,energy-service-value,million 1990$,197581.0
Brazil,2060,energy-net-export,million 1990$,-5408.85
Brazil,2060,materials-net-export,million 1990$,5408.85
Brazil,2060,capital-net-export,million 1990$,0.0
Brazil,2060,labor-wages,million 1990$,1864200.0
Brazil,2060,gdp-per-capita,thous 1990$ percap,14.2614
Brazil,2060,gdp-per-capita-ppp,thous 1990$ percap,22.7619
Brazil,2060,labor-force,thous pers,94625.0
Brazil,2060,population,thous pers,224325.0
Brazil,2060,savings-rate,rate annual,0.2658
Brazil,2060,fac-share-labor,share,0.581727
Brazil,2060,fac-share-capital,share,0.356618
Brazil,2060,fac-share-energy,share,0.0616554
Brazil,2060,energy-service,million 1990$,809832.0
Brazil,2060,total-factor-productivity,million 1990$,2.44493
Brazil,2065,GDP,million 1990$,3627810.0
Brazil,2065,energy-investment,million 1990$,144902.0
Brazil,2065,consumer-durable,million 1990$,79135.0
Brazil,2065,value-added,million 1990$,3410170.0
Brazil,2065,gross-output,million 1990$,3634700.0
Brazil,2065,savings,million 1990$,978911.0
Brazil,2065,investment,million 1990$,978911.0
Brazil,2065,capital-stock,million 1990$,10237900.0
Brazil,2065,depreciation,million 1990$,384699.0
Brazil,2065,energy-service-value,million 1990$,224529.0
Brazil,2065,energy-net-export,million 1990$,-6887.2
Brazil,2065,materials-net-export,million 1990$,6887.2
Brazil,2065,capital-net-export,million 1990$,0.0
Brazil,2065,labor-wages,million 1990$,2170200.0
Brazil,2065,gdp-per-capita,thous 1990$ percap,16.4324
Brazil,2065,gdp-per-capita-ppp,thous 1990$ percap,26.2269
Brazil,2065,labor-force,thous pers,90128.8
Brazil,2065,population,thous pers,220772.0
Brazil,2065,savings-rate,rate annual,0.270248
Brazil,2065,fac-share-labor,share,0.597077
Brazil,2065,fac-share-capital,share,0.341149
Brazil,2065,fac-share-energy,share,0.0617738
Brazil,2065,energy-service,million 1990$,845114.0
Brazil,2065,total-factor-productivity,million 1990$,2.66751
Brazil,2070,GDP,million 1990$,4067580.0
Brazil,2070,energy-investment,million 1990$,149369.0
Brazil,2070,consumer-durable,million 1990$,80243.4
Brazil,2070,value-added,million 1990$,3824510.0
Brazil,2070,gross-output,million 1990$,4076210.0
Brazil,2070,savings,million 1990$,1126200.0
Brazil,2070,investment,million 1990$,1126200.0
Brazil,2070,capital-stock,million 1990$,12242400.0
Brazil,2070,depreciation,million 1990$,463318.0
Brazil,2070,energy-service-value,million 1990$,251698.0
Brazil,2070,energy-net-export,million 1990$,-8628.67
Brazil,2070,materials-net-export,million 1990$,8628.67
Brazil,2070,capital-net-export,million 1990$,0.0
Brazil,2070,labor-wages,million 1990$,2493430.0
Brazil,2070,gdp-per-capita,thous 1990$ percap,18.7938
Brazil,2070,gdp-per-capita-ppp,thous 1990$ percap,29.9958
Brazil,2070,labor-force,thous pers,85932.2
Brazil,2070,population,thous pers,216432.0
Brazil,2070,savings-rate,rate annual,0.272987
Brazil,2070,fac-share-labor,share,0.611704
Brazil,2070,fac-share-capital,share,0.326548
Brazil,2070,fac-share-energy,share,0.0617482
Brazil,2070,energy-service,million 1990$,872612.0
Brazil,2070,total-factor-productivity,million 1990$,2.89487
Brazil,2075,GDP,million 1990$,4516190.0
Brazil,2075,energy-investment,million 1990$,146801.0
Brazil,2075,consumer-durable,million 1990$,79090.6
Brazil,2075,value-added,million 1990$,4247760.0
Brazil,2075,gross-output,million 1990$,4526920.0
Brazil,2075,savings,million 1990$,1273860.0
Brazil,2075,investment,million 1990$,1273860.0
Brazil,2075,capital-stock,million 1990$,14481400.0
Brazil,2075,depreciation,million 1990$,554028.0
Brazil,2075,energy-service-value,million 1990$,279160.0
Brazil,2075,energy-net-export,million 1990$,-10735.2
Brazil,2075,materials-net-export,million 1990$,10735.2
Brazil,2075,capital-net-export,million 1990$,0.0
Brazil,2075,labor-wages,million 1990$,2830830.0
Brazil,2075,gdp-per-capita,thous 1990$ percap,21.361
Brazil,2075,gdp-per-capita-ppp,thous 1990$ percap,34.0932
Brazil,2075,labor-force,thous pers,82010.0
Brazil,2075,population,thous pers,211422.0
Brazil,2075,savings-rate,rate annual,0.274405
Brazil,2075,fac-share-labor,share,0.625332
Brazil,2075,fac-share-capital,share,0.313001
Brazil,2075,fac-share-energy,share,0.0616666
Brazil,2075,energy-service,million 1990$,893472.0
Brazil,2075,total-factor-productivity,million 1990$,3.13161
Brazil,2080,GDP,million 1990$,4961910.0
Brazil,2080,energy-investment,million 1990$,149293.0
Brazil,2080,consumer-durable,million 1990$,78514.0
Brazil,2080,value-added,million 1990$,4668040.0
Brazil,2080,gross-output,million 1990$,4974420.0
Brazil,2080,savings,million 1990$,1420760.0
Brazil,2080,investment,million 1990$,1420760.0
Brazil,2080,capital-stock,million 1990$,16945600.0
Brazil,2080,depreciation,million 1990$,655357.0
Brazil,2080,energy-service-value,million 1990$,306382.0
Brazil,2080,energy-net-export,million 1990$,-12513.4
Brazil,2080,materials-net-export,million 1990$,12513.4
Brazil,2080,capital-net-export,million 1990$,0.0
Brazil,2080,labor-wages,million 1990$,3174320.0
Brazil,2080,gdp-per-capita,thous 1990$ percap,24.1048
Brazil,2080,gdp-per-capita-ppp,thous 1990$ percap,38.4725
Brazil,2080,labor-force,thous pers,78113.6
Brazil,2080,population,thous pers,205847.0
Brazil,2080,savings-rate,rate annual,0.274494
Brazil,2080,fac-share-labor,share,0.638128
Brazil,2080,fac-share-capital,share,0.300281
Brazil,2080,fac-share-energy,share,0.0615914
Brazil,2080,energy-service,million 1990$,907859.0
Brazil,2080,total-factor-productivity,million 1990$,3.37839
Brazil,2085,GDP,million 1990$,5404850.0
Brazil,2085,energy-investment,million 1990$,150391.0
Brazil,2085,consumer-durable,million 1990$,77110.1
Brazil,2085,value-added,million 1990$,5085510.0
Brazil,2085,gross-output,million 1990$,5419470.0
Brazil,2085,savings,million 1990$,1561420.0
Brazil,2085,investment,million 1990$,1561420.0
Brazil,2085,capital-stock,million 1990$,19534200.0
Brazil,2085,depreciation,million 1990$,766874.0
Brazil,2085,energy-service-value,million 1990$,333966.0
Brazil,2085,energy-net-export,million 1990$,-14618.8
Brazil,2085,materials-net-export,million 1990$,14618.8
Brazil,2085,capital-net-export,million 1990$,0.0
Brazil,2085,labor-wages,million 1990$,3522110.0
Brazil,2085,gdp-per-capita,thous 1990$ percap,27.0214
Brazil,2085,gdp-per-capita-ppp,thous 1990$ percap,43.1276
Brazil,2085,labor-force,thous pers,74122.6
Brazil,2085,population,thous pers,200021.0
Brazil,2085,savings-rate,rate annual,0.273498
Brazil,2085,fac-share-labor,share,0.6499
Brazil,2085,fac-share-capital,share,0.288477
Brazil,2085,fac-share-energy,share,0.0616233
Brazil,2085,energy-service,million 1990$,916709.0
Brazil,2085,total-factor-productivity,million 1990$,3.64888
Brazil,2090,GDP,million 1990$,5844440.0
Brazil,2090,energy-investment,million 1990$,153324.0
Brazil,2090,consumer-durable,million 1990$,75379.6
Brazil,2090,value-added,million 1990$,5500260.0
Brazil,2090,gross-output,million 1990$,5861070.0
Brazil,2090,savings,million 1990$,1695420.0
Brazil,2090,investment,million 1990$,1695420.0
Brazil,2090,capital-stock,million 1990$,22201200.0
Brazil,2090,depreciation,million 1990$,884020.0
Brazil,2090,energy-service-value,million 1990$,360810.0
Brazil,2090,energy-net-export,million 1990$,-16636.6
Brazil,2090,materials-net-export,million 1990$,16636.6
Brazil,2090,capital-net-export,million 1990$,0.0
Brazil,2090,labor-wages,million 1990$,3869250.0
Brazil,2090,gdp-per-capita,thous 1990$ percap,30.1078
Brazil,2090,gdp-per-capita-ppp,thous 1990$ percap,48.0536
Brazil,2090,labor-force,thous pers,70917.5
Brazil,2090,population,thous pers,194117.0
Brazil,2090,savings-rate,rate annual,0.271631
Brazil,2090,fac-share-labor,share,0.66016
Brazil,2090,fac-share-capital,share,0.27828
Brazil,2090,fac-share-energy,share,0.0615604
Brazil,2090,energy-service,million 1990$,921870.0
Brazil,2090,total-factor-productivity,million 1990$,3.91611
Brazil,2095,GDP,million 1990$,6280620.0
Brazil,2095,energy-investment,million 1990$,154890.0
Brazil,2095,consumer-durable,million 1990$,73620.4
Brazil,2095,value-added,million 1990$,5911030.0
Brazil,2095,gross-output,million 1990$,6299030.0
Brazil,2095,savings,million 1990$,1822400.0
Brazil,2095,investment,million 1990$,1822400.0
Brazil,2095,capital-stock,million 1990$,24891300.0
Brazil,2095,depreciation,million 1990$,1004710.0
Brazil,2095,energy-service-value,million 1990$,388000.0
Brazil,2095,energy-net-export,million 1990$,-18400.5
Brazil,2095,materials-net-export,million 1990$,18400.5
Brazil,2095,capital-net-export,million 1990$,0.0
Brazil,2095,labor-wages,million 1990$,4216640.0
Brazil,2095,gdp-per-capita,thous 1990$ percap,33.3552
Brazil,2095,gdp-per-capita-ppp,thous 1990$ percap,53.2366
Brazil,2095,labor-force,thous pers,67786.0
Brazil,2095,population,thous pers,188295.0
Brazil,2095,savings-rate,rate annual,0.269047
Brazil,2095,fac-share-labor,share,0.669411
Brazil,2095,fac-share-capital,share,0.268992
Brazil,2095,fac-share-energy,share,0.0615968
Brazil,2095,energy-service,million 1990$,924283.0
Brazil,2095,total-factor-productivity,million 1990$,4.20271
Brazil,2100,GDP,million 1990$,6713270.0
Brazil,2100,energy-investment,million 1990$,155109.0
Brazil,2100,consumer-durable,million 1990$,71618.6
Brazil,2100,value-added,million 1990$,6318320.0
Brazil,2100,gross-output,million 1990$,6733700.0
Brazil,2100,savings,million 1990$,1942190.0
Brazil,2100,investment,million 1990$,1942190.0
Brazil,2100,capital-stock,million 1990$,27573400.0
Brazil,2100,depreciation,million 1990$,1126460.0
Brazil,2100,energy-service-value,million 1990$,415375.0
Brazil,2100,energy-net-export,million 1990$,-20432.5
Brazil,2100,materials-net-export,million 1990$,20432.5
Brazil,2100,capital-net-export,million 1990$,0.0
Brazil,2100,labor-wages,million 1990$,4563870.0
Brazil,2100,gdp-per-capita,thous 1990$ percap,36.7528
Brazil,2100,gdp-per-capita-ppp,thous 1990$ percap,58.6593
Brazil,2100,labor-force,thous pers,64782.7
Brazil,2100,population,thous pers,182660.0
Brazil,2100,savings-rate,rate annual,0.265876
Brazil,2100,fac-share-labor,share,0.677765
Brazil,2100,fac-share-capital,share,0.260549
Brazil,2100,fac-share-energy,share,0.061686
Brazil,2100,energy-service,million 1990$,923753.0
Brazil,2100,total-factor-productivity,million 1990$,4.50833
Canada,1975,GDP,million 1990$,342853.0
Canada,1975,energy-investment,million 1990$,9388.18
Canada,1975,consumer-durable,million 1990$,0.141933
Canada,1975,value-added,million 1990$,289530.0
Canada,1975,gross-output,million 1990$,342855.0
Canada,1975,savings,million 1990$,67752.6
Canada,1975,investment,million 1990$,74202.4
Canada,1975,capital-stock,million 1990$,1026260.0
Canada,1975,depreciation,million 1990$,32987.0
Canada,1975,energy-service-value,million 1990$,53325.0
Canada,1975,energy-net-export,million 1990$,-2.129
Canada,1975,materials-net-export,million 1990$,-6447.7
Canada,1975,capital-net-export,million 1990$,6449.83
Canada,1975,labor-wages,million 1990$,250789.0
Canada,1975,gdp-per-capita,thous 1990$ percap,14.819
Canada,1975,gdp-per-capita-ppp,thous 1990$ percap,14.4374
Canada,1975,labor-force,thous pers,9686.86
Canada,1975,population,thous pers,23136.0
Canada,1975,savings-rate,rate annual,0.197614
Canada,1975,fac-share-labor,share,0.731473
Canada,1975,fac-share-capital,share,0.112995
Canada,1975,fac-share-energy,share,0.155532
Canada,1975,energy-service,million 1990$,2.129
Canada,1975,total-factor-productivity,million 1990$,0.0
Canada,1990,GDP,million 1990$,534938.0
Canada,1990,energy-investment,million 1990$,14764.4
Canada,1990,consumer-durable,million 1990$,33347.6
Canada,1990,value-added,million 1990$,465492.0
Canada,1990,gross-output,million 1990$,528759.0
Canada,1990,savings,million 1990$,67752.7
Canada,1990,investment,million 1990$,50314.7
Canada,1990,capital-stock,million 1990$,1793770.0
Canada,1990,depreciation,million 1990$,32987.0
Canada,1990,energy-service-value,million 1990$,63267.7
Canada,1990,energy-net-export,million 1990$,6178.61
Canada,1990,materials-net-export,million 1990$,11259.3
Canada,1990,capital-net-export,million 1990$,-17438.0
Canada,1990,labor-wages,million 1990$,380002.0
Canada,1990,gdp-per-capita,thous 1990$ percap,19.3419
Canada,1990,gdp-per-capita-ppp,thous 1990$ percap,18.8438
Canada,1990,labor-force,thous pers,13346.0
Canada,1990,population,thous pers,27657.0
Canada,1990,savings-rate,rate annual,0.250745
Canada,1990,fac-share-labor,share,0.718667
Canada,1990,fac-share-capital,share,0.16168
Canada,1990,fac-share-energy,share,0.119653
Canada,1990,energy-service,million 1990$,271841.0
Canada,1990,total-factor-productivity,million 1990$,0.0
Canada,2005,GDP,million 1990$,805229.0
Canada,2005,energy-investment,million 1990$,25677.9
Canada,2005,consumer-durable,million 1990$,45015.0
Canada,2005,value-added,million 1990$,679524.0
Canada,2005,gross-output,million 1990$,786664.0
Canada,2005,savings,million 1990$,167481.0
Canada,2005,investment,million 1990$,121551.0
Canada,2005,capital-stock,million 1990$,2617920.0
Canada,2005,depreciation,million 1990$,54844.6
Canada,2005,energy-service-value,million 1990$,107140.0
Canada,2005,energy-net-export,million 1990$,18564.8
Canada,2005,materials-net-export,million 1990$,27364.4
Canada,2005,capital-net-export,million 1990$,-45929.3
Canada,2005,labor-wages,million 1990$,506840.0
Canada,2005,gdp-per-capita,thous 1990$ percap,24.9947
Canada,2005,gdp-per-capita-ppp,thous 1990$ percap,24.3511
Canada,2005,labor-force,thous pers,16340.4
Canada,2005,population,thous pers,32216.0
Canada,2005,savings-rate,rate annual,0.313631
Canada,2005,fac-share-labor,share,0.64429
Canada,2005,fac-share-capital,share,0.219515
Canada,2005,fac-share-energy,share,0.136195
Canada,2005,energy-service,million 1990$,370075.0
Canada,2005,total-factor-productivity,million 1990$,0.0
Canada,2010,GDP,million 1990$,852662.0
Canada,2010,energy-investment,million 1990$,27944.2
Canada,2010,consumer-durable,million 1990$,63928.8
Canada,2010,value-added,million 1990$,698430.0
Canada,2010,gross-output,million 1990$,814438.0
Canada,2010,savings,million 1990$,297560.0
Canada,2010,investment,million 1990$,317966.0
Canada,2010,capital-stock,million 1990$,3003390.0
Canada,2010,depreciation,million 1990$,89742.2
Canada,2010,energy-service-value,million 1990$,116008.0
Canada,2010,energy-net-export,million 1990$,38223.8
Canada,2010,materials-net-export,million 1990$,-58629.7
Canada,2010,capital-net-export,million 1990$,20405.9
Canada,2010,labor-wages,million 1990$,555042.0
Canada,2010,gdp-per-capita,thous 1990$ percap,25.1056
Canada,2010,gdp-per-capita-ppp,thous 1990$ percap,24.4591
Canada,2010,labor-force,thous pers,17201.4
Canada,2010,population,thous pers,33963.0
Canada,2010,savings-rate,rate annual,0.238107
Canada,2010,fac-share-labor,share,0.681503
Canada,2010,fac-share-capital,share,0.176057
Canada,2010,fac-share-energy,share,0.14244
Canada,2010,energy-service,million 1990$,421079.0
Canada,2010,total-factor-productivity,million 1990$,0.0
Canada,2015,GDP,million 1990$,948315.0
Canada,2015,energy-investment,million 1990$,36041.8
Canada,2015,consumer-durable,million 1990$,59981.9
Canada,2015,value-added,million 1990$,775197.0
Canada,2015,gross-output,million 1990$,888036.0
Canada,2015,savings,million 1990$,266954.0
Canada,2015,investment,million 1990$,274045.0
Canada,2015,capital-stock,million 1990$,3321070.0
Canada,2015,depreciation,million 1990$,107425.0
Canada,2015,energy-service-value,million 1990$,112839.0
Canada,2015,energy-net-export,million 1990$,60279.3
Canada,2015,materials-net-export,million 1990$,-67370.4
Canada,2015,capital-net-export,million 1990$,7091.06
Canada,2015,labor-wages,million 1990$,635834.0
Canada,2015,gdp-per-capita,thous 1990$ percap,26.5397
Canada,2015,gdp-per-capita-ppp,thous 1990$ percap,25.8563
Canada,2015,labor-force,thous pers,18129.0
Canada,2015,population,thous pers,35732.0
Canada,2015,savings-rate,rate annual,0.249904
Canada,2015,fac-share-labor,share,0.716
Canada,2015,fac-share-capital,share,0.156934
Canada,2015,fac-share-energy,share,0.127066
Canada,2015,energy-service,million 1990$,459418.0
Canada,2015,total-factor-productivity,million 1990$,0.0
Canada,2021,GDP,million 1990$,1006330.0
Canada,2021,energy-investment,million 1990$,37513.9
Canada,2021,consumer-durable,million 1990$,50444.2
Canada,2021,value-added,million 1990$,829096.0
Canada,2021,gross-output,million 1990$,952738.0
Canada,2021,savings,million 1990$,296970.0
Canada,2021,investment,million 1990$,305826.0
Canada,2021,capital-stock,million 1990$,3513960.0
Canada,2021,depreciation,million 1990$,117954.0
Canada,2021,energy-service-value,million 1990$,123642.0
Canada,2021,energy-net-export,million 1990$,53591.7
Canada,2021,materials-net-export,million 1990$,-62447.6
Canada,2021,capital-net-export,million 1990$,8855.96
Canada,2021,labor-wages,million 1990$,655567.0
Canada,2021,gdp-per-capita,thous 1990$ percap,26.3748
Canada,2021,gdp-per-capita-ppp,thous 1990$ percap,25.6956
Canada,2021,labor-force,thous pers,19481.9
Canada,2021,population,thous pers,38155.0
Canada,2021,savings-rate,rate annual,0.24365
Canada,2021,fac-share-labor,share,0.688087
Canada,2021,fac-share-capital,share,0.182137
Canada,2021,fac-share-energy,share,0.129776
Canada,2021,energy-service,million 1990$,406510.0
Canada,2021,total-factor-productivity,million 1990$,0.0
Canada,2025,GDP,million 1990$,1107470.0
Canada,2025,energy-investment,million 1990$,70172.0
Canada,2025,consumer-durable,million 1990$,35292.1
Canada,2025,value-added,million 1990$,892192.0
Canada,2025,gross-output,million 1990$,1026850.0
Canada,2025,savings,million 1990$,295637.0
Canada,2025,investment,million 1990$,301962.0
Canada,2025,capital-stock,million 1990$,3858310.0
Canada,2025,depreciation,million 1990$,123252.0
Canada,2025,energy-service-value,million 1990$,134656.0
Canada,2025,energy-net-export,million 1990$,80623.9
Canada,2025,materials-net-export,million 1990$,-86949.6
Canada,2025,capital-net-export,million 1990$,6325.68
Canada,2025,labor-wages,million 1990$,709811.0
Canada,2025,gdp-per-capita,thous 1990$ percap,28.4939
Canada,2025,gdp-per-capita-ppp,thous 1990$ percap,27.7602
Canada,2025,labor-force,thous pers,19371.9
Canada,2025,population,thous pers,38867.0
Canada,2025,savings-rate,rate annual,0.240109
Canada,2025,fac-share-labor,share,0.691253
Canada,2025,fac-share-capital,share,0.177612
Canada,2025,fac-share-energy,share,0.131135
Canada,2025,energy-service,million 1990$,422599.0
Canada,2025,total-factor-productivity,million 1990$,1.05859
Canada,2030,GDP,million 1990$,1229280.0
Canada,2030,energy-investment,million 1990$,48558.3
Canada,2030,consumer-durable,million 1990$,55764.5
Canada,2030,value-added,million 1990$,995177.0
Canada,2030,gross-output,million 1990$,1148620.0
Canada,2030,savings,million 1990$,321429.0
Canada,2030,investment,million 1990$,324591.0
Canada,2030,capital-stock,million 1990$,4248920.0
Canada,2030,depreciation,million 1990$,135330.0
Canada,2030,energy-service-value,million 1990$,153442.0
Canada,2030,energy-net-export,million 1990$,80659.4
Canada,2030,materials-net-export,million 1990$,-83822.3
Canada,2030,capital-net-export,million 1990$,3162.84
Canada,2030,labor-wages,million 1990$,796972.0
Canada,2030,gdp-per-capita,thous 1990$ percap,30.9868
Canada,2030,gdp-per-capita-ppp,thous 1990$ percap,30.1889
Canada,2030,labor-force,thous pers,19135.4
Canada,2030,population,thous pers,39671.0
Canada,2030,savings-rate,rate annual,0.237981
Canada,2030,fac-share-labor,share,0.693852
Canada,2030,fac-share-capital,share,0.172559
Canada,2030,fac-share-energy,share,0.133588
Canada,2030,energy-service,million 1990$,445323.0
Canada,2030,total-factor-productivity,million 1990$,1.16614
Canada,2035,GDP,million 1990$,1366210.0
Canada,2035,energy-investment,million 1990$,60920.8
Canada,2035,consumer-durable,million 1990$,72915.9
Canada,2035,value-added,million 1990$,1109760.0
Canada,2035,gross-output,million 1990$,1283860.0
Canada,2035,savings,million 1990$,354165.0
Canada,2035,investment,million 1990$,354165.0
Canada,2035,capital-stock,million 1990$,4718830.0
Canada,2035,depreciation,million 1990$,149031.0
Canada,2035,energy-service-value,million 1990$,174100.0
Canada,2035,energy-net-export,million 1990$,82352.1
Canada,2035,materials-net-export,million 1990$,-82352.1
Canada,2035,capital-net-export,million 1990$,0.0
Canada,2035,labor-wages,million 1990$,894386.0
Canada,2035,gdp-per-capita,thous 1990$ percap,33.8012
Canada,2035,gdp-per-capita-ppp,thous 1990$ percap,32.9308
Canada,2035,labor-force,thous pers,19085.8
Canada,2035,population,thous pers,40419.0
Canada,2035,savings-rate,rate annual,0.236564
Canada,2035,fac-share-labor,share,0.696639
Canada,2035,fac-share-capital,share,0.167754
Canada,2035,fac-share-energy,share,0.135607
Canada,2035,energy-service,million 1990$,469656.0
Canada,2035,total-factor-productivity,million 1990$,1.27354
Canada,2040,GDP,million 1990$,1518310.0
Canada,2040,energy-investment,million 1990$,89000.7
Canada,2040,consumer-durable,million 1990$,73849.0
Canada,2040,value-added,million 1990$,1235400.0
Canada,2040,gross-output,million 1990$,1432820.0
Canada,2040,savings,million 1990$,391680.0
Canada,2040,investment,million 1990$,391680.0
Canada,2040,capital-stock,million 1990$,5149220.0
Canada,2040,depreciation,million 1990$,165513.0
Canada,2040,energy-service-value,million 1990$,197422.0
Canada,2040,energy-net-export,million 1990$,85484.0
Canada,2040,materials-net-export,million 1990$,-85484.0
Canada,2040,capital-net-export,million 1990$,0.0
Canada,2040,labor-wages,million 1990$,1000920.0
Canada,2040,gdp-per-capita,thous 1990$ percap,36.9418
Canada,2040,gdp-per-capita-ppp,thous 1990$ percap,35.9905
Canada,2040,labor-force,thous pers,19000.2
Canada,2040,population,thous pers,41100.0
Canada,2040,savings-rate,rate annual,0.235601
Canada,2040,fac-share-labor,share,0.698565
Canada,2040,fac-share-capital,share,0.16365
Canada,2040,fac-share-energy,share,0.137785
Canada,2040,energy-service,million 1990$,493756.0
Canada,2040,total-factor-productivity,million 1990$,1.39572
Canada,2045,GDP,million 1990$,1677260.0
Canada,2045,energy-investment,million 1990$,82686.3
Canada,2045,consumer-durable,million 1990$,80907.5
Canada,2045,value-added,million 1990$,1367580.0
Canada,2045,gross-output,million 1990$,1589860.0
Canada,2045,savings,million 1990$,433822.0
Canada,2045,investment,million 1990$,433822.0
Canada,2045,capital-stock,million 1990$,5570430.0
Canada,2045,depreciation,million 1990$,180609.0
Canada,2045,energy-service-value,million 1990$,222277.0
Canada,2045,energy-net-export,million 1990$,87409.8
Canada,2045,materials-net-export,million 1990$,-87409.8
Canada,2045,capital-net-export,million 1990$,0.0
Canada,2045,labor-wages,million 1990$,1113190.0
Canada,2045,gdp-per-capita,thous 1990$ percap,40.1788
Canada,2045,gdp-per-capita-ppp,thous 1990$ percap,39.1442
Canada,2045,labor-force,thous pers,18921.0
Canada,2045,population,thous pers,41745.0
Canada,2045,savings-rate,rate annual,0.233978
Canada,2045,fac-share-labor,share,0.700185
Canada,2045,fac-share-capital,share,0.160005
Canada,2045,fac-share-energy,share,0.13981
Canada,2045,energy-service,million 1990$,516613.0
Canada,2045,total-factor-productivity,million 1990$,1.52398
Canada,2050,GDP,million 1990$,1836450.0
Canada,2050,energy-investment,million 1990$,95220.6
Canada,2050,consumer-durable,million 1990$,72072.2
Canada,2050,value-added,million 1990$,1500430.0
Canada,2050,gross-output,million 1990$,1748130.0
Canada,2050,savings,million 1990$,476519.0
Canada,2050,investment,million 1990$,476519.0
Canada,2050,capital-stock,million 1990$,6118340.0
Canada,2050,depreciation,million 1990$,195383.0
Canada,2050,energy-service-value,million 1990$,247695.0
Canada,2050,energy-net-export,million 1990$,88322.7
Canada,2050,materials-net-export,million 1990$,-88322.7
Canada,2050,capital-net-export,million 1990$,0.0
Canada,2050,labor-wages,million 1990$,1228320.0
Canada,2050,gdp-per-capita,thous 1990$ percap,43.2971
Canada,2050,gdp-per-capita-ppp,thous 1990$ percap,42.1822
Canada,2050,labor-force,thous pers,18737.7
Canada,2050,population,thous pers,42415.0
Canada,2050,savings-rate,rate annual,0.231085
Canada,2050,fac-share-labor,share,0.702652
Canada,2050,fac-share-capital,share,0.155657
Canada,2050,fac-share-energy,share,0.141692
Canada,2050,energy-service,million 1990$,537914.0
Canada,2050,total-factor-productivity,million 1990$,1.65294
Canada,2055,GDP,million 1990$,1995660.0
Canada,2055,energy-investment,million 1990$,99849.8
Canada,2055,consumer-durable,million 1990$,79258.0
Canada,2055,value-added,million 1990$,1621010.0
Canada,2055,gross-output,million 1990$,1891930.0
Canada,2055,savings,million 1990$,516430.0
Canada,2055,investment,million 1990$,516430.0
Canada,2055,capital-stock,million 1990$,6745460.0
Canada,2055,depreciation,million 1990$,214601.0
Canada,2055,energy-service-value,million 1990$,270913.0
Canada,2055,energy-net-export,million 1990$,103734.0
Canada,2055,materials-net-export,million 1990$,-103734.0
Canada,2055,capital-net-export,million 1990$,0.0
Canada,2055,labor-wages,million 1990$,1334770.0
Canada,2055,gdp-per-capita,thous 1990$ percap,46.4259
Canada,2055,gdp-per-capita-ppp,thous 1990$ percap,45.2304
Canada,2055,labor-force,thous pers,18540.3
Canada,2055,population,thous pers,42986.0
Canada,2055,savings-rate,rate annual,0.227731
Canada,2055,fac-share-labor,share,0.705507
Canada,2055,fac-share-capital,share,0.151299
Canada,2055,fac-share-energy,share,0.143194
Canada,2055,energy-service,million 1990$,556166.0
Canada,2055,total-factor-productivity,million 1990$,1.7671
Canada,2060,GDP,million 1990$,2156430.0
Canada,2060,energy-investment,million 1990$,92889.3
Canada,2060,consumer-durable,million 1990$,82734.2
Canada,2060,value-added,million 1990$,1753510.0
Canada,2060,gross-output,million 1990$,2050020.0
Canada,2060,savings,million 1990$,554510.0
Canada,2060,investment,million 1990$,554510.0
Canada,2060,capital-stock,million 1990$,7392480.0
Canada,2060,depreciation,million 1990$,236597.0
Canada,2060,energy-service-value,million 1990$,296513.0
Canada,2060,energy-net-export,million 1990$,106414.0
Canada,2060,materials-net-export,million 1990$,-106414.0
Canada,2060,capital-net-export,million 1990$,0.0
Canada,2060,labor-wages,million 1990$,1451500.0
Canada,2060,gdp-per-capita,thous 1990$ percap,49.5458
Canada,2060,gdp-per-capita-ppp,thous 1990$ percap,48.27
Canada,2060,labor-force,thous pers,18368.9
Canada,2060,population,thous pers,43524.0
Canada,2060,savings-rate,rate annual,0.224008
Canada,2060,fac-share-labor,share,0.708044
Canada,2060,fac-share-capital,share,0.147317
Canada,2060,fac-share-energy,share,0.144639
Canada,2060,energy-service,million 1990$,574117.0
Canada,2060,total-factor-productivity,million 1990$,1.89252
Canada,2065,GDP,million 1990$,2322300.0
Canada,2065,energy-investment,million 1990$,93306.8
Canada,2065,consumer-durable,million 1990$,83691.7
Canada,2065,value-added,million 1990$,1886320.0
Canada,2065,gross-output,million 1990$,2208010.0
Canada,2065,savings,million 1990$,591154.0
Canada,2065,investment,million 1990$,591154.0
Canada,2065,capital-stock,million 1990$,8120760.0
Canada,2065,depreciation,million 1990$,259291.0
Canada,2065,energy-service-value,million 1990$,321685.0
Canada,2065,energy-net-export,million 1990$,114291.0
Canada,2065,materials-net-export,million 1990$,-114291.0
Canada,2065,capital-net-export,million 1990$,0.0
Canada,2065,labor-wages,million 1990$,1569280.0
Canada,2065,gdp-per-capita,thous 1990$ percap,52.7568
Canada,2065,gdp-per-capita-ppp,thous 1990$ percap,51.3983
Canada,2065,labor-force,thous pers,18295.2
Canada,2065,population,thous pers,44019.0
Canada,2065,savings-rate,rate annual,0.220341
Canada,2065,fac-share-labor,share,0.71072
Canada,2065,fac-share-capital,share,0.14359
Canada,2065,fac-share-energy,share,0.14569
Canada,2065,energy-service,million 1990$,591358.0
Canada,2065,total-factor-productivity,million 1990$,2.00781
Canada,2070,GDP,million 1990$,2489150.0
Canada,2070,energy-investment,million 1990$,100970.0
Canada,2070,consumer-durable,million 1990$,85513.1
Canada,2070,value-added,million 1990$,2021690.0
Canada,2070,gross-output,million 1990$,2368430.0
Canada,2070,savings,million 1990$,628107.0
Canada,2070,investment,million 1990$,628107.0
Canada,2070,capital-stock,million 1990$,8895820.0
Canada,2070,depreciation,million 1990$,284836.0
Canada,2070,energy-service-value,million 1990$,346746.0
Canada,2070,energy-net-export,million 1990$,120722.0
Canada,2070,materials-net-export,million 1990$,-120722.0
Canada,2070,capital-net-export,million 1990$,0.0
Canada,2070,labor-wages,million 1990$,1689530.0
Canada,2070,gdp-per-capita,thous 1990$ percap,55.9612
Canada,2070,gdp-per-capita-ppp,thous 1990$ percap,54.5202
Canada,2070,labor-force,thous pers,18298.7
Canada,2070,population,thous pers,44480.0
Canada,2070,savings-rate,rate annual,0.216482
Canada,2070,fac-share-labor,share,0.713355
Canada,2070,fac-share-capital,share,0.140242
Canada,2070,fac-share-energy,share,0.146403
Canada,2070,energy-service,million 1990$,607384.0
Canada,2070,total-factor-productivity,million 1990$,2.11743
Canada,2075,GDP,million 1990$,2650470.0
Canada,2075,energy-investment,million 1990$,106056.0
Canada,2075,consumer-durable,million 1990$,85801.6
Canada,2075,value-added,million 1990$,2153800.0
Canada,2075,gross-output,million 1990$,2526120.0
Canada,2075,savings,million 1990$,663630.0
Canada,2075,investment,million 1990$,663630.0
Canada,2075,capital-stock,million 1990$,9665530.0
Canada,2075,depreciation,million 1990$,312021.0
Canada,2075,energy-service-value,million 1990$,372319.0
Canada,2075,energy-net-export,million 1990$,124352.0
Canada,2075,materials-net-export,million 1990$,-124352.0
Canada,2075,capital-net-export,million 1990$,0.0
Canada,2075,labor-wages,million 1990$,1807870.0
Canada,2075,gdp-per-capita,thous 1990$ percap,59.0844
Canada,2075,gdp-per-capita-ppp,thous 1990$ percap,57.563
Canada,2075,labor-force,thous pers,18165.6
Canada,2075,population,thous pers,44859.0
Canada,2075,savings-rate,rate annual,0.212326
Canada,2075,fac-share-labor,share,0.715673
Canada,2075,fac-share-capital,share,0.136938
Canada,2075,fac-share-energy,share,0.147388
Canada,2075,energy-service,million 1990$,621569.0
Canada,2075,total-factor-productivity,million 1990$,2.23666
Canada,2080,GDP,million 1990$,2802870.0
Canada,2080,energy-investment,million 1990$,111278.0
Canada,2080,consumer-durable,million 1990$,87286.0
Canada,2080,value-added,million 1990$,2279910.0
Canada,2080,gross-output,million 1990$,2677590.0
Canada,2080,savings,million 1990$,695624.0
Canada,2080,investment,million 1990$,695624.0
Canada,2080,capital-stock,million 1990$,10433500.0
Canada,2080,depreciation,million 1990$,339018.0
Canada,2080,energy-service-value,million 1990$,397677.0
Canada,2080,energy-net-export,million 1990$,125278.0
Canada,2080,materials-net-export,million 1990$,-125278.0
Canada,2080,capital-net-export,million 1990$,0.0
Canada,2080,labor-wages,million 1990$,1921990.0
Canada,2080,gdp-per-capita,thous 1990$ percap,62.1395
Canada,2080,gdp-per-capita-ppp,thous 1990$ percap,60.5394
Canada,2080,labor-force,thous pers,17913.7
Canada,2080,population,thous pers,45106.0
Canada,2080,savings-rate,rate annual,0.208027
Canada,2080,fac-share-labor,share,0.717808
Canada,2080,fac-share-capital,share,0.133671
Canada,2080,fac-share-energy,share,0.148521
Canada,2080,energy-service,million 1990$,633086.0
Canada,2080,total-factor-productivity,million 1990$,2.36355
Canada,2085,GDP,million 1990$,2945450.0
Canada,2085,energy-investment,million 1990$,112835.0
Canada,2085,consumer-durable,million 1990$,87591.7
Canada,2085,value-added,million 1990$,2395560.0
Canada,2085,gross-output,million 1990$,2816530.0
Canada,2085,savings,million 1990$,723571.0
Canada,2085,investment,million 1990$,723571.0
Canada,2085,capital-stock,million 1990$,11174900.0
Canada,2085,depreciation,million 1990$,365954.0
Canada,2085,energy-service-value,million 1990$,420968.0
Canada,2085,energy-net-export,million 1990$,128917.0
Canada,2085,materials-net-export,million 1990$,-128917.0
Canada,2085,capital-net-export,million 1990$,0.0
Canada,2085,labor-wages,million 1990$,2027250.0
Canada,2085,gdp-per-capita,thous 1990$ percap,65.1835
Canada,2085,gdp-per-capita-ppp,thous 1990$ percap,63.5051
Canada,2085,labor-force,thous pers,17671.1
Canada,2085,population,thous pers,45187.0
Canada,2085,savings-rate,rate annual,0.203798
Canada,2085,fac-share-labor,share,0.719768
Canada,2085,fac-share-capital,share,0.130768
Canada,2085,fac-share-energy,share,0.149463
Canada,2085,energy-service,million 1990$,642027.0
Canada,2085,total-factor-productivity,million 1990$,2.4828
Canada,2090,GDP,million 1990$,3078260.0
Canada,2090,energy-investment,million 1990$,111343.0
Canada,2090,consumer-durable,million 1990$,87372.5
Canada,2090,value-added,million 1990$,2500730.0
Canada,2090,gross-output,million 1990$,2942000.0
Canada,2090,savings,million 1990$,747922.0
Canada,2090,investment,million 1990$,747922.0
Canada,2090,capital-stock,million 1990$,11899900.0
Canada,2090,depreciation,million 1990$,391959.0
Canada,2090,energy-service-value,million 1990$,441262.0
Canada,2090,energy-net-export,million 1990$,136266.0
Canada,2090,materials-net-export,million 1990$,-136266.0
Canada,2090,capital-net-export,million 1990$,0.0
Canada,2090,labor-wages,million 1990$,2123200.0
Canada,2090,gdp-per-capita,thous 1990$ percap,68.2556
Canada,2090,gdp-per-capita-ppp,thous 1990$ percap,66.4981
Canada,2090,labor-force,thous pers,17514.6
Canada,2090,population,thous pers,45099.0
Canada,2090,savings-rate,rate annual,0.199756
Canada,2090,fac-share-labor,share,0.721688
Canada,2090,fac-share-capital,share,0.128325
Canada,2090,fac-share-energy,share,0.149987
Canada,2090,energy-service,million 1990$,648655.0
Canada,2090,total-factor-productivity,million 1990$,2.58493
Canada,2095,GDP,million 1990$,3201600.0
Canada,2095,energy-investment,million 1990$,112978.0
Canada,2095,consumer-durable,million 1990$,87123.9
Canada,2095,value-added,million 1990$,2597210.0
Canada,2095,gross-output,million 1990$,3057520.0
Canada,2095,savings,million 1990$,769206.0
Canada,2095,investment,million 1990$,769206.0
Canada,2095,capital-stock,million 1990$,12613500.0
Canada,2095,depreciation,million 1990$,417388.0
Canada,2095,energy-service-value,million 1990$,460308.0
Canada,2095,energy-net-export,million 1990$,144084.0
Canada,2095,materials-net-export,million 1990$,-144084.0
Canada,2095,capital-net-export,million 1990$,0.0
Canada,2095,labor-wages,million 1990$,2212140.0
Canada,2095,gdp-per-capita,thous 1990$ percap,71.3465
Canada,2095,gdp-per-capita-ppp,thous 1990$ percap,69.5093
Canada,2095,labor-force,thous pers,17293.9
Canada,2095,population,thous pers,44874.0
Canada,2095,savings-rate,rate annual,0.195884
Canada,2095,fac-share-labor,share,0.72351
Canada,2095,fac-share-capital,share,0.12594
Canada,2095,fac-share-energy,share,0.150549
Canada,2095,energy-service,million 1990$,653037.0
Canada,2095,total-factor-productivity,million 1990$,2.68844
Canada,2100,GDP,million 1990$,3314380.0
Canada,2100,energy-investment,million 1990$,116674.0
Canada,2100,consumer-durable,million 1990$,86574.1
Canada,2100,value-added,million 1990$,2684900.0
Canada,2100,gross-output,million 1990$,3163270.0
Canada,2100,savings,million 1990$,787628.0
Canada,2100,investment,million 1990$,787628.0
Canada,2100,capital-stock,million 1990$,13289900.0
Canada,2100,depreciation,million 1990$,442420.0
Canada,2100,energy-service-value,million 1990$,478369.0
Canada,2100,energy-net-export,million 1990$,151111.0
Canada,2100,materials-net-export,million 1990$,-151111.0
Canada,2100,capital-net-export,million 1990$,0.0
Canada,2100,labor-wages,million 1990$,2293880.0
Canada,2100,gdp-per-capita,thous 1990$ percap,74.4019
Canada,2100,gdp-per-capita-ppp,thous 1990$ percap,72.486
Canada,2100,labor-force,thous pers,16993.7
Canada,2100,population,thous pers,44547.0
Canada,2100,savings-rate,rate annual,0.192073
Canada,2100,fac-share-labor,share,0.72516
Canada,2100,fac-share-capital,share,0.123614
Canada,2100,fac-share-energy,share,0.151226
Canada,2100,energy-service,million 1990$,655193.0
Canada,2100,total-factor-productivity,million 1990$,2.79724
Central America and Caribbean,1975,GDP,million 1990$,85152.0
Central America and Caribbean,1975,energy-investment,million 1990$,2163.74
Central America and Caribbean,1975,consumer-durable,million 1990$,0.141933
Central America and Caribbean,1975,value-added,million 1990$,73227.8
Central America and Caribbean,1975,gross-output,million 1990$,85154.1
Central America and Caribbean,1975,savings,million 1990$,11337.6
Central America and Caribbean,1975,investment,million 1990$,17837.2
Central America and Caribbean,1975,capital-stock,million 1990$,215434.0
Central America and Caribbean,1975,depreciation,million 1990$,10099.7
Central America and Caribbean,1975,energy-service-value,million 1990$,11926.3
Central America and Caribbean,1975,energy-net-export,million 1990$,-2.129
Central America and Caribbean,1975,materials-net-export,million 1990$,-6497.54
Central America and Caribbean,1975,capital-net-export,million 1990$,6499.67
Central America and Caribbean,1975,labor-wages,million 1990$,36639.5
Central America and Caribbean,1975,gdp-per-capita,thous 1990$ percap,1.88924
Central America and Caribbean,1975,gdp-per-capita-ppp,thous 1990$ percap,3.11041
Central America and Caribbean,1975,labor-force,thous pers,14084.0
Central America and Caribbean,1975,population,thous pers,45072.0
Central America and Caribbean,1975,savings-rate,rate annual,0.133145
Central America and Caribbean,1975,fac-share-labor,share,0.430273
Central America and Caribbean,1975,fac-share-capital,share,0.429672
Central America and Caribbean,1975,fac-share-energy,share,0.140055
Central America and Caribbean,1975,energy-service,million 1990$,2.129
Central America and Caribbean,1975,total-factor-productivity,million 1990$,0.0
Central America and Caribbean,1990,GDP,million 1990$,128195.0
Central America and Caribbean,1990,energy-investment,million 1990$,2461.8
Central America and Caribbean,1990,consumer-durable,million 1990$,3868.39
Central America and Caribbean,1990,value-added,million 1990$,107700.0
Central America and Caribbean,1990,gross-output,million 1990$,131798.0
Central America and Caribbean,1990,savings,million 1990$,11337.7
Central America and Caribbean,1990,investment,million 1990$,14857.8
Central America and Caribbean,1990,capital-stock,million 1990$,391274.0
Central America and Caribbean,1990,depreciation,million 1990$,10099.7
Central America and Caribbean,1990,energy-service-value,million 1990$,24098.5
Central America and Caribbean,1990,energy-net-export,million 1990$,-3603.27
Central America and Caribbean,1990,materials-net-export,million 1990$,83.1481
Central America and Caribbean,1990,capital-net-export,million 1990$,3520.12
Central America and Caribbean,1990,labor-wages,million 1990$,57072.4
Central America and Caribbean,1990,gdp-per-capita,thous 1990$ percap,2.1336
Central America and Caribbean,1990,gdp-per-capita-ppp,thous 1990$ percap,3.51271
Central America and Caribbean,1990,labor-force,thous pers,18866.0
Central America and Caribbean,1990,population,thous pers,60084.0
Central America and Caribbean,1990,savings-rate,rate annual,0.147129
Central America and Caribbean,1990,fac-share-labor,share,0.433028
Central America and Caribbean,1990,fac-share-capital,share,0.384128
Central America and Caribbean,1990,fac-share-energy,share,0.182844
Central America and Caribbean,1990,energy-service,million 1990$,44093.5
Central America and Caribbean,1990,total-factor-productivity,million 1990$,0.0
Central America and Caribbean,2005,GDP,million 1990$,206769.0
Central America and Caribbean,2005,energy-investment,million 1990$,5084.03
Central America and Caribbean,2005,consumer-durable,million 1990$,6758.9
Central America and Caribbean,2005,value-added,million 1990$,172228.0
Central America and Caribbean,2005,gross-output,million 1990$,210686.0
Central America and Caribbean,2005,savings,million 1990$,22729.6
Central America and Caribbean,2005,investment,million 1990$,36323.9
Central America and Caribbean,2005,capital-stock,million 1990$,633462.0
Central America and Caribbean,2005,depreciation,million 1990$,15715.5
Central America and Caribbean,2005,energy-service-value,million 1990$,38458.8
Central America and Caribbean,2005,energy-net-export,million 1990$,-3917.43
Central America and Caribbean,2005,materials-net-export,million 1990$,-9676.87
Central America and Caribbean,2005,capital-net-export,million 1990$,13594.3
Central America and Caribbean,2005,labor-wages,million 1990$,85790.4
Central America and Caribbean,2005,gdp-per-capita,thous 1990$ percap,2.71625
Central America and Caribbean,2005,gdp-per-capita-ppp,thous 1990$ percap,4.47198
Central America and Caribbean,2005,labor-force,thous pers,28363.7
Central America and Caribbean,2005,population,thous pers,76123.0
Central America and Caribbean,2005,savings-rate,rate annual,0.154466
Central America and Caribbean,2005,fac-share-labor,share,0.407195
Central America and Caribbean,2005,fac-share-capital,share,0.410265
Central America and Caribbean,2005,fac-share-energy,share,0.18254
Central America and Caribbean,2005,energy-service,million 1990$,68049.9
Central America and Caribbean,2005,total-factor-productivity,million 1990$,0.0
Central America and Caribbean,2010,GDP,million 1990$,252445.0
Central America and Caribbean,2010,energy-investment,million 1990$,4396.67
Central America and Caribbean,2010,consumer-durable,million 1990$,10111.7
Central America and Caribbean,2010,value-added,million 1990$,214392.0
Central America and Caribbean,2010,gross-output,million 1990$,260700.0
Central America and Caribbean,2010,savings,million 1990$,38697.7
Central America and Caribbean,2010,investment,million 1990$,52773.1
Central America and Caribbean,2010,capital-stock,million 1990$,798569.0
Central America and Caribbean,2010,depreciation,million 1990$,25912.4
Central America and Caribbean,2010,energy-service-value,million 1990$,46307.9
Central America and Caribbean,2010,energy-net-export,million 1990$,-8255.34
Central America and Caribbean,2010,materials-net-export,million 1990$,-5820.06
Central America and Caribbean,2010,capital-net-export,million 1990$,14075.4
Central America and Caribbean,2010,labor-wages,million 1990$,103931.0
Central America and Caribbean,2010,gdp-per-capita,thous 1990$ percap,3.11207
Central America and Caribbean,2010,gdp-per-capita-ppp,thous 1990$ percap,5.12365
Central America and Caribbean,2010,labor-force,thous pers,31667.8
Central America and Caribbean,2010,population,thous pers,81118.0
Central America and Caribbean,2010,savings-rate,rate annual,0.152276
Central America and Caribbean,2010,fac-share-labor,share,0.39866
Central America and Caribbean,2010,fac-share-capital,share,0.423711
Central America and Caribbean,2010,fac-share-energy,share,0.177629
Central America and Caribbean,2010,energy-service,million 1990$,85343.0
Central America and Caribbean,2010,total-factor-productivity,million 1990$,0.0
Central America and Caribbean,2015,GDP,million 1990$,298194.0
Central America and Caribbean,2015,energy-investment,million 1990$,7453.73
Central America and Caribbean,2015,consumer-durable,million 1990$,11674.7
Central America and Caribbean,2015,value-added,million 1990$,294044.0
Central America and Caribbean,2015,gross-output,million 1990$,312351.0
Central America and Caribbean,2015,savings,million 1990$,48553.0
Central America and Caribbean,2015,investment,million 1990$,71417.7
Central America and Caribbean,2015,capital-stock,million 1990$,956932.0
Central America and Caribbean,2015,depreciation,million 1990$,32660.7
Central America and Caribbean,2015,energy-service-value,million 1990$,18307.3
Central America and Caribbean,2015,energy-net-export,million 1990$,-14157.3
Central America and Caribbean,2015,materials-net-export,million 1990$,-8707.37
Central America and Caribbean,2015,capital-net-export,million 1990$,22864.7
Central America and Caribbean,2015,labor-wages,million 1990$,119750.0
Central America and Caribbean,2015,gdp-per-capita,thous 1990$ percap,3.45977
Central America and Caribbean,2015,gdp-per-capita-ppp,thous 1990$ percap,5.69609
Central America and Caribbean,2015,labor-force,thous pers,36174.6
Central America and Caribbean,2015,population,thous pers,86189.0
Central America and Caribbean,2015,savings-rate,rate annual,0.173612
Central America and Caribbean,2015,fac-share-labor,share,0.383382
Central America and Caribbean,2015,fac-share-capital,share,0.558007
Central America and Caribbean,2015,fac-share-energy,share,0.0586112
Central America and Caribbean,2015,energy-service,million 1990$,99808.3
Central America and Caribbean,2015,total-factor-productivity,million 1990$,0.0
Central America and Caribbean,2021,GDP,million 1990$,320283.0
Central America and Caribbean,2021,energy-investment,million 1990$,7653.64
Central America and Caribbean,2021,consumer-durable,million 1990$,13808.0
Central America and Caribbean,2021,value-added,million 1990$,312997.0
Central America and Caribbean,2021,gross-output,million 1990$,329471.0
Central America and Caribbean,2021,savings,million 1990$,63444.8
Central America and Caribbean,2021,investment,million 1990$,86033.8
Central America and Caribbean,2021,capital-stock,million 1990$,1063040.0
Central America and Caribbean,2021,depreciation,million 1990$,39924.2
Central America and Caribbean,2021,energy-service-value,million 1990$,16473.5
Central America and Caribbean,2021,energy-net-export,million 1990$,-9187.59
Central America and Caribbean,2021,materials-net-export,million 1990$,-13401.4
Central America and Caribbean,2021,capital-net-export,million 1990$,22589.0
Central America and Caribbean,2021,labor-wages,million 1990$,122412.0
Central America and Caribbean,2021,gdp-per-capita,thous 1990$ percap,3.49002
Central America and Caribbean,2021,gdp-per-capita-ppp,thous 1990$ percap,5.74591
Central America and Caribbean,2021,labor-force,thous pers,39262.0
Central America and Caribbean,2021,population,thous pers,91771.0
Central America and Caribbean,2021,savings-rate,rate annual,0.176004
Central America and Caribbean,2021,fac-share-labor,share,0.371541
Central America and Caribbean,2021,fac-share-capital,share,0.578459
Central America and Caribbean,2021,fac-share-energy,share,0.05
Central America and Caribbean,2021,energy-service,million 1990$,95261.6
Central America and Caribbean,2021,total-factor-productivity,million 1990$,0.0
Central America and Caribbean,2025,GDP,million 1990$,388332.0
Central America and Caribbean,2025,energy-investment,million 1990$,16616.8
Central America and Caribbean,2025,consumer-durable,million 1990$,13251.7
Central America and Caribbean,2025,value-added,million 1990$,378131.0
Central America and Caribbean,2025,gross-output,million 1990$,398875.0
Central America and Caribbean,2025,savings,million 1990$,70179.1
Central America and Caribbean,2025,investment,million 1990$,86314.1
Central America and Caribbean,2025,capital-stock,million 1990$,1137360.0
Central America and Caribbean,2025,depreciation,million 1990$,45047.2
Central America and Caribbean,2025,energy-service-value,million 1990$,20743.5
Central America and Caribbean,2025,energy-net-export,million 1990$,-10542.5
Central America and Caribbean,2025,materials-net-export,million 1990$,-5592.49
Central America and Caribbean,2025,capital-net-export,million 1990$,16135.0
Central America and Caribbean,2025,labor-wages,million 1990$,148405.0
Central America and Caribbean,2025,gdp-per-capita,thous 1990$ percap,4.07163
Central America and Caribbean,2025,gdp-per-capita-ppp,thous 1990$ percap,6.70346
Central America and Caribbean,2025,labor-force,thous pers,41208.1
Central America and Caribbean,2025,population,thous pers,95375.0
Central America and Caribbean,2025,savings-rate,rate annual,0.192207
Central America and Caribbean,2025,fac-share-labor,share,0.372059
Central America and Caribbean,2025,fac-share-capital,share,0.575936
Central America and Caribbean,2025,fac-share-energy,share,0.052005
Central America and Caribbean,2025,energy-service,million 1990$,109897.0
Central America and Caribbean,2025,total-factor-productivity,million 1990$,1.13528
Central America and Caribbean,2030,GDP,million 1990$,466010.0
Central America and Caribbean,2030,energy-investment,million 1990$,16087.9
Central America and Caribbean,2030,consumer-durable,million 1990$,17628.0
Central America and Caribbean,2030,value-added,million 1990$,451201.0
Central America and Caribbean,2030,gross-output,million 1990$,476984.0
Central America and Caribbean,2030,savings,million 1990$,91382.0
Central America and Caribbean,2030,investment,million 1990$,99449.5
Central America and Caribbean,2030,capital-stock,million 1990$,1235600.0
Central America and Caribbean,2030,depreciation,million 1990$,48196.9
Central America and Caribbean,2030,energy-service-value,million 1990$,25783.6
Central America and Caribbean,2030,energy-net-export,million 1990$,-10974.2
Central America and Caribbean,2030,materials-net-export,million 1990$,2906.67
Central America and Caribbean,2030,capital-net-export,million 1990$,8067.51
Central America and Caribbean,2030,labor-wages,million 1990$,178122.0
Central America and Caribbean,2030,gdp-per-capita,thous 1990$ percap,4.67126
Central America and Caribbean,2030,gdp-per-capita-ppp,thous 1990$ percap,7.69068
Central America and Caribbean,2030,labor-force,thous pers,43349.9
Central America and Caribbean,2030,population,thous pers,99761.0
Central America and Caribbean,2030,savings-rate,rate annual,0.203868
Central America and Caribbean,2030,fac-share-labor,share,0.373433
Central America and Caribbean,2030,fac-share-capital,share,0.572511
Central America and Caribbean,2030,fac-share-energy,share,0.0540554
Central America and Caribbean,2030,energy-service,million 1990$,127919.0
Central America and Caribbean,2030,total-factor-productivity,million 1990$,1.26011
Central America and Caribbean,2035,GDP,million 1990$,559279.0
Central America and Caribbean,2035,energy-investment,million 1990$,18449.4
Central America and Caribbean,2035,consumer-durable,million 1990$,22930.1
Central America and Caribbean,2035,value-added,million 1990$,538733.0
Central America and Caribbean,2035,gross-output,million 1990$,570548.0
Central America and Caribbean,2035,savings,million 1990$,115095.0
Central America and Caribbean,2035,investment,million 1990$,115095.0
Central America and Caribbean,2035,capital-stock,million 1990$,1368910.0
Central America and Caribbean,2035,depreciation,million 1990$,52359.7
Central America and Caribbean,2035,energy-service-value,million 1990$,31814.2
Central America and Caribbean,2035,energy-net-export,million 1990$,-11268.5
Central America and Caribbean,2035,materials-net-export,million 1990$,11268.5
Central America and Caribbean,2035,capital-net-export,million 1990$,0.0
Central America and Caribbean,2035,labor-wages,million 1990$,215062.0
Central America and Caribbean,2035,gdp-per-capita,thous 1990$ percap,5.39923
Central America and Caribbean,2035,gdp-per-capita-ppp,thous 1990$ percap,8.88918
Central America and Caribbean,2035,labor-force,thous pers,45155.7
Central America and Caribbean,2035,population,thous pers,103585.0
Central America and Caribbean,2035,savings-rate,rate annual,0.21551
Central America and Caribbean,2035,fac-share-labor,share,0.37694
Central America and Caribbean,2035,fac-share-capital,share,0.567299
Central America and Caribbean,2035,fac-share-energy,share,0.0557609
Central America and Caribbean,2035,energy-service,million 1990$,147690.0
Central America and Caribbean,2035,total-factor-productivity,million 1990$,1.38919
Central America and Caribbean,2040,GDP,million 1990$,665560.0
Central America and Caribbean,2040,energy-investment,million 1990$,23767.6
Central America and Caribbean,2040,consumer-durable,million 1990$,25165.5
Central America and Caribbean,2040,value-added,million 1990$,638416.0
Central America and Caribbean,2040,gross-output,million 1990$,676815.0
Central America and Caribbean,2040,savings,million 1990$,144642.0
Central America and Caribbean,2040,investment,million 1990$,144642.0
Central America and Caribbean,2040,capital-stock,million 1990$,1576790.0
Central America and Caribbean,2040,depreciation,million 1990$,58008.9
Central America and Caribbean,2040,energy-service-value,million 1990$,38398.4
Central America and Caribbean,2040,energy-net-export,million 1990$,-11254.8
Central America and Caribbean,2040,materials-net-export,million 1990$,11254.8
Central America and Caribbean,2040,capital-net-export,million 1990$,0.0
Central America and Caribbean,2040,labor-wages,million 1990$,259934.0
Central America and Caribbean,2040,gdp-per-capita,thous 1990$ percap,6.23399
Central America and Caribbean,2040,gdp-per-capita-ppp,thous 1990$ percap,10.2635
Central America and Caribbean,2040,labor-force,thous pers,46585.8
Central America and Caribbean,2040,population,thous pers,106763.0
Central America and Caribbean,2040,savings-rate,rate annual,0.225719
Central America and Caribbean,2040,fac-share-labor,share,0.384056
Central America and Caribbean,2040,fac-share-capital,share,0.55921
Central America and Caribbean,2040,fac-share-energy,share,0.056734
Central America and Caribbean,2040,energy-service,million 1990$,168802.0
Central America and Caribbean,2040,total-factor-productivity,million 1990$,1.49259
Central America and Caribbean,2045,GDP,million 1990$,785924.0
Central America and Caribbean,2045,energy-investment,million 1990$,23828.4
Central America and Caribbean,2045,consumer-durable,million 1990$,28938.4
Central America and Caribbean,2045,value-added,million 1990$,751487.0
Central America and Caribbean,2045,gross-output,million 1990$,797114.0
Central America and Caribbean,2045,savings,million 1990$,178923.0
Central America and Caribbean,2045,investment,million 1990$,178923.0
Central America and Caribbean,2045,capital-stock,million 1990$,1866990.0
Central America and Caribbean,2045,depreciation,million 1990$,66818.2
Central America and Caribbean,2045,energy-service-value,million 1990$,45627.1
Central America and Caribbean,2045,energy-net-export,million 1990$,-11190.1
Central America and Caribbean,2045,materials-net-export,million 1990$,11190.1
Central America and Caribbean,2045,capital-net-export,million 1990$,0.0
Central America and Caribbean,2045,labor-wages,million 1990$,313923.0
Central America and Caribbean,2045,gdp-per-capita,thous 1990$ percap,7.19355
Central America and Caribbean,2045,gdp-per-capita-ppp,thous 1990$ percap,11.8433
Central America and Caribbean,2045,labor-force,thous pers,47688.6
Central America and Caribbean,2045,population,thous pers,109254.0
Central America and Caribbean,2045,savings-rate,rate annual,0.23473
Central America and Caribbean,2045,fac-share-labor,share,0.393824
Central America and Caribbean,2045,fac-share-capital,share,0.548936
Central America and Caribbean,2045,fac-share-energy,share,0.0572404
Central America and Caribbean,2045,energy-service,million 1990$,191806.0
Central America and Caribbean,2045,total-factor-productivity,million 1990$,1.5748
Central America and Caribbean,2050,GDP,million 1990$,920490.0
Central America and Caribbean,2050,energy-investment,million 1990$,26481.9
Central America and Caribbean,2050,consumer-durable,million 1990$,29810.7
Central America and Caribbean,2050,value-added,million 1990$,878383.0
Central America and Caribbean,2050,gross-output,million 1990$,931725.0
Central America and Caribbean,2050,savings,million 1990$,218363.0
Central America and Caribbean,2050,investment,million 1990$,218363.0
Central America and Caribbean,2050,capital-stock,million 1990$,2264270.0
Central America and Caribbean,2050,depreciation,million 1990$,79115.8
Central America and Caribbean,2050,energy-service-value,million 1990$,53342.3
Central America and Caribbean,2050,energy-net-export,million 1990$,-11235.3
Central America and Caribbean,2050,materials-net-export,million 1990$,11235.3
Central America and Caribbean,2050,capital-net-export,million 1990$,0.0
Central America and Caribbean,2050,labor-wages,million 1990$,378605.0
Central America and Caribbean,2050,gdp-per-capita,thous 1990$ percap,8.28673
Central America and Caribbean,2050,gdp-per-capita-ppp,thous 1990$ percap,13.6431
Central America and Caribbean,2050,labor-force,thous pers,48243.7
Central America and Caribbean,2050,population,thous pers,111080.0
Central America and Caribbean,2050,savings-rate,rate annual,0.242488
Central America and Caribbean,2050,fac-share-labor,share,0.406348
Central America and Caribbean,2050,fac-share-capital,share,0.536401
Central America and Caribbean,2050,fac-share-energy,share,0.0572511
Central America and Caribbean,2050,energy-service,million 1990$,215475.0
Central America and Caribbean,2050,total-factor-productivity,million 1990$,1.63915
Central America and Caribbean,2055,GDP,million 1990$,1069420.0
Central America and Caribbean,2055,energy-investment,million 1990$,28927.0
Central America and Caribbean,2055,consumer-durable,million 1990$,34890.5
Central America and Caribbean,2055,value-added,million 1990$,1019960.0
Central America and Caribbean,2055,gross-output,million 1990$,1081680.0
Central America and Caribbean,2055,savings,million 1990$,262892.0
Central America and Caribbean,2055,investment,million 1990$,262892.0
Central America and Caribbean,2055,capital-stock,million 1990$,2772570.0
Central America and Caribbean,2055,depreciation,million 1990$,95950.7
Central America and Caribbean,2055,energy-service-value,million 1990$,61715.0
Central America and Caribbean,2055,energy-net-export,million 1990$,-12260.3
Central America and Caribbean,2055,materials-net-export,million 1990$,12260.3
Central America and Caribbean,2055,capital-net-export,million 1990$,0.0
Central America and Caribbean,2055,labor-wages,million 1990$,455020.0
Central America and Caribbean,2055,gdp-per-capita,thous 1990$ percap,9.52539
Central America and Caribbean,2055,gdp-per-capita-ppp,thous 1990$ percap,15.6824
Central America and Caribbean,2055,labor-force,thous pers,48157.8
Central America and Caribbean,2055,population,thous pers,112270.0
Central America and Caribbean,2055,savings-rate,rate annual,0.24905
Central America and Caribbean,2055,fac-share-labor,share,0.420662
Central America and Caribbean,2055,fac-share-capital,share,0.522283
Central America and Caribbean,2055,fac-share-energy,share,0.0570549
Central America and Caribbean,2055,energy-service,million 1990$,239484.0
Central America and Caribbean,2055,total-factor-productivity,million 1990$,1.70047
Central America and Caribbean,2060,GDP,million 1990$,1232970.0
Central America and Caribbean,2060,energy-investment,million 1990$,31115.0
Central America and Caribbean,2060,consumer-durable,million 1990$,38429.9
Central America and Caribbean,2060,value-added,million 1990$,1175110.0
Central America and Caribbean,2060,gross-output,million 1990$,1246120.0
Central America and Caribbean,2060,savings,million 1990$,312443.0
Central America and Caribbean,2060,investment,million 1990$,312443.0
Central America and Caribbean,2060,capital-stock,million 1990$,3374980.0
Central America and Caribbean,2060,depreciation,million 1990$,117490.0
Central America and Caribbean,2060,energy-service-value,million 1990$,71013.2
Central America and Caribbean,2060,energy-net-export,million 1990$,-13153.1
Central America and Caribbean,2060,materials-net-export,million 1990$,13153.1
Central America and Caribbean,2060,capital-net-export,million 1990$,0.0
Central America and Caribbean,2060,labor-wages,million 1990$,542528.0
Central America and Caribbean,2060,gdp-per-capita,thous 1990$ percap,10.9209
Central America and Caribbean,2060,gdp-per-capita-ppp,thous 1990$ percap,17.9799
Central America and Caribbean,2060,labor-force,thous pers,47546.3
Central America and Caribbean,2060,population,thous pers,112900.0
Central America and Caribbean,2060,savings-rate,rate annual,0.254476
Central America and Caribbean,2060,fac-share-labor,share,0.435374
Central America and Caribbean,2060,fac-share-capital,share,0.507638
Central America and Caribbean,2060,fac-share-energy,share,0.0569875
Central America and Caribbean,2060,energy-service,million 1990$,264423.0
Central America and Caribbean,2060,total-factor-productivity,million 1990$,1.77003
Central America and Caribbean,2065,GDP,million 1990$,1412310.0
Central America and Caribbean,2065,energy-investment,million 1990$,32574.1
Central America and Caribbean,2065,consumer-durable,million 1990$,41436.5
Central America and Caribbean,2065,value-added,million 1990$,1344890.0
Central America and Caribbean,2065,gross-output,million 1990$,1426040.0
Central America and Caribbean,2065,savings,million 1990$,366916.0
Central America and Caribbean,2065,investment,million 1990$,366916.0
Central America and Caribbean,2065,capital-stock,million 1990$,4084050.0
Central America and Caribbean,2065,depreciation,million 1990$,143018.0
Central America and Caribbean,2065,energy-service-value,million 1990$,81152.2
Central America and Caribbean,2065,energy-net-export,million 1990$,-13729.8
Central America and Caribbean,2065,materials-net-export,million 1990$,13729.8
Central America and Caribbean,2065,capital-net-export,million 1990$,0.0
Central America and Caribbean,2065,labor-wages,million 1990$,642062.0
Central America and Caribbean,2065,gdp-per-capita,thous 1990$ percap,12.487
Central America and Caribbean,2065,gdp-per-capita-ppp,thous 1990$ percap,20.5584
Central America and Caribbean,2065,labor-force,thous pers,46615.3
Central America and Caribbean,2065,population,thous pers,113102.0
Central America and Caribbean,2065,savings-rate,rate annual,0.258872
Central America and Caribbean,2065,fac-share-labor,share,0.450242
Central America and Caribbean,2065,fac-share-capital,share,0.49285
Central America and Caribbean,2065,fac-share-energy,share,0.0569075
Central America and Caribbean,2065,energy-service,million 1990$,289005.0
Central America and Caribbean,2065,total-factor-productivity,million 1990$,1.8481
Central America and Caribbean,2070,GDP,million 1990$,1603360.0
Central America and Caribbean,2070,energy-investment,million 1990$,34661.0
Central America and Caribbean,2070,consumer-durable,million 1990$,44449.5
Central America and Caribbean,2070,value-added,million 1990$,1525810.0
Central America and Caribbean,2070,gross-output,million 1990$,1617610.0
Central America and Caribbean,2070,savings,million 1990$,426494.0
Central America and Caribbean,2070,investment,million 1990$,426494.0
Central America and Caribbean,2070,capital-stock,million 1990$,4908260.0
Central America and Caribbean,2070,depreciation,million 1990$,173066.0
Central America and Caribbean,2070,energy-service-value,million 1990$,91796.3
Central America and Caribbean,2070,energy-net-export,million 1990$,-14251.1
Central America and Caribbean,2070,materials-net-export,million 1990$,14251.1
Central America and Caribbean,2070,capital-net-export,million 1990$,0.0
Central America and Caribbean,2070,labor-wages,million 1990$,752221.0
Central America and Caribbean,2070,gdp-per-capita,thous 1990$ percap,14.2015
Central America and Caribbean,2070,gdp-per-capita-ppp,thous 1990$ percap,23.381
Central America and Caribbean,2070,labor-force,thous pers,45501.4
Central America and Caribbean,2070,population,thous pers,112901.0
Central America and Caribbean,2070,savings-rate,rate annual,0.261911
Central America and Caribbean,2070,fac-share-labor,share,0.46502
Central America and Caribbean,2070,fac-share-capital,share,0.478232
Central America and Caribbean,2070,fac-share-energy,share,0.0567481
Central America and Caribbean,2070,energy-service,million 1990$,312123.0
Central America and Caribbean,2070,total-factor-productivity,million 1990$,1.93024
Central America and Caribbean,2075,GDP,million 1990$,1805420.0
Central America and Caribbean,2075,energy-investment,million 1990$,35994.7
Central America and Caribbean,2075,consumer-durable,million 1990$,46800.3
Central America and Caribbean,2075,value-added,million 1990$,1717090.0
Central America and Caribbean,2075,gross-output,million 1990$,1820090.0
Central America and Caribbean,2075,savings,million 1990$,489062.0
Central America and Caribbean,2075,investment,million 1990$,489062.0
Central America and Caribbean,2075,capital-stock,million 1990$,5836020.0
Central America and Caribbean,2075,depreciation,million 1990$,207992.0
Central America and Caribbean,2075,energy-service-value,million 1990$,103004.0
Central America and Caribbean,2075,energy-net-export,million 1990$,-14666.3
Central America and Caribbean,2075,materials-net-export,million 1990$,14666.3
Central America and Caribbean,2075,capital-net-export,million 1990$,0.0
Central America and Caribbean,2075,labor-wages,million 1990$,872164.0
Central America and Caribbean,2075,gdp-per-capita,thous 1990$ percap,16.0742
Central America and Caribbean,2075,gdp-per-capita-ppp,thous 1990$ percap,26.4643
Central America and Caribbean,2075,labor-force,thous pers,44332.4
Central America and Caribbean,2075,population,thous pers,112318.0
Central America and Caribbean,2075,savings-rate,rate annual,0.26384
Central America and Caribbean,2075,fac-share-labor,share,0.479187
Central America and Caribbean,2075,fac-share-capital,share,0.46422
Central America and Caribbean,2075,fac-share-energy,share,0.0565926
Central America and Caribbean,2075,energy-service,million 1990$,333966.0
Central America and Caribbean,2075,total-factor-productivity,million 1990$,2.0187
Central America and Caribbean,2080,GDP,million 1990$,2014880.0
Central America and Caribbean,2080,energy-investment,million 1990$,38017.2
Central America and Caribbean,2080,consumer-durable,million 1990$,49046.3
Central America and Caribbean,2080,value-added,million 1990$,1914990.0
Central America and Caribbean,2080,gross-output,million 1990$,2029530.0
Central America and Caribbean,2080,savings,million 1990$,554179.0
Central America and Caribbean,2080,investment,million 1990$,554179.0
Central America and Caribbean,2080,capital-stock,million 1990$,6865390.0
Central America and Caribbean,2080,depreciation,million 1990$,247307.0
Central America and Caribbean,2080,energy-service-value,million 1990$,114544.0
Central America and Caribbean,2080,energy-net-export,million 1990$,-14651.7
Central America and Caribbean,2080,materials-net-export,million 1990$,14651.7
Central America and Caribbean,2080,capital-net-export,million 1990$,0.0
Central America and Caribbean,2080,labor-wages,million 1990$,1000450.0
Central America and Caribbean,2080,gdp-per-capita,thous 1990$ percap,18.0923
Central America and Caribbean,2080,gdp-per-capita-ppp,thous 1990$ percap,29.7868
Central America and Caribbean,2080,labor-force,thous pers,42975.6
Central America and Caribbean,2080,population,thous pers,111367.0
Central America and Caribbean,2080,savings-rate,rate annual,0.264648
Central America and Caribbean,2080,fac-share-labor,share,0.492947
Central America and Caribbean,2080,fac-share-capital,share,0.450614
Central America and Caribbean,2080,fac-share-energy,share,0.0564384
Central America and Caribbean,2080,energy-service,million 1990$,353540.0
Central America and Caribbean,2080,total-factor-productivity,million 1990$,2.1148
Central America and Caribbean,2085,GDP,million 1990$,2230400.0
Central America and Caribbean,2085,energy-investment,million 1990$,40723.3
Central America and Caribbean,2085,consumer-durable,million 1990$,50730.3
Central America and Caribbean,2085,value-added,million 1990$,2118140.0
Central America and Caribbean,2085,gross-output,million 1990$,2244520.0
Central America and Caribbean,2085,savings,million 1990$,620101.0
Central America and Caribbean,2085,investment,million 1990$,620101.0
Central America and Caribbean,2085,capital-stock,million 1990$,7977590.0
Central America and Caribbean,2085,depreciation,million 1990$,290928.0
Central America and Caribbean,2085,energy-service-value,million 1990$,126376.0
Central America and Caribbean,2085,energy-net-export,million 1990$,-14118.3
Central America and Caribbean,2085,materials-net-export,million 1990$,14118.3
Central America and Caribbean,2085,capital-net-export,million 1990$,0.0
Central America and Caribbean,2085,labor-wages,million 1990$,1135690.0
Central America and Caribbean,2085,gdp-per-capita,thous 1990$ percap,20.2563
Central America and Caribbean,2085,gdp-per-capita-ppp,thous 1990$ percap,33.3496
Central America and Caribbean,2085,labor-force,thous pers,41551.5
Central America and Caribbean,2085,population,thous pers,110109.0
Central America and Caribbean,2085,savings-rate,rate annual,0.264513
Central America and Caribbean,2085,fac-share-labor,share,0.505984
Central America and Caribbean,2085,fac-share-capital,share,0.437712
Central America and Caribbean,2085,fac-share-energy,share,0.0563044
Central America and Caribbean,2085,energy-service,million 1990$,370848.0
Central America and Caribbean,2085,total-factor-productivity,million 1990$,2.21908
Central America and Caribbean,2090,GDP,million 1990$,2452450.0
Central America and Caribbean,2090,energy-investment,million 1990$,42514.0
Central America and Caribbean,2090,consumer-durable,million 1990$,52111.1
Central America and Caribbean,2090,value-added,million 1990$,2326900.0
Central America and Caribbean,2090,gross-output,million 1990$,2465500.0
Central America and Caribbean,2090,savings,million 1990$,686128.0
Central America and Caribbean,2090,investment,million 1990$,686128.0
Central America and Caribbean,2090,capital-stock,million 1990$,9156440.0
Central America and Caribbean,2090,depreciation,million 1990$,338059.0
Central America and Caribbean,2090,energy-service-value,million 1990$,138597.0
Central America and Caribbean,2090,energy-net-export,million 1990$,-13049.2
Central America and Caribbean,2090,materials-net-export,million 1990$,13049.2
Central America and Caribbean,2090,capital-net-export,million 1990$,0.0
Central America and Caribbean,2090,labor-wages,million 1990$,1277540.0
Central America and Caribbean,2090,gdp-per-capita,thous 1990$ percap,22.5799
Central America and Caribbean,2090,gdp-per-capita-ppp,thous 1990$ percap,37.1751
Central America and Caribbean,2090,labor-force,thous pers,40127.2
Central America and Caribbean,2090,population,thous pers,108612.0
Central America and Caribbean,2090,savings-rate,rate annual,0.263685
Central America and Caribbean,2090,fac-share-labor,share,0.518166
Central America and Caribbean,2090,fac-share-capital,share,0.425619
Central America and Caribbean,2090,fac-share-energy,share,0.0562148
Central America and Caribbean,2090,energy-service,million 1990$,386269.0
Central America and Caribbean,2090,total-factor-productivity,million 1990$,2.3328
Central America and Caribbean,2095,GDP,million 1990$,2681310.0
Central America and Caribbean,2095,energy-investment,million 1990$,43751.5
Central America and Caribbean,2095,consumer-durable,million 1990$,53210.1
Central America and Caribbean,2095,value-added,million 1990$,2542100.0
Central America and Caribbean,2095,gross-output,million 1990$,2693370.0
Central America and Caribbean,2095,savings,million 1990$,752402.0
Central America and Caribbean,2095,investment,million 1990$,752402.0
Central America and Caribbean,2095,capital-stock,million 1990$,10395700.0
Central America and Caribbean,2095,depreciation,million 1990$,388013.0
Central America and Caribbean,2095,energy-service-value,million 1990$,151262.0
Central America and Caribbean,2095,energy-net-export,million 1990$,-12057.6
Central America and Caribbean,2095,materials-net-export,million 1990$,12057.6
Central America and Caribbean,2095,capital-net-export,million 1990$,0.0
Central America and Caribbean,2095,labor-wages,million 1990$,1426520.0
Central America and Caribbean,2095,gdp-per-capita,thous 1990$ percap,25.0714
Central America and Caribbean,2095,gdp-per-capita-ppp,thous 1990$ percap,41.277
Central America and Caribbean,2095,labor-force,thous pers,38678.2
Central America and Caribbean,2095,population,thous pers,106947.0
Central America and Caribbean,2095,savings-rate,rate annual,0.262315
Central America and Caribbean,2095,fac-share-labor,share,0.529644
Central America and Caribbean,2095,fac-share-capital,share,0.414196
Central America and Caribbean,2095,fac-share-energy,share,0.0561608
Central America and Caribbean,2095,energy-service,million 1990$,399635.0
Central America and Caribbean,2095,total-factor-productivity,million 1990$,2.45844
Central America and Caribbean,2100,GDP,million 1990$,2917460.0
Central America and Caribbean,2100,energy-investment,million 1990$,44988.1
Central America and Caribbean,2100,consumer-durable,million 1990$,54020.8
Central America and Caribbean,2100,value-added,million 1990$,2764380.0
Central America and Caribbean,2100,gross-output,million 1990$,2928650.0
Central America and Caribbean,2100,savings,million 1990$,818943.0
Central America and Caribbean,2100,investment,million 1990$,818943.0
Central America and Caribbean,2100,capital-stock,million 1990$,11688600.0
Central America and Caribbean,2100,depreciation,million 1990$,440527.0
Central America and Caribbean,2100,energy-service-value,million 1990$,164271.0
Central America and Caribbean,2100,energy-net-export,million 1990$,-11188.3
Central America and Caribbean,2100,materials-net-export,million 1990$,11188.3
Central America and Caribbean,2100,capital-net-export,million 1990$,0.0
Central America and Caribbean,2100,labor-wages,million 1990$,1582730.0
Central America and Caribbean,2100,gdp-per-capita,thous 1990$ percap,27.7325
Central America and Caribbean,2100,gdp-per-capita-ppp,thous 1990$ percap,45.6583
Central America and Caribbean,2100,labor-force,thous pers,37261.0
Central America and Caribbean,2100,population,thous pers,105200.0
Central America and Caribbean,2100,savings-rate,rate annual,0.260487
Central America and Caribbean,2100,fac-share-labor,share,0.540428
Central America and Caribbean,2100,fac-share-capital,share,0.403481
Central America and Caribbean,2100,fac-share-energy,share,0.0560911
Central America and Caribbean,2100,energy-service,million 1990$,410566.0
Central America and Caribbean,2100,total-factor-productivity,million 1990$,2.59558
Central Asia,1975,GDP,million 1990$,58837.0
Central Asia,1975,energy-investment,million 1990$,2279.7
Central Asia,1975,consumer-durable,million 1990$,0.141933
Central Asia,1975,value-added,million 1990$,34072.9
Central Asia,1975,gross-output,million 1990$,58839.1
Central Asia,1975,savings,million 1990$,4056.93
Central Asia,1975,investment,million 1990$,10213.0
Central Asia,1975,capital-stock,million 1990$,96737.0
Central Asia,1975,depreciation,million 1990$,3807.28
Central Asia,1975,energy-service-value,million 1990$,24766.2
Central Asia,1975,energy-net-export,million 1990$,-2.129
Central Asia,1975,materials-net-export,million 1990$,-6153.94
Central Asia,1975,capital-net-export,million 1990$,6156.07
Central Asia,1975,labor-wages,million 1990$,23706.5
Central Asia,1975,gdp-per-capita,thous 1990$ percap,1.13966
Central Asia,1975,gdp-per-capita-ppp,thous 1990$ percap,2.73158
Central Asia,1975,labor-force,thous pers,22623.8
Central Asia,1975,population,thous pers,51627.0
Central Asia,1975,savings-rate,rate annual,0.068952
Central Asia,1975,fac-share-labor,share,0.402904
Central Asia,1975,fac-share-capital,share,0.176182
Central Asia,1975,fac-share-energy,share,0.420913
Central Asia,1975,energy-service,million 1990$,2.129
Central Asia,1975,total-factor-productivity,million 1990$,0.0
Central Asia,1990,GDP,million 1990$,237499.0
Central Asia,1990,energy-investment,million 1990$,8285.69
Central Asia,1990,consumer-durable,million 1990$,11228.8
Central Asia,1990,value-added,million 1990$,136778.0
Central Asia,1990,gross-output,million 1990$,235049.0
Central Asia,1990,savings,million 1990$,4057.07
Central Asia,1990,investment,million 1990$,28741.5
Central Asia,1990,capital-stock,million 1990$,394927.0
Central Asia,1990,depreciation,million 1990$,3807.28
Central Asia,1990,energy-service-value,million 1990$,98271.3
Central Asia,1990,energy-net-export,million 1990$,2449.76
Central Asia,1990,materials-net-export,million 1990$,-27134.2
Central Asia,1990,capital-net-export,million 1990$,24684.5
Central Asia,1990,labor-wages,million 1990$,95716.5
Central Asia,1990,gdp-per-capita,thous 1990$ percap,3.41647
Central Asia,1990,gdp-per-capita-ppp,thous 1990$ percap,8.18875
Central Asia,1990,labor-force,thous pers,30293.8
Central Asia,1990,population,thous pers,69516.0
Central Asia,1990,savings-rate,rate annual,0.061645
Central Asia,1990,fac-share-labor,share,0.407219
Central Asia,1990,fac-share-capital,share,0.174693
Central Asia,1990,fac-share-energy,share,0.418088
Central Asia,1990,energy-service,million 1990$,139088.0
Central Asia,1990,total-factor-productivity,million 1990$,0.0
Central Asia,2005,GDP,million 1990$,130109.0
Central Asia,2005,energy-investment,million 1990$,2211.21
Central Asia,2005,consumer-durable,million 1990$,7551.37
Central Asia,2005,value-added,million 1990$,53612.4
Central Asia,2005,gross-output,million 1990$,111409.0
Central Asia,2005,savings,million 1990$,25869.5
Central Asia,2005,investment,million 1990$,16241.9
Central Asia,2005,capital-stock,million 1990$,240560.0
Central Asia,2005,depreciation,million 1990$,15406.9
Central Asia,2005,energy-service-value,million 1990$,57796.5
Central Asia,2005,energy-net-export,million 1990$,18700.1
Central Asia,2005,materials-net-export,million 1990$,-9072.56
Central Asia,2005,capital-net-export,million 1990$,-9627.57
Central Asia,2005,labor-wages,million 1990$,38679.4
Central Asia,2005,gdp-per-capita,thous 1990$ percap,1.67965
Central Asia,2005,gdp-per-capita-ppp,thous 1990$ percap,4.02587
Central Asia,2005,labor-force,thous pers,31758.3
Central Asia,2005,population,thous pers,77462.0
Central Asia,2005,savings-rate,rate annual,0.136811
Central Asia,2005,fac-share-labor,share,0.347184
Central Asia,2005,fac-share-capital,share,0.134038
Central Asia,2005,fac-share-energy,share,0.518778
Central Asia,2005,energy-service,million 1990$,97690.5
Central Asia,2005,total-factor-productivity,million 1990$,0.0
Central Asia,2010,GDP,million 1990$,194997.0
Central Asia,2010,energy-investment,million 1990$,7219.9
Central Asia,2010,consumer-durable,million 1990$,15083.4
Central Asia,2010,value-added,million 1990$,75026.9
Central Asia,2010,gross-output,million 1990$,143429.0
Central Asia,2010,savings,million 1990$,25351.7
Central Asia,2010,investment,million 1990$,10572.5
Central Asia,2010,capital-stock,million 1990$,294618.0
Central Asia,2010,depreciation,million 1990$,7664.74
Central Asia,2010,energy-service-value,million 1990$,68401.8
Central Asia,2010,energy-net-export,million 1990$,51568.3
Central Asia,2010,materials-net-export,million 1990$,-36789.1
Central Asia,2010,capital-net-export,million 1990$,-14779.2
Central Asia,2010,labor-wages,million 1990$,51406.1
Central Asia,2010,gdp-per-capita,thous 1990$ percap,2.36825
Central Asia,2010,gdp-per-capita-ppp,thous 1990$ percap,5.67634
Central Asia,2010,labor-force,thous pers,35174.3
Central Asia,2010,population,thous pers,82338.0
Central Asia,2010,savings-rate,rate annual,0.200613
Central Asia,2010,fac-share-labor,share,0.358409
Central Asia,2010,fac-share-capital,share,0.164687
Central Asia,2010,fac-share-energy,share,0.476905
Central Asia,2010,energy-service,million 1990$,138905.0
Central Asia,2010,total-factor-productivity,million 1990$,0.0
Central Asia,2015,GDP,million 1990$,250947.0
Central Asia,2015,energy-investment,million 1990$,9161.09
Central Asia,2015,consumer-durable,million 1990$,16753.7
Central Asia,2015,value-added,million 1990$,105398.0
Central Asia,2015,gross-output,million 1990$,193280.0
Central Asia,2015,savings,million 1990$,54202.3
Central Asia,2015,investment,million 1990$,47028.3
Central Asia,2015,capital-stock,million 1990$,383844.0
Central Asia,2015,depreciation,million 1990$,10826.3
Central Asia,2015,energy-service-value,million 1990$,87882.1
Central Asia,2015,energy-net-export,million 1990$,57667.1
Central Asia,2015,materials-net-export,million 1990$,-50493.2
Central Asia,2015,capital-net-export,million 1990$,-7173.95
Central Asia,2015,labor-wages,million 1990$,65291.9
Central Asia,2015,gdp-per-capita,thous 1990$ percap,2.83655
Central Asia,2015,gdp-per-capita-ppp,thous 1990$ percap,6.79879
Central Asia,2015,labor-force,thous pers,38951.2
Central Asia,2015,population,thous pers,88469.0
Central Asia,2015,savings-rate,rate annual,0.166822
Central Asia,2015,fac-share-labor,share,0.33781
Central Asia,2015,fac-share-capital,share,0.207501
Central Asia,2015,fac-share-energy,share,0.454688
Central Asia,2015,energy-service,million 1990$,150985.0
Central Asia,2015,total-factor-productivity,million 1990$,0.0
Central Asia,2021,GDP,million 1990$,299662.0
Central Asia,2021,energy-investment,million 1990$,10399.1
Central Asia,2021,consumer-durable,million 1990$,24279.5
Central Asia,2021,value-added,million 1990$,127031.0
Central Asia,2021,gross-output,million 1990$,264798.0
Central Asia,2021,savings,million 1990$,58617.2
Central Asia,2021,investment,million 1990$,49268.6
Central Asia,2021,capital-stock,million 1990$,469212.0
Central Asia,2021,depreciation,million 1990$,16190.6
Central Asia,2021,energy-service-value,million 1990$,137767.0
Central Asia,2021,energy-net-export,million 1990$,34864.2
Central Asia,2021,materials-net-export,million 1990$,-25515.6
Central Asia,2021,capital-net-export,million 1990$,-9348.6
Central Asia,2021,labor-wages,million 1990$,72780.9
Central Asia,2021,gdp-per-capita,thous 1990$ percap,3.118
Central Asia,2021,gdp-per-capita-ppp,thous 1990$ percap,7.47339
Central Asia,2021,labor-force,thous pers,42228.7
Central Asia,2021,population,thous pers,96107.0
Central Asia,2021,savings-rate,rate annual,0.168943
Central Asia,2021,fac-share-labor,share,0.274855
Central Asia,2021,fac-share-capital,share,0.204873
Central Asia,2021,fac-share-energy,share,0.520273
Central Asia,2021,energy-service,million 1990$,188241.0
Central Asia,2021,total-factor-productivity,million 1990$,0.0
Central Asia,2025,GDP,million 1990$,358206.0
Central Asia,2025,energy-investment,million 1990$,57548.4
Central Asia,2025,consumer-durable,million 1990$,16641.1
Central Asia,2025,value-added,million 1990$,152856.0
Central Asia,2025,gross-output,million 1990$,325477.0
Central Asia,2025,savings,million 1990$,74905.3
Central Asia,2025,investment,million 1990$,68227.7
Central Asia,2025,capital-stock,million 1990$,518347.0
Central Asia,2025,depreciation,million 1990$,20433.2
Central Asia,2025,energy-service-value,million 1990$,172621.0
Central Asia,2025,energy-net-export,million 1990$,32729.3
Central Asia,2025,materials-net-export,million 1990$,-26051.8
Central Asia,2025,capital-net-export,million 1990$,-6677.57
Central Asia,2025,labor-wages,million 1990$,88282.1
Central Asia,2025,gdp-per-capita,thous 1990$ percap,3.54803
Central Asia,2025,gdp-per-capita-ppp,thous 1990$ percap,8.50411
Central Asia,2025,labor-force,thous pers,43806.3
Central Asia,2025,population,thous pers,100959.0
Central Asia,2025,savings-rate,rate annual,0.18176
Central Asia,2025,fac-share-labor,share,0.271239
Central Asia,2025,fac-share-capital,share,0.198398
Central Asia,2025,fac-share-energy,share,0.530363
Central Asia,2025,energy-service,million 1990$,217469.0
Central Asia,2025,total-factor-productivity,million 1990$,1.10562
Central Asia,2030,GDP,million 1990$,429294.0
Central Asia,2030,energy-investment,million 1990$,43287.0
Central Asia,2030,consumer-durable,million 1990$,24304.7
Central Asia,2030,value-added,million 1990$,179120.0
Central Asia,2030,gross-output,million 1990$,394814.0
Central Asia,2030,savings,million 1990$,94130.6
Central Asia,2030,investment,million 1990$,90791.8
Central Asia,2030,capital-stock,million 1990$,490983.0
Central Asia,2030,depreciation,million 1990$,22573.0
Central Asia,2030,energy-service-value,million 1990$,215694.0
Central Asia,2030,energy-net-export,million 1990$,34479.7
Central Asia,2030,materials-net-export,million 1990$,-31141.0
Central Asia,2030,capital-net-export,million 1990$,-3338.79
Central Asia,2030,labor-wages,million 1990$,101994.0
Central Asia,2030,gdp-per-capita,thous 1990$ percap,4.03525
Central Asia,2030,gdp-per-capita-ppp,thous 1990$ percap,9.67189
Central Asia,2030,labor-force,thous pers,46357.8
Central Asia,2030,population,thous pers,106386.0
Central Asia,2030,savings-rate,rate annual,0.19311
Central Asia,2030,fac-share-labor,share,0.258334
Central Asia,2030,fac-share-capital,share,0.195348
Central Asia,2030,fac-share-energy,share,0.546318
Central Asia,2030,energy-service,million 1990$,249585.0
Central Asia,2030,total-factor-productivity,million 1990$,1.23995
Central Asia,2035,GDP,million 1990$,509900.0
Central Asia,2035,energy-investment,million 1990$,53431.0
Central Asia,2035,consumer-durable,million 1990$,33384.8
Central Asia,2035,value-added,million 1990$,216478.0
Central Asia,2035,gross-output,million 1990$,475130.0
Central Asia,2035,savings,million 1990$,117684.0
Central Asia,2035,investment,million 1990$,117684.0
Central Asia,2035,capital-stock,million 1990$,622566.0
Central Asia,2035,depreciation,million 1990$,21381.3
Central Asia,2035,energy-service-value,million 1990$,258652.0
Central Asia,2035,energy-net-export,million 1990$,34769.9
Central Asia,2035,materials-net-export,million 1990$,-34769.9
Central Asia,2035,capital-net-export,million 1990$,0.0
Central Asia,2035,labor-wages,million 1990$,126067.0
Central Asia,2035,gdp-per-capita,thous 1990$ percap,4.58008
Central Asia,2035,gdp-per-capita-ppp,thous 1990$ percap,10.9778
Central Asia,2035,labor-force,thous pers,49267.3
Central Asia,2035,population,thous pers,111330.0
Central Asia,2035,savings-rate,rate annual,0.202905
Central Asia,2035,fac-share-labor,share,0.265331
Central Asia,2035,fac-share-capital,share,0.190287
Central Asia,2035,fac-share-energy,share,0.544382
Central Asia,2035,energy-service,million 1990$,281445.0
Central Asia,2035,total-factor-productivity,million 1990$,1.31391
Central Asia,2040,GDP,million 1990$,590587.0
Central Asia,2040,energy-investment,million 1990$,67423.8
Central Asia,2040,consumer-durable,million 1990$,33709.8
Central Asia,2040,value-added,million 1990$,254081.0
Central Asia,2040,gross-output,million 1990$,555432.0
Central Asia,2040,savings,million 1990$,144775.0
Central Asia,2040,investment,million 1990$,144775.0
Central Asia,2040,capital-stock,million 1990$,763944.0
Central Asia,2040,depreciation,million 1990$,27111.5
Central Asia,2040,energy-service-value,million 1990$,301351.0
Central Asia,2040,energy-net-export,million 1990$,35154.9
Central Asia,2040,materials-net-export,million 1990$,-35154.9
Central Asia,2040,capital-net-export,million 1990$,0.0
Central Asia,2040,labor-wages,million 1990$,150760.0
Central Asia,2040,gdp-per-capita,thous 1990$ percap,5.08855
Central Asia,2040,gdp-per-capita-ppp,thous 1990$ percap,12.1965
Central Asia,2040,labor-force,thous pers,51963.7
Central Asia,2040,population,thous pers,116062.0
Central Asia,2040,savings-rate,rate annual,0.208181
Central Asia,2040,fac-share-labor,share,0.271429
Central Asia,2040,fac-share-capital,share,0.186019
Central Asia,2040,fac-share-energy,share,0.542552
Central Asia,2040,energy-service,million 1990$,311329.0
Central Asia,2040,total-factor-productivity,million 1990$,1.37922
Central Asia,2045,GDP,million 1990$,670182.0
Central Asia,2045,energy-investment,million 1990$,64416.8
Central Asia,2045,consumer-durable,million 1990$,37133.2
Central Asia,2045,value-added,million 1990$,289459.0
Central Asia,2045,gross-output,million 1990$,631294.0
Central Asia,2045,savings,million 1990$,170800.0
Central Asia,2045,investment,million 1990$,170800.0
Central Asia,2045,capital-stock,million 1990$,930761.0
Central Asia,2045,depreciation,million 1990$,33268.3
Central Asia,2045,energy-service-value,million 1990$,341835.0
Central Asia,2045,energy-net-export,million 1990$,38887.5
Central Asia,2045,materials-net-export,million 1990$,-38887.5
Central Asia,2045,capital-net-export,million 1990$,0.0
Central Asia,2045,labor-wages,million 1990$,175110.0
Central Asia,2045,gdp-per-capita,thous 1990$ percap,5.56135
Central Asia,2045,gdp-per-capita-ppp,thous 1990$ percap,13.3297
Central Asia,2045,labor-force,thous pers,53894.0
Central Asia,2045,population,thous pers,120507.0
Central Asia,2045,savings-rate,rate annual,0.210276
Central Asia,2045,fac-share-labor,share,0.277383
Central Asia,2045,fac-share-capital,share,0.181134
Central Asia,2045,fac-share-energy,share,0.541483
Central Asia,2045,energy-service,million 1990$,341470.0
Central Asia,2045,total-factor-productivity,million 1990$,1.4236
Central Asia,2050,GDP,million 1990$,751473.0
Central Asia,2050,energy-investment,million 1990$,68887.3
Central Asia,2050,consumer-durable,million 1990$,36187.3
Central Asia,2050,value-added,million 1990$,327758.0
Central Asia,2050,gross-output,million 1990$,710243.0
Central Asia,2050,savings,million 1990$,195223.0
Central Asia,2050,investment,million 1990$,195223.0
Central Asia,2050,capital-stock,million 1990$,1174310.0
Central Asia,2050,depreciation,million 1990$,40532.8
Central Asia,2050,energy-service-value,million 1990$,382485.0
Central Asia,2050,energy-net-export,million 1990$,41230.3
Central Asia,2050,materials-net-export,million 1990$,-41230.3
Central Asia,2050,capital-net-export,million 1990$,0.0
Central Asia,2050,labor-wages,million 1990$,203151.0
Central Asia,2050,gdp-per-capita,thous 1990$ percap,6.04102
Central Asia,2050,gdp-per-capita-ppp,thous 1990$ percap,14.4794
Central Asia,2050,labor-force,thous pers,55186.8
Central Asia,2050,population,thous pers,124395.0
Central Asia,2050,savings-rate,rate annual,0.211183
Central Asia,2050,fac-share-labor,share,0.28603
Central Asia,2050,fac-share-capital,share,0.175443
Central Asia,2050,fac-share-energy,share,0.538527
Central Asia,2050,energy-service,million 1990$,370209.0
Central Asia,2050,total-factor-productivity,million 1990$,1.46121
Central Asia,2055,GDP,million 1990$,838738.0
Central Asia,2055,energy-investment,million 1990$,70439.0
Central Asia,2055,consumer-durable,million 1990$,45172.2
Central Asia,2055,value-added,million 1990$,368568.0
Central Asia,2055,gross-output,million 1990$,794426.0
Central Asia,2055,savings,million 1990$,219585.0
Central Asia,2055,investment,million 1990$,219585.0
Central Asia,2055,capital-stock,million 1990$,1464740.0
Central Asia,2055,depreciation,million 1990$,51138.8
Central Asia,2055,energy-service-value,million 1990$,425858.0
Central Asia,2055,energy-net-export,million 1990$,44312.5
Central Asia,2055,materials-net-export,million 1990$,-44312.5
Central Asia,2055,capital-net-export,million 1990$,0.0
Central Asia,2055,labor-wages,million 1990$,233831.0
Central Asia,2055,gdp-per-capita,thous 1990$ percap,6.58087
Central Asia,2055,gdp-per-capita-ppp,thous 1990$ percap,15.7733
Central Asia,2055,labor-force,thous pers,55891.0
Central Asia,2055,population,thous pers,127451.0
Central Asia,2055,savings-rate,rate annual,0.212442
Central Asia,2055,fac-share-labor,share,0.29434
Central Asia,2055,fac-share-capital,share,0.169603
Central Asia,2055,fac-share-energy,share,0.536057
Central Asia,2055,energy-service,million 1990$,397244.0
Central Asia,2055,total-factor-productivity,million 1990$,1.50924
Central Asia,2060,GDP,million 1990$,935510.0
Central Asia,2060,energy-investment,million 1990$,71707.9
Central Asia,2060,consumer-durable,million 1990$,49825.6
Central Asia,2060,value-added,million 1990$,415391.0
Central Asia,2060,gross-output,million 1990$,892733.0
Central Asia,2060,savings,million 1990$,246140.0
Central Asia,2060,investment,million 1990$,246140.0
Central Asia,2060,capital-stock,million 1990$,1770630.0
Central Asia,2060,depreciation,million 1990$,63786.7
Central Asia,2060,energy-service-value,million 1990$,477342.0
Central Asia,2060,energy-net-export,million 1990$,42777.0
Central Asia,2060,materials-net-export,million 1990$,-42777.0
Central Asia,2060,capital-net-export,million 1990$,0.0
Central Asia,2060,labor-wages,million 1990$,268571.0
Central Asia,2060,gdp-per-capita,thous 1990$ percap,7.21633
Central Asia,2060,gdp-per-capita-ppp,thous 1990$ percap,17.2964
Central Asia,2060,labor-force,thous pers,56691.9
Central Asia,2060,population,thous pers,129638.0
Central Asia,2060,savings-rate,rate annual,0.214604
Central Asia,2060,fac-share-labor,share,0.300841
Central Asia,2060,fac-share-capital,share,0.164461
Central Asia,2060,fac-share-energy,share,0.534698
Central Asia,2060,energy-service,million 1990$,424500.0
Central Asia,2060,total-factor-productivity,million 1990$,1.57906
Central Asia,2065,GDP,million 1990$,1043020.0
Central Asia,2065,energy-investment,million 1990$,75037.4
Central Asia,2065,consumer-durable,million 1990$,54104.5
Central Asia,2065,value-added,million 1990$,469487.0
Central Asia,2065,gross-output,million 1990$,1003870.0
Central Asia,2065,savings,million 1990$,276562.0
Central Asia,2065,investment,million 1990$,276562.0
Central Asia,2065,capital-stock,million 1990$,2127750.0
Central Asia,2065,depreciation,million 1990$,77107.3
Central Asia,2065,energy-service-value,million 1990$,534382.0
Central Asia,2065,energy-net-export,million 1990$,39152.2
Central Asia,2065,materials-net-export,million 1990$,-39152.2
Central Asia,2065,capital-net-export,million 1990$,0.0
Central Asia,2065,labor-wages,million 1990$,308722.0
Central Asia,2065,gdp-per-capita,thous 1990$ percap,7.95052
Central Asia,2065,gdp-per-capita-ppp,thous 1990$ percap,19.0562
Central Asia,2065,labor-force,thous pers,57937.8
Central Asia,2065,population,thous pers,131189.0
Central Asia,2065,savings-rate,rate annual,0.21728
Central Asia,2065,fac-share-labor,share,0.307532
Central Asia,2065,fac-share-capital,share,0.160145
Central Asia,2065,fac-share-energy,share,0.532323
Central Asia,2065,energy-service,million 1990$,450305.0
Central Asia,2065,total-factor-productivity,million 1990$,1.65905
Central Asia,2070,GDP,million 1990$,1158460.0
Central Asia,2070,energy-investment,million 1990$,76903.7
Central Asia,2070,consumer-durable,million 1990$,60085.6
Central Asia,2070,value-added,million 1990$,526495.0
Central Asia,2070,gross-output,million 1990$,1119550.0
Central Asia,2070,savings,million 1990$,311137.0
Central Asia,2070,investment,million 1990$,311137.0
Central Asia,2070,capital-stock,million 1990$,2537180.0
Central Asia,2070,depreciation,million 1990$,92659.1
Central Asia,2070,energy-service-value,million 1990$,593058.0
Central Asia,2070,energy-net-export,million 1990$,38902.7
Central Asia,2070,materials-net-export,million 1990$,-38902.7
Central Asia,2070,capital-net-export,million 1990$,0.0
Central Asia,2070,labor-wages,million 1990$,351753.0
Central Asia,2070,gdp-per-capita,thous 1990$ percap,8.75463
Central Asia,2070,gdp-per-capita-ppp,thous 1990$ percap,20.9835
Central Asia,2070,labor-force,thous pers,59045.1
Central Asia,2070,population,thous pers,132325.0
Central Asia,2070,savings-rate,rate annual,0.219582
Central Asia,2070,fac-share-labor,share,0.314191
Central Asia,2070,fac-share-capital,share,0.156082
Central Asia,2070,fac-share-energy,share,0.529727
Central Asia,2070,energy-service,million 1990$,473886.0
Central Asia,2070,total-factor-productivity,million 1990$,1.74106
Central Asia,2075,GDP,million 1990$,1279480.0
Central Asia,2075,energy-investment,million 1990$,74657.0
Central Asia,2075,consumer-durable,million 1990$,64776.8
Central Asia,2075,value-added,million 1990$,584948.0
Central Asia,2075,gross-output,million 1990$,1240760.0
Central Asia,2075,savings,million 1990$,348237.0
Central Asia,2075,investment,million 1990$,348237.0
Central Asia,2075,capital-stock,million 1990$,2998960.0
Central Asia,2075,depreciation,million 1990$,110489.0
Central Asia,2075,energy-service-value,million 1990$,655810.0
Central Asia,2075,energy-net-export,million 1990$,38717.1
Central Asia,2075,materials-net-export,million 1990$,-38717.1
Central Asia,2075,capital-net-export,million 1990$,0.0
Central Asia,2075,labor-wages,million 1990$,397194.0
Central Asia,2075,gdp-per-capita,thous 1990$ percap,9.61166
Central Asia,2075,gdp-per-capita-ppp,thous 1990$ percap,23.0377
Central Asia,2075,labor-force,thous pers,59141.6
Central Asia,2075,population,thous pers,133117.0
Central Asia,2075,savings-rate,rate annual,0.221167
Central Asia,2075,fac-share-labor,share,0.320122
Central Asia,2075,fac-share-capital,share,0.151322
Central Asia,2075,fac-share-energy,share,0.528556
Central Asia,2075,energy-service,million 1990$,496332.0
Central Asia,2075,total-factor-productivity,million 1990$,1.83415
Central Asia,2080,GDP,million 1990$,1406850.0
Central Asia,2080,energy-investment,million 1990$,76380.1
Central Asia,2080,consumer-durable,million 1990$,70365.9
Central Asia,2080,value-added,million 1990$,645325.0
Central Asia,2080,gross-output,million 1990$,1368820.0
Central Asia,2080,savings,million 1990$,386644.0
Central Asia,2080,investment,million 1990$,386644.0
Central Asia,2080,capital-stock,million 1990$,3533400.0
Central Asia,2080,depreciation,million 1990$,130599.0
Central Asia,2080,energy-service-value,million 1990$,723499.0
Central Asia,2080,energy-net-export,million 1990$,38022.1
Central Asia,2080,materials-net-export,million 1990$,-38022.1
Central Asia,2080,capital-net-export,million 1990$,0.0
Central Asia,2080,labor-wages,million 1990$,445678.0
Central Asia,2080,gdp-per-capita,thous 1990$ percap,10.5319
Central Asia,2080,gdp-per-capita-ppp,thous 1990$ percap,25.2433
Central Asia,2080,labor-force,thous pers,58250.9
Central Asia,2080,population,thous pers,133580.0
Central Asia,2080,savings-rate,rate annual,0.22227
Central Asia,2080,fac-share-labor,share,0.325592
Central Asia,2080,fac-share-capital,share,0.145853
Central Asia,2080,fac-share-energy,share,0.528555
Central Asia,2080,energy-service,million 1990$,517251.0
Central Asia,2080,total-factor-productivity,million 1990$,1.94162
Central Asia,2085,GDP,million 1990$,1543070.0
Central Asia,2085,energy-investment,million 1990$,77983.6
Central Asia,2085,consumer-durable,million 1990$,75597.1
Central Asia,2085,value-added,million 1990$,709200.0
Central Asia,2085,gross-output,million 1990$,1507100.0
Central Asia,2085,savings,million 1990$,426687.0
Central Asia,2085,investment,million 1990$,426687.0
Central Asia,2085,capital-stock,million 1990$,4111180.0
Central Asia,2085,depreciation,million 1990$,153873.0
Central Asia,2085,energy-service-value,million 1990$,797895.0
Central Asia,2085,energy-net-export,million 1990$,35971.4
Central Asia,2085,materials-net-export,million 1990$,-35971.4
Central Asia,2085,capital-net-export,million 1990$,0.0
Central Asia,2085,labor-wages,million 1990$,497611.0
Central Asia,2085,gdp-per-capita,thous 1990$ percap,11.5354
Central Asia,2085,gdp-per-capita-ppp,thous 1990$ percap,27.6486
Central Asia,2085,labor-force,thous pers,56965.6
Central Asia,2085,population,thous pers,133768.0
Central Asia,2085,savings-rate,rate annual,0.223189
Central Asia,2085,fac-share-labor,share,0.330179
Central Asia,2085,fac-share-capital,share,0.140395
Central Asia,2085,fac-share-energy,share,0.529426
Central Asia,2085,energy-service,million 1990$,537002.0
Central Asia,2085,total-factor-productivity,million 1990$,2.06592
Central Asia,2090,GDP,million 1990$,1689970.0
Central Asia,2090,energy-investment,million 1990$,78997.0
Central Asia,2090,consumer-durable,million 1990$,80952.4
Central Asia,2090,value-added,million 1990$,777857.0
Central Asia,2090,gross-output,million 1990$,1657450.0
Central Asia,2090,savings,million 1990$,469419.0
Central Asia,2090,investment,million 1990$,469419.0
Central Asia,2090,capital-stock,million 1990$,4738170.0
Central Asia,2090,depreciation,million 1990$,179034.0
Central Asia,2090,energy-service-value,million 1990$,879597.0
Central Asia,2090,energy-net-export,million 1990$,32514.5
Central Asia,2090,materials-net-export,million 1990$,-32514.5
Central Asia,2090,capital-net-export,million 1990$,0.0
Central Asia,2090,labor-wages,million 1990$,553821.0
Central Asia,2090,gdp-per-capita,thous 1990$ percap,12.6379
Central Asia,2090,gdp-per-capita-ppp,thous 1990$ percap,30.2912
Central Asia,2090,labor-force,thous pers,55600.1
Central Asia,2090,population,thous pers,133722.0
Central Asia,2090,savings-rate,rate annual,0.224051
Central Asia,2090,fac-share-labor,share,0.334139
Central Asia,2090,fac-share-capital,share,0.135169
Central Asia,2090,fac-share-energy,share,0.530692
Central Asia,2090,energy-service,million 1990$,555923.0
Central Asia,2090,total-factor-productivity,million 1990$,2.20521
Central Asia,2095,GDP,million 1990$,1847230.0
Central Asia,2095,energy-investment,million 1990$,81354.7
Central Asia,2095,consumer-durable,million 1990$,86236.0
Central Asia,2095,value-added,million 1990$,851772.0
Central Asia,2095,gross-output,million 1990$,1819140.0
Central Asia,2095,savings,million 1990$,515566.0
Central Asia,2095,investment,million 1990$,515566.0
Central Asia,2095,capital-stock,million 1990$,5422330.0
Central Asia,2095,depreciation,million 1990$,206338.0
Central Asia,2095,energy-service-value,million 1990$,967367.0
Central Asia,2095,energy-net-export,million 1990$,28095.4
Central Asia,2095,materials-net-export,million 1990$,-28095.4
Central Asia,2095,capital-net-export,million 1990$,0.0
Central Asia,2095,labor-wages,million 1990$,614543.0
Central Asia,2095,gdp-per-capita,thous 1990$ percap,13.8397
Central Asia,2095,gdp-per-capita-ppp,thous 1990$ percap,33.1716
Central Asia,2095,labor-force,thous pers,54434.4
Central Asia,2095,population,thous pers,133474.0
Central Asia,2095,savings-rate,rate annual,0.22475
Central Asia,2095,fac-share-labor,share,0.337821
Central Asia,2095,fac-share-capital,share,0.130407
Central Asia,2095,fac-share-energy,share,0.531772
Central Asia,2095,energy-service,million 1990$,573823.0
Central Asia,2095,total-factor-productivity,million 1990$,2.35438
Central Asia,2100,GDP,million 1990$,2012960.0
Central Asia,2100,energy-investment,million 1990$,83111.7
Central Asia,2100,consumer-durable,million 1990$,90821.5
Central Asia,2100,value-added,million 1990$,928446.0
Central Asia,2100,gross-output,million 1990$,1988080.0
Central Asia,2100,savings,million 1990$,564834.0
Central Asia,2100,investment,million 1990$,564834.0
Central Asia,2100,capital-stock,million 1990$,6160710.0
Central Asia,2100,depreciation,million 1990$,236131.0
Central Asia,2100,energy-service-value,million 1990$,1059640.0
Central Asia,2100,energy-net-export,million 1990$,24881.1
Central Asia,2100,materials-net-export,million 1990$,-24881.1
Central Asia,2100,capital-net-export,million 1990$,0.0
Central Asia,2100,labor-wages,million 1990$,678249.0
Central Asia,2100,gdp-per-capita,thous 1990$ percap,15.1425
Central Asia,2100,gdp-per-capita-ppp,thous 1990$ percap,36.2942
Central Asia,2100,labor-force,thous pers,53158.8
Central Asia,2100,population,thous pers,132935.0
Central Asia,2100,savings-rate,rate annual,0.225236
Central Asia,2100,fac-share-labor,share,0.341157
Central Asia,2100,fac-share-capital,share,0.125848
Central Asia,2100,fac-share-energy,share,0.532994
Central Asia,2100,energy-service,million 1990$,589870.0
Central Asia,2100,total-factor-productivity,million 1990$,2.51455
China,1975,GDP,million 1990$,212339.0
China,1975,energy-investment,million 1990$,5192.36
China,1975,consumer-durable,million 1990$,0.141933
China,1975,value-added,million 1990$,166333.0
China,1975,gross-output,million 1990$,212341.0
China,1975,savings,million 1990$,37495.2
China,1975,investment,million 1990$,38373.1
China,1975,capital-stock,million 1990$,407064.0
China,1975,depreciation,million 1990$,12654.0
China,1975,energy-service-value,million 1990$,46008.1
China,1975,energy-net-export,million 1990$,-2.129
China,1975,materials-net-export,million 1990$,-875.735
China,1975,capital-net-export,million 1990$,877.864
China,1975,labor-wages,million 1990$,124555.0
China,1975,gdp-per-capita,thous 1990$ percap,0.230848
China,1975,gdp-per-capita-ppp,thous 1990$ percap,0.350882
China,1975,labor-force,thous pers,416811.0
China,1975,population,thous pers,919823.0
China,1975,savings-rate,rate annual,0.176582
China,1975,fac-share-labor,share,0.586579
China,1975,fac-share-capital,share,0.19675
China,1975,fac-share-energy,share,0.216671
China,1975,energy-service,million 1990$,2.129
China,1975,total-factor-productivity,million 1990$,0.0
China,1990,GDP,million 1990$,706741.0
China,1990,energy-investment,million 1990$,22519.9
China,1990,consumer-durable,million 1990$,3332.61
China,1990,value-added,million 1990$,568863.0
China,1990,gross-output,million 1990$,702884.0
China,1990,savings,million 1990$,37495.4
China,1990,investment,million 1990$,30459.9
China,1990,capital-stock,million 1990$,1668070.0
China,1990,depreciation,million 1990$,12654.0
China,1990,energy-service-value,million 1990$,134021.0
China,1990,energy-net-export,million 1990$,3857.32
China,1990,materials-net-export,million 1990$,3178.18
China,1990,capital-net-export,million 1990$,-7035.5
China,1990,labor-wages,million 1990$,413961.0
China,1990,gdp-per-capita,thous 1990$ percap,0.609316
China,1990,gdp-per-capita-ppp,thous 1990$ percap,0.926142
China,1990,labor-force,thous pers,650431.0
China,1990,population,thous pers,1159890.0
China,1990,savings-rate,rate annual,0.245722
China,1990,fac-share-labor,share,0.588947
China,1990,fac-share-capital,share,0.22038
China,1990,fac-share-energy,share,0.190673
China,1990,energy-service,million 1990$,275527.0
China,1990,total-factor-productivity,million 1990$,0.0
China,2005,GDP,million 1990$,2842710.0
China,2005,energy-investment,million 1990$,148902.0
China,2005,consumer-durable,million 1990$,15334.9
China,2005,value-added,million 1990$,2411420.0
China,2005,gross-output,million 1990$,2871960.0
China,2005,savings,million 1990$,176994.0
China,2005,investment,million 1990$,103807.0
China,2005,capital-stock,million 1990$,8499090.0
China,2005,depreciation,million 1990$,61686.9
China,2005,energy-service-value,million 1990$,460535.0
China,2005,energy-net-export,million 1990$,-29246.1
China,2005,materials-net-export,million 1990$,102434.0
China,2005,capital-net-export,million 1990$,-73187.8
China,2005,labor-wages,million 1990$,1606640.0
China,2005,gdp-per-capita,thous 1990$ percap,2.16618
China,2005,gdp-per-capita-ppp,thous 1990$ percap,3.29253
China,2005,labor-force,thous pers,752072.0
China,2005,population,thous pers,1312310.0
China,2005,savings-rate,rate annual,0.411017
China,2005,fac-share-labor,share,0.559423
China,2005,fac-share-capital,share,0.280221
China,2005,fac-share-energy,share,0.160356
China,2005,energy-service,million 1990$,1050540.0
China,2005,total-factor-productivity,million 1990$,0.0
China,2010,GDP,million 1990$,4790840.0
China,2010,energy-investment,million 1990$,229592.0
China,2010,consumer-durable,million 1990$,38882.2
China,2010,value-added,million 1990$,4109640.0
China,2010,gross-output,million 1990$,4895410.0
China,2010,savings,million 1990$,1183740.0
China,2010,investment,million 1990$,1112020.0
China,2010,capital-stock,million 1990$,15648900.0
China,2010,depreciation,million 1990$,421529.0
China,2010,energy-service-value,million 1990$,785771.0
China,2010,energy-net-export,million 1990$,-104566.0
China,2010,materials-net-export,million 1990$,176284.0
China,2010,capital-net-export,million 1990$,-71718.0
China,2010,labor-wages,million 1990$,2619560.0
China,2010,gdp-per-capita,thous 1990$ percap,3.53338
China,2010,gdp-per-capita-ppp,thous 1990$ percap,5.37063
China,2010,labor-force,thous pers,773192.0
China,2010,population,thous pers,1355880.0
China,2010,savings-rate,rate annual,0.480838
China,2010,fac-share-labor,share,0.535105
China,2010,fac-share-capital,share,0.304383
China,2010,fac-share-energy,share,0.160512
China,2010,energy-service,million 1990$,1860820.0
China,2010,total-factor-productivity,million 1990$,0.0
China,2015,GDP,million 1990$,6956990.0
China,2015,energy-investment,million 1990$,325293.0
China,2015,consumer-durable,million 1990$,60048.8
China,2015,value-added,million 1990$,6240390.0
China,2015,gross-output,million 1990$,7140640.0
China,2015,savings,million 1990$,2342500.0
China,2015,investment,million 1990$,2308600.0
China,2015,capital-stock,million 1990$,28631800.0
China,2015,depreciation,million 1990$,816387.0
China,2015,energy-service-value,million 1990$,900251.0
China,2015,energy-net-export,million 1990$,-183654.0
China,2015,materials-net-export,million 1990$,217556.0
China,2015,capital-net-export,million 1990$,-33901.9
China,2015,labor-wages,million 1990$,4041200.0
China,2015,gdp-per-capita,thous 1990$ percap,4.96314
China,2015,gdp-per-capita-ppp,thous 1990$ percap,7.54382
China,2015,labor-force,thous pers,794168.0
China,2015,population,thous pers,1401730.0
China,2015,savings-rate,rate annual,0.506334
China,2015,fac-share-labor,share,0.565943
China,2015,fac-share-capital,share,0.307983
China,2015,fac-share-energy,share,0.126074
China,2015,energy-service,million 1990$,2604380.0
China,2015,total-factor-productivity,million 1990$,0.0
China,2021,GDP,million 1990$,9622220.0
China,2021,energy-investment,million 1990$,464747.0
China,2021,consumer-durable,million 1990$,56685.2
China,2021,value-added,million 1990$,9038150.0
China,2021,gross-output,million 1990$,9779380.0
China,2021,savings,million 1990$,3582610.0
China,2021,investment,million 1990$,3554460.0
China,2021,capital-stock,million 1990$,43547600.0
China,2021,depreciation,million 1990$,1549120.0
China,2021,energy-service-value,million 1990$,741233.0
China,2021,energy-net-export,million 1990$,-157163.0
China,2021,materials-net-export,million 1990$,185311.0
China,2021,capital-net-export,million 1990$,-28147.6
China,2021,labor-wages,million 1990$,5590200.0
China,2021,gdp-per-capita,thous 1990$ percap,6.7097
China,2021,gdp-per-capita-ppp,thous 1990$ percap,10.1986
China,2021,labor-force,thous pers,805240.0
China,2021,population,thous pers,1434080.0
China,2021,savings-rate,rate annual,0.520942
China,2021,fac-share-labor,share,0.571631
China,2021,fac-share-capital,share,0.352573
China,2021,fac-share-energy,share,0.0757955
China,2021,energy-service,million 1990$,3134310.0
China,2021,total-factor-productivity,million 1990$,0.0
China,2025,GDP,million 1990$,11669100.0
China,2025,energy-investment,million 1990$,1113390.0
China,2025,consumer-durable,million 1990$,38375.8
China,2025,value-added,million 1990$,10940900.0
China,2025,gross-output,million 1990$,11878700.0
China,2025,savings,million 1990$,5069300.0
China,2025,investment,million 1990$,5049200.0
China,2025,capital-stock,million 1990$,51724800.0
China,2025,depreciation,million 1990$,2313160.0
China,2025,energy-service-value,million 1990$,937768.0
China,2025,energy-net-export,million 1990$,-209571.0
China,2025,materials-net-export,million 1990$,229676.0
China,2025,capital-net-export,million 1990$,-20105.4
China,2025,labor-wages,million 1990$,6902320.0
China,2025,gdp-per-capita,thous 1990$ percap,8.126
China,2025,gdp-per-capita-ppp,thous 1990$ percap,12.3513
China,2025,labor-force,thous pers,802304.0
China,2025,population,thous pers,1436020.0
China,2025,savings-rate,rate annual,0.506398
China,2025,fac-share-labor,share,0.581067
China,2025,fac-share-capital,share,0.339988
China,2025,fac-share-energy,share,0.0789453
China,2025,energy-service,million 1990$,3643590.0
China,2025,total-factor-productivity,million 1990$,1.13354
China,2030,GDP,million 1990$,14010900.0
China,2030,energy-investment,million 1990$,721175.0
China,2030,consumer-durable,million 1990$,51853.3
China,2030,value-added,million 1990$,13095300.0
China,2030,gross-output,million 1990$,14230600.0
China,2030,savings,million 1990$,5977970.0
China,2030,investment,million 1990$,5967920.0
China,2030,capital-stock,million 1990$,61026000.0
China,2030,depreciation,million 1990$,2747520.0
China,2030,energy-service-value,million 1990$,1135320.0
China,2030,energy-net-export,million 1990$,-219708.0
China,2030,materials-net-export,million 1990$,229761.0
China,2030,capital-net-export,million 1990$,-10052.7
China,2030,labor-wages,million 1990$,8420830.0
China,2030,gdp-per-capita,thous 1990$ percap,9.82565
China,2030,gdp-per-capita-ppp,thous 1990$ percap,14.9347
China,2030,labor-force,thous pers,794268.0
China,2030,population,thous pers,1425960.0
China,2030,savings-rate,rate annual,0.493144
China,2030,fac-share-labor,share,0.591739
China,2030,fac-share-capital,share,0.328481
China,2030,fac-share-energy,share,0.0797799
China,2030,energy-service,million 1990$,3933130.0
China,2030,total-factor-productivity,million 1990$,1.28475
China,2035,GDP,million 1990$,16132700.0
China,2035,energy-investment,million 1990$,794113.0
China,2035,consumer-durable,million 1990$,57935.9
China,2035,value-added,million 1990$,15056900.0
China,2035,gross-output,million 1990$,16364800.0
China,2035,savings,million 1990$,6991950.0
China,2035,investment,million 1990$,6991950.0
China,2035,capital-stock,million 1990$,74413000.0
China,2035,depreciation,million 1990$,3241580.0
China,2035,energy-service-value,million 1990$,1307950.0
China,2035,energy-net-export,million 1990$,-232092.0
China,2035,materials-net-export,million 1990$,232092.0
China,2035,capital-net-export,million 1990$,0.0
China,2035,labor-wages,million 1990$,9926420.0
China,2035,gdp-per-capita,thous 1990$ percap,11.4536
China,2035,gdp-per-capita-ppp,thous 1990$ percap,17.4092
China,2035,labor-force,thous pers,763323.0
China,2035,population,thous pers,1408520.0
China,2035,savings-rate,rate annual,0.475043
China,2035,fac-share-labor,share,0.606571
China,2035,fac-share-capital,share,0.313505
China,2035,fac-share-energy,share,0.0799245
China,2035,energy-service,million 1990$,4123390.0
China,2035,total-factor-productivity,million 1990$,1.41436
China,2040,GDP,million 1990$,17828400.0
China,2040,energy-investment,million 1990$,1132870.0
China,2040,consumer-durable,million 1990$,54320.2
China,2040,value-added,million 1990$,16614000.0
China,2040,gross-output,million 1990$,18066000.0
China,2040,savings,million 1990$,7758780.0
China,2040,investment,million 1990$,7758780.0
China,2040,capital-stock,million 1990$,87695400.0
China,2040,depreciation,million 1990$,3952670.0
China,2040,energy-service-value,million 1990$,1451940.0
China,2040,energy-net-export,million 1990$,-237596.0
China,2040,materials-net-export,million 1990$,237596.0
China,2040,capital-net-export,million 1990$,0.0
China,2040,labor-wages,million 1990$,11211800.0
China,2040,gdp-per-capita,thous 1990$ percap,12.8694
China,2040,gdp-per-capita-ppp,thous 1990$ percap,19.5611
China,2040,labor-force,thous pers,712007.0
China,2040,population,thous pers,1385330.0
China,2040,savings-rate,rate annual,0.452818
China,2040,fac-share-labor,share,0.620603
China,2040,fac-share-capital,share,0.299027
China,2040,fac-share-energy,share,0.080369
China,2040,energy-service,million 1990$,4208000.0
China,2040,total-factor-productivity,million 1990$,1.54706
China,2045,GDP,million 1990$,19446300.0
China,2045,energy-investment,million 1990$,1130320.0
China,2045,consumer-durable,million 1990$,56345.9
China,2045,value-added,million 1990$,18091900.0
China,2045,gross-output,million 1990$,19685200.0
China,2045,savings,million 1990$,8178030.0
China,2045,investment,million 1990$,8178030.0
China,2045,capital-stock,million 1990$,98183600.0
China,2045,depreciation,million 1990$,4658200.0
China,2045,energy-service-value,million 1990$,1593370.0
China,2045,energy-net-export,million 1990$,-238903.0
China,2045,materials-net-export,million 1990$,238903.0
China,2045,capital-net-export,million 1990$,0.0
China,2045,labor-wages,million 1990$,12404000.0
China,2045,gdp-per-capita,thous 1990$ percap,14.3526
China,2045,gdp-per-capita-ppp,thous 1990$ percap,21.8155
China,2045,labor-force,thous pers,675838.0
China,2045,population,thous pers,1354900.0
China,2045,savings-rate,rate annual,0.431782
China,2045,fac-share-labor,share,0.630118
China,2045,fac-share-capital,share,0.28894
China,2045,fac-share-energy,share,0.0809424
China,2045,energy-service,million 1990$,4276400.0
China,2045,total-factor-productivity,million 1990$,1.68251
China,2050,GDP,million 1990$,20953600.0
China,2050,energy-investment,million 1990$,1077370.0
China,2050,consumer-durable,million 1990$,48103.0
China,2050,value-added,million 1990$,19458900.0
China,2050,gross-output,million 1990$,21193500.0
China,2050,savings,million 1990$,8511130.0
China,2050,investment,million 1990$,8511130.0
China,2050,capital-stock,million 1990$,107667000.0
China,2050,depreciation,million 1990$,5215320.0
China,2050,energy-service-value,million 1990$,1734580.0
China,2050,energy-net-export,million 1990$,-239923.0
China,2050,materials-net-export,million 1990$,239923.0
China,2050,capital-net-export,million 1990$,0.0
China,2050,labor-wages,million 1990$,13539500.0
China,2050,gdp-per-capita,thous 1990$ percap,15.9276
China,2050,gdp-per-capita-ppp,thous 1990$ percap,24.2094
China,2050,labor-force,thous pers,632183.0
China,2050,population,thous pers,1315550.0
China,2050,savings-rate,rate annual,0.412216
China,2050,fac-share-labor,share,0.638853
China,2050,fac-share-capital,share,0.279302
China,2050,fac-share-energy,share,0.0818451
China,2050,energy-service,million 1990$,4304470.0
China,2050,total-factor-productivity,million 1990$,1.83998
China,2055,GDP,million 1990$,22259700.0
China,2055,energy-investment,million 1990$,928862.0
China,2055,consumer-durable,million 1990$,52013.8
China,2055,value-added,million 1990$,20634400.0
China,2055,gross-output,million 1990$,22503600.0
China,2055,savings,million 1990$,8760830.0
China,2055,investment,million 1990$,8760830.0
China,2055,capital-stock,million 1990$,116283000.0
China,2055,depreciation,million 1990$,5719050.0
China,2055,energy-service-value,million 1990$,1869230.0
China,2055,energy-net-export,million 1990$,-243982.0
China,2055,materials-net-export,million 1990$,243982.0
China,2055,capital-net-export,million 1990$,0.0
China,2055,labor-wages,million 1990$,14574400.0
China,2055,gdp-per-capita,thous 1990$ percap,17.5683
China,2055,gdp-per-capita-ppp,thous 1990$ percap,26.7033
China,2055,labor-force,thous pers,577627.0
China,2055,population,thous pers,1267040.0
China,2055,savings-rate,rate annual,0.393787
China,2055,fac-share-labor,share,0.647646
China,2055,fac-share-capital,share,0.269291
China,2055,fac-share-energy,share,0.0830632
China,2055,energy-service,million 1990$,4269920.0
China,2055,total-factor-productivity,million 1990$,2.02859
China,2060,GDP,million 1990$,23518200.0
China,2060,energy-investment,million 1990$,965513.0
China,2060,consumer-durable,million 1990$,49922.6
China,2060,value-added,million 1990$,21762500.0
China,2060,gross-output,million 1990$,23756500.0
China,2060,savings,million 1990$,8896700.0
China,2060,investment,million 1990$,8896700.0
China,2060,capital-stock,million 1990$,124103000.0
China,2060,depreciation,million 1990$,6176730.0
China,2060,energy-service-value,million 1990$,1993980.0
China,2060,energy-net-export,million 1990$,-238260.0
China,2060,materials-net-export,million 1990$,238260.0
China,2060,capital-net-export,million 1990$,0.0
China,2060,labor-wages,million 1990$,15558100.0
China,2060,gdp-per-capita,thous 1990$ percap,19.3958
China,2060,gdp-per-capita-ppp,thous 1990$ percap,29.481
China,2060,labor-force,thous pers,536327.0
China,2060,population,thous pers,1212540.0
China,2060,savings-rate,rate annual,0.377489
China,2060,fac-share-labor,share,0.654901
China,2060,fac-share-capital,share,0.261165
China,2060,fac-share-energy,share,0.083934
China,2060,energy-service,million 1990$,4222670.0
China,2060,total-factor-productivity,million 1990$,2.21113
China,2065,GDP,million 1990$,24710300.0
China,2065,energy-investment,million 1990$,987803.0
China,2065,consumer-durable,million 1990$,47793.6
China,2065,value-added,million 1990$,22841200.0
China,2065,gross-output,million 1990$,24942900.0
China,2065,savings,million 1990$,9016420.0
China,2065,investment,million 1990$,9016420.0
China,2065,capital-stock,million 1990$,130437000.0
China,2065,depreciation,million 1990$,6592090.0
China,2065,energy-service-value,million 1990$,2101650.0
China,2065,energy-net-export,million 1990$,-232576.0
China,2065,materials-net-export,million 1990$,232576.0
China,2065,capital-net-export,million 1990$,0.0
China,2065,labor-wages,million 1990$,16473600.0
China,2065,gdp-per-capita,thous 1990$ percap,21.377
China,2065,gdp-per-capita-ppp,thous 1990$ percap,32.4924
China,2065,labor-force,thous pers,508010.0
China,2065,population,thous pers,1155930.0
China,2065,savings-rate,rate annual,0.362677
China,2065,fac-share-labor,share,0.660454
China,2065,fac-share-capital,share,0.255287
China,2065,fac-share-energy,share,0.0842586
China,2065,energy-service,million 1990$,4153630.0
China,2065,total-factor-productivity,million 1990$,2.37843
China,2070,GDP,million 1990$,25668700.0
China,2070,energy-investment,million 1990$,981419.0
China,2070,consumer-durable,million 1990$,48788.8
China,2070,value-added,million 1990$,23701700.0
China,2070,gross-output,million 1990$,25894300.0
China,2070,savings,million 1990$,9107410.0
China,2070,investment,million 1990$,9107410.0
China,2070,capital-stock,million 1990$,135578000.0
China,2070,depreciation,million 1990$,6928580.0
China,2070,energy-service-value,million 1990$,2192620.0
China,2070,energy-net-export,million 1990$,-225654.0
China,2070,materials-net-export,million 1990$,225654.0
China,2070,capital-net-export,million 1990$,0.0
China,2070,labor-wages,million 1990$,17234200.0
China,2070,gdp-per-capita,thous 1990$ percap,23.321
China,2070,gdp-per-capita-ppp,thous 1990$ percap,35.4471
China,2070,labor-force,thous pers,478467.0
China,2070,population,thous pers,1100670.0
China,2070,savings-rate,rate annual,0.347842
China,2070,fac-share-labor,share,0.66556
China,2070,fac-share-capital,share,0.249765
China,2070,fac-share-energy,share,0.0846757
China,2070,energy-service,million 1990$,4063490.0
China,2070,total-factor-productivity,million 1990$,2.54898
China,2075,GDP,million 1990$,26381000.0
China,2075,energy-investment,million 1990$,905326.0
China,2075,consumer-durable,million 1990$,46342.3
China,2075,value-added,million 1990$,24321400.0
China,2075,gross-output,million 1990$,26599400.0
China,2075,savings,million 1990$,9079850.0
China,2075,investment,million 1990$,9079850.0
China,2075,capital-stock,million 1990$,139391000.0
China,2075,depreciation,million 1990$,7201620.0
China,2075,energy-service-value,million 1990$,2278020.0
China,2075,energy-net-export,million 1990$,-218465.0
China,2075,materials-net-export,million 1990$,218465.0
China,2075,capital-net-export,million 1990$,0.0
China,2075,labor-wages,million 1990$,17837600.0
China,2075,gdp-per-capita,thous 1990$ percap,25.1838
China,2075,gdp-per-capita-ppp,thous 1990$ percap,38.2786
China,2075,labor-force,thous pers,442323.0
China,2075,population,thous pers,1047540.0
China,2075,savings-rate,rate annual,0.333009
China,2075,fac-share-labor,share,0.6706
China,2075,fac-share-capital,share,0.243758
China,2075,fac-share-energy,share,0.0856418
China,2075,energy-service,million 1990$,3962850.0
China,2075,total-factor-productivity,million 1990$,2.7465
China,2080,GDP,million 1990$,26902700.0
China,2080,energy-investment,million 1990$,886236.0
China,2080,consumer-durable,million 1990$,45397.4
China,2080,value-added,million 1990$,24746700.0
China,2080,gross-output,million 1990$,27112200.0
China,2080,savings,million 1990$,8940500.0
China,2080,investment,million 1990$,8940500.0
China,2080,capital-stock,million 1990$,142020000.0
China,2080,depreciation,million 1990$,7404160.0
China,2080,energy-service-value,million 1990$,2365470.0
China,2080,energy-net-export,million 1990$,-209540.0
China,2080,materials-net-export,million 1990$,209540.0
China,2080,capital-net-export,million 1990$,0.0
China,2080,labor-wages,million 1990$,18321100.0
China,2080,gdp-per-capita,thous 1990$ percap,27.0304
China,2080,gdp-per-capita-ppp,thous 1990$ percap,41.0854
China,2080,labor-force,thous pers,400017.0
China,2080,population,thous pers,995274.0
China,2080,savings-rate,rate annual,0.318829
China,2080,fac-share-labor,share,0.675751
China,2080,fac-share-capital,share,0.237001
China,2080,fac-share-energy,share,0.0872475
China,2080,energy-service,million 1990$,3851500.0
China,2080,total-factor-productivity,million 1990$,2.9894
China,2085,GDP,million 1990$,27284800.0
China,2085,energy-investment,million 1990$,883581.0
China,2085,consumer-durable,million 1990$,43565.3
China,2085,value-added,million 1990$,25041700.0
China,2085,gross-output,million 1990$,27483100.0
China,2085,savings,million 1990$,8735830.0
China,2085,investment,million 1990$,8735830.0
China,2085,capital-stock,million 1990$,143190000.0
China,2085,depreciation,million 1990$,7543800.0
China,2085,energy-service-value,million 1990$,2441420.0
China,2085,energy-net-export,million 1990$,-198269.0
China,2085,materials-net-export,million 1990$,198269.0
China,2085,capital-net-export,million 1990$,0.0
China,2085,labor-wages,million 1990$,18692600.0
China,2085,gdp-per-capita,thous 1990$ percap,28.9031
China,2085,gdp-per-capita-ppp,thous 1990$ percap,43.9318
China,2085,labor-force,thous pers,362431.0
China,2085,population,thous pers,944011.0
China,2085,savings-rate,rate annual,0.305592
China,2085,fac-share-labor,share,0.68015
China,2085,fac-share-capital,share,0.231016
China,2085,fac-share-energy,share,0.0888334
China,2085,energy-service,million 1990$,3731180.0
China,2085,total-factor-productivity,million 1990$,3.24278
China,2090,GDP,million 1990$,27592700.0
China,2090,energy-investment,million 1990$,889973.0
China,2090,consumer-durable,million 1990$,42073.1
China,2090,value-added,million 1990$,25305600.0
China,2090,gross-output,million 1990$,27781700.0
China,2090,savings,million 1990$,8498760.0
China,2090,investment,million 1990$,8498760.0
China,2090,capital-stock,million 1990$,143036000.0
China,2090,depreciation,million 1990$,7605990.0
China,2090,energy-service-value,million 1990$,2476100.0
China,2090,energy-net-export,million 1990$,-188933.0
China,2090,materials-net-export,million 1990$,188933.0
China,2090,capital-net-export,million 1990$,0.0
China,2090,labor-wages,million 1990$,18961100.0
China,2090,gdp-per-capita,thous 1990$ percap,30.8099
China,2090,gdp-per-capita-ppp,thous 1990$ percap,46.8302
China,2090,labor-force,thous pers,344411.0
China,2090,population,thous pers,895579.0
China,2090,savings-rate,rate annual,0.293304
China,2090,fac-share-labor,share,0.682503
China,2090,fac-share-capital,share,0.22837
China,2090,fac-share-energy,share,0.089127
China,2090,energy-service,million 1990$,3616670.0
China,2090,total-factor-productivity,million 1990$,3.40418
China,2095,GDP,million 1990$,27842200.0
China,2095,energy-investment,million 1990$,869445.0
China,2095,consumer-durable,million 1990$,40876.0
China,2095,value-added,million 1990$,25522600.0
China,2095,gross-output,million 1990$,28022900.0
China,2095,savings,million 1990$,8255600.0
China,2095,investment,million 1990$,8255600.0
China,2095,capital-stock,million 1990$,141803000.0
China,2095,depreciation,million 1990$,7597780.0
China,2095,energy-service-value,million 1990$,2500360.0
China,2095,energy-net-export,million 1990$,-180710.0
China,2095,materials-net-export,million 1990$,180710.0
China,2095,capital-net-export,million 1990$,0.0
China,2095,labor-wages,million 1990$,19170100.0
China,2095,gdp-per-capita,thous 1990$ percap,32.7282
China,2095,gdp-per-capita-ppp,thous 1990$ percap,49.7459
China,2095,labor-force,thous pers,330574.0
China,2095,population,thous pers,850710.0
China,2095,savings-rate,rate annual,0.281804
China,2095,fac-share-labor,share,0.684086
China,2095,fac-share-capital,share,0.226689
China,2095,fac-share-energy,share,0.0892256
China,2095,energy-service,million 1990$,3508030.0
China,2095,total-factor-productivity,million 1990$,3.54791
China,2100,GDP,million 1990$,27981900.0
China,2100,energy-investment,million 1990$,830226.0
China,2100,consumer-durable,million 1990$,39109.6
China,2100,value-added,million 1990$,25636900.0
China,2100,gross-output,million 1990$,28156100.0
China,2100,savings,million 1990$,8010060.0
China,2100,investment,million 1990$,8010060.0
China,2100,capital-stock,million 1990$,139858000.0
China,2100,depreciation,million 1990$,7532290.0
China,2100,energy-service-value,million 1990$,2519150.0
China,2100,energy-net-export,million 1990$,-174215.0
China,2100,materials-net-export,million 1990$,174215.0
China,2100,capital-net-export,million 1990$,0.0
China,2100,labor-wages,million 1990$,19301900.0
China,2100,gdp-per-capita,thous 1990$ percap,34.6358
China,2100,gdp-per-capita-ppp,thous 1990$ percap,52.6454
China,2100,labor-force,thous pers,315766.0
China,2100,population,thous pers,807888.0
China,2100,savings-rate,rate annual,0.270969
China,2100,fac-share-labor,share,0.685532
China,2100,fac-share-capital,share,0.224997
China,2100,fac-share-energy,share,0.0894708
China,2100,energy-service,million 1990$,3398030.0
China,2100,total-factor-productivity,million 1990$,3.70042
EU-12,1975,GDP,million 1990$,322570.0
EU-12,1975,energy-investment,million 1990$,7959.8
EU-12,1975,consumer-durable,million 1990$,0.141933
EU-12,1975,value-added,million 1990$,292026.0
EU-12,1975,gross-output,million 1990$,322572.0
EU-12,1975,savings,million 1990$,70074.1
EU-12,1975,investment,million 1990$,78520.6
EU-12,1975,capital-stock,million 1990$,950456.0
EU-12,1975,depreciation,million 1990$,31444.0
EU-12,1975,energy-service-value,million 1990$,30546.1
EU-12,1975,energy-net-export,million 1990$,-2.129
EU-12,1975,materials-net-export,million 1990$,-8444.33
EU-12,1975,capital-net-export,million 1990$,8446.46
EU-12,1975,labor-wages,million 1990$,184219.0
EU-12,1975,gdp-per-capita,thous 1990$ percap,3.24916
EU-12,1975,gdp-per-capita-ppp,thous 1990$ percap,6.43015
EU-12,1975,labor-force,thous pers,51233.1
EU-12,1975,population,thous pers,99278.0
EU-12,1975,savings-rate,rate annual,0.217237
EU-12,1975,fac-share-labor,share,0.571095
EU-12,1975,fac-share-capital,share,0.334209
EU-12,1975,fac-share-energy,share,0.0946954
EU-12,1975,energy-service,million 1990$,2.129
EU-12,1975,total-factor-productivity,million 1990$,0.0
EU-12,1990,GDP,million 1990$,472153.0
EU-12,1990,energy-investment,million 1990$,10332.7
EU-12,1990,consumer-durable,million 1990$,22197.6
EU-12,1990,value-added,million 1990$,415615.0
EU-12,1990,gross-output,million 1990$,486727.0
EU-12,1990,savings,million 1990$,70074.3
EU-12,1990,investment,million 1990$,74016.8
EU-12,1990,capital-stock,million 1990$,1641040.0
EU-12,1990,depreciation,million 1990$,31444.0
EU-12,1990,energy-service-value,million 1990$,71111.4
EU-12,1990,energy-net-export,million 1990$,-14573.6
EU-12,1990,materials-net-export,million 1990$,10631.1
EU-12,1990,capital-net-export,million 1990$,3942.51
EU-12,1990,labor-wages,million 1990$,267640.0
EU-12,1990,gdp-per-capita,thous 1990$ percap,4.4212
EU-12,1990,gdp-per-capita-ppp,thous 1990$ percap,8.74964
EU-12,1990,labor-force,thous pers,53186.9
EU-12,1990,population,thous pers,106793.0
EU-12,1990,savings-rate,rate annual,0.200754
EU-12,1990,fac-share-labor,share,0.549877
EU-12,1990,fac-share-capital,share,0.304022
EU-12,1990,fac-share-energy,share,0.146101
EU-12,1990,energy-service,million 1990$,236270.0
EU-12,1990,total-factor-productivity,million 1990$,0.0
EU-12,2005,GDP,million 1990$,591133.0
EU-12,2005,energy-investment,million 1990$,12903.4
EU-12,2005,consumer-durable,million 1990$,32646.6
EU-12,2005,value-added,million 1990$,496095.0
EU-12,2005,gross-output,million 1990$,608189.0
EU-12,2005,savings,million 1990$,116984.0
EU-12,2005,investment,million 1990$,135206.0
EU-12,2005,capital-stock,million 1990$,2024790.0
EU-12,2005,depreciation,million 1990$,55604.9
EU-12,2005,energy-service-value,million 1990$,112094.0
EU-12,2005,energy-net-export,million 1990$,-17055.8
EU-12,2005,materials-net-export,million 1990$,-1166.45
EU-12,2005,capital-net-export,million 1990$,18222.3
EU-12,2005,labor-wages,million 1990$,331388.0
EU-12,2005,gdp-per-capita,thous 1990$ percap,5.70443
EU-12,2005,gdp-per-capita-ppp,thous 1990$ percap,11.2892
EU-12,2005,labor-force,thous pers,42259.4
EU-12,2005,population,thous pers,103627.0
EU-12,2005,savings-rate,rate annual,0.189021
EU-12,2005,fac-share-labor,share,0.544876
EU-12,2005,fac-share-capital,share,0.270816
EU-12,2005,fac-share-energy,share,0.184307
EU-12,2005,energy-service,million 1990$,265277.0
EU-12,2005,total-factor-productivity,million 1990$,0.0
EU-12,2010,GDP,million 1990$,685869.0
EU-12,2010,energy-investment,million 1990$,13831.4
EU-12,2010,consumer-durable,million 1990$,56974.4
EU-12,2010,value-added,million 1990$,580941.0
EU-12,2010,gross-output,million 1990$,719376.0
EU-12,2010,savings,million 1990$,144383.0
EU-12,2010,investment,million 1990$,158514.0
EU-12,2010,capital-stock,million 1990$,2378470.0
EU-12,2010,depreciation,million 1990$,80556.3
EU-12,2010,energy-service-value,million 1990$,138436.0
EU-12,2010,energy-net-export,million 1990$,-33507.3
EU-12,2010,materials-net-export,million 1990$,19376.2
EU-12,2010,capital-net-export,million 1990$,14131.1
EU-12,2010,labor-wages,million 1990$,375801.0
EU-12,2010,gdp-per-capita,thous 1990$ percap,6.68808
EU-12,2010,gdp-per-capita-ppp,thous 1990$ percap,13.2358
EU-12,2010,labor-force,thous pers,43046.7
EU-12,2010,population,thous pers,102551.0
EU-12,2010,savings-rate,rate annual,0.195452
EU-12,2010,fac-share-labor,share,0.522398
EU-12,2010,fac-share-capital,share,0.285164
EU-12,2010,fac-share-energy,share,0.192438
EU-12,2010,energy-service,million 1990$,320110.0
EU-12,2010,total-factor-productivity,million 1990$,0.0
EU-12,2015,GDP,million 1990$,776058.0
EU-12,2015,energy-investment,million 1990$,14929.6
EU-12,2015,consumer-durable,million 1990$,49716.0
EU-12,2015,value-added,million 1990$,681772.0
EU-12,2015,gross-output,million 1990$,811831.0
EU-12,2015,savings,million 1990$,191029.0
EU-12,2015,investment,million 1990$,194994.0
EU-12,2015,capital-stock,million 1990$,2650940.0
EU-12,2015,depreciation,million 1990$,106522.0
EU-12,2015,energy-service-value,million 1990$,130059.0
EU-12,2015,energy-net-export,million 1990$,-35772.9
EU-12,2015,materials-net-export,million 1990$,31807.9
EU-12,2015,capital-net-export,million 1990$,3965.02
EU-12,2015,labor-wages,million 1990$,411791.0
EU-12,2015,gdp-per-capita,thous 1990$ percap,7.64168
EU-12,2015,gdp-per-capita-ppp,thous 1990$ percap,15.123
EU-12,2015,labor-force,thous pers,43611.1
EU-12,2015,population,thous pers,101556.0
EU-12,2015,savings-rate,rate annual,0.213502
EU-12,2015,fac-share-labor,share,0.507238
EU-12,2015,fac-share-capital,share,0.332557
EU-12,2015,fac-share-energy,share,0.160205
EU-12,2015,energy-service,million 1990$,335329.0
EU-12,2015,total-factor-productivity,million 1990$,0.0
EU-12,2021,GDP,million 1990$,917730.0
EU-12,2021,energy-investment,million 1990$,16975.2
EU-12,2021,consumer-durable,million 1990$,81338.3
EU-12,2021,value-added,million 1990$,810462.0
EU-12,2021,gross-output,million 1990$,944018.0
EU-12,2021,savings,million 1990$,215406.0
EU-12,2021,investment,million 1990$,218185.0
EU-12,2021,capital-stock,million 1990$,3008970.0
EU-12,2021,depreciation,million 1990$,122935.0
EU-12,2021,energy-service-value,million 1990$,133557.0
EU-12,2021,energy-net-export,million 1990$,-26288.1
EU-12,2021,materials-net-export,million 1990$,23508.8
EU-12,2021,capital-net-export,million 1990$,2779.31
EU-12,2021,labor-wages,million 1990$,503510.0
EU-12,2021,gdp-per-capita,thous 1990$ percap,9.17088
EU-12,2021,gdp-per-capita-ppp,thous 1990$ percap,18.1494
EU-12,2021,labor-force,thous pers,44133.7
EU-12,2021,population,thous pers,100070.0
EU-12,2021,savings-rate,rate annual,0.206318
EU-12,2021,fac-share-labor,share,0.533369
EU-12,2021,fac-share-capital,share,0.325154
EU-12,2021,fac-share-energy,share,0.141477
EU-12,2021,energy-service,million 1990$,399832.0
EU-12,2021,total-factor-productivity,million 1990$,0.0
EU-12,2025,GDP,million 1990$,1040610.0
EU-12,2025,energy-investment,million 1990$,50778.1
EU-12,2025,consumer-durable,million 1990$,39283.9
EU-12,2025,value-added,million 1990$,914173.0
EU-12,2025,gross-output,million 1990$,1067990.0
EU-12,2025,savings,million 1990$,270683.0
EU-12,2025,investment,million 1990$,272668.0
EU-12,2025,capital-stock,million 1990$,3126130.0
EU-12,2025,depreciation,million 1990$,142893.0
EU-12,2025,energy-service-value,million 1990$,153821.0
EU-12,2025,energy-net-export,million 1990$,-27383.8
EU-12,2025,materials-net-export,million 1990$,25398.5
EU-12,2025,capital-net-export,million 1990$,1985.22
EU-12,2025,labor-wages,million 1990$,571572.0
EU-12,2025,gdp-per-capita,thous 1990$ percap,10.4273
EU-12,2025,gdp-per-capita-ppp,thous 1990$ percap,20.6358
EU-12,2025,labor-force,thous pers,43338.4
EU-12,2025,population,thous pers,99797.0
EU-12,2025,savings-rate,rate annual,0.214976
EU-12,2025,fac-share-labor,share,0.535183
EU-12,2025,fac-share-capital,share,0.320789
EU-12,2025,fac-share-energy,share,0.144028
EU-12,2025,energy-service,million 1990$,418133.0
EU-12,2025,total-factor-productivity,million 1990$,1.12118
EU-12,2030,GDP,million 1990$,1190900.0
EU-12,2030,energy-investment,million 1990$,51585.1
EU-12,2030,consumer-durable,million 1990$,58759.6
EU-12,2030,value-added,million 1990$,1040660.0
EU-12,2030,gross-output,million 1990$,1217970.0
EU-12,2030,savings,million 1990$,315935.0
EU-12,2030,investment,million 1990$,316928.0
EU-12,2030,capital-stock,million 1990$,3482670.0
EU-12,2030,depreciation,million 1990$,148457.0
EU-12,2030,energy-service-value,million 1990$,177314.0
EU-12,2030,energy-net-export,million 1990$,-27068.7
EU-12,2030,materials-net-export,million 1990$,26076.1
EU-12,2030,capital-net-export,million 1990$,992.612
EU-12,2030,labor-wages,million 1990$,660900.0
EU-12,2030,gdp-per-capita,thous 1990$ percap,12.2055
EU-12,2030,gdp-per-capita-ppp,thous 1990$ percap,24.155
EU-12,2030,labor-force,thous pers,41940.5
EU-12,2030,population,thous pers,97571.0
EU-12,2030,savings-rate,rate annual,0.227542
EU-12,2030,fac-share-labor,share,0.542623
EU-12,2030,fac-share-capital,share,0.311796
EU-12,2030,fac-share-energy,share,0.145581
EU-12,2030,energy-service,million 1990$,437099.0
EU-12,2030,total-factor-productivity,million 1990$,1.24966
EU-12,2035,GDP,million 1990$,1312810.0
EU-12,2035,energy-investment,million 1990$,52075.2
EU-12,2035,consumer-durable,million 1990$,77823.9
EU-12,2035,value-added,million 1990$,1142610.0
EU-12,2035,gross-output,million 1990$,1338180.0
EU-12,2035,savings,million 1990$,376531.0
EU-12,2035,investment,million 1990$,376531.0
EU-12,2035,capital-stock,million 1990$,3941010.0
EU-12,2035,depreciation,million 1990$,165388.0
EU-12,2035,energy-service-value,million 1990$,195565.0
EU-12,2035,energy-net-export,million 1990$,-25368.5
EU-12,2035,materials-net-export,million 1990$,25368.5
EU-12,2035,capital-net-export,million 1990$,0.0
EU-12,2035,labor-wages,million 1990$,738015.0
EU-12,2035,gdp-per-capita,thous 1990$ percap,13.7823
EU-12,2035,gdp-per-capita-ppp,thous 1990$ percap,27.2755
EU-12,2035,labor-force,thous pers,40576.6
EU-12,2035,population,thous pers,95253.0
EU-12,2035,savings-rate,rate annual,0.232787
EU-12,2035,fac-share-labor,share,0.551508
EU-12,2035,fac-share-capital,share,0.302349
EU-12,2035,fac-share-energy,share,0.146143
EU-12,2035,energy-service,million 1990$,451446.0
EU-12,2035,total-factor-productivity,million 1990$,1.33965
EU-12,2040,GDP,million 1990$,1413490.0
EU-12,2040,energy-investment,million 1990$,68154.2
EU-12,2040,consumer-durable,million 1990$,73287.1
EU-12,2040,value-added,million 1990$,1225490.0
EU-12,2040,gross-output,million 1990$,1435790.0
EU-12,2040,savings,million 1990$,421958.0
EU-12,2040,investment,million 1990$,421958.0
EU-12,2040,capital-stock,million 1990$,4418020.0
EU-12,2040,depreciation,million 1990$,187155.0
EU-12,2040,energy-service-value,million 1990$,210301.0
EU-12,2040,energy-net-export,million 1990$,-22293.5
EU-12,2040,materials-net-export,million 1990$,22293.5
EU-12,2040,capital-net-export,million 1990$,0.0
EU-12,2040,labor-wages,million 1990$,805042.0
EU-12,2040,gdp-per-capita,thous 1990$ percap,15.1974
EU-12,2040,gdp-per-capita-ppp,thous 1990$ percap,30.0759
EU-12,2040,labor-force,thous pers,38696.4
EU-12,2040,population,thous pers,93009.0
EU-12,2040,savings-rate,rate annual,0.233639
EU-12,2040,fac-share-labor,share,0.560698
EU-12,2040,fac-share-capital,share,0.292832
EU-12,2040,fac-share-energy,share,0.146471
EU-12,2040,energy-service,million 1990$,457887.0
EU-12,2040,total-factor-productivity,million 1990$,1.42351
EU-12,2045,GDP,million 1990$,1488490.0
EU-12,2045,energy-investment,million 1990$,57455.1
EU-12,2045,consumer-durable,million 1990$,78599.6
EU-12,2045,value-added,million 1990$,1285150.0
EU-12,2045,gross-output,million 1990$,1507260.0
EU-12,2045,savings,million 1990$,455525.0
EU-12,2045,investment,million 1990$,455525.0
EU-12,2045,capital-stock,million 1990$,4892180.0
EU-12,2045,depreciation,million 1990$,209807.0
EU-12,2045,energy-service-value,million 1990$,222109.0
EU-12,2045,energy-net-export,million 1990$,-18768.5
EU-12,2045,materials-net-export,million 1990$,18768.5
EU-12,2045,capital-net-export,million 1990$,0.0
EU-12,2045,labor-wages,million 1990$,858695.0
EU-12,2045,gdp-per-capita,thous 1990$ percap,16.3758
EU-12,2045,gdp-per-capita-ppp,thous 1990$ percap,32.408
EU-12,2045,labor-force,thous pers,36232.5
EU-12,2045,population,thous pers,90896.0
EU-12,2045,savings-rate,rate annual,0.230772
EU-12,2045,fac-share-labor,share,0.569706
EU-12,2045,fac-share-capital,share,0.282935
EU-12,2045,fac-share-energy,share,0.14736
EU-12,2045,energy-service,million 1990$,460181.0
EU-12,2045,total-factor-productivity,million 1990$,1.50502
EU-12,2050,GDP,million 1990$,1550690.0
EU-12,2050,energy-investment,million 1990$,62264.8
EU-12,2050,consumer-durable,million 1990$,63104.9
EU-12,2050,value-added,million 1990$,1334450.0
EU-12,2050,gross-output,million 1990$,1566690.0
EU-12,2050,savings,million 1990$,475427.0
EU-12,2050,investment,million 1990$,475427.0
EU-12,2050,capital-stock,million 1990$,5378940.0
EU-12,2050,depreciation,million 1990$,232325.0
EU-12,2050,energy-service-value,million 1990$,232248.0
EU-12,2050,energy-net-export,million 1990$,-16001.2
EU-12,2050,materials-net-export,million 1990$,16001.2
EU-12,2050,capital-net-export,million 1990$,0.0
EU-12,2050,labor-wages,million 1990$,905638.0
EU-12,2050,gdp-per-capita,thous 1990$ percap,17.4331
EU-12,2050,gdp-per-capita-ppp,thous 1990$ percap,34.5005
EU-12,2050,labor-force,thous pers,33978.1
EU-12,2050,population,thous pers,88951.0
EU-12,2050,savings-rate,rate annual,0.226341
EU-12,2050,fac-share-labor,share,0.578057
EU-12,2050,fac-share-capital,share,0.273702
EU-12,2050,fac-share-energy,share,0.148241
EU-12,2050,energy-service,million 1990$,460969.0
EU-12,2050,total-factor-productivity,million 1990$,1.58043
EU-12,2055,GDP,million 1990$,1605510.0
EU-12,2055,energy-investment,million 1990$,57766.9
EU-12,2055,consumer-durable,million 1990$,74299.2
EU-12,2055,value-added,million 1990$,1377990.0
EU-12,2055,gross-output,million 1990$,1619980.0
EU-12,2055,savings,million 1990$,488423.0
EU-12,2055,investment,million 1990$,488423.0
EU-12,2055,capital-stock,million 1990$,5868270.0
EU-12,2055,depreciation,million 1990$,255440.0
EU-12,2055,energy-service-value,million 1990$,241985.0
EU-12,2055,energy-net-export,million 1990$,-14463.2
EU-12,2055,materials-net-export,million 1990$,14463.2
EU-12,2055,capital-net-export,million 1990$,0.0
EU-12,2055,labor-wages,million 1990$,948323.0
EU-12,2055,gdp-per-capita,thous 1990$ percap,18.4512
EU-12,2055,gdp-per-capita-ppp,thous 1990$ percap,36.5153
EU-12,2055,labor-force,thous pers,32006.7
EU-12,2055,population,thous pers,87014.0
EU-12,2055,savings-rate,rate annual,0.221497
EU-12,2055,fac-share-labor,share,0.585393
EU-12,2055,fac-share-capital,share,0.265231
EU-12,2055,fac-share-energy,share,0.149376
EU-12,2055,energy-service,million 1990$,463109.0
EU-12,2055,total-factor-productivity,million 1990$,1.65163
EU-12,2060,GDP,million 1990$,1656610.0
EU-12,2060,energy-investment,million 1990$,58268.8
EU-12,2060,consumer-durable,million 1990$,74957.0
EU-12,2060,value-added,million 1990$,1418970.0
EU-12,2060,gross-output,million 1990$,1669650.0
EU-12,2060,savings,million 1990$,497913.0
EU-12,2060,investment,million 1990$,497913.0
EU-12,2060,capital-stock,million 1990$,6264640.0
EU-12,2060,depreciation,million 1990$,278678.0
EU-12,2060,energy-service-value,million 1990$,250680.0
EU-12,2060,energy-net-export,million 1990$,-13031.6
EU-12,2060,materials-net-export,million 1990$,13031.6
EU-12,2060,capital-net-export,million 1990$,0.0
EU-12,2060,labor-wages,million 1990$,986296.0
EU-12,2060,gdp-per-capita,thous 1990$ percap,19.4891
EU-12,2060,gdp-per-capita-ppp,thous 1990$ percap,38.5694
EU-12,2060,labor-force,thous pers,30681.1
EU-12,2060,population,thous pers,85002.0
EU-12,2060,savings-rate,rate annual,0.216866
EU-12,2060,fac-share-labor,share,0.590722
EU-12,2060,fac-share-capital,share,0.259139
EU-12,2060,fac-share-energy,share,0.150139
EU-12,2060,energy-service,million 1990$,464450.0
EU-12,2060,total-factor-productivity,million 1990$,1.71475
EU-12,2065,GDP,million 1990$,1704480.0
EU-12,2065,energy-investment,million 1990$,57965.8
EU-12,2065,consumer-durable,million 1990$,71974.2
EU-12,2065,value-added,million 1990$,1458840.0
EU-12,2065,gross-output,million 1990$,1716370.0
EU-12,2065,savings,million 1990$,506089.0
EU-12,2065,investment,million 1990$,506089.0
EU-12,2065,capital-stock,million 1990$,6607310.0
EU-12,2065,depreciation,million 1990$,297501.0
EU-12,2065,energy-service-value,million 1990$,257532.0
EU-12,2065,energy-net-export,million 1990$,-11899.1
EU-12,2065,materials-net-export,million 1990$,11899.1
EU-12,2065,capital-net-export,million 1990$,0.0
EU-12,2065,labor-wages,million 1990$,1020910.0
EU-12,2065,gdp-per-capita,thous 1990$ percap,20.5691
EU-12,2065,gdp-per-capita-ppp,thous 1990$ percap,40.7066
EU-12,2065,labor-force,thous pers,30029.2
EU-12,2065,population,thous pers,82866.0
EU-12,2065,savings-rate,rate annual,0.212612
EU-12,2065,fac-share-labor,share,0.594809
EU-12,2065,fac-share-capital,share,0.255147
EU-12,2065,fac-share-energy,share,0.150044
EU-12,2065,energy-service,million 1990$,464284.0
EU-12,2065,total-factor-productivity,million 1990$,1.76114
EU-12,2070,GDP,million 1990$,1745060.0
EU-12,2070,energy-investment,million 1990$,56364.9
EU-12,2070,consumer-durable,million 1990$,72832.6
EU-12,2070,value-added,million 1990$,1493300.0
EU-12,2070,gross-output,million 1990$,1756160.0
EU-12,2070,savings,million 1990$,513459.0
EU-12,2070,investment,million 1990$,513459.0
EU-12,2070,capital-stock,million 1990$,6924450.0
EU-12,2070,depreciation,million 1990$,313775.0
EU-12,2070,energy-service-value,million 1990$,262864.0
EU-12,2070,energy-net-export,million 1990$,-11099.1
EU-12,2070,materials-net-export,million 1990$,11099.1
EU-12,2070,capital-net-export,million 1990$,0.0
EU-12,2070,labor-wages,million 1990$,1051270.0
EU-12,2070,gdp-per-capita,thous 1990$ percap,21.6375
EU-12,2070,gdp-per-capita-ppp,thous 1990$ percap,42.821
EU-12,2070,labor-force,thous pers,29442.6
EU-12,2070,population,thous pers,80650.0
EU-12,2070,savings-rate,rate annual,0.208315
EU-12,2070,fac-share-labor,share,0.598618
EU-12,2070,fac-share-capital,share,0.2517
EU-12,2070,fac-share-energy,share,0.149681
EU-12,2070,energy-service,million 1990$,461705.0
EU-12,2070,total-factor-productivity,million 1990$,1.80327
EU-12,2075,GDP,million 1990$,1777580.0
EU-12,2075,energy-investment,million 1990$,54612.7
EU-12,2075,consumer-durable,million 1990$,70745.6
EU-12,2075,value-added,million 1990$,1519630.0
EU-12,2075,gross-output,million 1990$,1787840.0
EU-12,2075,savings,million 1990$,518188.0
EU-12,2075,investment,million 1990$,518188.0
EU-12,2075,capital-stock,million 1990$,7197980.0
EU-12,2075,depreciation,million 1990$,328835.0
EU-12,2075,energy-service-value,million 1990$,268213.0
EU-12,2075,energy-net-export,million 1990$,-10262.7
EU-12,2075,materials-net-export,million 1990$,10262.7
EU-12,2075,capital-net-export,million 1990$,0.0
EU-12,2075,labor-wages,million 1990$,1076780.0
EU-12,2075,gdp-per-capita,thous 1990$ percap,22.655
EU-12,2075,gdp-per-capita-ppp,thous 1990$ percap,44.8346
EU-12,2075,labor-force,thous pers,28430.0
EU-12,2075,population,thous pers,78463.0
EU-12,2075,savings-rate,rate annual,0.203772
EU-12,2075,fac-share-labor,share,0.60228
EU-12,2075,fac-share-capital,share,0.247699
EU-12,2075,fac-share-energy,share,0.150021
EU-12,2075,energy-service,million 1990$,458022.0
EU-12,2075,total-factor-productivity,million 1990$,1.85897
EU-12,2080,GDP,million 1990$,1803640.0
EU-12,2080,energy-investment,million 1990$,55636.3
EU-12,2080,consumer-durable,million 1990$,71454.2
EU-12,2080,value-added,million 1990$,1540410.0
EU-12,2080,gross-output,million 1990$,1813550.0
EU-12,2080,savings,million 1990$,519767.0
EU-12,2080,investment,million 1990$,519767.0
EU-12,2080,capital-stock,million 1990$,7437090.0
EU-12,2080,depreciation,million 1990$,341825.0
EU-12,2080,energy-service-value,million 1990$,273140.0
EU-12,2080,energy-net-export,million 1990$,-9903.13
EU-12,2080,materials-net-export,million 1990$,9903.13
EU-12,2080,capital-net-export,million 1990$,0.0
EU-12,2080,labor-wages,million 1990$,1098380.0
EU-12,2080,gdp-per-capita,thous 1990$ percap,23.6039
EU-12,2080,gdp-per-capita-ppp,thous 1990$ percap,46.7126
EU-12,2080,labor-force,thous pers,27323.8
EU-12,2080,population,thous pers,76413.0
EU-12,2080,savings-rate,rate annual,0.198977
EU-12,2080,fac-share-labor,share,0.605652
EU-12,2080,fac-share-capital,share,0.243737
EU-12,2080,fac-share-energy,share,0.150611
EU-12,2080,energy-service,million 1990$,453681.0
EU-12,2080,total-factor-productivity,million 1990$,1.91874
EU-12,2085,GDP,million 1990$,1826750.0
EU-12,2085,energy-investment,million 1990$,55609.4
EU-12,2085,consumer-durable,million 1990$,70752.7
EU-12,2085,value-added,million 1990$,1558550.0
EU-12,2085,gross-output,million 1990$,1837010.0
EU-12,2085,savings,million 1990$,518740.0
EU-12,2085,investment,million 1990$,518740.0
EU-12,2085,capital-stock,million 1990$,7612020.0
EU-12,2085,depreciation,million 1990$,353180.0
EU-12,2085,energy-service-value,million 1990$,278455.0
EU-12,2085,energy-net-export,million 1990$,-10257.2
EU-12,2085,materials-net-export,million 1990$,10257.2
EU-12,2085,capital-net-export,million 1990$,0.0
EU-12,2085,labor-wages,million 1990$,1117700.0
EU-12,2085,gdp-per-capita,thous 1990$ percap,24.4998
EU-12,2085,gdp-per-capita-ppp,thous 1990$ percap,48.4855
EU-12,2085,labor-force,thous pers,26154.0
EU-12,2085,population,thous pers,74562.0
EU-12,2085,savings-rate,rate annual,0.19413
EU-12,2085,fac-share-labor,share,0.608435
EU-12,2085,fac-share-capital,share,0.239984
EU-12,2085,fac-share-energy,share,0.151581
EU-12,2085,energy-service,million 1990$,449372.0
EU-12,2085,total-factor-productivity,million 1990$,1.98755
EU-12,2090,GDP,million 1990$,1850050.0
EU-12,2090,energy-investment,million 1990$,55450.1
EU-12,2090,consumer-durable,million 1990$,70095.0
EU-12,2090,value-added,million 1990$,1576940.0
EU-12,2090,gross-output,million 1990$,1860480.0
EU-12,2090,savings,million 1990$,516532.0
EU-12,2090,investment,million 1990$,516532.0
EU-12,2090,capital-stock,million 1990$,7742440.0
EU-12,2090,depreciation,million 1990$,361487.0
EU-12,2090,energy-service-value,million 1990$,283538.0
EU-12,2090,energy-net-export,million 1990$,-10423.6
EU-12,2090,materials-net-export,million 1990$,10423.6
EU-12,2090,capital-net-export,million 1990$,0.0
EU-12,2090,labor-wages,million 1990$,1135930.0
EU-12,2090,gdp-per-capita,thous 1990$ percap,25.3713
EU-12,2090,gdp-per-capita-ppp,thous 1990$ percap,50.2104
EU-12,2090,labor-force,thous pers,25234.4
EU-12,2090,population,thous pers,72919.0
EU-12,2090,savings-rate,rate annual,0.189462
EU-12,2090,fac-share-labor,share,0.61056
EU-12,2090,fac-share-capital,share,0.237039
EU-12,2090,fac-share-energy,share,0.152401
EU-12,2090,energy-service,million 1990$,445692.0
EU-12,2090,total-factor-productivity,million 1990$,2.05158
EU-12,2095,GDP,million 1990$,1874690.0
EU-12,2095,energy-investment,million 1990$,55551.3
EU-12,2095,consumer-durable,million 1990$,69961.4
EU-12,2095,value-added,million 1990$,1596370.0
EU-12,2095,gross-output,million 1990$,1884780.0
EU-12,2095,savings,million 1990$,514485.0
EU-12,2095,investment,million 1990$,514485.0
EU-12,2095,capital-stock,million 1990$,7839110.0
EU-12,2095,depreciation,million 1990$,367681.0
EU-12,2095,energy-service-value,million 1990$,288411.0
EU-12,2095,energy-net-export,million 1990$,-10096.7
EU-12,2095,materials-net-export,million 1990$,10096.7
EU-12,2095,capital-net-export,million 1990$,0.0
EU-12,2095,labor-wages,million 1990$,1153810.0
EU-12,2095,gdp-per-capita,thous 1990$ percap,26.2377
EU-12,2095,gdp-per-capita-ppp,thous 1990$ percap,51.925
EU-12,2095,labor-force,thous pers,24541.0
EU-12,2095,population,thous pers,71450.0
EU-12,2095,savings-rate,rate annual,0.185092
EU-12,2095,fac-share-labor,share,0.61217
EU-12,2095,fac-share-capital,share,0.23481
EU-12,2095,fac-share-energy,share,0.153021
EU-12,2095,energy-service,million 1990$,442555.0
EU-12,2095,total-factor-productivity,million 1990$,2.11019
EU-12,2100,GDP,million 1990$,1898390.0
EU-12,2100,energy-investment,million 1990$,55489.2
EU-12,2100,consumer-durable,million 1990$,69182.1
EU-12,2100,value-added,million 1990$,1615130.0
EU-12,2100,gross-output,million 1990$,1908220.0
EU-12,2100,savings,million 1990$,513142.0
EU-12,2100,investment,million 1990$,513142.0
EU-12,2100,capital-stock,million 1990$,7908940.0
EU-12,2100,depreciation,million 1990$,372271.0
EU-12,2100,energy-service-value,million 1990$,293089.0
EU-12,2100,energy-net-export,million 1990$,-9825.51
EU-12,2100,materials-net-export,million 1990$,9825.51
EU-12,2100,capital-net-export,million 1990$,0.0
EU-12,2100,labor-wages,million 1990$,1170780.0
EU-12,2100,gdp-per-capita,thous 1990$ percap,27.0951
EU-12,2100,gdp-per-capita-ppp,thous 1990$ percap,53.6217
EU-12,2100,labor-force,thous pers,23901.5
EU-12,2100,population,thous pers,70064.0
EU-12,2100,savings-rate,rate annual,0.180979
EU-12,2100,fac-share-labor,share,0.613546
EU-12,2100,fac-share-capital,share,0.23286
EU-12,2100,fac-share-energy,share,0.153593
EU-12,2100,energy-service,million 1990$,439098.0
EU-12,2100,total-factor-productivity,million 1990$,2.16939
EU-15,1975,GDP,million 1990$,4143830.0
EU-15,1975,energy-investment,million 1990$,53155.6
EU-15,1975,consumer-durable,million 1990$,0.141933
EU-15,1975,value-added,million 1990$,3936640.0
EU-15,1975,gross-output,million 1990$,4143830.0
EU-15,1975,savings,million 1990$,958178.0
EU-15,1975,investment,million 1990$,1073210.0
EU-15,1975,capital-stock,million 1990$,18224000.0
EU-15,1975,depreciation,million 1990$,604272.0
EU-15,1975,energy-service-value,million 1990$,207192.0
EU-15,1975,energy-net-export,million 1990$,-2.129
EU-15,1975,materials-net-export,million 1990$,-115034.0
EU-15,1975,capital-net-export,million 1990$,115036.0
EU-15,1975,labor-wages,million 1990$,2600950.0
EU-15,1975,gdp-per-capita,thous 1990$ percap,11.8727
EU-15,1975,gdp-per-capita-ppp,thous 1990$ percap,12.4932
EU-15,1975,labor-force,thous pers,147866.0
EU-15,1975,population,thous pers,349021.0
EU-15,1975,savings-rate,rate annual,0.23123
EU-15,1975,fac-share-labor,share,0.627668
EU-15,1975,fac-share-capital,share,0.322332
EU-15,1975,fac-share-energy,share,0.05
EU-15,1975,energy-service,million 1990$,2.129
EU-15,1975,total-factor-productivity,million 1990$,0.0
EU-15,1990,GDP,million 1990$,6195940.0
EU-15,1990,energy-investment,million 1990$,81670.6
EU-15,1990,consumer-durable,million 1990$,269644.0
EU-15,1990,value-added,million 1990$,5784890.0
EU-15,1990,gross-output,million 1990$,6279970.0
EU-15,1990,savings,million 1990$,958178.0
EU-15,1990,investment,million 1990$,1091080.0
EU-15,1990,capital-stock,million 1990$,27788500.0
EU-15,1990,depreciation,million 1990$,604272.0
EU-15,1990,energy-service-value,million 1990$,495078.0
EU-15,1990,energy-net-export,million 1990$,-84021.8
EU-15,1990,materials-net-export,million 1990$,-48876.8
EU-15,1990,capital-net-export,million 1990$,132899.0
EU-15,1990,labor-wages,million 1990$,3842480.0
EU-15,1990,gdp-per-capita,thous 1990$ percap,16.9947
EU-15,1990,gdp-per-capita-ppp,thous 1990$ percap,17.8828
EU-15,1990,labor-force,thous pers,159899.0
EU-15,1990,population,thous pers,364582.0
EU-15,1990,savings-rate,rate annual,0.244926
EU-15,1990,fac-share-labor,share,0.611864
EU-15,1990,fac-share-capital,share,0.309302
EU-15,1990,fac-share-energy,share,0.0788345
EU-15,1990,energy-service,million 1990$,1845020.0
EU-15,1990,total-factor-productivity,million 1990$,0.0
EU-15,2005,GDP,million 1990$,8448260.0
EU-15,2005,energy-investment,million 1990$,108165.0
EU-15,2005,consumer-durable,million 1990$,331265.0
EU-15,2005,value-added,million 1990$,7778880.0
EU-15,2005,gross-output,million 1990$,8588350.0
EU-15,2005,savings,million 1990$,1787190.0
EU-15,2005,investment,million 1990$,1916150.0
EU-15,2005,capital-stock,million 1990$,37846500.0
EU-15,2005,depreciation,million 1990$,923941.0
EU-15,2005,energy-service-value,million 1990$,809464.0
EU-15,2005,energy-net-export,million 1990$,-140090.0
EU-15,2005,materials-net-export,million 1990$,11135.2
EU-15,2005,capital-net-export,million 1990$,128954.0
EU-15,2005,labor-wages,million 1990$,4966370.0
EU-15,2005,gdp-per-capita,thous 1990$ percap,21.9129
EU-15,2005,gdp-per-capita-ppp,thous 1990$ percap,23.0581
EU-15,2005,labor-force,thous pers,175127.0
EU-15,2005,population,thous pers,385538.0
EU-15,2005,savings-rate,rate annual,0.244328
EU-15,2005,fac-share-labor,share,0.578269
EU-15,2005,fac-share-capital,share,0.32748
EU-15,2005,fac-share-energy,share,0.0942514
EU-15,2005,energy-service,million 1990$,2299510.0
EU-15,2005,total-factor-productivity,million 1990$,0.0
EU-15,2010,GDP,million 1990$,8766600.0
EU-15,2010,energy-investment,million 1990$,112082.0
EU-15,2010,consumer-durable,million 1990$,331417.0
EU-15,2010,value-added,million 1990$,7859790.0
EU-15,2010,gross-output,million 1990$,9019140.0
EU-15,2010,savings,million 1990$,2395410.0
EU-15,2010,investment,million 1990$,2474350.0
EU-15,2010,capital-stock,million 1990$,41141900.0
EU-15,2010,depreciation,million 1990$,1378640.0
EU-15,2010,energy-service-value,million 1990$,1159340.0
EU-15,2010,energy-net-export,million 1990$,-252536.0
EU-15,2010,materials-net-export,million 1990$,173593.0
EU-15,2010,capital-net-export,million 1990$,78942.4
EU-15,2010,labor-wages,million 1990$,5200230.0
EU-15,2010,gdp-per-capita,thous 1990$ percap,22.1194
EU-15,2010,gdp-per-capita-ppp,thous 1990$ percap,23.2753
EU-15,2010,labor-force,thous pers,179279.0
EU-15,2010,population,thous pers,396331.0
EU-15,2010,savings-rate,rate annual,0.236745
EU-15,2010,fac-share-labor,share,0.576578
EU-15,2010,fac-share-capital,share,0.294879
EU-15,2010,fac-share-energy,share,0.128543
EU-15,2010,energy-service,million 1990$,2404230.0
EU-15,2010,total-factor-productivity,million 1990$,0.0
EU-15,2015,GDP,million 1990$,9243340.0
EU-15,2015,energy-investment,million 1990$,116221.0
EU-15,2015,consumer-durable,million 1990$,342552.0
EU-15,2015,value-added,million 1990$,8336420.0
EU-15,2015,gross-output,million 1990$,9509460.0
EU-15,2015,savings,million 1990$,2406870.0
EU-15,2015,investment,million 1990$,2343010.0
EU-15,2015,capital-stock,million 1990$,43329000.0
EU-15,2015,depreciation,million 1990$,1545410.0
EU-15,2015,energy-service-value,million 1990$,1173040.0
EU-15,2015,energy-net-export,million 1990$,-266120.0
EU-15,2015,materials-net-export,million 1990$,329973.0
EU-15,2015,capital-net-export,million 1990$,-63852.9
EU-15,2015,labor-wages,million 1990$,5397100.0
EU-15,2015,gdp-per-capita,thous 1990$ percap,22.9514
EU-15,2015,gdp-per-capita-ppp,thous 1990$ percap,24.1508
EU-15,2015,labor-force,thous pers,181764.0
EU-15,2015,population,thous pers,402736.0
EU-15,2015,savings-rate,rate annual,0.251472
EU-15,2015,fac-share-labor,share,0.567551
EU-15,2015,fac-share-capital,share,0.309094
EU-15,2015,fac-share-energy,share,0.123355
EU-15,2015,energy-service,million 1990$,2402330.0
EU-15,2015,total-factor-productivity,million 1990$,0.0
EU-15,2021,GDP,million 1990$,9554810.0
EU-15,2021,energy-investment,million 1990$,122609.0
EU-15,2021,consumer-durable,million 1990$,330383.0
EU-15,2021,value-added,million 1990$,8627220.0
EU-15,2021,gross-output,million 1990$,9713570.0
EU-15,2021,savings,million 1990$,2666990.0
EU-15,2021,investment,million 1990$,2604670.0
EU-15,2021,capital-stock,million 1990$,44054600.0
EU-15,2021,depreciation,million 1990$,1653910.0
EU-15,2021,energy-service-value,million 1990$,1086350.0
EU-15,2021,energy-net-export,million 1990$,-158759.0
EU-15,2021,materials-net-export,million 1990$,221079.0
EU-15,2021,capital-net-export,million 1990$,-62319.8
EU-15,2021,labor-wages,million 1990$,5582050.0
EU-15,2021,gdp-per-capita,thous 1990$ percap,23.3697
EU-15,2021,gdp-per-capita-ppp,thous 1990$ percap,24.591
EU-15,2021,labor-force,thous pers,188192.0
EU-15,2021,population,thous pers,408854.0
EU-15,2021,savings-rate,rate annual,0.255652
EU-15,2021,fac-share-labor,share,0.574665
EU-15,2021,fac-share-capital,share,0.313497
EU-15,2021,fac-share-energy,share,0.111838
EU-15,2021,energy-service,million 1990$,2252280.0
EU-15,2021,total-factor-productivity,million 1990$,0.0
EU-15,2025,GDP,million 1990$,10558100.0
EU-15,2025,energy-investment,million 1990$,177308.0
EU-15,2025,consumer-durable,million 1990$,228551.0
EU-15,2025,value-added,million 1990$,9498350.0
EU-15,2025,gross-output,million 1990$,10711100.0
EU-15,2025,savings,million 1990$,2773090.0
EU-15,2025,investment,million 1990$,2728570.0
EU-15,2025,capital-stock,million 1990$,46151000.0
EU-15,2025,depreciation,million 1990$,1719760.0
EU-15,2025,energy-service-value,million 1990$,1212730.0
EU-15,2025,energy-net-export,million 1990$,-152941.0
EU-15,2025,materials-net-export,million 1990$,197456.0
EU-15,2025,capital-net-export,million 1990$,-44514.2
EU-15,2025,labor-wages,million 1990$,6180110.0
EU-15,2025,gdp-per-capita,thous 1990$ percap,25.7118
EU-15,2025,gdp-per-capita-ppp,thous 1990$ percap,27.0555
EU-15,2025,labor-force,thous pers,186969.0
EU-15,2025,population,thous pers,410634.0
EU-15,2025,savings-rate,rate annual,0.253687
EU-15,2025,fac-share-labor,share,0.576983
EU-15,2025,fac-share-capital,share,0.309795
EU-15,2025,fac-share-energy,share,0.113222
EU-15,2025,energy-service,million 1990$,2343730.0
EU-15,2025,total-factor-productivity,million 1990$,1.08605
EU-15,2030,GDP,million 1990$,11364700.0
EU-15,2030,energy-investment,million 1990$,183823.0
EU-15,2030,consumer-durable,million 1990$,320343.0
EU-15,2030,value-added,million 1990$,10195800.0
EU-15,2030,gross-output,million 1990$,11507700.0
EU-15,2030,savings,million 1990$,3043530.0
EU-15,2030,investment,million 1990$,3021280.0
EU-15,2030,capital-stock,million 1990$,49914600.0
EU-15,2030,depreciation,million 1990$,1801600.0
EU-15,2030,energy-service-value,million 1990$,1311960.0
EU-15,2030,energy-net-export,million 1990$,-143004.0
EU-15,2030,materials-net-export,million 1990$,165262.0
EU-15,2030,capital-net-export,million 1990$,-22257.1
EU-15,2030,labor-wages,million 1990$,6704520.0
EU-15,2030,gdp-per-capita,thous 1990$ percap,27.6175
EU-15,2030,gdp-per-capita-ppp,thous 1990$ percap,29.0608
EU-15,2030,labor-force,thous pers,182595.0
EU-15,2030,population,thous pers,411504.0
EU-15,2030,savings-rate,rate annual,0.248166
EU-15,2030,fac-share-labor,share,0.58261
EU-15,2030,fac-share-capital,share,0.303383
EU-15,2030,fac-share-energy,share,0.114007
EU-15,2030,energy-service,million 1990$,2408390.0
EU-15,2030,total-factor-productivity,million 1990$,1.15129
EU-15,2035,GDP,million 1990$,12197400.0
EU-15,2035,energy-investment,million 1990$,207216.0
EU-15,2035,consumer-durable,million 1990$,437709.0
EU-15,2035,value-added,million 1990$,10906500.0
EU-15,2035,gross-output,million 1990$,12330600.0
EU-15,2035,savings,million 1990$,3213300.0
EU-15,2035,investment,million 1990$,3213300.0
EU-15,2035,capital-stock,million 1990$,53432100.0
EU-15,2035,depreciation,million 1990$,1948520.0
EU-15,2035,energy-service-value,million 1990$,1424070.0
EU-15,2035,energy-net-export,million 1990$,-133244.0
EU-15,2035,materials-net-export,million 1990$,133244.0
EU-15,2035,capital-net-export,million 1990$,0.0
EU-15,2035,labor-wages,million 1990$,7243450.0
EU-15,2035,gdp-per-capita,thous 1990$ percap,29.5629
EU-15,2035,gdp-per-capita-ppp,thous 1990$ percap,31.1078
EU-15,2035,labor-force,thous pers,177294.0
EU-15,2035,population,thous pers,412591.0
EU-15,2035,savings-rate,rate annual,0.242709
EU-15,2035,fac-share-labor,share,0.587436
EU-15,2035,fac-share-capital,share,0.297073
EU-15,2035,fac-share-energy,share,0.11549
EU-15,2035,energy-service,million 1990$,2488800.0
EU-15,2035,total-factor-productivity,million 1990$,1.22504
EU-15,2040,GDP,million 1990$,13106600.0
EU-15,2040,energy-investment,million 1990$,270917.0
EU-15,2040,consumer-durable,million 1990$,440019.0
EU-15,2040,value-added,million 1990$,11684700.0
EU-15,2040,gross-output,million 1990$,13234600.0
EU-15,2040,savings,million 1990$,3382170.0
EU-15,2040,investment,million 1990$,3382170.0
EU-15,2040,capital-stock,million 1990$,56444600.0
EU-15,2040,depreciation,million 1990$,2085830.0
EU-15,2040,energy-service-value,million 1990$,1549850.0
EU-15,2040,energy-net-export,million 1990$,-127969.0
EU-15,2040,materials-net-export,million 1990$,127969.0
EU-15,2040,capital-net-export,million 1990$,0.0
EU-15,2040,labor-wages,million 1990$,7824850.0
EU-15,2040,gdp-per-capita,thous 1990$ percap,31.6562
EU-15,2040,gdp-per-capita-ppp,thous 1990$ percap,33.3106
EU-15,2040,labor-force,thous pers,172382.0
EU-15,2040,population,thous pers,414029.0
EU-15,2040,savings-rate,rate annual,0.237894
EU-15,2040,fac-share-labor,share,0.591243
EU-15,2040,fac-share-capital,share,0.29165
EU-15,2040,fac-share-energy,share,0.117106
EU-15,2040,energy-service,million 1990$,2567110.0
EU-15,2040,total-factor-productivity,million 1990$,1.31066
EU-15,2045,GDP,million 1990$,14069700.0
EU-15,2045,energy-investment,million 1990$,229556.0
EU-15,2045,consumer-durable,million 1990$,484500.0
EU-15,2045,value-added,million 1990$,12508500.0
EU-15,2045,gross-output,million 1990$,14190700.0
EU-15,2045,savings,million 1990$,3571170.0
EU-15,2045,investment,million 1990$,3571170.0
EU-15,2045,capital-stock,million 1990$,59482100.0
EU-15,2045,depreciation,million 1990$,2203430.0
EU-15,2045,energy-service-value,million 1990$,1682210.0
EU-15,2045,energy-net-export,million 1990$,-121078.0
EU-15,2045,materials-net-export,million 1990$,121078.0
EU-15,2045,capital-net-export,million 1990$,0.0
EU-15,2045,labor-wages,million 1990$,8437170.0
EU-15,2045,gdp-per-capita,thous 1990$ percap,33.8449
EU-15,2045,gdp-per-capita-ppp,thous 1990$ percap,35.6137
EU-15,2045,labor-force,thous pers,168816.0
EU-15,2045,population,thous pers,415710.0
EU-15,2045,savings-rate,rate annual,0.233356
EU-15,2045,fac-share-labor,share,0.594555
EU-15,2045,fac-share-capital,share,0.286903
EU-15,2045,fac-share-energy,share,0.118543
EU-15,2045,energy-service,million 1990$,2647340.0
EU-15,2045,total-factor-productivity,million 1990$,1.39639
EU-15,2050,GDP,million 1990$,15050200.0
EU-15,2050,energy-investment,million 1990$,268922.0
EU-15,2050,consumer-durable,million 1990$,421878.0
EU-15,2050,value-added,million 1990$,13347000.0
EU-15,2050,gross-output,million 1990$,15163800.0
EU-15,2050,savings,million 1990$,3769730.0
EU-15,2050,investment,million 1990$,3769730.0
EU-15,2050,capital-stock,million 1990$,62875000.0
EU-15,2050,depreciation,million 1990$,2322000.0
EU-15,2050,energy-service-value,million 1990$,1816780.0
EU-15,2050,energy-net-export,million 1990$,-113586.0
EU-15,2050,materials-net-export,million 1990$,113586.0
EU-15,2050,capital-net-export,million 1990$,0.0
EU-15,2050,labor-wages,million 1990$,9067820.0
EU-15,2050,gdp-per-capita,thous 1990$ percap,36.0475
EU-15,2050,gdp-per-capita-ppp,thous 1990$ percap,37.9313
EU-15,2050,labor-force,thous pers,165660.0
EU-15,2050,population,thous pers,417510.0
EU-15,2050,savings-rate,rate annual,0.22872
EU-15,2050,fac-share-labor,share,0.597993
EU-15,2050,fac-share-capital,share,0.282197
EU-15,2050,fac-share-energy,share,0.11981
EU-15,2050,energy-service,million 1990$,2726040.0
EU-15,2050,total-factor-productivity,million 1990$,1.48022
EU-15,2055,GDP,million 1990$,16036000.0
EU-15,2055,energy-investment,million 1990$,254717.0
EU-15,2055,consumer-durable,million 1990$,462157.0
EU-15,2055,value-added,million 1990$,14199400.0
EU-15,2055,gross-output,million 1990$,16145000.0
EU-15,2055,savings,million 1990$,3962680.0
EU-15,2055,investment,million 1990$,3962680.0
EU-15,2055,capital-stock,million 1990$,66655300.0
EU-15,2055,depreciation,million 1990$,2454450.0
EU-15,2055,energy-service-value,million 1990$,1945590.0
EU-15,2055,energy-net-export,million 1990$,-109037.0
EU-15,2055,materials-net-export,million 1990$,109037.0
EU-15,2055,capital-net-export,million 1990$,0.0
EU-15,2055,labor-wages,million 1990$,9714230.0
EU-15,2055,gdp-per-capita,thous 1990$ percap,38.3367
EU-15,2055,gdp-per-capita-ppp,thous 1990$ percap,40.3402
EU-15,2055,labor-force,thous pers,163292.0
EU-15,2055,population,thous pers,418293.0
EU-15,2055,savings-rate,rate annual,0.224358
EU-15,2055,fac-share-labor,share,0.601686
EU-15,2055,fac-share-capital,share,0.277807
EU-15,2055,fac-share-energy,share,0.120507
EU-15,2055,energy-service,million 1990$,2786520.0
EU-15,2055,total-factor-productivity,million 1990$,1.55978
EU-15,2060,GDP,million 1990$,17036700.0
EU-15,2060,energy-investment,million 1990$,265034.0
EU-15,2060,consumer-durable,million 1990$,483101.0
EU-15,2060,value-added,million 1990$,15065500.0
EU-15,2060,gross-output,million 1990$,17139200.0
EU-15,2060,savings,million 1990$,4152280.0
EU-15,2060,investment,million 1990$,4152280.0
EU-15,2060,capital-stock,million 1990$,70509300.0
EU-15,2060,depreciation,million 1990$,2602020.0
EU-15,2060,energy-service-value,million 1990$,2073650.0
EU-15,2060,energy-net-export,million 1990$,-102452.0
EU-15,2060,materials-net-export,million 1990$,102452.0
EU-15,2060,capital-net-export,million 1990$,0.0
EU-15,2060,labor-wages,million 1990$,10370100.0
EU-15,2060,gdp-per-capita,thous 1990$ percap,40.7279
EU-15,2060,gdp-per-capita-ppp,thous 1990$ percap,42.8564
EU-15,2060,labor-force,thous pers,161840.0
EU-15,2060,population,thous pers,418305.0
EU-15,2060,savings-rate,rate annual,0.220301
EU-15,2060,fac-share-labor,share,0.605055
EU-15,2060,fac-share-capital,share,0.273956
EU-15,2060,fac-share-energy,share,0.120989
EU-15,2060,energy-service,million 1990$,2844490.0
EU-15,2060,total-factor-productivity,million 1990$,1.63508
EU-15,2065,GDP,million 1990$,18044100.0
EU-15,2065,energy-investment,million 1990$,265316.0
EU-15,2065,consumer-durable,million 1990$,484179.0
EU-15,2065,value-added,million 1990$,15943400.0
EU-15,2065,gross-output,million 1990$,18141900.0
EU-15,2065,savings,million 1990$,4342300.0
EU-15,2065,investment,million 1990$,4342300.0
EU-15,2065,capital-stock,million 1990$,74401800.0
EU-15,2065,depreciation,million 1990$,2752470.0
EU-15,2065,energy-service-value,million 1990$,2198470.0
EU-15,2065,energy-net-export,million 1990$,-97789.3
EU-15,2065,materials-net-export,million 1990$,97789.3
EU-15,2065,capital-net-export,million 1990$,0.0
EU-15,2065,labor-wages,million 1990$,11033900.0
EU-15,2065,gdp-per-capita,thous 1990$ percap,43.1992
EU-15,2065,gdp-per-capita-ppp,thous 1990$ percap,45.4568
EU-15,2065,labor-force,thous pers,161132.0
EU-15,2065,population,thous pers,417695.0
EU-15,2065,savings-rate,rate annual,0.216437
EU-15,2065,fac-share-labor,share,0.608198
EU-15,2065,fac-share-capital,share,0.27062
EU-15,2065,fac-share-energy,share,0.121182
EU-15,2065,energy-service,million 1990$,2893980.0
EU-15,2065,total-factor-productivity,million 1990$,1.70658
EU-15,2070,GDP,million 1990$,19014000.0
EU-15,2070,energy-investment,million 1990$,271255.0
EU-15,2070,consumer-durable,million 1990$,492006.0
EU-15,2070,value-added,million 1990$,16787800.0
EU-15,2070,gross-output,million 1990$,19107800.0
EU-15,2070,savings,million 1990$,4529340.0
EU-15,2070,investment,million 1990$,4529340.0
EU-15,2070,capital-stock,million 1990$,78450200.0
EU-15,2070,depreciation,million 1990$,2904420.0
EU-15,2070,energy-service-value,million 1990$,2319930.0
EU-15,2070,energy-net-export,million 1990$,-93743.7
EU-15,2070,materials-net-export,million 1990$,93743.7
EU-15,2070,capital-net-export,million 1990$,0.0
EU-15,2070,labor-wages,million 1990$,11683100.0
EU-15,2070,gdp-per-capita,thous 1990$ percap,45.5901
EU-15,2070,gdp-per-capita-ppp,thous 1990$ percap,47.9726
EU-15,2070,labor-force,thous pers,159911.0
EU-15,2070,population,thous pers,417065.0
EU-15,2070,savings-rate,rate annual,0.21222
EU-15,2070,fac-share-labor,share,0.61143
EU-15,2070,fac-share-capital,share,0.267157
EU-15,2070,fac-share-energy,share,0.121413
EU-15,2070,energy-service,million 1990$,2938500.0
EU-15,2070,total-factor-productivity,million 1990$,1.77696
EU-15,2075,GDP,million 1990$,19935800.0
EU-15,2075,energy-investment,million 1990$,268176.0
EU-15,2075,consumer-durable,million 1990$,492078.0
EU-15,2075,value-added,million 1990$,17583600.0
EU-15,2075,gross-output,million 1990$,20025400.0
EU-15,2075,savings,million 1990$,4692610.0
EU-15,2075,investment,million 1990$,4692610.0
EU-15,2075,capital-stock,million 1990$,82459200.0
EU-15,2075,depreciation,million 1990$,3062460.0
EU-15,2075,energy-service-value,million 1990$,2441880.0
EU-15,2075,energy-net-export,million 1990$,-89634.7
EU-15,2075,materials-net-export,million 1990$,89634.7
EU-15,2075,capital-net-export,million 1990$,0.0
EU-15,2075,labor-wages,million 1990$,12309900.0
EU-15,2075,gdp-per-capita,thous 1990$ percap,47.8538
EU-15,2075,gdp-per-capita-ppp,thous 1990$ percap,50.3547
EU-15,2075,labor-force,thous pers,157386.0
EU-15,2075,population,thous pers,416598.0
EU-15,2075,savings-rate,rate annual,0.207635
EU-15,2075,fac-share-labor,share,0.614715
EU-15,2075,fac-share-capital,share,0.263346
EU-15,2075,fac-share-energy,share,0.121939
EU-15,2075,energy-service,million 1990$,2979280.0
EU-15,2075,total-factor-productivity,million 1990$,1.85275
EU-15,2080,GDP,million 1990$,20800900.0
EU-15,2080,energy-investment,million 1990$,290773.0
EU-15,2080,consumer-durable,million 1990$,501904.0
EU-15,2080,value-added,million 1990$,18324700.0
EU-15,2080,gross-output,million 1990$,20884900.0
EU-15,2080,savings,million 1990$,4828710.0
EU-15,2080,investment,million 1990$,4828710.0
EU-15,2080,capital-stock,million 1990$,86387800.0
EU-15,2080,depreciation,million 1990$,3218960.0
EU-15,2080,energy-service-value,million 1990$,2560240.0
EU-15,2080,energy-net-export,million 1990$,-84039.9
EU-15,2080,materials-net-export,million 1990$,84039.9
EU-15,2080,capital-net-export,million 1990$,0.0
EU-15,2080,labor-wages,million 1990$,12905400.0
EU-15,2080,gdp-per-capita,thous 1990$ percap,49.9951
EU-15,2080,gdp-per-capita-ppp,thous 1990$ percap,52.6078
EU-15,2080,labor-force,thous pers,154262.0
EU-15,2080,population,thous pers,416059.0
EU-15,2080,savings-rate,rate annual,0.202836
EU-15,2080,fac-share-labor,share,0.617927
EU-15,2080,fac-share-capital,share,0.259486
EU-15,2080,fac-share-energy,share,0.122588
EU-15,2080,energy-service,million 1990$,3014880.0
EU-15,2080,total-factor-productivity,million 1990$,1.92983
EU-15,2085,GDP,million 1990$,21605500.0
EU-15,2085,energy-investment,million 1990$,288729.0
EU-15,2085,consumer-durable,million 1990$,505154.0
EU-15,2085,value-added,million 1990$,19012700.0
EU-15,2085,gross-output,million 1990$,21681500.0
EU-15,2085,savings,million 1990$,4938420.0
EU-15,2085,investment,million 1990$,4938420.0
EU-15,2085,capital-stock,million 1990$,89964500.0
EU-15,2085,depreciation,million 1990$,3372320.0
EU-15,2085,energy-service-value,million 1990$,2668810.0
EU-15,2085,energy-net-export,million 1990$,-75967.2
EU-15,2085,materials-net-export,million 1990$,75967.2
EU-15,2085,capital-net-export,million 1990$,0.0
EU-15,2085,labor-wages,million 1990$,13458700.0
EU-15,2085,gdp-per-capita,thous 1990$ percap,52.0529
EU-15,2085,gdp-per-capita-ppp,thous 1990$ percap,54.7731
EU-15,2085,labor-force,thous pers,151577.0
EU-15,2085,population,thous pers,415069.0
EU-15,2085,savings-rate,rate annual,0.198037
EU-15,2085,fac-share-labor,share,0.620745
EU-15,2085,fac-share-capital,share,0.256163
EU-15,2085,fac-share-energy,share,0.123092
EU-15,2085,energy-service,million 1990$,3041770.0
EU-15,2085,total-factor-productivity,million 1990$,2.00209
EU-15,2090,GDP,million 1990$,22348600.0
EU-15,2090,energy-investment,million 1990$,293491.0
EU-15,2090,consumer-durable,million 1990$,505380.0
EU-15,2090,value-added,million 1990$,19652000.0
EU-15,2090,gross-output,million 1990$,22416500.0
EU-15,2090,savings,million 1990$,5025760.0
EU-15,2090,investment,million 1990$,5025760.0
EU-15,2090,capital-stock,million 1990$,93293900.0
EU-15,2090,depreciation,million 1990$,3511950.0
EU-15,2090,energy-service-value,million 1990$,2764540.0
EU-15,2090,energy-net-export,million 1990$,-67852.9
EU-15,2090,materials-net-export,million 1990$,67852.9
EU-15,2090,capital-net-export,million 1990$,0.0
EU-15,2090,labor-wages,million 1990$,13969800.0
EU-15,2090,gdp-per-capita,thous 1990$ percap,54.0587
EU-15,2090,gdp-per-capita-ppp,thous 1990$ percap,56.8839
EU-15,2090,labor-force,thous pers,149786.0
EU-15,2090,population,thous pers,413414.0
EU-15,2090,savings-rate,rate annual,0.193375
EU-15,2090,fac-share-labor,share,0.623194
EU-15,2090,fac-share-capital,share,0.25348
EU-15,2090,fac-share-energy,share,0.123326
EU-15,2090,energy-service,million 1990$,3061500.0
EU-15,2090,total-factor-productivity,million 1990$,2.06445
EU-15,2095,GDP,million 1990$,23023900.0
EU-15,2095,energy-investment,million 1990$,294309.0
EU-15,2095,consumer-durable,million 1990$,505784.0
EU-15,2095,value-added,million 1990$,20230700.0
EU-15,2095,gross-output,million 1990$,23083500.0
EU-15,2095,savings,million 1990$,5094440.0
EU-15,2095,investment,million 1990$,5094440.0
EU-15,2095,capital-stock,million 1990$,96316800.0
EU-15,2095,depreciation,million 1990$,3641910.0
EU-15,2095,energy-service-value,million 1990$,2852820.0
EU-15,2095,energy-net-export,million 1990$,-59661.4
EU-15,2095,materials-net-export,million 1990$,59661.4
EU-15,2095,capital-net-export,million 1990$,0.0
EU-15,2095,labor-wages,million 1990$,14438100.0
EU-15,2095,gdp-per-capita,thous 1990$ percap,56.0096
EU-15,2095,gdp-per-capita-ppp,thous 1990$ percap,58.9367
EU-15,2095,labor-force,thous pers,147728.0
EU-15,2095,population,thous pers,411070.0
EU-15,2095,savings-rate,rate annual,0.188863
EU-15,2095,fac-share-labor,share,0.625472
EU-15,2095,fac-share-capital,share,0.250941
EU-15,2095,fac-share-energy,share,0.123587
EU-15,2095,energy-service,million 1990$,3074210.0
EU-15,2095,total-factor-productivity,million 1990$,2.12605
EU-15,2100,GDP,million 1990$,23610800.0
EU-15,2100,energy-investment,million 1990$,290525.0
EU-15,2100,consumer-durable,million 1990$,503914.0
EU-15,2100,value-added,million 1990$,20730600.0
EU-15,2100,gross-output,million 1990$,23662700.0
EU-15,2100,savings,million 1990$,5144460.0
EU-15,2100,investment,million 1990$,5144460.0
EU-15,2100,capital-stock,million 1990$,99019600.0
EU-15,2100,depreciation,million 1990$,3759920.0
EU-15,2100,energy-service-value,million 1990$,2932120.0
EU-15,2100,energy-net-export,million 1990$,-51868.7
EU-15,2100,materials-net-export,million 1990$,51868.7
EU-15,2100,capital-net-export,million 1990$,0.0
EU-15,2100,labor-wages,million 1990$,14852600.0
EU-15,2100,gdp-per-capita,thous 1990$ percap,57.8722
EU-15,2100,gdp-per-capita-ppp,thous 1990$ percap,60.8966
EU-15,2100,labor-force,thous pers,145108.0
EU-15,2100,population,thous pers,407982.0
EU-15,2100,savings-rate,rate annual,0.184428
EU-15,2100,fac-share-labor,share,0.62768
EU-15,2100,fac-share-capital,share,0.248407
EU-15,2100,fac-share-energy,share,0.123913
EU-15,2100,energy-service,million 1990$,3077620.0
EU-15,2100,total-factor-productivity,million 1990$,2.1885
Ukraine,1975,GDP,million 1990$,44989.0
Ukraine,1975,energy-investment,million 1990$,7013.06
Ukraine,1975,consumer-durable,million 1990$,0.141933
Ukraine,1975,value-added,million 1990$,36757.6
Ukraine,1975,gross-output,million 1990$,44991.1
Ukraine,1975,savings,million 1990$,18348.2
Ukraine,1975,investment,million 1990$,18576.9
Ukraine,1975,capital-stock,million 1990$,107178.0
Ukraine,1975,depreciation,million 1990$,4118.63
Ukraine,1975,energy-service-value,million 1990$,8233.5
Ukraine,1975,energy-net-export,million 1990$,-2.129
Ukraine,1975,materials-net-export,million 1990$,-226.566
Ukraine,1975,capital-net-export,million 1990$,228.695
Ukraine,1975,labor-wages,million 1990$,28026.4
Ukraine,1975,gdp-per-capita,thous 1990$ percap,0.920171
Ukraine,1975,gdp-per-capita-ppp,thous 1990$ percap,4.41003
Ukraine,1975,labor-force,thous pers,23815.3
Ukraine,1975,population,thous pers,48892.0
Ukraine,1975,savings-rate,rate annual,0.407837
Ukraine,1975,fac-share-labor,share,0.622931
Ukraine,1975,fac-share-capital,share,0.194066
Ukraine,1975,fac-share-energy,share,0.183003
Ukraine,1975,energy-service,million 1990$,2.129
Ukraine,1975,total-factor-productivity,million 1990$,0.0
Ukraine,1990,GDP,million 1990$,188457.0
Ukraine,1990,energy-investment,million 1990$,29377.5
Ukraine,1990,consumer-durable,million 1990$,13680.0
Ukraine,1990,value-added,million 1990$,153977.0
Ukraine,1990,gross-output,million 1990$,205734.0
Ukraine,1990,savings,million 1990$,18348.3
Ukraine,1990,investment,million 1990$,19306.3
Ukraine,1990,capital-stock,million 1990$,448965.0
Ukraine,1990,depreciation,million 1990$,4118.63
Ukraine,1990,energy-service-value,million 1990$,51757.7
Ukraine,1990,energy-net-export,million 1990$,-17277.4
Ukraine,1990,materials-net-export,million 1990$,16319.4
Ukraine,1990,capital-net-export,million 1990$,957.999
Ukraine,1990,labor-wages,million 1990$,117402.0
Ukraine,1990,gdp-per-capita,thous 1990$ percap,3.65298
Ukraine,1990,gdp-per-capita-ppp,thous 1990$ percap,17.5073
Ukraine,1990,labor-force,thous pers,25129.5
Ukraine,1990,population,thous pers,51590.0
Ukraine,1990,savings-rate,rate annual,0.407837
Ukraine,1990,fac-share-labor,share,0.570647
Ukraine,1990,fac-share-capital,share,0.177777
Ukraine,1990,fac-share-energy,share,0.251575
Ukraine,1990,energy-service,million 1990$,186296.0
Ukraine,1990,total-factor-productivity,million 1990$,0.0
Ukraine,2005,GDP,million 1990$,61466.0
Ukraine,2005,energy-investment,million 1990$,3161.2
Ukraine,2005,consumer-durable,million 1990$,5746.32
Ukraine,2005,value-added,million 1990$,36658.4
Ukraine,2005,gross-output,million 1990$,70480.3
Ukraine,2005,savings,million 1990$,90539.7
Ukraine,2005,investment,million 1990$,87952.6
Ukraine,2005,capital-stock,million 1990$,222753.0
Ukraine,2005,depreciation,million 1990$,17252.8
Ukraine,2005,energy-service-value,million 1990$,33821.9
Ukraine,2005,energy-net-export,million 1990$,-9014.27
Ukraine,2005,materials-net-export,million 1990$,11601.4
Ukraine,2005,capital-net-export,million 1990$,-2587.11
Ukraine,2005,labor-wages,million 1990$,34320.9
Ukraine,2005,gdp-per-capita,thous 1990$ percap,1.31021
Ukraine,2005,gdp-per-capita-ppp,thous 1990$ percap,6.27935
Ukraine,2005,labor-force,thous pers,20418.2
Ukraine,2005,population,thous pers,46913.0
Ukraine,2005,savings-rate,rate annual,0.199475
Ukraine,2005,fac-share-labor,share,0.486958
Ukraine,2005,fac-share-capital,share,0.0331645
Ukraine,2005,fac-share-energy,share,0.479877
Ukraine,2005,energy-service,million 1990$,88128.1
Ukraine,2005,total-factor-productivity,million 1990$,0.0
Ukraine,2010,GDP,million 1990$,62253.0
Ukraine,2010,energy-investment,million 1990$,1527.13
Ukraine,2010,consumer-durable,million 1990$,9403.26
Ukraine,2010,value-added,million 1990$,37184.1
Ukraine,2010,gross-output,million 1990$,73742.6
Ukraine,2010,savings,million 1990$,18007.2
Ukraine,2010,investment,million 1990$,18479.4
Ukraine,2010,capital-stock,million 1990$,242375.0
Ukraine,2010,depreciation,million 1990$,6342.24
Ukraine,2010,energy-service-value,million 1990$,36558.5
Ukraine,2010,energy-net-export,million 1990$,-11489.6
Ukraine,2010,materials-net-export,million 1990$,11017.5
Ukraine,2010,capital-net-export,million 1990$,472.141
Ukraine,2010,labor-wages,million 1990$,34760.3
Ukraine,2010,gdp-per-capita,thous 1990$ percap,1.36272
Ukraine,2010,gdp-per-capita-ppp,thous 1990$ percap,6.53098
Ukraine,2010,labor-force,thous pers,20204.6
Ukraine,2010,population,thous pers,45683.0
Ukraine,2010,savings-rate,rate annual,0.090537
Ukraine,2010,fac-share-labor,share,0.471374
Ukraine,2010,fac-share-capital,share,0.0328677
Ukraine,2010,fac-share-energy,share,0.495759
Ukraine,2010,energy-service,million 1990$,93823.2
Ukraine,2010,total-factor-productivity,million 1990$,0.0
Ukraine,2015,GDP,million 1990$,55475.0
Ukraine,2015,energy-investment,million 1990$,415.924
Ukraine,2015,consumer-durable,million 1990$,2332.27
Ukraine,2015,value-added,million 1990$,33401.2
Ukraine,2015,gross-output,million 1990$,62220.1
Ukraine,2015,savings,million 1990$,15039.5
Ukraine,2015,investment,million 1990$,16503.8
Ukraine,2015,capital-stock,million 1990$,242573.0
Ukraine,2015,depreciation,million 1990$,6929.26
Ukraine,2015,energy-service-value,million 1990$,28818.9
Ukraine,2015,energy-net-export,million 1990$,-6745.06
Ukraine,2015,materials-net-export,million 1990$,5280.73
Ukraine,2015,capital-net-export,million 1990$,1464.32
Ukraine,2015,labor-wages,million 1990$,30975.4
Ukraine,2015,gdp-per-capita,thous 1990$ percap,1.23324
Ukraine,2015,gdp-per-capita-ppp,thous 1990$ percap,5.91047
Ukraine,2015,labor-force,thous pers,16609.7
Ukraine,2015,population,thous pers,44983.0
Ukraine,2015,savings-rate,rate annual,0.011363
Ukraine,2015,fac-share-labor,share,0.497837
Ukraine,2015,fac-share-capital,share,0.0389864
Ukraine,2015,fac-share-energy,share,0.463177
Ukraine,2015,energy-service,million 1990$,70794.8
Ukraine,2015,total-factor-productivity,million 1990$,0.0
Ukraine,2021,GDP,million 1990$,57671.0
Ukraine,2021,energy-investment,million 1990$,1246.88
Ukraine,2021,consumer-durable,million 1990$,8231.14
Ukraine,2021,value-added,million 1990$,35967.7
Ukraine,2021,gross-output,million 1990$,62603.8
Ukraine,2021,savings,million 1990$,2962.63
Ukraine,2021,investment,million 1990$,6390.38
Ukraine,2021,capital-stock,million 1990$,234577.0
Ukraine,2021,depreciation,million 1990$,6742.33
Ukraine,2021,energy-service-value,million 1990$,26636.1
Ukraine,2021,energy-net-export,million 1990$,-4932.75
Ukraine,2021,materials-net-export,million 1990$,1505.0
Ukraine,2021,capital-net-export,million 1990$,3427.75
Ukraine,2021,labor-wages,million 1990$,32201.7
Ukraine,2021,gdp-per-capita,thous 1990$ percap,1.32483
Ukraine,2021,gdp-per-capita-ppp,thous 1990$ percap,6.34939
Ukraine,2021,labor-force,thous pers,15929.4
Ukraine,2021,population,thous pers,43531.0
Ukraine,2021,savings-rate,rate annual,0.049448
Ukraine,2021,fac-share-labor,share,0.514373
Ukraine,2021,fac-share-capital,share,0.0601559
Ukraine,2021,fac-share-energy,share,0.425471
Ukraine,2021,energy-service,million 1990$,71465.2
Ukraine,2021,total-factor-productivity,million 1990$,0.0
Ukraine,2025,GDP,million 1990$,49179.0
Ukraine,2025,energy-investment,million 1990$,3333.64
Ukraine,2025,consumer-durable,million 1990$,150.22
Ukraine,2025,value-added,million 1990$,27814.5
Ukraine,2025,gross-output,million 1990$,48662.6
Ukraine,2025,savings,million 1990$,11082.9
Ukraine,2025,investment,million 1990$,13531.2
Ukraine,2025,capital-stock,million 1990$,224982.0
Ukraine,2025,depreciation,million 1990$,6554.78
Ukraine,2025,energy-service-value,million 1990$,20848.2
Ukraine,2025,energy-net-export,million 1990$,516.355
Ukraine,2025,materials-net-export,million 1990$,-2964.75
Ukraine,2025,capital-net-export,million 1990$,2448.39
Ukraine,2025,labor-wages,million 1990$,25003.4
Ukraine,2025,gdp-per-capita,thous 1990$ percap,1.32109
Ukraine,2025,gdp-per-capita-ppp,thous 1990$ percap,6.3315
Ukraine,2025,labor-force,thous pers,13395.2
Ukraine,2025,population,thous pers,37226.0
Ukraine,2025,savings-rate,rate annual,0.0548255
Ukraine,2025,fac-share-labor,share,0.513812
Ukraine,2025,fac-share-capital,share,0.0577657
Ukraine,2025,fac-share-energy,share,0.428422
Ukraine,2025,energy-service,million 1990$,62401.9
Ukraine,2025,total-factor-productivity,million 1990$,0.902604
Ukraine,2030,GDP,million 1990$,61364.0
Ukraine,2030,energy-investment,million 1990$,10198.7
Ukraine,2030,consumer-durable,million 1990$,7400.66
Ukraine,2030,value-added,million 1990$,33969.2
Ukraine,2030,gross-output,million 1990$,61382.9
Ukraine,2030,savings,million 1990$,9715.38
Ukraine,2030,investment,million 1990$,10939.6
Ukraine,2030,capital-stock,million 1990$,230510.0
Ukraine,2030,depreciation,million 1990$,6286.68
Ukraine,2030,energy-service-value,million 1990$,27413.7
Ukraine,2030,energy-net-export,million 1990$,-18.9112
Ukraine,2030,materials-net-export,million 1990$,-1205.28
Ukraine,2030,capital-net-export,million 1990$,1224.2
Ukraine,2030,labor-wages,million 1990$,30552.8
Ukraine,2030,gdp-per-capita,thous 1990$ percap,1.62403
Ukraine,2030,gdp-per-capita-ppp,thous 1990$ percap,7.78336
Ukraine,2030,labor-force,thous pers,13480.1
Ukraine,2030,population,thous pers,37785.0
Ukraine,2030,savings-rate,rate annual,0.0931276
Ukraine,2030,fac-share-labor,share,0.49774
Ukraine,2030,fac-share-capital,share,0.0556583
Ukraine,2030,fac-share-energy,share,0.446601
Ukraine,2030,energy-service,million 1990$,72928.9
Ukraine,2030,total-factor-productivity,million 1990$,1.05863
Ukraine,2035,GDP,million 1990$,74300.0
Ukraine,2035,energy-investment,million 1990$,13089.5
Ukraine,2035,consumer-durable,million 1990$,10692.2
Ukraine,2035,value-added,million 1990$,39880.1
Ukraine,2035,gross-output,million 1990$,74786.1
Ukraine,2035,savings,million 1990$,14472.9
Ukraine,2035,investment,million 1990$,14472.9
Ukraine,2035,capital-stock,million 1990$,185272.0
Ukraine,2035,depreciation,million 1990$,6441.13
Ukraine,2035,energy-service-value,million 1990$,34906.0
Ukraine,2035,energy-net-export,million 1990$,-486.133
Ukraine,2035,materials-net-export,million 1990$,486.133
Ukraine,2035,capital-net-export,million 1990$,0.0
Ukraine,2035,labor-wages,million 1990$,35633.4
Ukraine,2035,gdp-per-capita,thous 1990$ percap,1.9667
Ukraine,2035,gdp-per-capita-ppp,thous 1990$ percap,9.42565
Ukraine,2035,labor-force,thous pers,13398.1
Ukraine,2035,population,thous pers,37779.0
Ukraine,2035,savings-rate,rate annual,0.124661
Ukraine,2035,fac-share-labor,share,0.476471
Ukraine,2035,fac-share-capital,share,0.0567848
Ukraine,2035,fac-share-energy,share,0.466745
Ukraine,2035,energy-service,million 1990$,83411.7
Ukraine,2035,total-factor-productivity,million 1990$,1.23171
Ukraine,2040,GDP,million 1990$,87220.0
Ukraine,2040,energy-investment,million 1990$,16324.8
Ukraine,2040,consumer-durable,million 1990$,10505.6
Ukraine,2040,value-added,million 1990$,44655.3
Ukraine,2040,gross-output,million 1990$,87057.7
Ukraine,2040,savings,million 1990$,19866.8
Ukraine,2040,investment,million 1990$,19866.8
Ukraine,2040,capital-stock,million 1990$,142282.0
Ukraine,2040,depreciation,million 1990$,5177.05
Ukraine,2040,energy-service-value,million 1990$,42402.4
Ukraine,2040,energy-net-export,million 1990$,162.316
Ukraine,2040,materials-net-export,million 1990$,-162.316
Ukraine,2040,capital-net-export,million 1990$,0.0
Ukraine,2040,labor-wages,million 1990$,39592.9
Ukraine,2040,gdp-per-capita,thous 1990$ percap,2.33627
Ukraine,2040,gdp-per-capita-ppp,thous 1990$ percap,11.1969
Ukraine,2040,labor-force,thous pers,13007.0
Ukraine,2040,population,thous pers,37333.0
Ukraine,2040,savings-rate,rate annual,0.149465
Ukraine,2040,fac-share-labor,share,0.45479
Ukraine,2040,fac-share-capital,share,0.0581492
Ukraine,2040,fac-share-energy,share,0.487061
Ukraine,2040,energy-service,million 1990$,92879.8
Ukraine,2040,total-factor-productivity,million 1990$,1.40219
Ukraine,2045,GDP,million 1990$,99673.0
Ukraine,2045,energy-investment,million 1990$,15947.2
Ukraine,2045,consumer-durable,million 1990$,11610.4
Ukraine,2045,value-added,million 1990$,47762.1
Ukraine,2045,gross-output,million 1990$,96858.4
Ukraine,2045,savings,million 1990$,25484.9
Ukraine,2045,investment,million 1990$,25484.9
Ukraine,2045,capital-stock,million 1990$,117122.0
Ukraine,2045,depreciation,million 1990$,3975.8
Ukraine,2045,energy-service-value,million 1990$,49096.3
Ukraine,2045,energy-net-export,million 1990$,2814.64
Ukraine,2045,materials-net-export,million 1990$,-2814.64
Ukraine,2045,capital-net-export,million 1990$,0.0
Ukraine,2045,labor-wages,million 1990$,42140.3
Ukraine,2045,gdp-per-capita,thous 1990$ percap,2.72323
Ukraine,2045,gdp-per-capita-ppp,thous 1990$ percap,13.0514
Ukraine,2045,labor-force,thous pers,12334.9
Ukraine,2045,population,thous pers,36601.0
Ukraine,2045,savings-rate,rate annual,0.16838
Ukraine,2045,fac-share-labor,share,0.435071
Ukraine,2045,fac-share-capital,share,0.058041
Ukraine,2045,fac-share-energy,share,0.506888
Ukraine,2045,energy-service,million 1990$,101549.0
Ukraine,2045,total-factor-productivity,million 1990$,1.5454
Ukraine,2050,GDP,million 1990$,112135.0
Ukraine,2050,energy-investment,million 1990$,17921.4
Ukraine,2050,consumer-durable,million 1990$,10630.2
Ukraine,2050,value-added,million 1990$,50448.1
Ukraine,2050,gross-output,million 1990$,105920.0
Ukraine,2050,savings,million 1990$,31008.9
Ukraine,2050,investment,million 1990$,31008.9
Ukraine,2050,capital-stock,million 1990$,117966.0
Ukraine,2050,depreciation,million 1990$,3272.73
Ukraine,2050,energy-service-value,million 1990$,55472.2
Ukraine,2050,energy-net-export,million 1990$,6214.77
Ukraine,2050,materials-net-export,million 1990$,-6214.77
Ukraine,2050,capital-net-export,million 1990$,0.0
Ukraine,2050,labor-wages,million 1990$,44629.3
Ukraine,2050,gdp-per-capita,thous 1990$ percap,3.13489
Ukraine,2050,gdp-per-capita-ppp,thous 1990$ percap,15.0243
Ukraine,2050,labor-force,thous pers,11509.2
Ukraine,2050,population,thous pers,35770.0
Ukraine,2050,savings-rate,rate annual,0.18317
Ukraine,2050,fac-share-labor,share,0.421348
Ukraine,2050,fac-share-capital,share,0.0549356
Ukraine,2050,fac-share-energy,share,0.523716
Ukraine,2050,energy-service,million 1990$,109392.0
Ukraine,2050,total-factor-productivity,million 1990$,1.67472
Ukraine,2055,GDP,million 1990$,125002.0
Ukraine,2055,energy-investment,million 1990$,16877.0
Ukraine,2055,consumer-durable,million 1990$,13585.9
Ukraine,2055,value-added,million 1990$,53353.2
Ukraine,2055,gross-output,million 1990$,115313.0
Ukraine,2055,savings,million 1990$,36544.4
Ukraine,2055,investment,million 1990$,36544.4
Ukraine,2055,capital-stock,million 1990$,140172.0
Ukraine,2055,depreciation,million 1990$,3296.32
Ukraine,2055,energy-service-value,million 1990$,61960.2
Ukraine,2055,energy-net-export,million 1990$,9688.67
Ukraine,2055,materials-net-export,million 1990$,-9688.67
Ukraine,2055,capital-net-export,million 1990$,0.0
Ukraine,2055,labor-wages,million 1990$,47586.0
Ukraine,2055,gdp-per-capita,thous 1990$ percap,3.58295
Ukraine,2055,gdp-per-capita-ppp,thous 1990$ percap,17.1717
Ukraine,2055,labor-force,thous pers,10720.1
Ukraine,2055,population,thous pers,34888.0
Ukraine,2055,savings-rate,rate annual,0.195178
Ukraine,2055,fac-share-labor,share,0.412667
Ukraine,2055,fac-share-capital,share,0.0500133
Ukraine,2055,fac-share-energy,share,0.53732
Ukraine,2055,energy-service,million 1990$,116786.0
Ukraine,2055,total-factor-productivity,million 1990$,1.79767
Ukraine,2060,GDP,million 1990$,138597.0
Ukraine,2060,energy-investment,million 1990$,18281.8
Ukraine,2060,consumer-durable,million 1990$,14751.6
Ukraine,2060,value-added,million 1990$,57312.6
Ukraine,2060,gross-output,million 1990$,126359.0
Ukraine,2060,savings,million 1990$,42238.7
Ukraine,2060,investment,million 1990$,42238.7
Ukraine,2060,capital-stock,million 1990$,177331.0
Ukraine,2060,depreciation,million 1990$,3916.82
Ukraine,2060,energy-service-value,million 1990$,69046.1
Ukraine,2060,energy-net-export,million 1990$,12238.3
Ukraine,2060,materials-net-export,million 1990$,-12238.3
Ukraine,2060,capital-net-export,million 1990$,0.0
Ukraine,2060,labor-wages,million 1990$,51562.1
Ukraine,2060,gdp-per-capita,thous 1990$ percap,4.07411
Ukraine,2060,gdp-per-capita-ppp,thous 1990$ percap,19.5256
Ukraine,2060,labor-force,thous pers,10279.0
Ukraine,2060,population,thous pers,34019.0
Ukraine,2060,savings-rate,rate annual,0.205048
Ukraine,2060,fac-share-labor,share,0.408062
Ukraine,2060,fac-share-capital,share,0.0455094
Ukraine,2060,fac-share-energy,share,0.546429
Ukraine,2060,energy-service,million 1990$,124038.0
Ukraine,2060,total-factor-productivity,million 1990$,1.91811
Ukraine,2065,GDP,million 1990$,152532.0
Ukraine,2065,energy-investment,million 1990$,18482.8
Ukraine,2065,consumer-durable,million 1990$,15433.7
Ukraine,2065,value-added,million 1990$,61938.1
Ukraine,2065,gross-output,million 1990$,138154.0
Ukraine,2065,savings,million 1990$,48200.4
Ukraine,2065,investment,million 1990$,48200.4
Ukraine,2065,capital-stock,million 1990$,225615.0
Ukraine,2065,depreciation,million 1990$,4955.15
Ukraine,2065,energy-service-value,million 1990$,76216.0
Ukraine,2065,energy-net-export,million 1990$,14377.9
Ukraine,2065,materials-net-export,million 1990$,-14377.9
Ukraine,2065,capital-net-export,million 1990$,0.0
Ukraine,2065,labor-wages,million 1990$,56141.6
Ukraine,2065,gdp-per-capita,thous 1990$ percap,4.60182
Ukraine,2065,gdp-per-capita-ppp,thous 1990$ percap,22.0548
Ukraine,2065,labor-force,thous pers,10112.6
Ukraine,2065,population,thous pers,33146.0
Ukraine,2065,savings-rate,rate annual,0.212765
Ukraine,2065,fac-share-labor,share,0.40637
Ukraine,2065,fac-share-capital,share,0.0419561
Ukraine,2065,fac-share-energy,share,0.551674
Ukraine,2065,energy-service,million 1990$,130524.0
Ukraine,2065,total-factor-productivity,million 1990$,2.03139
Ukraine,2070,GDP,million 1990$,166459.0
Ukraine,2070,energy-investment,million 1990$,19193.3
Ukraine,2070,consumer-durable,million 1990$,16448.8
Ukraine,2070,value-added,million 1990$,66777.5
Ukraine,2070,gross-output,million 1990$,150170.0
Ukraine,2070,savings,million 1990$,54223.7
Ukraine,2070,investment,million 1990$,54223.7
Ukraine,2070,capital-stock,million 1990$,291825.0
Ukraine,2070,depreciation,million 1990$,6304.37
Ukraine,2070,energy-service-value,million 1990$,83392.9
Ukraine,2070,energy-net-export,million 1990$,16288.6
Ukraine,2070,materials-net-export,million 1990$,-16288.6
Ukraine,2070,capital-net-export,million 1990$,0.0
Ukraine,2070,labor-wages,million 1990$,60974.4
Ukraine,2070,gdp-per-capita,thous 1990$ percap,5.15529
Ukraine,2070,gdp-per-capita-ppp,thous 1990$ percap,24.7073
Ukraine,2070,labor-force,thous pers,9971.23
Ukraine,2070,population,thous pers,32289.0
Ukraine,2070,savings-rate,rate annual,0.218314
Ukraine,2070,fac-share-labor,share,0.406035
Ukraine,2070,fac-share-capital,share,0.0386435
Ukraine,2070,fac-share-energy,share,0.555322
Ukraine,2070,energy-service,million 1990$,135841.0
Ukraine,2070,total-factor-productivity,million 1990$,2.14981
Ukraine,2075,GDP,million 1990$,180137.0
Ukraine,2075,energy-investment,million 1990$,19824.4
Ukraine,2075,consumer-durable,million 1990$,17173.7
Ukraine,2075,value-added,million 1990$,71287.4
Ukraine,2075,gross-output,million 1990$,162412.0
Ukraine,2075,savings,million 1990$,60098.4
Ukraine,2075,investment,million 1990$,60098.4
Ukraine,2075,capital-stock,million 1990$,368904.0
Ukraine,2075,depreciation,million 1990$,8154.46
Ukraine,2075,energy-service-value,million 1990$,91124.2
Ukraine,2075,energy-net-export,million 1990$,17725.4
Ukraine,2075,materials-net-export,million 1990$,-17725.4
Ukraine,2075,capital-net-export,million 1990$,0.0
Ukraine,2075,labor-wages,million 1990$,65538.7
Ukraine,2075,gdp-per-capita,thous 1990$ percap,5.72481
Ukraine,2075,gdp-per-capita-ppp,thous 1990$ percap,27.4369
Ukraine,2075,labor-force,thous pers,9603.14
Ukraine,2075,population,thous pers,31466.0
Ukraine,2075,savings-rate,rate annual,0.221852
Ukraine,2075,fac-share-labor,share,0.403534
Ukraine,2075,fac-share-capital,share,0.0353961
Ukraine,2075,fac-share-energy,share,0.56107
Ukraine,2075,energy-service,million 1990$,140226.0
Ukraine,2075,total-factor-productivity,million 1990$,2.29919
Ukraine,2080,GDP,million 1990$,193676.0
Ukraine,2080,energy-investment,million 1990$,20667.1
Ukraine,2080,consumer-durable,million 1990$,18202.3
Ukraine,2080,value-added,million 1990$,75563.0
Ukraine,2080,gross-output,million 1990$,174914.0
Ukraine,2080,savings,million 1990$,65673.9
Ukraine,2080,investment,million 1990$,65673.9
Ukraine,2080,capital-stock,million 1990$,455751.0
Ukraine,2080,depreciation,million 1990$,10308.3
Ukraine,2080,energy-service-value,million 1990$,99350.6
Ukraine,2080,energy-net-export,million 1990$,18762.4
Ukraine,2080,materials-net-export,million 1990$,-18762.4
Ukraine,2080,capital-net-export,million 1990$,0.0
Ukraine,2080,labor-wages,million 1990$,69896.3
Ukraine,2080,gdp-per-capita,thous 1990$ percap,6.31154
Ukraine,2080,gdp-per-capita-ppp,thous 1990$ percap,30.2488
Ukraine,2080,labor-force,thous pers,9125.31
Ukraine,2080,population,thous pers,30686.0
Ukraine,2080,savings-rate,rate annual,0.223855
Ukraine,2080,fac-share-labor,share,0.399604
Ukraine,2080,fac-share-capital,share,0.0323975
Ukraine,2080,fac-share-energy,share,0.567998
Ukraine,2080,energy-service,million 1990$,143883.0
Ukraine,2080,total-factor-productivity,million 1990$,2.47321
Ukraine,2085,GDP,million 1990$,207489.0
Ukraine,2085,energy-investment,million 1990$,19582.7
Ukraine,2085,consumer-durable,million 1990$,19006.0
Ukraine,2085,value-added,million 1990$,80528.2
Ukraine,2085,gross-output,million 1990$,188653.0
Ukraine,2085,savings,million 1990$,70998.0
Ukraine,2085,investment,million 1990$,70998.0
Ukraine,2085,capital-stock,million 1990$,547449.0
Ukraine,2085,depreciation,million 1990$,12735.0
Ukraine,2085,energy-service-value,million 1990$,108125.0
Ukraine,2085,energy-net-export,million 1990$,18835.6
Ukraine,2085,materials-net-export,million 1990$,-18835.6
Ukraine,2085,capital-net-export,million 1990$,0.0
Ukraine,2085,labor-wages,million 1990$,74846.0
Ukraine,2085,gdp-per-capita,thous 1990$ percap,6.92923
Ukraine,2085,gdp-per-capita-ppp,thous 1990$ percap,33.2092
Ukraine,2085,labor-force,thous pers,8805.81
Ukraine,2085,population,thous pers,29944.0
Ukraine,2085,savings-rate,rate annual,0.224976
Ukraine,2085,fac-share-labor,share,0.396738
Ukraine,2085,fac-share-capital,share,0.0301201
Ukraine,2085,fac-share-energy,share,0.573142
Ukraine,2085,energy-service,million 1990$,147125.0
Ukraine,2085,total-factor-productivity,million 1990$,2.65618
Ukraine,2090,GDP,million 1990$,221867.0
Ukraine,2090,energy-investment,million 1990$,19458.0
Ukraine,2090,consumer-durable,million 1990$,19812.0
Ukraine,2090,value-added,million 1990$,86088.0
Ukraine,2090,gross-output,million 1990$,203914.0
Ukraine,2090,savings,million 1990$,76294.1
Ukraine,2090,investment,million 1990$,76294.1
Ukraine,2090,capital-stock,million 1990$,653400.0
Ukraine,2090,depreciation,million 1990$,15297.4
Ukraine,2090,energy-service-value,million 1990$,117826.0
Ukraine,2090,energy-net-export,million 1990$,17953.0
Ukraine,2090,materials-net-export,million 1990$,-17953.0
Ukraine,2090,capital-net-export,million 1990$,0.0
Ukraine,2090,labor-wages,million 1990$,80359.1
Ukraine,2090,gdp-per-capita,thous 1990$ percap,7.58831
Ukraine,2090,gdp-per-capita-ppp,thous 1990$ percap,36.3679
Ukraine,2090,labor-force,thous pers,8522.0
Ukraine,2090,population,thous pers,29238.0
Ukraine,2090,savings-rate,rate annual,0.225579
Ukraine,2090,fac-share-labor,share,0.394083
Ukraine,2090,fac-share-capital,share,0.0280946
Ukraine,2090,fac-share-energy,share,0.577822
Ukraine,2090,energy-service,million 1990$,150086.0
Ukraine,2090,total-factor-productivity,million 1990$,2.86056
Ukraine,2095,GDP,million 1990$,236703.0
Ukraine,2095,energy-investment,million 1990$,19722.1
Ukraine,2095,consumer-durable,million 1990$,20593.0
Ukraine,2095,value-added,million 1990$,92085.1
Ukraine,2095,gross-output,million 1990$,219863.0
Ukraine,2095,savings,million 1990$,81714.7
Ukraine,2095,investment,million 1990$,81714.7
Ukraine,2095,capital-stock,million 1990$,767762.0
Ukraine,2095,depreciation,million 1990$,18258.0
Ukraine,2095,energy-service-value,million 1990$,127778.0
Ukraine,2095,energy-net-export,million 1990$,16839.9
Ukraine,2095,materials-net-export,million 1990$,-16839.9
Ukraine,2095,capital-net-export,million 1990$,0.0
Ukraine,2095,labor-wages,million 1990$,86265.2
Ukraine,2095,gdp-per-capita,thous 1990$ percap,8.29228
Ukraine,2095,gdp-per-capita-ppp,thous 1990$ percap,39.7417
Ukraine,2095,labor-force,thous pers,8331.43
Ukraine,2095,population,thous pers,28545.0
Ukraine,2095,savings-rate,rate annual,0.225778
Ukraine,2095,fac-share-labor,share,0.392359
Ukraine,2095,fac-share-capital,share,0.0264702
Ukraine,2095,fac-share-energy,share,0.581171
Ukraine,2095,energy-service,million 1990$,152628.0
Ukraine,2095,total-factor-productivity,million 1990$,3.06818
Ukraine,2100,GDP,million 1990$,251676.0
Ukraine,2100,energy-investment,million 1990$,20739.0
Ukraine,2100,consumer-durable,million 1990$,21180.4
Ukraine,2100,value-added,million 1990$,97867.2
Ukraine,2100,gross-output,million 1990$,235678.0
Ukraine,2100,savings,million 1990$,87226.1
Ukraine,2100,investment,million 1990$,87226.1
Ukraine,2100,capital-stock,million 1990$,888131.0
Ukraine,2100,depreciation,million 1990$,21453.6
Ukraine,2100,energy-service-value,million 1990$,137810.0
Ukraine,2100,energy-net-export,million 1990$,15998.3
Ukraine,2100,materials-net-export,million 1990$,-15998.3
Ukraine,2100,capital-net-export,million 1990$,0.0
Ukraine,2100,labor-wages,million 1990$,91977.4
Ukraine,2100,gdp-per-capita,thous 1990$ percap,9.04528
Ukraine,2100,gdp-per-capita-ppp,thous 1990$ percap,43.3506
Ukraine,2100,labor-force,thous pers,8099.32
Ukraine,2100,population,thous pers,27824.0
Ukraine,2100,savings-rate,rate annual,0.225673
Ukraine,2100,fac-share-labor,share,0.390268
Ukraine,2100,fac-share-capital,share,0.0249908
Ukraine,2100,fac-share-energy,share,0.584741
Ukraine,2100,energy-service,million 1990$,154446.0
Ukraine,2100,total-factor-productivity,million 1990$,3.29021
Europe_Non_EU,1975,GDP,million 1990$,149361.0
Europe_Non_EU,1975,energy-investment,million 1990$,2938.46
Europe_Non_EU,1975,consumer-durable,million 1990$,0.141933
Europe_Non_EU,1975,value-added,million 1990$,141895.0
Europe_Non_EU,1975,gross-output,million 1990$,149363.0
Europe_Non_EU,1975,savings,million 1990$,19141.8
Europe_Non_EU,1975,investment,million 1990$,22646.3
Europe_Non_EU,1975,capital-stock,million 1990$,381164.0
Europe_Non_EU,1975,depreciation,million 1990$,17014.8
Europe_Non_EU,1975,energy-service-value,million 1990$,7468.16
Europe_Non_EU,1975,energy-net-export,million 1990$,-2.129
Europe_Non_EU,1975,materials-net-export,million 1990$,-3502.41
Europe_Non_EU,1975,capital-net-export,million 1990$,3504.54
Europe_Non_EU,1975,labor-wages,million 1990$,69867.7
Europe_Non_EU,1975,gdp-per-capita,thous 1990$ percap,1.97672
Europe_Non_EU,1975,gdp-per-capita-ppp,thous 1990$ percap,4.4155
Europe_Non_EU,1975,labor-force,thous pers,27862.3
Europe_Non_EU,1975,population,thous pers,75560.0
Europe_Non_EU,1975,savings-rate,rate annual,0.128158
Europe_Non_EU,1975,fac-share-labor,share,0.467771
Europe_Non_EU,1975,fac-share-capital,share,0.482229
Europe_Non_EU,1975,fac-share-energy,share,0.05
Europe_Non_EU,1975,energy-service,million 1990$,2.129
Europe_Non_EU,1975,total-factor-productivity,million 1990$,0.0
Europe_Non_EU,1990,GDP,million 1990$,291898.0
Europe_Non_EU,1990,energy-investment,million 1990$,6034.81
Europe_Non_EU,1990,consumer-durable,million 1990$,18351.3
Europe_Non_EU,1990,value-added,million 1990$,267859.0
Europe_Non_EU,1990,gross-output,million 1990$,304145.0
Europe_Non_EU,1990,savings,million 1990$,19141.9
Europe_Non_EU,1990,investment,million 1990$,25251.6
Europe_Non_EU,1990,capital-stock,million 1990$,740405.0
Europe_Non_EU,1990,depreciation,million 1990$,17014.8
Europe_Non_EU,1990,energy-service-value,million 1990$,36286.3
Europe_Non_EU,1990,energy-net-export,million 1990$,-12247.0
Europe_Non_EU,1990,materials-net-export,million 1990$,6137.28
Europe_Non_EU,1990,capital-net-export,million 1990$,6109.68
Europe_Non_EU,1990,labor-wages,million 1990$,141420.0
Europe_Non_EU,1990,gdp-per-capita,thous 1990$ percap,3.08841
Europe_Non_EU,1990,gdp-per-capita-ppp,thous 1990$ percap,6.89874
Europe_Non_EU,1990,labor-force,thous pers,32692.8
Europe_Non_EU,1990,population,thous pers,94514.0
Europe_Non_EU,1990,savings-rate,rate annual,0.143959
Europe_Non_EU,1990,fac-share-labor,share,0.464977
Europe_Non_EU,1990,fac-share-capital,share,0.415717
Europe_Non_EU,1990,fac-share-energy,share,0.119306
Europe_Non_EU,1990,energy-service,million 1990$,137704.0
Europe_Non_EU,1990,total-factor-productivity,million 1990$,0.0
Europe_Non_EU,2005,GDP,million 1990$,415673.0
Europe_Non_EU,2005,energy-investment,million 1990$,11440.7
Europe_Non_EU,2005,consumer-durable,million 1990$,22558.4
Europe_Non_EU,2005,value-added,million 1990$,368228.0
Europe_Non_EU,2005,gross-output,million 1990$,431612.0
Europe_Non_EU,2005,savings,million 1990$,60372.6
Europe_Non_EU,2005,investment,million 1990$,81734.4
Europe_Non_EU,2005,capital-stock,million 1990$,1123830.0
Europe_Non_EU,2005,depreciation,million 1990$,29813.1
Europe_Non_EU,2005,energy-service-value,million 1990$,63384.5
Europe_Non_EU,2005,energy-net-export,million 1990$,-15939.2
Europe_Non_EU,2005,materials-net-export,million 1990$,-5422.48
Europe_Non_EU,2005,capital-net-export,million 1990$,21361.7
Europe_Non_EU,2005,labor-wages,million 1990$,184260.0
Europe_Non_EU,2005,gdp-per-capita,thous 1990$ percap,3.90065
Europe_Non_EU,2005,gdp-per-capita-ppp,thous 1990$ percap,8.71308
Europe_Non_EU,2005,labor-force,thous pers,32380.0
Europe_Non_EU,2005,population,thous pers,106565.0
Europe_Non_EU,2005,savings-rate,rate annual,0.196501
Europe_Non_EU,2005,fac-share-labor,share,0.42691
Europe_Non_EU,2005,fac-share-capital,share,0.426235
Europe_Non_EU,2005,fac-share-energy,share,0.146855
Europe_Non_EU,2005,energy-service,million 1990$,170719.0
Europe_Non_EU,2005,total-factor-productivity,million 1990$,0.0
Europe_Non_EU,2010,GDP,million 1990$,488033.0
Europe_Non_EU,2010,energy-investment,million 1990$,13297.3
Europe_Non_EU,2010,consumer-durable,million 1990$,39532.7
Europe_Non_EU,2010,value-added,million 1990$,434910.0
Europe_Non_EU,2010,gross-output,million 1990$,520044.0
Europe_Non_EU,2010,savings,million 1990$,104239.0
Europe_Non_EU,2010,investment,million 1990$,129056.0
Europe_Non_EU,2010,capital-stock,million 1990$,1436510.0
Europe_Non_EU,2010,depreciation,million 1990$,50847.5
Europe_Non_EU,2010,energy-service-value,million 1990$,85133.4
Europe_Non_EU,2010,energy-net-export,million 1990$,-32010.6
Europe_Non_EU,2010,materials-net-export,million 1990$,7192.97
Europe_Non_EU,2010,capital-net-export,million 1990$,24817.6
Europe_Non_EU,2010,labor-wages,million 1990$,222240.0
Europe_Non_EU,2010,gdp-per-capita,thous 1990$ percap,4.44195
Europe_Non_EU,2010,gdp-per-capita-ppp,thous 1990$ percap,9.92221
Europe_Non_EU,2010,labor-force,thous pers,34584.7
Europe_Non_EU,2010,population,thous pers,109869.0
Europe_Non_EU,2010,savings-rate,rate annual,0.200423
Europe_Non_EU,2010,fac-share-labor,share,0.427349
Europe_Non_EU,2010,fac-share-capital,share,0.408947
Europe_Non_EU,2010,fac-share-energy,share,0.163704
Europe_Non_EU,2010,energy-service,million 1990$,213901.0
Europe_Non_EU,2010,total-factor-productivity,million 1990$,0.0
Europe_Non_EU,2015,GDP,million 1990$,646268.0
Europe_Non_EU,2015,energy-investment,million 1990$,17983.8
Europe_Non_EU,2015,consumer-durable,million 1990$,68857.7
Europe_Non_EU,2015,value-added,million 1990$,580543.0
Europe_Non_EU,2015,gross-output,million 1990$,686847.0
Europe_Non_EU,2015,savings,million 1990$,137346.0
Europe_Non_EU,2015,investment,million 1990$,156695.0
Europe_Non_EU,2015,capital-stock,million 1990$,1897610.0
Europe_Non_EU,2015,depreciation,million 1990$,71433.1
Europe_Non_EU,2015,energy-service-value,million 1990$,106304.0
Europe_Non_EU,2015,energy-net-export,million 1990$,-40578.7
Europe_Non_EU,2015,materials-net-export,million 1990$,21229.7
Europe_Non_EU,2015,capital-net-export,million 1990$,19349.0
Europe_Non_EU,2015,labor-wages,million 1990$,292789.0
Europe_Non_EU,2015,gdp-per-capita,thous 1990$ percap,5.60481
Europe_Non_EU,2015,gdp-per-capita-ppp,thous 1990$ percap,12.5197
Europe_Non_EU,2015,labor-force,thous pers,39444.9
Europe_Non_EU,2015,population,thous pers,115306.0
Europe_Non_EU,2015,savings-rate,rate annual,0.255996
Europe_Non_EU,2015,fac-share-labor,share,0.42628
Europe_Non_EU,2015,fac-share-capital,share,0.418949
Europe_Non_EU,2015,fac-share-energy,share,0.154771
Europe_Non_EU,2015,energy-service,million 1990$,290536.0
Europe_Non_EU,2015,total-factor-productivity,million 1990$,0.0
Europe_Non_EU,2021,GDP,million 1990$,788451.0
Europe_Non_EU,2021,energy-investment,million 1990$,21442.7
Europe_Non_EU,2021,consumer-durable,million 1990$,72433.3
Europe_Non_EU,2021,value-added,million 1990$,707770.0
Europe_Non_EU,2021,gross-output,million 1990$,816532.0
Europe_Non_EU,2021,savings,million 1990$,234300.0
Europe_Non_EU,2021,investment,million 1990$,262613.0
Europe_Non_EU,2021,capital-stock,million 1990$,2353650.0
Europe_Non_EU,2021,depreciation,million 1990$,100099.0
Europe_Non_EU,2021,energy-service-value,million 1990$,108762.0
Europe_Non_EU,2021,energy-net-export,million 1990$,-28081.3
Europe_Non_EU,2021,materials-net-export,million 1990$,-232.409
Europe_Non_EU,2021,capital-net-export,million 1990$,28313.7
Europe_Non_EU,2021,labor-wages,million 1990$,355912.0
Europe_Non_EU,2021,gdp-per-capita,thous 1990$ percap,6.60948
Europe_Non_EU,2021,gdp-per-capita-ppp,thous 1990$ percap,14.7639
Europe_Non_EU,2021,labor-force,thous pers,42081.2
Europe_Non_EU,2021,population,thous pers,119291.0
Europe_Non_EU,2021,savings-rate,rate annual,0.24456
Europe_Non_EU,2021,fac-share-labor,share,0.435883
Europe_Non_EU,2021,fac-share-capital,share,0.430917
Europe_Non_EU,2021,fac-share-energy,share,0.1332
Europe_Non_EU,2021,energy-service,million 1990$,355066.0
Europe_Non_EU,2021,total-factor-productivity,million 1990$,0.0
Europe_Non_EU,2025,GDP,million 1990$,954597.0
Europe_Non_EU,2025,energy-investment,million 1990$,39113.1
Europe_Non_EU,2025,consumer-durable,million 1990$,56391.6
Europe_Non_EU,2025,value-added,million 1990$,851451.0
Europe_Non_EU,2025,gross-output,million 1990$,986115.0
Europe_Non_EU,2025,savings,million 1990$,265257.0
Europe_Non_EU,2025,investment,million 1990$,285481.0
Europe_Non_EU,2025,capital-stock,million 1990$,2594500.0
Europe_Non_EU,2025,depreciation,million 1990$,126323.0
Europe_Non_EU,2025,energy-service-value,million 1990$,134663.0
Europe_Non_EU,2025,energy-net-export,million 1990$,-31517.6
Europe_Non_EU,2025,materials-net-export,million 1990$,11293.5
Europe_Non_EU,2025,capital-net-export,million 1990$,20224.1
Europe_Non_EU,2025,labor-wages,million 1990$,433381.0
Europe_Non_EU,2025,gdp-per-capita,thous 1990$ percap,7.87673
Europe_Non_EU,2025,gdp-per-capita-ppp,thous 1990$ percap,17.5947
Europe_Non_EU,2025,labor-force,thous pers,42747.8
Europe_Non_EU,2025,population,thous pers,121192.0
Europe_Non_EU,2025,savings-rate,rate annual,0.256998
Europe_Non_EU,2025,fac-share-labor,share,0.439484
Europe_Non_EU,2025,fac-share-capital,share,0.423957
Europe_Non_EU,2025,fac-share-energy,share,0.13656
Europe_Non_EU,2025,energy-service,million 1990$,397808.0
Europe_Non_EU,2025,total-factor-productivity,million 1990$,1.13298
Europe_Non_EU,2030,GDP,million 1990$,1143800.0
Europe_Non_EU,2030,energy-investment,million 1990$,41596.9
Europe_Non_EU,2030,consumer-durable,million 1990$,73218.1
Europe_Non_EU,2030,value-added,million 1990$,1014340.0
Europe_Non_EU,2030,gross-output,million 1990$,1176320.0
Europe_Non_EU,2030,savings,million 1990$,333027.0
Europe_Non_EU,2030,investment,million 1990$,343139.0
Europe_Non_EU,2030,capital-stock,million 1990$,3081290.0
Europe_Non_EU,2030,depreciation,million 1990$,139249.0
Europe_Non_EU,2030,energy-service-value,million 1990$,161986.0
Europe_Non_EU,2030,energy-net-export,million 1990$,-32525.8
Europe_Non_EU,2030,materials-net-export,million 1990$,22413.8
Europe_Non_EU,2030,capital-net-export,million 1990$,10112.0
Europe_Non_EU,2030,labor-wages,million 1990$,528223.0
Europe_Non_EU,2030,gdp-per-capita,thous 1990$ percap,9.27419
Europe_Non_EU,2030,gdp-per-capita-ppp,thous 1990$ percap,20.7162
Europe_Non_EU,2030,labor-force,thous pers,43390.6
Europe_Non_EU,2030,population,thous pers,123331.0
Europe_Non_EU,2030,savings-rate,rate annual,0.26603
Europe_Non_EU,2030,fac-share-labor,share,0.449047
Europe_Non_EU,2030,fac-share-capital,share,0.413248
Europe_Non_EU,2030,fac-share-energy,share,0.137705
Europe_Non_EU,2030,energy-service,million 1990$,444275.0
Europe_Non_EU,2030,total-factor-productivity,million 1990$,1.23056
Europe_Non_EU,2035,GDP,million 1990$,1330060.0
Europe_Non_EU,2035,energy-investment,million 1990$,44626.9
Europe_Non_EU,2035,consumer-durable,million 1990$,96977.9
Europe_Non_EU,2035,value-added,million 1990$,1174230.0
Europe_Non_EU,2035,gross-output,million 1990$,1362470.0
Europe_Non_EU,2035,savings,million 1990$,409362.0
Europe_Non_EU,2035,investment,million 1990$,409362.0
Europe_Non_EU,2035,capital-stock,million 1990$,3661440.0
Europe_Non_EU,2035,depreciation,million 1990$,165376.0
Europe_Non_EU,2035,energy-service-value,million 1990$,188239.0
Europe_Non_EU,2035,energy-net-export,million 1990$,-32406.6
Europe_Non_EU,2035,materials-net-export,million 1990$,32406.6
Europe_Non_EU,2035,capital-net-export,million 1990$,0.0
Europe_Non_EU,2035,labor-wages,million 1990$,625756.0
Europe_Non_EU,2035,gdp-per-capita,thous 1990$ percap,10.6494
Europe_Non_EU,2035,gdp-per-capita-ppp,thous 1990$ percap,23.7882
Europe_Non_EU,2035,labor-force,thous pers,43827.7
Europe_Non_EU,2035,population,thous pers,124895.0
Europe_Non_EU,2035,savings-rate,rate annual,0.269885
Europe_Non_EU,2035,fac-share-labor,share,0.459282
Europe_Non_EU,2035,fac-share-capital,share,0.402558
Europe_Non_EU,2035,fac-share-energy,share,0.13816
Europe_Non_EU,2035,energy-service,million 1990$,488335.0
Europe_Non_EU,2035,total-factor-productivity,million 1990$,1.30527
Europe_Non_EU,2040,GDP,million 1990$,1500380.0
Europe_Non_EU,2040,energy-investment,million 1990$,57173.7
Europe_Non_EU,2040,consumer-durable,million 1990$,97956.0
Europe_Non_EU,2040,value-added,million 1990$,1320550.0
Europe_Non_EU,2040,gross-output,million 1990$,1531950.0
Europe_Non_EU,2040,savings,million 1990$,481153.0
Europe_Non_EU,2040,investment,million 1990$,481153.0
Europe_Non_EU,2040,capital-stock,million 1990$,4303860.0
Europe_Non_EU,2040,depreciation,million 1990$,196513.0
Europe_Non_EU,2040,energy-service-value,million 1990$,211403.0
Europe_Non_EU,2040,energy-net-export,million 1990$,-31572.4
Europe_Non_EU,2040,materials-net-export,million 1990$,31572.4
Europe_Non_EU,2040,capital-net-export,million 1990$,0.0
Europe_Non_EU,2040,labor-wages,million 1990$,720412.0
Europe_Non_EU,2040,gdp-per-capita,thous 1990$ percap,11.9056
Europe_Non_EU,2040,gdp-per-capita-ppp,thous 1990$ percap,26.5941
Europe_Non_EU,2040,labor-force,thous pers,43486.4
Europe_Non_EU,2040,population,thous pers,126023.0
Europe_Non_EU,2040,savings-rate,rate annual,0.268947
Europe_Non_EU,2040,fac-share-labor,share,0.470258
Europe_Non_EU,2040,fac-share-capital,share,0.391746
Europe_Non_EU,2040,fac-share-energy,share,0.137996
Europe_Non_EU,2040,energy-service,million 1990$,522437.0
Europe_Non_EU,2040,total-factor-productivity,million 1990$,1.36857
Europe_Non_EU,2045,GDP,million 1990$,1660640.0
Europe_Non_EU,2045,energy-investment,million 1990$,51858.4
Europe_Non_EU,2045,consumer-durable,million 1990$,108456.0
Europe_Non_EU,2045,value-added,million 1990$,1457640.0
Europe_Non_EU,2045,gross-output,million 1990$,1690770.0
Europe_Non_EU,2045,savings,million 1990$,541358.0
Europe_Non_EU,2045,investment,million 1990$,541358.0
Europe_Non_EU,2045,capital-stock,million 1990$,5001080.0
Europe_Non_EU,2045,depreciation,million 1990$,230992.0
Europe_Non_EU,2045,energy-service-value,million 1990$,233129.0
Europe_Non_EU,2045,energy-net-export,million 1990$,-30137.6
Europe_Non_EU,2045,materials-net-export,million 1990$,30137.6
Europe_Non_EU,2045,capital-net-export,million 1990$,0.0
Europe_Non_EU,2045,labor-wages,million 1990$,813401.0
Europe_Non_EU,2045,gdp-per-capita,thous 1990$ percap,13.1046
Europe_Non_EU,2045,gdp-per-capita-ppp,thous 1990$ percap,29.2723
Europe_Non_EU,2045,labor-force,thous pers,42704.9
Europe_Non_EU,2045,population,thous pers,126722.0
Europe_Non_EU,2045,savings-rate,rate annual,0.265619
Europe_Non_EU,2045,fac-share-labor,share,0.481083
Europe_Non_EU,2045,fac-share-capital,share,0.381035
Europe_Non_EU,2045,fac-share-energy,share,0.137883
Europe_Non_EU,2045,energy-service,million 1990$,552191.0
Europe_Non_EU,2045,total-factor-productivity,million 1990$,1.42673
Europe_Non_EU,2050,GDP,million 1990$,1809140.0
Europe_Non_EU,2050,energy-investment,million 1990$,55942.4
Europe_Non_EU,2050,consumer-durable,million 1990$,100594.0
Europe_Non_EU,2050,value-added,million 1990$,1585380.0
Europe_Non_EU,2050,gross-output,million 1990$,1838700.0
Europe_Non_EU,2050,savings,million 1990$,593656.0
Europe_Non_EU,2050,investment,million 1990$,593656.0
Europe_Non_EU,2050,capital-stock,million 1990$,5741820.0
Europe_Non_EU,2050,depreciation,million 1990$,268413.0
Europe_Non_EU,2050,energy-service-value,million 1990$,253321.0
Europe_Non_EU,2050,energy-net-export,million 1990$,-29557.6
Europe_Non_EU,2050,materials-net-export,million 1990$,29557.6
Europe_Non_EU,2050,capital-net-export,million 1990$,0.0
Europe_Non_EU,2050,labor-wages,million 1990$,903979.0
Europe_Non_EU,2050,gdp-per-capita,thous 1990$ percap,14.2612
Europe_Non_EU,2050,gdp-per-capita-ppp,thous 1990$ percap,31.8558
Europe_Non_EU,2050,labor-force,thous pers,41571.1
Europe_Non_EU,2050,population,thous pers,126858.0
Europe_Non_EU,2050,savings-rate,rate annual,0.260854
Europe_Non_EU,2050,fac-share-labor,share,0.491641
Europe_Non_EU,2050,fac-share-capital,share,0.370587
Europe_Non_EU,2050,fac-share-energy,share,0.137772
Europe_Non_EU,2050,energy-service,million 1990$,576546.0
Europe_Non_EU,2050,total-factor-productivity,million 1990$,1.48363
Europe_Non_EU,2055,GDP,million 1990$,1950020.0
Europe_Non_EU,2055,energy-investment,million 1990$,54831.1
Europe_Non_EU,2055,consumer-durable,million 1990$,112674.0
Europe_Non_EU,2055,value-added,million 1990$,1706210.0
Europe_Non_EU,2055,gross-output,million 1990$,1979060.0
Europe_Non_EU,2055,savings,million 1990$,638124.0
Europe_Non_EU,2055,investment,million 1990$,638124.0
Europe_Non_EU,2055,capital-stock,million 1990$,6520700.0
Europe_Non_EU,2055,depreciation,million 1990$,308169.0
Europe_Non_EU,2055,energy-service-value,million 1990$,272844.0
Europe_Non_EU,2055,energy-net-export,million 1990$,-29037.2
Europe_Non_EU,2055,materials-net-export,million 1990$,29037.2
Europe_Non_EU,2055,capital-net-export,million 1990$,0.0
Europe_Non_EU,2055,labor-wages,million 1990$,992614.0
Europe_Non_EU,2055,gdp-per-capita,thous 1990$ percap,15.4231
Europe_Non_EU,2055,gdp-per-capita-ppp,thous 1990$ percap,34.4514
Europe_Non_EU,2055,labor-force,thous pers,40315.8
Europe_Non_EU,2055,population,thous pers,126435.0
Europe_Non_EU,2055,savings-rate,rate annual,0.255623
Europe_Non_EU,2055,fac-share-labor,share,0.501559
Europe_Non_EU,2055,fac-share-capital,share,0.360576
Europe_Non_EU,2055,fac-share-energy,share,0.137865
Europe_Non_EU,2055,energy-service,million 1990$,598784.0
Europe_Non_EU,2055,total-factor-productivity,million 1990$,1.53966
Europe_Non_EU,2060,GDP,million 1990$,2082360.0
Europe_Non_EU,2060,energy-investment,million 1990$,56780.4
Europe_Non_EU,2060,consumer-durable,million 1990$,116963.0
Europe_Non_EU,2060,value-added,million 1990$,1819580.0
Europe_Non_EU,2060,gross-output,million 1990$,2111100.0
Europe_Non_EU,2060,savings,million 1990$,677615.0
Europe_Non_EU,2060,investment,million 1990$,677615.0
Europe_Non_EU,2060,capital-stock,million 1990$,7239930.0
Europe_Non_EU,2060,depreciation,million 1990$,349972.0
Europe_Non_EU,2060,energy-service-value,million 1990$,291521.0
Europe_Non_EU,2060,energy-net-export,million 1990$,-28739.2
Europe_Non_EU,2060,materials-net-export,million 1990$,28739.2
Europe_Non_EU,2060,capital-net-export,million 1990$,0.0
Europe_Non_EU,2060,labor-wages,million 1990$,1076190.0
Europe_Non_EU,2060,gdp-per-capita,thous 1990$ percap,16.6013
Europe_Non_EU,2060,gdp-per-capita-ppp,thous 1990$ percap,37.0831
Europe_Non_EU,2060,labor-force,thous pers,39184.0
Europe_Non_EU,2060,population,thous pers,125434.0
Europe_Non_EU,2060,savings-rate,rate annual,0.250222
Europe_Non_EU,2060,fac-share-labor,share,0.509774
Europe_Non_EU,2060,fac-share-capital,share,0.352136
Europe_Non_EU,2060,fac-share-energy,share,0.13809
Europe_Non_EU,2060,energy-service,million 1990$,617216.0
Europe_Non_EU,2060,total-factor-productivity,million 1990$,1.59853
Europe_Non_EU,2065,GDP,million 1990$,2201180.0
Europe_Non_EU,2065,energy-investment,million 1990$,56945.6
Europe_Non_EU,2065,consumer-durable,million 1990$,117018.0
Europe_Non_EU,2065,value-added,million 1990$,1921550.0
Europe_Non_EU,2065,gross-output,million 1990$,2229640.0
Europe_Non_EU,2065,savings,million 1990$,712355.0
Europe_Non_EU,2065,investment,million 1990$,712355.0
Europe_Non_EU,2065,capital-stock,million 1990$,7913790.0
Europe_Non_EU,2065,depreciation,million 1990$,388574.0
Europe_Non_EU,2065,energy-service-value,million 1990$,308087.0
Europe_Non_EU,2065,energy-net-export,million 1990$,-28461.7
Europe_Non_EU,2065,materials-net-export,million 1990$,28461.7
Europe_Non_EU,2065,capital-net-export,million 1990$,0.0
Europe_Non_EU,2065,labor-wages,million 1990$,1152890.0
Europe_Non_EU,2065,gdp-per-capita,thous 1990$ percap,17.7524
Europe_Non_EU,2065,gdp-per-capita-ppp,thous 1990$ percap,39.6545
Europe_Non_EU,2065,labor-force,thous pers,38060.3
Europe_Non_EU,2065,population,thous pers,123993.0
Europe_Non_EU,2065,savings-rate,rate annual,0.244385
Europe_Non_EU,2065,fac-share-labor,share,0.517075
Europe_Non_EU,2065,fac-share-capital,share,0.344747
Europe_Non_EU,2065,fac-share-energy,share,0.138178
Europe_Non_EU,2065,energy-service,million 1990$,629765.0
Europe_Non_EU,2065,total-factor-productivity,million 1990$,1.65675
Europe_Non_EU,2070,GDP,million 1990$,2301800.0
Europe_Non_EU,2070,energy-investment,million 1990$,57451.8
Europe_Non_EU,2070,consumer-durable,million 1990$,118545.0
Europe_Non_EU,2070,value-added,million 1990$,2008390.0
Europe_Non_EU,2070,gross-output,million 1990$,2329970.0
Europe_Non_EU,2070,savings,million 1990$,740152.0
Europe_Non_EU,2070,investment,million 1990$,740152.0
Europe_Non_EU,2070,capital-stock,million 1990$,8549080.0
Europe_Non_EU,2070,depreciation,million 1990$,424741.0
Europe_Non_EU,2070,energy-service-value,million 1990$,321584.0
Europe_Non_EU,2070,energy-net-export,million 1990$,-28176.7
Europe_Non_EU,2070,materials-net-export,million 1990$,28176.7
Europe_Non_EU,2070,capital-net-export,million 1990$,0.0
Europe_Non_EU,2070,labor-wages,million 1990$,1219910.0
Europe_Non_EU,2070,gdp-per-capita,thous 1990$ percap,18.828
Europe_Non_EU,2070,gdp-per-capita-ppp,thous 1990$ percap,42.057
Europe_Non_EU,2070,labor-force,thous pers,37073.4
Europe_Non_EU,2070,population,thous pers,122254.0
Europe_Non_EU,2070,savings-rate,rate annual,0.237913
Europe_Non_EU,2070,fac-share-labor,share,0.523572
Europe_Non_EU,2070,fac-share-capital,share,0.338407
Europe_Non_EU,2070,fac-share-energy,share,0.13802
Europe_Non_EU,2070,energy-service,million 1990$,637431.0
Europe_Non_EU,2070,total-factor-productivity,million 1990$,1.70659
Europe_Non_EU,2075,GDP,million 1990$,2386270.0
Europe_Non_EU,2075,energy-investment,million 1990$,56279.5
Europe_Non_EU,2075,consumer-durable,million 1990$,118170.0
Europe_Non_EU,2075,value-added,million 1990$,2080450.0
Europe_Non_EU,2075,gross-output,million 1990$,2413920.0
Europe_Non_EU,2075,savings,million 1990$,759088.0
Europe_Non_EU,2075,investment,million 1990$,759088.0
Europe_Non_EU,2075,capital-stock,million 1990$,9107140.0
Europe_Non_EU,2075,depreciation,million 1990$,458838.0
Europe_Non_EU,2075,energy-service-value,million 1990$,333470.0
Europe_Non_EU,2075,energy-net-export,million 1990$,-27648.8
Europe_Non_EU,2075,materials-net-export,million 1990$,27648.8
Europe_Non_EU,2075,capital-net-export,million 1990$,0.0
Europe_Non_EU,2075,labor-wages,million 1990$,1277830.0
Europe_Non_EU,2075,gdp-per-capita,thous 1990$ percap,19.8376
Europe_Non_EU,2075,gdp-per-capita-ppp,thous 1990$ percap,44.3123
Europe_Non_EU,2075,labor-force,thous pers,35899.6
Europe_Non_EU,2075,population,thous pers,120290.0
Europe_Non_EU,2075,savings-rate,rate annual,0.231134
Europe_Non_EU,2075,fac-share-labor,share,0.529361
Europe_Non_EU,2075,fac-share-capital,share,0.332494
Europe_Non_EU,2075,fac-share-energy,share,0.138145
Europe_Non_EU,2075,energy-service,million 1990$,641940.0
Europe_Non_EU,2075,total-factor-productivity,million 1990$,1.75883
Europe_Non_EU,2080,GDP,million 1990$,2456730.0
Europe_Non_EU,2080,energy-investment,million 1990$,56953.1
Europe_Non_EU,2080,consumer-durable,million 1990$,119442.0
Europe_Non_EU,2080,value-added,million 1990$,2139700.0
Europe_Non_EU,2080,gross-output,million 1990$,2484040.0
Europe_Non_EU,2080,savings,million 1990$,770768.0
Europe_Non_EU,2080,investment,million 1990$,770768.0
Europe_Non_EU,2080,capital-stock,million 1990$,9590090.0
Europe_Non_EU,2080,depreciation,million 1990$,488789.0
Europe_Non_EU,2080,energy-service-value,million 1990$,344335.0
Europe_Non_EU,2080,energy-net-export,million 1990$,-27312.2
Europe_Non_EU,2080,materials-net-export,million 1990$,27312.2
Europe_Non_EU,2080,capital-net-export,million 1990$,0.0
Europe_Non_EU,2080,labor-wages,million 1990$,1328390.0
Europe_Non_EU,2080,gdp-per-capita,thous 1990$ percap,20.7945
Europe_Non_EU,2080,gdp-per-capita-ppp,thous 1990$ percap,46.4497
Europe_Non_EU,2080,labor-force,thous pers,34431.1
Europe_Non_EU,2080,population,thous pers,118143.0
Europe_Non_EU,2080,savings-rate,rate annual,0.224307
Europe_Non_EU,2080,fac-share-labor,share,0.534772
Europe_Non_EU,2080,fac-share-capital,share,0.326609
Europe_Non_EU,2080,fac-share-energy,share,0.138619
Europe_Non_EU,2080,energy-service,million 1990$,643176.0
Europe_Non_EU,2080,total-factor-productivity,million 1990$,1.81886
Europe_Non_EU,2085,GDP,million 1990$,2517810.0
Europe_Non_EU,2085,energy-investment,million 1990$,57418.2
Europe_Non_EU,2085,consumer-durable,million 1990$,119295.0
Europe_Non_EU,2085,value-added,million 1990$,2190150.0
Europe_Non_EU,2085,gross-output,million 1990$,2544940.0
Europe_Non_EU,2085,savings,million 1990$,776755.0
Europe_Non_EU,2085,investment,million 1990$,776755.0
Europe_Non_EU,2085,capital-stock,million 1990$,9974780.0
Europe_Non_EU,2085,depreciation,million 1990$,514710.0
Europe_Non_EU,2085,energy-service-value,million 1990$,354786.0
Europe_Non_EU,2085,energy-net-export,million 1990$,-27129.2
Europe_Non_EU,2085,materials-net-export,million 1990$,27129.2
Europe_Non_EU,2085,capital-net-export,million 1990$,0.0
Europe_Non_EU,2085,labor-wages,million 1990$,1373040.0
Europe_Non_EU,2085,gdp-per-capita,thous 1990$ percap,21.7322
Europe_Non_EU,2085,gdp-per-capita-ppp,thous 1990$ percap,48.5443
Europe_Non_EU,2085,labor-force,thous pers,32847.4
Europe_Non_EU,2085,population,thous pers,115856.0
Europe_Non_EU,2085,savings-rate,rate annual,0.217762
Europe_Non_EU,2085,fac-share-labor,share,0.539517
Europe_Non_EU,2085,fac-share-capital,share,0.321074
Europe_Non_EU,2085,fac-share-energy,share,0.139409
Europe_Non_EU,2085,energy-service,million 1990$,642285.0
Europe_Non_EU,2085,total-factor-productivity,million 1990$,1.88736
Europe_Non_EU,2090,GDP,million 1990$,2573570.0
Europe_Non_EU,2090,energy-investment,million 1990$,58039.5
Europe_Non_EU,2090,consumer-durable,million 1990$,118862.0
Europe_Non_EU,2090,value-added,million 1990$,2236870.0
Europe_Non_EU,2090,gross-output,million 1990$,2600310.0
Europe_Non_EU,2090,savings,million 1990$,779588.0
Europe_Non_EU,2090,investment,million 1990$,779588.0
Europe_Non_EU,2090,capital-stock,million 1990$,10278000.0
Europe_Non_EU,2090,depreciation,million 1990$,535356.0
Europe_Non_EU,2090,energy-service-value,million 1990$,363433.0
Europe_Non_EU,2090,energy-net-export,million 1990$,-26732.1
Europe_Non_EU,2090,materials-net-export,million 1990$,26732.1
Europe_Non_EU,2090,capital-net-export,million 1990$,0.0
Europe_Non_EU,2090,labor-wages,million 1990$,1412130.0
Europe_Non_EU,2090,gdp-per-capita,thous 1990$ percap,22.6782
Europe_Non_EU,2090,gdp-per-capita-ppp,thous 1990$ percap,50.6575
Europe_Non_EU,2090,labor-force,thous pers,31791.9
Europe_Non_EU,2090,population,thous pers,113482.0
Europe_Non_EU,2090,savings-rate,rate annual,0.211697
Europe_Non_EU,2090,fac-share-labor,share,0.543064
Europe_Non_EU,2090,fac-share-capital,share,0.317171
Europe_Non_EU,2090,fac-share-energy,share,0.139766
Europe_Non_EU,2090,energy-service,million 1990$,640043.0
Europe_Non_EU,2090,total-factor-productivity,million 1990$,1.9451
Europe_Non_EU,2095,GDP,million 1990$,2625870.0
Europe_Non_EU,2095,energy-investment,million 1990$,58301.9
Europe_Non_EU,2095,consumer-durable,million 1990$,118556.0
Europe_Non_EU,2095,value-added,million 1990$,2280050.0
Europe_Non_EU,2095,gross-output,million 1990$,2651810.0
Europe_Non_EU,2095,savings,million 1990$,781246.0
Europe_Non_EU,2095,investment,million 1990$,781246.0
Europe_Non_EU,2095,capital-stock,million 1990$,10514800.0
Europe_Non_EU,2095,depreciation,million 1990$,551632.0
Europe_Non_EU,2095,energy-service-value,million 1990$,371761.0
Europe_Non_EU,2095,energy-net-export,million 1990$,-25941.2
Europe_Non_EU,2095,materials-net-export,million 1990$,25941.2
Europe_Non_EU,2095,capital-net-export,million 1990$,0.0
Europe_Non_EU,2095,labor-wages,million 1990$,1448170.0
Europe_Non_EU,2095,gdp-per-capita,thous 1990$ percap,23.6448
Europe_Non_EU,2095,gdp-per-capita-ppp,thous 1990$ percap,52.8165
Europe_Non_EU,2095,labor-force,thous pers,30775.7
Europe_Non_EU,2095,population,thous pers,111055.0
Europe_Non_EU,2095,savings-rate,rate annual,0.206153
Europe_Non_EU,2095,fac-share-labor,share,0.546105
Europe_Non_EU,2095,fac-share-capital,share,0.313703
Europe_Non_EU,2095,fac-share-energy,share,0.140192
Europe_Non_EU,2095,energy-service,million 1990$,636760.0
Europe_Non_EU,2095,total-factor-productivity,million 1990$,2.00602
Europe_Non_EU,2100,GDP,million 1990$,2674610.0
Europe_Non_EU,2100,energy-investment,million 1990$,57815.7
Europe_Non_EU,2100,consumer-durable,million 1990$,117737.0
Europe_Non_EU,2100,value-added,million 1990$,2320140.0
Europe_Non_EU,2100,gross-output,million 1990$,2699770.0
Europe_Non_EU,2100,savings,million 1990$,782564.0
Europe_Non_EU,2100,investment,million 1990$,782564.0
Europe_Non_EU,2100,capital-stock,million 1990$,10700600.0
Europe_Non_EU,2100,depreciation,million 1990$,564338.0
Europe_Non_EU,2100,energy-service-value,million 1990$,379635.0
Europe_Non_EU,2100,energy-net-export,million 1990$,-25161.8
Europe_Non_EU,2100,materials-net-export,million 1990$,25161.8
Europe_Non_EU,2100,capital-net-export,million 1990$,0.0
Europe_Non_EU,2100,labor-wages,million 1990$,1481760.0
Europe_Non_EU,2100,gdp-per-capita,thous 1990$ percap,24.634
Europe_Non_EU,2100,gdp-per-capita-ppp,thous 1990$ percap,55.0262
Europe_Non_EU,2100,labor-force,thous pers,29777.2
Europe_Non_EU,2100,population,thous pers,108574.0
Europe_Non_EU,2100,savings-rate,rate annual,0.201094
Europe_Non_EU,2100,fac-share-labor,share,0.548845
Europe_Non_EU,2100,fac-share-capital,share,0.310537
Europe_Non_EU,2100,fac-share-energy,share,0.140617
Europe_Non_EU,2100,energy-service,million 1990$,631945.0
Europe_Non_EU,2100,total-factor-productivity,million 1990$,2.07039
European Free Trade Association,1975,GDP,million 1990$,296042.0
European Free Trade Association,1975,energy-investment,million 1990$,11649.4
European Free Trade Association,1975,consumer-durable,million 1990$,0.141933
European Free Trade Association,1975,value-added,million 1990$,233643.0
European Free Trade Association,1975,gross-output,million 1990$,296044.0
European Free Trade Association,1975,savings,million 1990$,92049.8
European Free Trade Association,1975,investment,million 1990$,80123.1
European Free Trade Association,1975,capital-stock,million 1990$,1011430.0
European Free Trade Association,1975,depreciation,million 1990$,52182.7
European Free Trade Association,1975,energy-service-value,million 1990$,62401.2
European Free Trade Association,1975,energy-net-export,million 1990$,-2.129
European Free Trade Association,1975,materials-net-export,million 1990$,11928.9
European Free Trade Association,1975,capital-net-export,million 1990$,-11926.7
European Free Trade Association,1975,labor-wages,million 1990$,188976.0
European Free Trade Association,1975,gdp-per-capita,thous 1990$ percap,27.9628
European Free Trade Association,1975,gdp-per-capita-ppp,thous 1990$ percap,20.9324
European Free Trade Association,1975,labor-force,thous pers,5023.68
European Free Trade Association,1975,population,thous pers,10587.0
European Free Trade Association,1975,savings-rate,rate annual,0.310935
European Free Trade Association,1975,fac-share-labor,share,0.638337
European Free Trade Association,1975,fac-share-capital,share,0.15088
European Free Trade Association,1975,fac-share-energy,share,0.210783
European Free Trade Association,1975,energy-service,million 1990$,2.129
European Free Trade Association,1975,total-factor-productivity,million 1990$,0.0
European Free Trade Association,1990,GDP,million 1990$,423315.0
European Free Trade Association,1990,energy-investment,million 1990$,13603.6
European Free Trade Association,1990,consumer-durable,million 1990$,9438.75
European Free Trade Association,1990,value-added,million 1990$,323063.0
European Free Trade Association,1990,gross-output,million 1990$,411832.0
European Free Trade Association,1990,savings,million 1990$,92050.0
European Free Trade Association,1990,investment,million 1990$,41954.1
European Free Trade Association,1990,capital-stock,million 1990$,1456690.0
European Free Trade Association,1990,depreciation,million 1990$,52182.7
European Free Trade Association,1990,energy-service-value,million 1990$,88768.7
European Free Trade Association,1990,energy-net-export,million 1990$,11483.1
European Free Trade Association,1990,materials-net-export,million 1990$,38612.8
European Free Trade Association,1990,capital-net-export,million 1990$,-50095.9
European Free Trade Association,1990,labor-wages,million 1990$,258325.0
European Free Trade Association,1990,gdp-per-capita,thous 1990$ percap,37.6715
European Free Trade Association,1990,gdp-per-capita-ppp,thous 1990$ percap,28.2002
European Free Trade Association,1990,labor-force,thous pers,6076.69
European Free Trade Association,1990,population,thous pers,11237.0
European Free Trade Association,1990,savings-rate,rate annual,0.393899
European Free Trade Association,1990,fac-share-labor,share,0.627258
European Free Trade Association,1990,fac-share-capital,share,0.157196
European Free Trade Association,1990,fac-share-energy,share,0.215546
European Free Trade Association,1990,energy-service,million 1990$,84732.1
European Free Trade Association,1990,total-factor-productivity,million 1990$,0.0
European Free Trade Association,2005,GDP,million 1990$,564990.0
European Free Trade Association,2005,energy-investment,million 1990$,22037.9
European Free Trade Association,2005,consumer-durable,million 1990$,11165.4
European Free Trade Association,2005,value-added,million 1990$,416485.0
European Free Trade Association,2005,gross-output,million 1990$,532663.0
European Free Trade Association,2005,savings,million 1990$,176182.0
European Free Trade Association,2005,investment,million 1990$,91419.0
European Free Trade Association,2005,capital-stock,million 1990$,1774510.0
European Free Trade Association,2005,depreciation,million 1990$,62152.7
European Free Trade Association,2005,energy-service-value,million 1990$,116178.0
European Free Trade Association,2005,energy-net-export,million 1990$,32327.5
European Free Trade Association,2005,materials-net-export,million 1990$,52435.6
European Free Trade Association,2005,capital-net-export,million 1990$,-84763.1
European Free Trade Association,2005,labor-wages,million 1990$,317266.0
European Free Trade Association,2005,gdp-per-capita,thous 1990$ percap,45.6226
European Free Trade Association,2005,gdp-per-capita-ppp,thous 1990$ percap,34.1521
European Free Trade Association,2005,labor-force,thous pers,6600.28
European Free Trade Association,2005,population,thous pers,12384.0
European Free Trade Association,2005,savings-rate,rate annual,0.409542
European Free Trade Association,2005,fac-share-labor,share,0.595624
European Free Trade Association,2005,fac-share-capital,share,0.186268
European Free Trade Association,2005,fac-share-energy,share,0.218108
European Free Trade Association,2005,energy-service,million 1990$,100762.0
European Free Trade Association,2005,total-factor-productivity,million 1990$,0.0
European Free Trade Association,2010,GDP,million 1990$,617666.0
European Free Trade Association,2010,energy-investment,million 1990$,24204.9
European Free Trade Association,2010,consumer-durable,million 1990$,13680.3
European Free Trade Association,2010,value-added,million 1990$,457949.0
European Free Trade Association,2010,gross-output,million 1990$,566869.0
European Free Trade Association,2010,savings,million 1990$,242552.0
European Free Trade Association,2010,investment,million 1990$,152874.0
European Free Trade Association,2010,capital-stock,million 1990$,1945110.0
European Free Trade Association,2010,depreciation,million 1990$,76669.3
European Free Trade Association,2010,energy-service-value,million 1990$,108920.0
European Free Trade Association,2010,energy-net-export,million 1990$,50796.8
European Free Trade Association,2010,materials-net-export,million 1990$,38881.4
European Free Trade Association,2010,capital-net-export,million 1990$,-89678.2
European Free Trade Association,2010,labor-wages,million 1990$,351360.0
European Free Trade Association,2010,gdp-per-capita,thous 1990$ percap,47.2728
European Free Trade Association,2010,gdp-per-capita-ppp,thous 1990$ percap,35.3874
European Free Trade Association,2010,labor-force,thous pers,7170.27
European Free Trade Association,2010,population,thous pers,13066.0
European Free Trade Association,2010,savings-rate,rate annual,0.4016
European Free Trade Association,2010,fac-share-labor,share,0.619825
European Free Trade Association,2010,fac-share-capital,share,0.188031
European Free Trade Association,2010,fac-share-energy,share,0.192143
European Free Trade Association,2010,energy-service,million 1990$,110377.0
European Free Trade Association,2010,total-factor-productivity,million 1990$,0.0
European Free Trade Association,2015,GDP,million 1990$,674042.0
European Free Trade Association,2015,energy-investment,million 1990$,23239.2
European Free Trade Association,2015,consumer-durable,million 1990$,12446.5
European Free Trade Association,2015,value-added,million 1990$,515893.0
European Free Trade Association,2015,gross-output,million 1990$,619119.0
European Free Trade Association,2015,savings,million 1990$,261735.0
European Free Trade Association,2015,investment,million 1990$,172622.0
European Free Trade Association,2015,capital-stock,million 1990$,2166160.0
European Free Trade Association,2015,depreciation,million 1990$,89762.8
European Free Trade Association,2015,energy-service-value,million 1990$,103226.0
European Free Trade Association,2015,energy-net-export,million 1990$,54923.5
European Free Trade Association,2015,materials-net-export,million 1990$,34189.3
European Free Trade Association,2015,capital-net-export,million 1990$,-89112.7
European Free Trade Association,2015,labor-wages,million 1990$,401696.0
European Free Trade Association,2015,gdp-per-capita,thous 1990$ percap,48.6989
European Free Trade Association,2015,gdp-per-capita-ppp,thous 1990$ percap,36.4551
European Free Trade Association,2015,labor-force,thous pers,7767.67
European Free Trade Association,2015,population,thous pers,13841.0
European Free Trade Association,2015,savings-rate,rate annual,0.383496
European Free Trade Association,2015,fac-share-labor,share,0.648819
European Free Trade Association,2015,fac-share-capital,share,0.184451
European Free Trade Association,2015,fac-share-energy,share,0.16673
European Free Trade Association,2015,energy-service,million 1990$,118143.0
European Free Trade Association,2015,total-factor-productivity,million 1990$,0.0
European Free Trade Association,2021,GDP,million 1990$,724636.0
European Free Trade Association,2021,energy-investment,million 1990$,25614.0
European Free Trade Association,2021,consumer-durable,million 1990$,11276.0
European Free Trade Association,2021,value-added,million 1990$,553548.0
European Free Trade Association,2021,gross-output,million 1990$,690142.0
European Free Trade Association,2021,savings,million 1990$,270939.0
European Free Trade Association,2021,investment,million 1990$,175951.0
European Free Trade Association,2021,capital-stock,million 1990$,2336930.0
European Free Trade Association,2021,depreciation,million 1990$,103362.0
European Free Trade Association,2021,energy-service-value,million 1990$,136594.0
European Free Trade Association,2021,energy-net-export,million 1990$,34494.3
European Free Trade Association,2021,materials-net-export,million 1990$,60493.5
European Free Trade Association,2021,capital-net-export,million 1990$,-94987.8
European Free Trade Association,2021,labor-wages,million 1990$,431671.0
European Free Trade Association,2021,gdp-per-capita,thous 1990$ percap,49.9611
European Free Trade Association,2021,gdp-per-capita-ppp,thous 1990$ percap,37.3999
European Free Trade Association,2021,labor-force,thous pers,8160.46
European Free Trade Association,2021,population,thous pers,14504.0
European Free Trade Association,2021,savings-rate,rate annual,0.382882
European Free Trade Association,2021,fac-share-labor,share,0.625482
European Free Trade Association,2021,fac-share-capital,share,0.176596
European Free Trade Association,2021,fac-share-energy,share,0.197922
European Free Trade Association,2021,energy-service,million 1990$,111492.0
European Free Trade Association,2021,total-factor-productivity,million 1990$,0.0
European Free Trade Association,2025,GDP,million 1990$,790649.0
European Free Trade Association,2025,energy-investment,million 1990$,25889.7
European Free Trade Association,2025,consumer-durable,million 1990$,7451.84
European Free Trade Association,2025,value-added,million 1990$,605568.0
European Free Trade Association,2025,gross-output,million 1990$,754059.0
European Free Trade Association,2025,savings,million 1990$,288726.0
European Free Trade Association,2025,investment,million 1990$,220878.0
European Free Trade Association,2025,capital-stock,million 1990$,2598950.0
European Free Trade Association,2025,depreciation,million 1990$,113512.0
European Free Trade Association,2025,energy-service-value,million 1990$,148491.0
European Free Trade Association,2025,energy-net-export,million 1990$,36590.1
European Free Trade Association,2025,materials-net-export,million 1990$,31258.3
European Free Trade Association,2025,capital-net-export,million 1990$,-67848.4
European Free Trade Association,2025,labor-wages,million 1990$,475284.0
European Free Trade Association,2025,gdp-per-capita,thous 1990$ percap,53.3501
European Free Trade Association,2025,gdp-per-capita-ppp,thous 1990$ percap,39.9368
European Free Trade Association,2025,labor-force,thous pers,8224.45
European Free Trade Association,2025,population,thous pers,14820.0
European Free Trade Association,2025,savings-rate,rate annual,0.362536
European Free Trade Association,2025,fac-share-labor,share,0.630301
European Free Trade Association,2025,fac-share-capital,share,0.172777
European Free Trade Association,2025,fac-share-energy,share,0.196922
European Free Trade Association,2025,energy-service,million 1990$,113360.0
European Free Trade Association,2025,total-factor-productivity,million 1990$,1.06378
European Free Trade Association,2030,GDP,million 1990$,846531.0
European Free Trade Association,2030,energy-investment,million 1990$,8503.72
European Free Trade Association,2030,consumer-durable,million 1990$,11305.7
European Free Trade Association,2030,value-added,million 1990$,650575.0
European Free Trade Association,2030,gross-output,million 1990$,810396.0
European Free Trade Association,2030,savings,million 1990$,298942.0
European Free Trade Association,2030,investment,million 1990$,265018.0
European Free Trade Association,2030,capital-stock,million 1990$,3077350.0
European Free Trade Association,2030,depreciation,million 1990$,126239.0
European Free Trade Association,2030,energy-service-value,million 1990$,159822.0
European Free Trade Association,2030,energy-net-export,million 1990$,36134.7
European Free Trade Association,2030,materials-net-export,million 1990$,-2210.46
European Free Trade Association,2030,capital-net-export,million 1990$,-33924.2
European Free Trade Association,2030,labor-wages,million 1990$,516305.0
European Free Trade Association,2030,gdp-per-capita,thous 1990$ percap,55.9912
European Free Trade Association,2030,gdp-per-capita-ppp,thous 1990$ percap,41.9139
European Free Trade Association,2030,labor-force,thous pers,8170.67
European Free Trade Association,2030,population,thous pers,15119.0
European Free Trade Association,2030,savings-rate,rate annual,0.341736
European Free Trade Association,2030,fac-share-labor,share,0.637102
European Free Trade Association,2030,fac-share-capital,share,0.165684
European Free Trade Association,2030,fac-share-energy,share,0.197214
European Free Trade Association,2030,energy-service,million 1990$,117295.0
European Free Trade Association,2030,total-factor-productivity,million 1990$,1.10818
European Free Trade Association,2035,GDP,million 1990$,903093.0
European Free Trade Association,2035,energy-investment,million 1990$,12245.7
European Free Trade Association,2035,consumer-durable,million 1990$,15133.3
European Free Trade Association,2035,value-added,million 1990$,696257.0
European Free Trade Association,2035,gross-output,million 1990$,867935.0
European Free Trade Association,2035,savings,million 1990$,302463.0
European Free Trade Association,2035,investment,million 1990$,302463.0
European Free Trade Association,2035,capital-stock,million 1990$,3681620.0
European Free Trade Association,2035,depreciation,million 1990$,149476.0
European Free Trade Association,2035,energy-service-value,million 1990$,171679.0
European Free Trade Association,2035,energy-net-export,million 1990$,35157.7
European Free Trade Association,2035,materials-net-export,million 1990$,-35157.7
European Free Trade Association,2035,capital-net-export,million 1990$,0.0
European Free Trade Association,2035,labor-wages,million 1990$,559013.0
European Free Trade Association,2035,gdp-per-capita,thous 1990$ percap,58.6386
European Free Trade Association,2035,gdp-per-capita-ppp,thous 1990$ percap,43.8957
European Free Trade Association,2035,labor-force,thous pers,8068.35
European Free Trade Association,2035,population,thous pers,15401.0
European Free Trade Association,2035,savings-rate,rate annual,0.322856
European Free Trade Association,2035,fac-share-labor,share,0.644072
European Free Trade Association,2035,fac-share-capital,share,0.158126
European Free Trade Association,2035,fac-share-energy,share,0.197801
European Free Trade Association,2035,energy-service,million 1990$,121293.0
European Free Trade Association,2035,total-factor-productivity,million 1990$,1.15459
European Free Trade Association,2040,GDP,million 1990$,958172.0
European Free Trade Association,2040,energy-investment,million 1990$,23747.5
European Free Trade Association,2040,consumer-durable,million 1990$,15065.5
European Free Trade Association,2040,value-added,million 1990$,740480.0
European Free Trade Association,2040,gross-output,million 1990$,924393.0
European Free Trade Association,2040,savings,million 1990$,305622.0
European Free Trade Association,2040,investment,million 1990$,305622.0
European Free Trade Association,2040,capital-stock,million 1990$,4132700.0
European Free Trade Association,2040,depreciation,million 1990$,178827.0
European Free Trade Association,2040,energy-service-value,million 1990$,183914.0
European Free Trade Association,2040,energy-net-export,million 1990$,33778.7
European Free Trade Association,2040,materials-net-export,million 1990$,-33778.7
European Free Trade Association,2040,capital-net-export,million 1990$,0.0
European Free Trade Association,2040,labor-wages,million 1990$,598919.0
European Free Trade Association,2040,gdp-per-capita,thous 1990$ percap,61.1079
European Free Trade Association,2040,gdp-per-capita-ppp,thous 1990$ percap,45.7442
European Free Trade Association,2040,labor-force,thous pers,7979.93
European Free Trade Association,2040,population,thous pers,15680.0
European Free Trade Association,2040,savings-rate,rate annual,0.305264
European Free Trade Association,2040,fac-share-labor,share,0.647905
European Free Trade Association,2040,fac-share-capital,share,0.153139
European Free Trade Association,2040,fac-share-energy,share,0.198956
European Free Trade Association,2040,energy-service,million 1990$,124747.0
European Free Trade Association,2040,total-factor-productivity,million 1990$,1.20965
European Free Trade Association,2045,GDP,million 1990$,1013790.0
European Free Trade Association,2045,energy-investment,million 1990$,21293.6
European Free Trade Association,2045,consumer-durable,million 1990$,16577.1
European Free Trade Association,2045,value-added,million 1990$,783307.0
European Free Trade Association,2045,gross-output,million 1990$,979475.0
European Free Trade Association,2045,savings,million 1990$,307406.0
European Free Trade Association,2045,investment,million 1990$,307406.0
European Free Trade Association,2045,capital-stock,million 1990$,4440570.0
European Free Trade Association,2045,depreciation,million 1990$,200737.0
European Free Trade Association,2045,energy-service-value,million 1990$,196167.0
European Free Trade Association,2045,energy-net-export,million 1990$,34311.2
European Free Trade Association,2045,materials-net-export,million 1990$,-34311.2
European Free Trade Association,2045,capital-net-export,million 1990$,0.0
European Free Trade Association,2045,labor-wages,million 1990$,636314.0
European Free Trade Association,2045,gdp-per-capita,thous 1990$ percap,63.4807
European Free Trade Association,2045,gdp-per-capita-ppp,thous 1990$ percap,47.5203
European Free Trade Association,2045,labor-force,thous pers,7944.01
European Free Trade Association,2045,population,thous pers,15970.0
European Free Trade Association,2045,savings-rate,rate annual,0.289093
European Free Trade Association,2045,fac-share-labor,share,0.649648
European Free Trade Association,2045,fac-share-capital,share,0.150074
European Free Trade Association,2045,fac-share-energy,share,0.200278
European Free Trade Association,2045,energy-service,million 1990$,128098.0
European Free Trade Association,2045,total-factor-productivity,million 1990$,1.26484
European Free Trade Association,2050,GDP,million 1990$,1070300.0
European Free Trade Association,2050,energy-investment,million 1990$,21300.7
European Free Trade Association,2050,consumer-durable,million 1990$,14355.1
European Free Trade Association,2050,value-added,million 1990$,825995.0
European Free Trade Association,2050,gross-output,million 1990$,1035290.0
European Free Trade Association,2050,savings,million 1990$,308854.0
European Free Trade Association,2050,investment,million 1990$,308854.0
European Free Trade Association,2050,capital-stock,million 1990$,4691450.0
European Free Trade Association,2050,depreciation,million 1990$,215692.0
European Free Trade Association,2050,energy-service-value,million 1990$,209293.0
European Free Trade Association,2050,energy-net-export,million 1990$,35014.8
European Free Trade Association,2050,materials-net-export,million 1990$,-35014.8
European Free Trade Association,2050,capital-net-export,million 1990$,0.0
European Free Trade Association,2050,labor-wages,million 1990$,673393.0
European Free Trade Association,2050,gdp-per-capita,thous 1990$ percap,65.7191
European Free Trade Association,2050,gdp-per-capita-ppp,thous 1990$ percap,49.196
European Free Trade Association,2050,labor-force,thous pers,7872.64
European Free Trade Association,2050,population,thous pers,16286.0
European Free Trade Association,2050,savings-rate,rate annual,0.27415
European Free Trade Association,2050,fac-share-labor,share,0.650441
European Free Trade Association,2050,fac-share-capital,share,0.1474
European Free Trade Association,2050,fac-share-energy,share,0.202159
European Free Trade Association,2050,energy-service,million 1990$,131510.0
European Free Trade Association,2050,total-factor-productivity,million 1990$,1.3268
European Free Trade Association,2055,GDP,million 1990$,1127220.0
European Free Trade Association,2055,energy-investment,million 1990$,22855.9
European Free Trade Association,2055,consumer-durable,million 1990$,15834.3
European Free Trade Association,2055,value-added,million 1990$,865351.0
European Free Trade Association,2055,gross-output,million 1990$,1087040.0
European Free Trade Association,2055,savings,million 1990$,310078.0
European Free Trade Association,2055,investment,million 1990$,310078.0
European Free Trade Association,2055,capital-stock,million 1990$,4902640.0
European Free Trade Association,2055,depreciation,million 1990$,227878.0
European Free Trade Association,2055,energy-service-value,million 1990$,221686.0
European Free Trade Association,2055,energy-net-export,million 1990$,40187.4
European Free Trade Association,2055,materials-net-export,million 1990$,-40187.4
European Free Trade Association,2055,capital-net-export,million 1990$,0.0
European Free Trade Association,2055,labor-wages,million 1990$,707588.0
European Free Trade Association,2055,gdp-per-capita,thous 1990$ percap,68.0609
European Free Trade Association,2055,gdp-per-capita-ppp,thous 1990$ percap,50.949
European Free Trade Association,2055,labor-force,thous pers,7792.79
European Free Trade Association,2055,population,thous pers,16562.0
European Free Trade Association,2055,savings-rate,rate annual,0.26087
European Free Trade Association,2055,fac-share-labor,share,0.650933
European Free Trade Association,2055,fac-share-capital,share,0.145131
European Free Trade Association,2055,fac-share-energy,share,0.203936
European Free Trade Association,2055,energy-service,million 1990$,134398.0
European Free Trade Association,2055,total-factor-productivity,million 1990$,1.38726
European Free Trade Association,2060,GDP,million 1990$,1186380.0
European Free Trade Association,2060,energy-investment,million 1990$,20547.7
European Free Trade Association,2060,consumer-durable,million 1990$,16511.9
European Free Trade Association,2060,value-added,million 1990$,910017.0
European Free Trade Association,2060,gross-output,million 1990$,1145240.0
European Free Trade Association,2060,savings,million 1990$,311600.0
European Free Trade Association,2060,investment,million 1990$,311600.0
European Free Trade Association,2060,capital-stock,million 1990$,5060420.0
European Free Trade Association,2060,depreciation,million 1990$,238136.0
European Free Trade Association,2060,energy-service-value,million 1990$,235224.0
European Free Trade Association,2060,energy-net-export,million 1990$,41140.9
European Free Trade Association,2060,materials-net-export,million 1990$,-41140.9
European Free Trade Association,2060,capital-net-export,million 1990$,0.0
European Free Trade Association,2060,labor-wages,million 1990$,745577.0
European Free Trade Association,2060,gdp-per-capita,thous 1990$ percap,70.6221
European Free Trade Association,2060,gdp-per-capita-ppp,thous 1990$ percap,52.8663
European Free Trade Association,2060,labor-force,thous pers,7757.86
European Free Trade Association,2060,population,thous pers,16799.0
European Free Trade Association,2060,savings-rate,rate annual,0.249309
European Free Trade Association,2060,fac-share-labor,share,0.651023
European Free Trade Association,2060,fac-share-capital,share,0.143585
European Free Trade Association,2060,fac-share-energy,share,0.205392
European Free Trade Association,2060,energy-service,million 1990$,137109.0
European Free Trade Association,2060,total-factor-productivity,million 1990$,1.45318
European Free Trade Association,2065,GDP,million 1990$,1248220.0
European Free Trade Association,2065,energy-investment,million 1990$,22167.4
European Free Trade Association,2065,consumer-durable,million 1990$,16556.8
European Free Trade Association,2065,value-added,million 1990$,957153.0
European Free Trade Association,2065,gross-output,million 1990$,1205380.0
European Free Trade Association,2065,savings,million 1990$,314237.0
European Free Trade Association,2065,investment,million 1990$,314237.0
European Free Trade Association,2065,capital-stock,million 1990$,5202790.0
European Free Trade Association,2065,depreciation,million 1990$,245800.0
European Free Trade Association,2065,energy-service-value,million 1990$,248229.0
European Free Trade Association,2065,energy-net-export,million 1990$,42840.1
European Free Trade Association,2065,materials-net-export,million 1990$,-42840.1
European Free Trade Association,2065,capital-net-export,million 1990$,0.0
European Free Trade Association,2065,labor-wages,million 1990$,785107.0
European Free Trade Association,2065,gdp-per-capita,thous 1990$ percap,73.4594
European Free Trade Association,2065,gdp-per-capita-ppp,thous 1990$ percap,54.9902
European Free Trade Association,2065,labor-force,thous pers,7806.72
European Free Trade Association,2065,population,thous pers,16992.0
European Free Trade Association,2065,savings-rate,rate annual,0.239361
European Free Trade Association,2065,fac-share-labor,share,0.651335
European Free Trade Association,2065,fac-share-capital,share,0.142732
European Free Trade Association,2065,fac-share-energy,share,0.205934
European Free Trade Association,2065,energy-service,million 1990$,139428.0
European Free Trade Association,2065,total-factor-productivity,million 1990$,1.51199
European Free Trade Association,2070,GDP,million 1990$,1309450.0
European Free Trade Association,2070,energy-investment,million 1990$,23117.4
European Free Trade Association,2070,consumer-durable,million 1990$,16868.0
European Free Trade Association,2070,value-added,million 1990$,1003150.0
European Free Trade Association,2070,gross-output,million 1990$,1264100.0
European Free Trade Association,2070,savings,million 1990$,318199.0
European Free Trade Association,2070,investment,million 1990$,318199.0
European Free Trade Association,2070,capital-stock,million 1990$,5324200.0
European Free Trade Association,2070,depreciation,million 1990$,252715.0
European Free Trade Association,2070,energy-service-value,million 1990$,260950.0
European Free Trade Association,2070,energy-net-export,million 1990$,45351.6
European Free Trade Association,2070,materials-net-export,million 1990$,-45351.6
European Free Trade Association,2070,capital-net-export,million 1990$,0.0
European Free Trade Association,2070,labor-wages,million 1990$,823608.0
European Free Trade Association,2070,gdp-per-capita,thous 1990$ percap,76.2859
European Free Trade Association,2070,gdp-per-capita-ppp,thous 1990$ percap,57.1061
European Free Trade Association,2070,labor-force,thous pers,7850.38
European Free Trade Association,2070,population,thous pers,17165.0
European Free Trade Association,2070,savings-rate,rate annual,0.230239
European Free Trade Association,2070,fac-share-labor,share,0.651539
European Free Trade Association,2070,fac-share-capital,share,0.142029
European Free Trade Association,2070,fac-share-energy,share,0.206432
European Free Trade Association,2070,energy-service,million 1990$,141507.0
European Free Trade Association,2070,total-factor-productivity,million 1990$,1.56991
European Free Trade Association,2075,GDP,million 1990$,1368690.0
European Free Trade Association,2075,energy-investment,million 1990$,21151.7
European Free Trade Association,2075,consumer-durable,million 1990$,16902.6
European Free Trade Association,2075,value-added,million 1990$,1047380.0
European Free Trade Association,2075,gross-output,million 1990$,1321500.0
European Free Trade Association,2075,savings,million 1990$,321863.0
European Free Trade Association,2075,investment,million 1990$,321863.0
European Free Trade Association,2075,capital-stock,million 1990$,5429760.0
European Free Trade Association,2075,depreciation,million 1990$,258613.0
European Free Trade Association,2075,energy-service-value,million 1990$,274128.0
European Free Trade Association,2075,energy-net-export,million 1990$,47187.5
European Free Trade Association,2075,materials-net-export,million 1990$,-47187.5
European Free Trade Association,2075,capital-net-export,million 1990$,0.0
European Free Trade Association,2075,labor-wages,million 1990$,860969.0
European Free Trade Association,2075,gdp-per-capita,thous 1990$ percap,78.9964
European Free Trade Association,2075,gdp-per-capita-ppp,thous 1990$ percap,59.1351
European Free Trade Association,2075,labor-force,thous pers,7826.08
European Free Trade Association,2075,population,thous pers,17326.0
European Free Trade Association,2075,savings-rate,rate annual,0.221675
European Free Trade Association,2075,fac-share-labor,share,0.651507
European Free Trade Association,2075,fac-share-capital,share,0.141057
European Free Trade Association,2075,fac-share-energy,share,0.207436
European Free Trade Association,2075,energy-service,million 1990$,143387.0
European Free Trade Association,2075,total-factor-productivity,million 1990$,1.63548
European Free Trade Association,2080,GDP,million 1990$,1424050.0
European Free Trade Association,2080,energy-investment,million 1990$,24182.0
European Free Trade Association,2080,consumer-durable,million 1990$,17252.7
European Free Trade Association,2080,value-added,million 1990$,1087700.0
European Free Trade Association,2080,gross-output,million 1990$,1374480.0
European Free Trade Association,2080,savings,million 1990$,324703.0
European Free Trade Association,2080,investment,million 1990$,324703.0
European Free Trade Association,2080,capital-stock,million 1990$,5533710.0
European Free Trade Association,2080,depreciation,million 1990$,263740.0
European Free Trade Association,2080,energy-service-value,million 1990$,286777.0
European Free Trade Association,2080,energy-net-export,million 1990$,49573.3
European Free Trade Association,2080,materials-net-export,million 1990$,-49573.3
European Free Trade Association,2080,capital-net-export,million 1990$,0.0
European Free Trade Association,2080,labor-wages,million 1990$,895474.0
European Free Trade Association,2080,gdp-per-capita,thous 1990$ percap,81.5703
European Free Trade Association,2080,gdp-per-capita-ppp,thous 1990$ percap,61.0619
European Free Trade Association,2080,labor-force,thous pers,7752.17
European Free Trade Association,2080,population,thous pers,17458.0
European Free Trade Association,2080,savings-rate,rate annual,0.213608
European Free Trade Association,2080,fac-share-labor,share,0.6515
European Free Trade Association,2080,fac-share-capital,share,0.139856
European Free Trade Association,2080,fac-share-energy,share,0.208644
European Free Trade Association,2080,energy-service,million 1990$,144859.0
European Free Trade Association,2080,total-factor-productivity,million 1990$,1.70342
European Free Trade Association,2085,GDP,million 1990$,1474310.0
European Free Trade Association,2085,energy-investment,million 1990$,25306.0
European Free Trade Association,2085,consumer-durable,million 1990$,17345.8
European Free Trade Association,2085,value-added,million 1990$,1124560.0
European Free Trade Association,2085,gross-output,million 1990$,1422920.0
European Free Trade Association,2085,savings,million 1990$,326349.0
European Free Trade Association,2085,investment,million 1990$,326349.0
European Free Trade Association,2085,capital-stock,million 1990$,5606870.0
European Free Trade Association,2085,depreciation,million 1990$,268789.0
European Free Trade Association,2085,energy-service-value,million 1990$,298357.0
European Free Trade Association,2085,energy-net-export,million 1990$,51393.1
European Free Trade Association,2085,materials-net-export,million 1990$,-51393.1
European Free Trade Association,2085,capital-net-export,million 1990$,0.0
European Free Trade Association,2085,labor-wages,million 1990$,926955.0
European Free Trade Association,2085,gdp-per-capita,thous 1990$ percap,84.0448
European Free Trade Association,2085,gdp-per-capita-ppp,thous 1990$ percap,62.9143
European Free Trade Association,2085,labor-force,thous pers,7674.78
European Free Trade Association,2085,population,thous pers,17542.0
European Free Trade Association,2085,savings-rate,rate annual,0.206086
European Free Trade Association,2085,fac-share-labor,share,0.651445
European Free Trade Association,2085,fac-share-capital,share,0.138876
European Free Trade Association,2085,fac-share-energy,share,0.209679
European Free Trade Association,2085,energy-service,million 1990$,145813.0
European Free Trade Association,2085,total-factor-productivity,million 1990$,1.76934
European Free Trade Association,2090,GDP,million 1990$,1519470.0
European Free Trade Association,2090,energy-investment,million 1990$,23064.1
European Free Trade Association,2090,consumer-durable,million 1990$,17339.4
European Free Trade Association,2090,value-added,million 1990$,1159070.0
European Free Trade Association,2090,gross-output,million 1990$,1467590.0
European Free Trade Association,2090,savings,million 1990$,326776.0
European Free Trade Association,2090,investment,million 1990$,326776.0
European Free Trade Association,2090,capital-stock,million 1990$,5660330.0
European Free Trade Association,2090,depreciation,million 1990$,272343.0
European Free Trade Association,2090,energy-service-value,million 1990$,308514.0
European Free Trade Association,2090,energy-net-export,million 1990$,51885.3
European Free Trade Association,2090,materials-net-export,million 1990$,-51885.3
European Free Trade Association,2090,capital-net-export,million 1990$,0.0
European Free Trade Association,2090,labor-wages,million 1990$,956177.0
European Free Trade Association,2090,gdp-per-capita,thous 1990$ percap,86.4613
European Free Trade Association,2090,gdp-per-capita-ppp,thous 1990$ percap,64.7232
European Free Trade Association,2090,labor-force,thous pers,7629.03
European Free Trade Association,2090,population,thous pers,17574.0
European Free Trade Association,2090,savings-rate,rate annual,0.199145
European Free Trade Association,2090,fac-share-labor,share,0.65153
European Free Trade Association,2090,fac-share-capital,share,0.138251
European Free Trade Association,2090,fac-share-energy,share,0.210218
European Free Trade Association,2090,energy-service,million 1990$,146286.0
European Free Trade Association,2090,total-factor-productivity,million 1990$,1.82835
European Free Trade Association,2095,GDP,million 1990$,1559910.0
European Free Trade Association,2095,energy-investment,million 1990$,22265.7
European Free Trade Association,2095,consumer-durable,million 1990$,17365.5
European Free Trade Association,2095,value-added,million 1990$,1190110.0
European Free Trade Association,2095,gross-output,million 1990$,1507870.0
European Free Trade Association,2095,savings,million 1990$,326240.0
European Free Trade Association,2095,investment,million 1990$,326240.0
European Free Trade Association,2095,capital-stock,million 1990$,5709770.0
European Free Trade Association,2095,depreciation,million 1990$,274939.0
European Free Trade Association,2095,energy-service-value,million 1990$,317758.0
European Free Trade Association,2095,energy-net-export,million 1990$,52044.6
European Free Trade Association,2095,materials-net-export,million 1990$,-52044.6
European Free Trade Association,2095,capital-net-export,million 1990$,0.0
European Free Trade Association,2095,labor-wages,million 1990$,982666.0
European Free Trade Association,2095,gdp-per-capita,thous 1990$ percap,88.8028
European Free Trade Association,2095,gdp-per-capita-ppp,thous 1990$ percap,66.476
European Free Trade Association,2095,labor-force,thous pers,7564.24
European Free Trade Association,2095,population,thous pers,17566.0
European Free Trade Association,2095,savings-rate,rate annual,0.192711
European Free Trade Association,2095,fac-share-labor,share,0.651693
European Free Trade Association,2095,fac-share-capital,share,0.137573
European Free Trade Association,2095,fac-share-energy,share,0.210734
European Free Trade Association,2095,energy-service,million 1990$,146386.0
European Free Trade Association,2095,total-factor-productivity,million 1990$,1.88646
European Free Trade Association,2100,GDP,million 1990$,1595180.0
European Free Trade Association,2100,energy-investment,million 1990$,22421.0
European Free Trade Association,2100,consumer-durable,million 1990$,17339.1
European Free Trade Association,2100,value-added,million 1990$,1216580.0
European Free Trade Association,2100,gross-output,million 1990$,1542480.0
European Free Trade Association,2100,savings,million 1990$,324886.0
European Free Trade Association,2100,investment,million 1990$,324886.0
European Free Trade Association,2100,capital-stock,million 1990$,5745680.0
European Free Trade Association,2100,depreciation,million 1990$,277341.0
European Free Trade Association,2100,energy-service-value,million 1990$,325901.0
European Free Trade Association,2100,energy-net-export,million 1990$,52695.1
European Free Trade Association,2100,materials-net-export,million 1990$,-52695.1
European Free Trade Association,2100,capital-net-export,million 1990$,0.0
European Free Trade Association,2100,labor-wages,million 1990$,1005470.0
European Free Trade Association,2100,gdp-per-capita,thous 1990$ percap,91.0178
European Free Trade Association,2100,gdp-per-capita-ppp,thous 1990$ percap,68.1341
European Free Trade Association,2100,labor-force,thous pers,7476.33
European Free Trade Association,2100,population,thous pers,17526.0
European Free Trade Association,2100,savings-rate,rate annual,0.186662
European Free Trade Association,2100,fac-share-labor,share,0.65185
European Free Trade Association,2100,fac-share-capital,share,0.136867
European Free Trade Association,2100,fac-share-energy,share,0.211283
European Free Trade Association,2100,energy-service,million 1990$,146099.0
European Free Trade Association,2100,total-factor-productivity,million 1990$,1.94367
India,1975,GDP,million 1990$,144530.0
India,1975,energy-investment,million 1990$,3096.79
India,1975,consumer-durable,million 1990$,0.141933
India,1975,value-added,million 1990$,132424.0
India,1975,gross-output,million 1990$,144532.0
India,1975,savings,million 1990$,20039.7
India,1975,investment,million 1990$,19873.1
India,1975,capital-stock,million 1990$,410671.0
India,1975,depreciation,million 1990$,13022.8
India,1975,energy-service-value,million 1990$,12108.5
India,1975,energy-net-export,million 1990$,-2.129
India,1975,materials-net-export,million 1990$,168.709
India,1975,capital-net-export,million 1990$,-166.58
India,1975,labor-wages,million 1990$,109243.0
India,1975,gdp-per-capita,thous 1990$ percap,0.231795
India,1975,gdp-per-capita-ppp,thous 1990$ percap,0.734261
India,1975,labor-force,thous pers,250226.0
India,1975,population,thous pers,623524.0
India,1975,savings-rate,rate annual,0.138654
India,1975,fac-share-labor,share,0.755842
India,1975,fac-share-capital,share,0.16038
India,1975,fac-share-energy,share,0.0837774
India,1975,energy-service,million 1990$,2.129
India,1975,total-factor-productivity,million 1990$,0.0
India,1990,GDP,million 1990$,289340.0
India,1990,energy-investment,million 1990$,7720.03
India,1990,consumer-durable,million 1990$,2412.51
India,1990,value-added,million 1990$,247673.0
India,1990,gross-output,million 1990$,293289.0
India,1990,savings,million 1990$,20039.8
India,1990,investment,million 1990$,20768.0
India,1990,capital-stock,million 1990$,801250.0
India,1990,depreciation,million 1990$,13022.8
India,1990,energy-service-value,million 1990$,45616.6
India,1990,energy-net-export,million 1990$,-3949.22
India,1990,materials-net-export,million 1990$,3221.04
India,1990,capital-net-export,million 1990$,728.183
India,1990,labor-wages,million 1990$,197015.0
India,1990,gdp-per-capita,thous 1990$ percap,0.332402
India,1990,gdp-per-capita-ppp,thous 1990$ percap,1.05295
India,1990,labor-force,thous pers,358491.0
India,1990,population,thous pers,870452.0
India,1990,savings-rate,rate annual,0.168707
India,1990,fac-share-labor,share,0.671743
India,1990,fac-share-capital,share,0.172722
India,1990,fac-share-energy,share,0.155535
India,1990,energy-service,million 1990$,105747.0
India,1990,total-factor-productivity,million 1990$,0.0
India,2005,GDP,million 1990$,680574.0
India,2005,energy-investment,million 1990$,25686.5
India,2005,consumer-durable,million 1990$,5214.16
India,2005,value-added,million 1990$,560825.0
India,2005,gross-output,million 1990$,700194.0
India,2005,savings,million 1990$,51226.2
India,2005,investment,million 1990$,56700.8
India,2005,capital-stock,million 1990$,1820860.0
India,2005,depreciation,million 1990$,29124.6
India,2005,energy-service-value,million 1990$,139369.0
India,2005,energy-net-export,million 1990$,-19619.6
India,2005,materials-net-export,million 1990$,14145.0
India,2005,capital-net-export,million 1990$,5474.57
India,2005,labor-wages,million 1990$,342322.0
India,2005,gdp-per-capita,thous 1990$ percap,0.589426
India,2005,gdp-per-capita-ppp,thous 1990$ percap,1.86713
India,2005,labor-force,thous pers,482835.0
India,2005,population,thous pers,1154640.0
India,2005,savings-rate,rate annual,0.257503
India,2005,fac-share-labor,share,0.488897
India,2005,fac-share-capital,share,0.31206
India,2005,fac-share-energy,share,0.199044
India,2005,energy-service,million 1990$,229897.0
India,2005,total-factor-productivity,million 1990$,0.0
India,2010,GDP,million 1990$,955195.0
India,2010,energy-investment,million 1990$,30562.6
India,2010,consumer-durable,million 1990$,16675.4
India,2010,value-added,million 1990$,811844.0
India,2010,gross-output,million 1990$,1005580.0
India,2010,savings,million 1990$,180464.0
India,2010,investment,million 1990$,197735.0
India,2010,capital-stock,million 1990$,2897320.0
India,2010,depreciation,million 1990$,79329.4
India,2010,energy-service-value,million 1990$,193737.0
India,2010,energy-net-export,million 1990$,-50386.3
India,2010,materials-net-export,million 1990$,33115.3
India,2010,capital-net-export,million 1990$,17271.1
India,2010,labor-wages,million 1990$,488096.0
India,2010,gdp-per-capita,thous 1990$ percap,0.769937
India,2010,gdp-per-capita-ppp,thous 1990$ percap,2.43894
India,2010,labor-force,thous pers,489220.0
India,2010,population,thous pers,1240610.0
India,2010,savings-rate,rate annual,0.321374
India,2010,fac-share-labor,share,0.485387
India,2010,fac-share-capital,share,0.321951
India,2010,fac-share-energy,share,0.192662
India,2010,energy-service,million 1990$,371389.0
India,2010,total-factor-productivity,million 1990$,0.0
India,2015,GDP,million 1990$,1308250.0
India,2015,energy-investment,million 1990$,42786.8
India,2015,consumer-durable,million 1990$,20122.0
India,2015,value-added,million 1990$,1150390.0
India,2015,gross-output,million 1990$,1395870.0
India,2015,savings,million 1990$,323650.0
India,2015,investment,million 1990$,332755.0
India,2015,capital-stock,million 1990$,3985590.0
India,2015,depreciation,million 1990$,151819.0
India,2015,energy-service-value,million 1990$,245482.0
India,2015,energy-net-export,million 1990$,-87624.1
India,2015,materials-net-export,million 1990$,78519.6
India,2015,capital-net-export,million 1990$,9104.55
India,2015,labor-wages,million 1990$,662577.0
India,2015,gdp-per-capita,thous 1990$ percap,0.98895
India,2015,gdp-per-capita-ppp,thous 1990$ percap,3.13271
India,2015,labor-force,thous pers,527182.0
India,2015,population,thous pers,1322870.0
India,2015,savings-rate,rate annual,0.279806
India,2015,fac-share-labor,share,0.474669
India,2015,fac-share-capital,share,0.349469
India,2015,fac-share-energy,share,0.175863
India,2015,energy-service,million 1990$,503730.0
India,2015,total-factor-productivity,million 1990$,0.0
India,2021,GDP,million 1990$,1698980.0
India,2021,energy-investment,million 1990$,54874.1
India,2021,consumer-durable,million 1990$,20684.5
India,2021,value-added,million 1990$,1538430.0
India,2021,gross-output,million 1990$,1761810.0
India,2021,savings,million 1990$,386178.0
India,2021,investment,million 1990$,404072.0
India,2021,capital-stock,million 1990$,5137610.0
India,2021,depreciation,million 1990$,231435.0
India,2021,energy-service-value,million 1990$,223379.0
India,2021,energy-net-export,million 1990$,-62830.4
India,2021,materials-net-export,million 1990$,44936.0
India,2021,capital-net-export,million 1990$,17894.4
India,2021,labor-wages,million 1990$,879258.0
India,2021,gdp-per-capita,thous 1990$ percap,1.20704
India,2021,gdp-per-capita-ppp,thous 1990$ percap,3.82354
India,2021,labor-force,thous pers,565299.0
India,2021,population,thous pers,1407560.0
India,2021,savings-rate,rate annual,0.272663
India,2021,fac-share-labor,share,0.499065
India,2021,fac-share-capital,share,0.374146
India,2021,fac-share-energy,share,0.12679
India,2021,energy-service,million 1990$,569802.0
India,2021,total-factor-productivity,million 1990$,0.0
India,2025,GDP,million 1990$,2195190.0
India,2025,energy-investment,million 1990$,217971.0
India,2025,consumer-durable,million 1990$,17516.9
India,2025,value-added,million 1990$,1963450.0
India,2025,gross-output,million 1990$,2266430.0
India,2025,savings,million 1990$,483934.0
India,2025,investment,million 1990$,496715.0
India,2025,capital-stock,million 1990$,5539030.0
India,2025,depreciation,million 1990$,311211.0
India,2025,energy-service-value,million 1990$,302976.0
India,2025,energy-net-export,million 1990$,-71241.8
India,2025,materials-net-export,million 1990$,58460.1
India,2025,capital-net-export,million 1990$,12781.7
India,2025,labor-wages,million 1990$,1126150.0
India,2025,gdp-per-capita,thous 1990$ percap,1.51165
India,2025,gdp-per-capita-ppp,thous 1990$ percap,4.78846
India,2025,labor-force,thous pers,592876.0
India,2025,population,thous pers,1452180.0
India,2025,savings-rate,rate annual,0.290825
India,2025,fac-share-labor,share,0.496882
India,2025,fac-share-capital,share,0.369438
India,2025,fac-share-energy,share,0.13368
India,2025,energy-service,million 1990$,682937.0
India,2025,total-factor-productivity,million 1990$,1.19314
India,2030,GDP,million 1990$,2909440.0
India,2030,energy-investment,million 1990$,279822.0
India,2030,consumer-durable,million 1990$,21460.1
India,2030,value-added,million 1990$,2558650.0
India,2030,gross-output,million 1990$,2992510.0
India,2030,savings,million 1990$,665141.0
India,2030,investment,million 1990$,671531.0
India,2030,capital-stock,million 1990$,5984300.0
India,2030,depreciation,million 1990$,335527.0
India,2030,energy-service-value,million 1990$,433867.0
India,2030,energy-net-export,million 1990$,-83077.4
India,2030,materials-net-export,million 1990$,76686.6
India,2030,capital-net-export,million 1990$,6390.86
India,2030,labor-wages,million 1990$,1472630.0
India,2030,gdp-per-capita,thous 1990$ percap,1.92846
India,2030,gdp-per-capita-ppp,thous 1990$ percap,6.10879
India,2030,labor-force,thous pers,623326.0
India,2030,population,thous pers,1508690.0
India,2030,savings-rate,rate annual,0.310403
India,2030,fac-share-labor,share,0.492106
India,2030,fac-share-capital,share,0.36291
India,2030,fac-share-energy,share,0.144984
India,2030,energy-service,million 1990$,877164.0
India,2030,total-factor-productivity,million 1990$,1.44276
India,2035,GDP,million 1990$,3669430.0
India,2035,energy-investment,million 1990$,319014.0
India,2035,consumer-durable,million 1990$,26302.7
India,2035,value-added,million 1990$,3194080.0
India,2035,gross-output,million 1990$,3762450.0
India,2035,savings,million 1990$,938519.0
India,2035,investment,million 1990$,938519.0
India,2035,capital-stock,million 1990$,7201350.0
India,2035,depreciation,million 1990$,362499.0
India,2035,energy-service-value,million 1990$,568371.0
India,2035,energy-net-export,million 1990$,-93014.7
India,2035,materials-net-export,million 1990$,93014.7
India,2035,capital-net-export,million 1990$,0.0
India,2035,labor-wages,million 1990$,1873200.0
India,2035,gdp-per-capita,thous 1990$ percap,2.35939
India,2035,gdp-per-capita-ppp,thous 1990$ percap,7.47388
India,2035,labor-force,thous pers,646023.0
India,2035,population,thous pers,1555240.0
India,2035,savings-rate,rate annual,0.320328
India,2035,fac-share-labor,share,0.497867
India,2035,fac-share-capital,share,0.351069
India,2035,fac-share-energy,share,0.151064
India,2035,energy-service,million 1990$,1065790.0
India,2035,total-factor-productivity,million 1990$,1.62076
India,2040,GDP,million 1990$,4490730.0
India,2040,energy-investment,million 1990$,383474.0
India,2040,consumer-durable,million 1990$,26263.3
India,2040,value-added,million 1990$,3882680.0
India,2040,gross-output,million 1990$,4590970.0
India,2040,savings,million 1990$,1220100.0
India,2040,investment,million 1990$,1220100.0
India,2040,capital-stock,million 1990$,9144090.0
India,2040,depreciation,million 1990$,436222.0
India,2040,energy-service-value,million 1990$,708291.0
India,2040,energy-net-export,million 1990$,-100242.0
India,2040,materials-net-export,million 1990$,100242.0
India,2040,capital-net-export,million 1990$,0.0
India,2040,labor-wages,million 1990$,2338410.0
India,2040,gdp-per-capita,thous 1990$ percap,2.82253
India,2040,gdp-per-capita-ppp,thous 1990$ percap,8.94097
India,2040,labor-force,thous pers,659257.0
India,2040,population,thous pers,1591030.0
India,2040,savings-rate,rate annual,0.325262
India,2040,fac-share-labor,share,0.509349
India,2040,fac-share-capital,share,0.336372
India,2040,fac-share-energy,share,0.154279
India,2040,energy-service,million 1990$,1249010.0
India,2040,total-factor-productivity,million 1990$,1.76015
India,2045,GDP,million 1990$,5374280.0
India,2045,energy-investment,million 1990$,410765.0
India,2045,consumer-durable,million 1990$,27477.1
India,2045,value-added,million 1990$,4620520.0
India,2045,gross-output,million 1990$,5478720.0
India,2045,savings,million 1990$,1515340.0
India,2045,investment,million 1990$,1515340.0
India,2045,capital-stock,million 1990$,11588000.0
India,2045,depreciation,million 1990$,553903.0
India,2045,energy-service-value,million 1990$,858203.0
India,2045,energy-net-export,million 1990$,-104448.0
India,2045,materials-net-export,million 1990$,104448.0
India,2045,capital-net-export,million 1990$,0.0
India,2045,labor-wages,million 1990$,2857460.0
India,2045,gdp-per-capita,thous 1990$ percap,3.32742
India,2045,gdp-per-capita-ppp,thous 1990$ percap,10.5403
India,2045,labor-force,thous pers,666087.0
India,2045,population,thous pers,1615150.0
India,2045,savings-rate,rate annual,0.327151
India,2045,fac-share-labor,share,0.521557
India,2045,fac-share-capital,share,0.321801
India,2045,fac-share-energy,share,0.156643
India,2045,energy-service,million 1990$,1428960.0
India,2045,total-factor-productivity,million 1990$,1.89269
India,2050,GDP,million 1990$,6322050.0
India,2050,energy-investment,million 1990$,440736.0
India,2050,consumer-durable,million 1990$,26408.2
India,2050,value-added,million 1990$,5411760.0
India,2050,gross-output,million 1990$,6429780.0
India,2050,savings,million 1990$,1823630.0
India,2050,investment,million 1990$,1823630.0
India,2050,capital-stock,million 1990$,14615600.0
India,2050,depreciation,million 1990$,701945.0
India,2050,energy-service-value,million 1990$,1018020.0
India,2050,energy-net-export,million 1990$,-107729.0
India,2050,materials-net-export,million 1990$,107729.0
India,2050,capital-net-export,million 1990$,0.0
India,2050,labor-wages,million 1990$,3435670.0
India,2050,gdp-per-capita,thous 1990$ percap,3.88364
India,2050,gdp-per-capita-ppp,thous 1990$ percap,12.3022
India,2050,labor-force,thous pers,664820.0
India,2050,population,thous pers,1627870.0
India,2050,savings-rate,rate annual,0.327145
India,2050,fac-share-labor,share,0.534337
India,2050,fac-share-capital,share,0.307334
India,2050,fac-share-energy,share,0.158329
India,2050,energy-service,million 1990$,1596530.0
India,2050,total-factor-productivity,million 1990$,2.03114
India,2055,GDP,million 1990$,7340940.0
India,2055,energy-investment,million 1990$,458823.0
India,2055,consumer-durable,million 1990$,31396.3
India,2055,value-added,million 1990$,6262850.0
India,2055,gross-output,million 1990$,7453700.0
India,2055,savings,million 1990$,2145200.0
India,2055,investment,million 1990$,2145200.0
India,2055,capital-stock,million 1990$,18127200.0
India,2055,depreciation,million 1990$,885338.0
India,2055,energy-service-value,million 1990$,1190850.0
India,2055,energy-net-export,million 1990$,-112754.0
India,2055,materials-net-export,million 1990$,112754.0
India,2055,capital-net-export,million 1990$,0.0
India,2055,labor-wages,million 1990$,4074760.0
India,2055,gdp-per-capita,thous 1990$ percap,4.49649
India,2055,gdp-per-capita-ppp,thous 1990$ percap,14.2436
India,2055,labor-force,thous pers,655809.0
India,2055,population,thous pers,1632600.0
India,2055,savings-rate,rate annual,0.325789
India,2055,fac-share-labor,share,0.546677
India,2055,fac-share-capital,share,0.293558
India,2055,fac-share-energy,share,0.159766
India,2055,energy-service,million 1990$,1746230.0
India,2055,total-factor-productivity,million 1990$,2.19198
India,2060,GDP,million 1990$,8422020.0
India,2060,energy-investment,million 1990$,488807.0
India,2060,consumer-durable,million 1990$,33093.9
India,2060,value-added,million 1990$,7161970.0
India,2060,gross-output,million 1990$,8539440.0
India,2060,savings,million 1990$,2480970.0
India,2060,investment,million 1990$,2480970.0
India,2060,capital-stock,million 1990$,22081700.0
India,2060,depreciation,million 1990$,1098050.0
India,2060,energy-service-value,million 1990$,1377470.0
India,2060,energy-net-export,million 1990$,-117413.0
India,2060,materials-net-export,million 1990$,117413.0
India,2060,capital-net-export,million 1990$,0.0
India,2060,labor-wages,million 1990$,4766570.0
India,2060,gdp-per-capita,thous 1990$ percap,5.16659
India,2060,gdp-per-capita-ppp,thous 1990$ percap,16.3663
India,2060,labor-force,thous pers,640485.0
India,2060,population,thous pers,1630090.0
India,2060,savings-rate,rate annual,0.323313
India,2060,fac-share-labor,share,0.558183
India,2060,fac-share-capital,share,0.28051
India,2060,fac-share-energy,share,0.161306
India,2060,energy-service,million 1990$,1881800.0
India,2060,total-factor-productivity,million 1990$,2.3755
India,2065,GDP,million 1990$,9546110.0
India,2065,energy-investment,million 1990$,497943.0
India,2065,consumer-durable,million 1990$,34731.6
India,2065,value-added,million 1990$,8093960.0
India,2065,gross-output,million 1990$,9668890.0
India,2065,savings,million 1990$,2825490.0
India,2065,investment,million 1990$,2825490.0
India,2065,capital-stock,million 1990$,26360900.0
India,2065,depreciation,million 1990$,1337600.0
India,2065,energy-service-value,million 1990$,1574940.0
India,2065,energy-net-export,million 1990$,-122784.0
India,2065,materials-net-export,million 1990$,122784.0
India,2065,capital-net-export,million 1990$,0.0
India,2065,labor-wages,million 1990$,5499430.0
India,2065,gdp-per-capita,thous 1990$ percap,5.89406
India,2065,gdp-per-capita-ppp,thous 1990$ percap,18.6707
India,2065,labor-force,thous pers,619440.0
India,2065,population,thous pers,1619620.0
India,2065,savings-rate,rate annual,0.319916
India,2065,fac-share-labor,share,0.568775
India,2065,fac-share-capital,share,0.268338
India,2065,fac-share-energy,share,0.162887
India,2065,energy-service,million 1990$,1995800.0
India,2065,total-factor-productivity,million 1990$,2.58601
India,2070,GDP,million 1990$,10672700.0
India,2070,energy-investment,million 1990$,499840.0
India,2070,consumer-durable,million 1990$,37864.3
India,2070,value-added,million 1990$,9026010.0
India,2070,gross-output,million 1990$,10799700.0
India,2070,savings,million 1990$,3170180.0
India,2070,investment,million 1990$,3170180.0
India,2070,capital-stock,million 1990$,30971000.0
India,2070,depreciation,million 1990$,1596810.0
India,2070,energy-service-value,million 1990$,1773730.0
India,2070,energy-net-export,million 1990$,-127060.0
India,2070,materials-net-export,million 1990$,127060.0
India,2070,capital-net-export,million 1990$,0.0
India,2070,labor-wages,million 1990$,6250050.0
India,2070,gdp-per-capita,thous 1990$ percap,6.66181
India,2070,gdp-per-capita-ppp,thous 1990$ percap,21.1027
India,2070,labor-force,thous pers,595146.0
India,2070,population,thous pers,1602070.0
India,2070,savings-rate,rate annual,0.315364
India,2070,fac-share-labor,share,0.578723
India,2070,fac-share-capital,share,0.25704
India,2070,fac-share-energy,share,0.164238
India,2070,energy-service,million 1990$,2083310.0
India,2070,total-factor-productivity,million 1990$,2.81322
India,2075,GDP,million 1990$,11793000.0
India,2075,energy-investment,million 1990$,494506.0
India,2075,consumer-durable,million 1990$,39707.2
India,2075,value-added,million 1990$,9951240.0
India,2075,gross-output,million 1990$,11922300.0
India,2075,savings,million 1990$,3495710.0
India,2075,investment,million 1990$,3495710.0
India,2075,capital-stock,million 1990$,35763800.0
India,2075,depreciation,million 1990$,1876070.0
India,2075,energy-service-value,million 1990$,1971010.0
India,2075,energy-net-export,million 1990$,-129290.0
India,2075,materials-net-export,million 1990$,129290.0
India,2075,capital-net-export,million 1990$,0.0
India,2075,labor-wages,million 1990$,7006640.0
India,2075,gdp-per-capita,thous 1990$ percap,7.47667
India,2075,gdp-per-capita-ppp,thous 1990$ percap,23.6839
India,2075,labor-force,thous pers,571570.0
India,2075,population,thous pers,1577300.0
India,2075,savings-rate,rate annual,0.310155
India,2075,fac-share-labor,share,0.587694
India,2075,fac-share-capital,share,0.246984
India,2075,fac-share-energy,share,0.165322
India,2075,energy-service,million 1990$,2148790.0
India,2075,total-factor-productivity,million 1990$,3.05088
India,2080,GDP,million 1990$,12873400.0
India,2080,energy-investment,million 1990$,493004.0
India,2080,consumer-durable,million 1990$,41804.1
India,2080,value-added,million 1990$,10842000.0
India,2080,gross-output,million 1990$,13003100.0
India,2080,savings,million 1990$,3801230.0
India,2080,investment,million 1990$,3801230.0
India,2080,capital-stock,million 1990$,40639400.0
India,2080,depreciation,million 1990$,2166390.0
India,2080,energy-service-value,million 1990$,2161090.0
India,2080,energy-net-export,million 1990$,-129727.0
India,2080,materials-net-export,million 1990$,129727.0
India,2080,capital-net-export,million 1990$,0.0
India,2080,labor-wages,million 1990$,7747830.0
India,2080,gdp-per-capita,thous 1990$ percap,8.32349
India,2080,gdp-per-capita-ppp,thous 1990$ percap,26.3664
India,2080,labor-force,thous pers,547935.0
India,2080,population,thous pers,1546630.0
India,2080,savings-rate,rate annual,0.304201
India,2080,fac-share-labor,share,0.595845
India,2080,fac-share-capital,share,0.237956
India,2080,fac-share-energy,share,0.166198
India,2080,energy-service,million 1990$,2191880.0
India,2080,total-factor-productivity,million 1990$,3.29671
India,2085,GDP,million 1990$,13905100.0
India,2085,energy-investment,million 1990$,494676.0
India,2085,consumer-durable,million 1990$,43288.2
India,2085,value-added,million 1990$,11692100.0
India,2085,gross-output,million 1990$,14033500.0
India,2085,savings,million 1990$,4072820.0
India,2085,investment,million 1990$,4072820.0
India,2085,capital-stock,million 1990$,45407100.0
India,2085,depreciation,million 1990$,2461730.0
India,2085,energy-service-value,million 1990$,2341400.0
India,2085,energy-net-export,million 1990$,-128418.0
India,2085,materials-net-export,million 1990$,128418.0
India,2085,capital-net-export,million 1990$,0.0
India,2085,labor-wages,million 1990$,8463060.0
India,2085,gdp-per-capita,thous 1990$ percap,9.19677
India,2085,gdp-per-capita-ppp,thous 1990$ percap,29.1327
India,2085,labor-force,thous pers,525857.0
India,2085,population,thous pers,1511960.0
India,2085,savings-rate,rate annual,0.297684
India,2085,fac-share-labor,share,0.603059
India,2085,fac-share-capital,share,0.230098
India,2085,fac-share-energy,share,0.166843
India,2085,energy-service,million 1990$,2215810.0
India,2085,total-factor-productivity,million 1990$,3.5469
India,2090,GDP,million 1990$,14886700.0
India,2090,energy-investment,million 1990$,494771.0
India,2090,consumer-durable,million 1990$,44729.7
India,2090,value-added,million 1990$,12500000.0
India,2090,gross-output,million 1990$,15012100.0
India,2090,savings,million 1990$,4308620.0
India,2090,investment,million 1990$,4308620.0
India,2090,capital-stock,million 1990$,49926100.0
India,2090,depreciation,million 1990$,2750540.0
India,2090,energy-service-value,million 1990$,2512080.0
India,2090,energy-net-export,million 1990$,-125358.0
India,2090,materials-net-export,million 1990$,125358.0
India,2090,capital-net-export,million 1990$,0.0
India,2090,labor-wages,million 1990$,9147210.0
India,2090,gdp-per-capita,thous 1990$ percap,10.0922
India,2090,gdp-per-capita-ppp,thous 1990$ percap,31.9692
India,2090,labor-force,thous pers,505762.0
India,2090,population,thous pers,1475070.0
India,2090,savings-rate,rate annual,0.290778
India,2090,fac-share-labor,share,0.609324
India,2090,fac-share-capital,share,0.223338
India,2090,fac-share-energy,share,0.167337
India,2090,energy-service,million 1990$,2225950.0
India,2090,total-factor-productivity,million 1990$,3.79933
India,2095,GDP,million 1990$,15819600.0
India,2095,energy-investment,million 1990$,489316.0
India,2095,consumer-durable,million 1990$,46050.5
India,2095,value-added,million 1990$,13264600.0
India,2095,gross-output,million 1990$,15940600.0
India,2095,savings,million 1990$,4509970.0
India,2095,investment,million 1990$,4509970.0
India,2095,capital-stock,million 1990$,54117600.0
India,2095,depreciation,million 1990$,3024270.0
India,2095,energy-service-value,million 1990$,2676060.0
India,2095,energy-net-export,million 1990$,-121010.0
India,2095,materials-net-export,million 1990$,121010.0
India,2095,capital-net-export,million 1990$,0.0
India,2095,labor-wages,million 1990$,9800910.0
India,2095,gdp-per-capita,thous 1990$ percap,11.0104
India,2095,gdp-per-capita-ppp,thous 1990$ percap,34.8776
India,2095,labor-force,thous pers,485449.0
India,2095,population,thous pers,1436800.0
India,2095,savings-rate,rate annual,0.283695
India,2095,fac-share-labor,share,0.614838
India,2095,fac-share-capital,share,0.217286
India,2095,fac-share-energy,share,0.167876
India,2095,energy-service,million 1990$,2223550.0
India,2095,total-factor-productivity,million 1990$,4.06477
India,2100,GDP,million 1990$,16712300.0
India,2100,energy-investment,million 1990$,485193.0
India,2100,consumer-durable,million 1990$,46730.0
India,2100,value-added,million 1990$,13994800.0
India,2100,gross-output,million 1990$,16827600.0
India,2100,savings,million 1990$,4680550.0
India,2100,investment,million 1990$,4680550.0
India,2100,capital-stock,million 1990$,57958300.0
India,2100,depreciation,million 1990$,3278170.0
India,2100,energy-service-value,million 1990$,2832830.0
India,2100,energy-net-export,million 1990$,-115270.0
India,2100,materials-net-export,million 1990$,115270.0
India,2100,capital-net-export,million 1990$,0.0
India,2100,labor-wages,million 1990$,10428800.0
India,2100,gdp-per-capita,thous 1990$ percap,11.954
India,2100,gdp-per-capita-ppp,thous 1990$ percap,37.8667
India,2100,labor-force,thous pers,465779.0
India,2100,population,thous pers,1398060.0
India,2100,savings-rate,rate annual,0.276613
India,2100,fac-share-labor,share,0.619742
India,2100,fac-share-capital,share,0.211914
India,2100,fac-share-energy,share,0.168344
India,2100,energy-service,million 1990$,2209540.0
India,2100,total-factor-productivity,million 1990$,4.34223
Indonesia,1975,GDP,million 1990$,59176.0
Indonesia,1975,energy-investment,million 1990$,5895.82
Indonesia,1975,consumer-durable,million 1990$,0.141933
Indonesia,1975,value-added,million 1990$,56219.2
Indonesia,1975,gross-output,million 1990$,59178.1
Indonesia,1975,savings,million 1990$,24098.5
Indonesia,1975,investment,million 1990$,21239.1
Indonesia,1975,capital-stock,million 1990$,146077.0
Indonesia,1975,depreciation,million 1990$,3881.56
Indonesia,1975,energy-service-value,million 1990$,2958.91
Indonesia,1975,energy-net-export,million 1990$,-2.129
Indonesia,1975,materials-net-export,million 1990$,2861.54
Indonesia,1975,capital-net-export,million 1990$,-2859.41
Indonesia,1975,labor-wages,million 1990$,25781.5
Indonesia,1975,gdp-per-capita,thous 1990$ percap,0.450992
Indonesia,1975,gdp-per-capita-ppp,thous 1990$ percap,1.37111
Indonesia,1975,labor-force,thous pers,44417.7
Indonesia,1975,population,thous pers,131213.0
Indonesia,1975,savings-rate,rate annual,0.407235
Indonesia,1975,fac-share-labor,share,0.435659
Indonesia,1975,fac-share-capital,share,0.514341
Indonesia,1975,fac-share-energy,share,0.05
Indonesia,1975,energy-service,million 1990$,2.129
Indonesia,1975,total-factor-productivity,million 1990$,0.0
Indonesia,1990,GDP,million 1990$,159223.0
Indonesia,1990,energy-investment,million 1990$,18093.4
Indonesia,1990,consumer-durable,million 1990$,2896.7
Indonesia,1990,value-added,million 1990$,141686.0
Indonesia,1990,gross-output,million 1990$,149143.0
Indonesia,1990,savings,million 1990$,24098.7
Indonesia,1990,investment,million 1990$,24535.5
Indonesia,1990,capital-stock,million 1990$,476950.0
Indonesia,1990,depreciation,million 1990$,3881.56
Indonesia,1990,energy-service-value,million 1990$,7457.16
Indonesia,1990,energy-net-export,million 1990$,10079.7
Indonesia,1990,materials-net-export,million 1990$,-10516.6
Indonesia,1990,capital-net-export,million 1990$,436.857
Indonesia,1990,labor-wages,million 1990$,62008.9
Indonesia,1990,gdp-per-capita,thous 1990$ percap,0.874083
Indonesia,1990,gdp-per-capita-ppp,thous 1990$ percap,2.6574
Indonesia,1990,labor-force,thous pers,77050.4
Indonesia,1990,population,thous pers,182160.0
Indonesia,1990,savings-rate,rate annual,0.406618
Indonesia,1990,fac-share-labor,share,0.415767
Indonesia,1990,fac-share-capital,share,0.534233
Indonesia,1990,fac-share-energy,share,0.05
Indonesia,1990,energy-service,million 1990$,53321.8
Indonesia,1990,total-factor-productivity,million 1990$,0.0
Indonesia,2005,GDP,million 1990$,303260.0
Indonesia,2005,energy-investment,million 1990$,28351.8
Indonesia,2005,consumer-durable,million 1990$,6314.18
Indonesia,2005,value-added,million 1990$,280619.0
Indonesia,2005,gross-output,million 1990$,295388.0
Indonesia,2005,savings,million 1990$,67639.6
Indonesia,2005,investment,million 1990$,67105.5
Indonesia,2005,capital-stock,million 1990$,1165230.0
Indonesia,2005,depreciation,million 1990$,17482.6
Indonesia,2005,energy-service-value,million 1990$,14769.4
Indonesia,2005,energy-net-export,million 1990$,7871.57
Indonesia,2005,materials-net-export,million 1990$,-7337.4
Indonesia,2005,capital-net-export,million 1990$,-534.17
Indonesia,2005,labor-wages,million 1990$,123811.0
Indonesia,2005,gdp-per-capita,thous 1990$ percap,1.32541
Indonesia,2005,gdp-per-capita-ppp,thous 1990$ percap,4.02952
Indonesia,2005,labor-force,thous pers,94967.8
Indonesia,2005,population,thous pers,228805.0
Indonesia,2005,savings-rate,rate annual,0.356905
Indonesia,2005,fac-share-labor,share,0.419147
Indonesia,2005,fac-share-capital,share,0.530853
Indonesia,2005,fac-share-energy,share,0.05
Indonesia,2005,energy-service,million 1990$,114967.0
Indonesia,2005,total-factor-productivity,million 1990$,0.0
Indonesia,2010,GDP,million 1990$,400889.0
Indonesia,2010,energy-investment,million 1990$,23817.0
Indonesia,2010,consumer-durable,million 1990$,12638.6
Indonesia,2010,value-added,million 1990$,356972.0
Indonesia,2010,gross-output,million 1990$,383983.0
Indonesia,2010,savings,million 1990$,114549.0
Indonesia,2010,investment,million 1990$,111868.0
Indonesia,2010,capital-stock,million 1990$,1710960.0
Indonesia,2010,depreciation,million 1990$,41420.4
Indonesia,2010,energy-service-value,million 1990$,27011.4
Indonesia,2010,energy-net-export,million 1990$,16905.5
Indonesia,2010,materials-net-export,million 1990$,-14224.5
Indonesia,2010,capital-net-export,million 1990$,-2680.96
Indonesia,2010,labor-wages,million 1990$,186752.0
Indonesia,2010,gdp-per-capita,thous 1990$ percap,1.64288
Indonesia,2010,gdp-per-capita-ppp,thous 1990$ percap,4.9947
Indonesia,2010,labor-force,thous pers,109848.0
Indonesia,2010,population,thous pers,244016.0
Indonesia,2010,savings-rate,rate annual,0.355169
Indonesia,2010,fac-share-labor,share,0.486355
Indonesia,2010,fac-share-capital,share,0.4433
Indonesia,2010,fac-share-energy,share,0.0703453
Indonesia,2010,energy-service,million 1990$,156163.0
Indonesia,2010,total-factor-productivity,million 1990$,0.0
Indonesia,2015,GDP,million 1990$,524610.0
Indonesia,2015,energy-investment,million 1990$,28931.2
Indonesia,2015,consumer-durable,million 1990$,22558.8
Indonesia,2015,value-added,million 1990$,486063.0
Indonesia,2015,gross-output,million 1990$,517260.0
Indonesia,2015,savings,million 1990$,155022.0
Indonesia,2015,investment,million 1990$,152664.0
Indonesia,2015,capital-stock,million 1990$,2344450.0
Indonesia,2015,depreciation,million 1990$,61372.3
Indonesia,2015,energy-service-value,million 1990$,31196.8
Indonesia,2015,energy-net-export,million 1990$,7350.13
Indonesia,2015,materials-net-export,million 1990$,-4992.62
Indonesia,2015,capital-net-export,million 1990$,-2357.51
Indonesia,2015,labor-wages,million 1990$,243288.0
Indonesia,2015,gdp-per-capita,thous 1990$ percap,2.0248
Indonesia,2015,gdp-per-capita-ppp,thous 1990$ percap,6.15582
Indonesia,2015,labor-force,thous pers,117946.0
Indonesia,2015,population,thous pers,259092.0
Indonesia,2015,savings-rate,rate annual,0.360539
Indonesia,2015,fac-share-labor,share,0.470341
Indonesia,2015,fac-share-capital,share,0.469347
Indonesia,2015,fac-share-energy,share,0.0603117
Indonesia,2015,energy-service,million 1990$,215215.0
Indonesia,2015,total-factor-productivity,million 1990$,0.0
Indonesia,2021,GDP,million 1990$,659745.0
Indonesia,2021,energy-investment,million 1990$,36415.2
Indonesia,2021,consumer-durable,million 1990$,21509.4
Indonesia,2021,value-added,million 1990$,615350.0
Indonesia,2021,gross-output,million 1990$,647737.0
Indonesia,2021,savings,million 1990$,211701.0
Indonesia,2021,investment,million 1990$,207704.0
Indonesia,2021,capital-stock,million 1990$,2995570.0
Indonesia,2021,depreciation,million 1990$,86521.8
Indonesia,2021,energy-service-value,million 1990$,32386.9
Indonesia,2021,energy-net-export,million 1990$,12007.7
Indonesia,2021,materials-net-export,million 1990$,-8010.93
Indonesia,2021,capital-net-export,million 1990$,-3996.81
Indonesia,2021,labor-wages,million 1990$,296448.0
Indonesia,2021,gdp-per-capita,thous 1990$ percap,2.41
Indonesia,2021,gdp-per-capita-ppp,thous 1990$ percap,7.32691
Indonesia,2021,labor-force,thous pers,127137.0
Indonesia,2021,population,thous pers,273753.0
Indonesia,2021,savings-rate,rate annual,0.362411
Indonesia,2021,fac-share-labor,share,0.457666
Indonesia,2021,fac-share-capital,share,0.492334
Indonesia,2021,fac-share-energy,share,0.05
Indonesia,2021,energy-service,million 1990$,229641.0
Indonesia,2021,total-factor-productivity,million 1990$,0.0
Indonesia,2025,GDP,million 1990$,793684.0
Indonesia,2025,energy-investment,million 1990$,59700.0
Indonesia,2025,consumer-durable,million 1990$,14452.6
Indonesia,2025,value-added,million 1990$,743432.0
Indonesia,2025,gross-output,million 1990$,783024.0
Indonesia,2025,savings,million 1990$,260608.0
Indonesia,2025,investment,million 1990$,257753.0
Indonesia,2025,capital-stock,million 1990$,3332410.0
Indonesia,2025,depreciation,million 1990$,110800.0
Indonesia,2025,energy-service-value,million 1990$,39592.7
Indonesia,2025,energy-net-export,million 1990$,10659.5
Indonesia,2025,materials-net-export,million 1990$,-7804.67
Indonesia,2025,capital-net-export,million 1990$,-2854.86
Indonesia,2025,labor-wages,million 1990$,361944.0
Indonesia,2025,gdp-per-capita,thous 1990$ percap,2.81774
Indonesia,2025,gdp-per-capita-ppp,thous 1990$ percap,8.56652
Indonesia,2025,labor-force,thous pers,132124.0
Indonesia,2025,population,thous pers,281674.0
Indonesia,2025,savings-rate,rate annual,0.358899
Indonesia,2025,fac-share-labor,share,0.462238
Indonesia,2025,fac-share-capital,share,0.487198
Indonesia,2025,fac-share-energy,share,0.0505638
Indonesia,2025,energy-service,million 1990$,253082.0
Indonesia,2025,total-factor-productivity,million 1990$,1.12177
Indonesia,2030,GDP,million 1990$,987418.0
Indonesia,2030,energy-investment,million 1990$,67760.0
Indonesia,2030,consumer-durable,million 1990$,20308.2
Indonesia,2030,value-added,million 1990$,925820.0
Indonesia,2030,gross-output,million 1990$,976400.0
Indonesia,2030,savings,million 1990$,310728.0
Indonesia,2030,investment,million 1990$,309301.0
Indonesia,2030,capital-stock,million 1990$,3851970.0
Indonesia,2030,depreciation,million 1990$,123259.0
Indonesia,2030,energy-service-value,million 1990$,50579.7
Indonesia,2030,energy-net-export,million 1990$,11017.9
Indonesia,2030,materials-net-export,million 1990$,-9590.43
Indonesia,2030,capital-net-export,million 1990$,-1427.43
Indonesia,2030,labor-wages,million 1990$,457896.0
Indonesia,2030,gdp-per-capita,thous 1990$ percap,3.38623
Indonesia,2030,gdp-per-capita-ppp,thous 1990$ percap,10.2949
Indonesia,2030,labor-force,thous pers,137765.0
Indonesia,2030,population,thous pers,291598.0
Indonesia,2030,savings-rate,rate annual,0.360466
Indonesia,2030,fac-share-labor,share,0.468964
Indonesia,2030,fac-share-capital,share,0.479234
Indonesia,2030,fac-share-energy,share,0.0518022
Indonesia,2030,energy-service,million 1990$,292663.0
Indonesia,2030,total-factor-productivity,million 1990$,1.2696
Indonesia,2035,GDP,million 1990$,1181780.0
Indonesia,2035,energy-investment,million 1990$,68552.8
Indonesia,2035,consumer-durable,million 1990$,25578.2
Indonesia,2035,value-added,million 1990$,1109340.0
Indonesia,2035,gross-output,million 1990$,1170640.0
Indonesia,2035,savings,million 1990$,388123.0
Indonesia,2035,investment,million 1990$,388123.0
Indonesia,2035,capital-stock,million 1990$,4583690.0
Indonesia,2035,depreciation,million 1990$,142477.0
Indonesia,2035,energy-service-value,million 1990$,61306.0
Indonesia,2035,energy-net-export,million 1990$,11140.8
Indonesia,2035,materials-net-export,million 1990$,-11140.8
Indonesia,2035,capital-net-export,million 1990$,0.0
Indonesia,2035,labor-wages,million 1990$,561018.0
Indonesia,2035,gdp-per-capita,thous 1990$ percap,3.94344
Indonesia,2035,gdp-per-capita-ppp,thous 1990$ percap,11.9889
Indonesia,2035,labor-force,thous pers,141307.0
Indonesia,2035,population,thous pers,299683.0
Indonesia,2035,savings-rate,rate annual,0.356495
Indonesia,2035,fac-share-labor,share,0.479239
Indonesia,2035,fac-share-capital,share,0.468391
Indonesia,2035,fac-share-energy,share,0.0523696
Indonesia,2035,energy-service,million 1990$,330840.0
Indonesia,2035,total-factor-productivity,million 1990$,1.37618
Indonesia,2040,GDP,million 1990$,1385160.0
Indonesia,2040,energy-investment,million 1990$,84251.4
Indonesia,2040,consumer-durable,million 1990$,25646.9
Indonesia,2040,value-added,million 1990$,1301860.0
Indonesia,2040,gross-output,million 1990$,1374070.0
Indonesia,2040,savings,million 1990$,459828.0
Indonesia,2040,investment,million 1990$,459828.0
Indonesia,2040,capital-stock,million 1990$,5494550.0
Indonesia,2040,depreciation,million 1990$,169542.0
Indonesia,2040,energy-service-value,million 1990$,72213.1
Indonesia,2040,energy-net-export,million 1990$,11082.1
Indonesia,2040,materials-net-export,million 1990$,-11082.1
Indonesia,2040,capital-net-export,million 1990$,0.0
Indonesia,2040,labor-wages,million 1990$,674794.0
Indonesia,2040,gdp-per-capita,thous 1990$ percap,4.53113
Indonesia,2040,gdp-per-capita-ppp,thous 1990$ percap,13.7756
Indonesia,2040,labor-force,thous pers,143164.0
Indonesia,2040,population,thous pers,305698.0
Indonesia,2040,savings-rate,rate annual,0.35071
Indonesia,2040,fac-share-labor,share,0.49109
Indonesia,2040,fac-share-capital,share,0.456356
Indonesia,2040,fac-share-energy,share,0.052554
Indonesia,2040,energy-service,million 1990$,366570.0
Indonesia,2040,total-factor-productivity,million 1990$,1.46817
Indonesia,2045,GDP,million 1990$,1589220.0
Indonesia,2045,energy-investment,million 1990$,84791.4
Indonesia,2045,consumer-durable,million 1990$,27119.7
Indonesia,2045,value-added,million 1990$,1496240.0
Indonesia,2045,gross-output,million 1990$,1579470.0
Indonesia,2045,savings,million 1990$,530949.0
Indonesia,2045,investment,million 1990$,530949.0
Indonesia,2045,capital-stock,million 1990$,6506000.0
Indonesia,2045,depreciation,million 1990$,203233.0
Indonesia,2045,energy-service-value,million 1990$,83234.0
Indonesia,2045,energy-net-export,million 1990$,9752.86
Indonesia,2045,materials-net-export,million 1990$,-9752.86
Indonesia,2045,capital-net-export,million 1990$,0.0
Indonesia,2045,labor-wages,million 1990$,794107.0
Indonesia,2045,gdp-per-capita,thous 1990$ percap,5.13187
Indonesia,2045,gdp-per-capita-ppp,thous 1990$ percap,15.602
Indonesia,2045,labor-force,thous pers,143615.0
Indonesia,2045,population,thous pers,309677.0
Indonesia,2045,savings-rate,rate annual,0.343176
Indonesia,2045,fac-share-labor,share,0.502768
Indonesia,2045,fac-share-capital,share,0.444535
Indonesia,2045,fac-share-energy,share,0.0526974
Indonesia,2045,energy-service,million 1990$,400187.0
Indonesia,2045,total-factor-productivity,million 1990$,1.55431
Indonesia,2050,GDP,million 1990$,1788720.0
Indonesia,2050,energy-investment,million 1990$,86829.2
Indonesia,2050,consumer-durable,million 1990$,24852.4
Indonesia,2050,value-added,million 1990$,1686220.0
Indonesia,2050,gross-output,million 1990$,1780130.0
Indonesia,2050,savings,million 1990$,597195.0
Indonesia,2050,investment,million 1990$,597195.0
Indonesia,2050,capital-stock,million 1990$,7642000.0
Indonesia,2050,depreciation,million 1990$,240644.0
Indonesia,2050,energy-service-value,million 1990$,93916.9
Indonesia,2050,energy-net-export,million 1990$,8584.58
Indonesia,2050,materials-net-export,million 1990$,-8584.58
Indonesia,2050,capital-net-export,million 1990$,0.0
Indonesia,2050,labor-wages,million 1990$,915890.0
Indonesia,2050,gdp-per-capita,thous 1990$ percap,5.73883
Indonesia,2050,gdp-per-capita-ppp,thous 1990$ percap,17.4473
Indonesia,2050,labor-force,thous pers,142803.0
Indonesia,2050,population,thous pers,311687.0
Indonesia,2050,savings-rate,rate annual,0.334387
Indonesia,2050,fac-share-labor,share,0.514506
Indonesia,2050,fac-share-capital,share,0.432735
Indonesia,2050,fac-share-energy,share,0.0527583
Indonesia,2050,energy-service,million 1990$,430886.0
Indonesia,2050,total-factor-productivity,million 1990$,1.63073
Indonesia,2055,GDP,million 1990$,1993060.0
Indonesia,2055,energy-investment,million 1990$,88016.7
Indonesia,2055,consumer-durable,million 1990$,29227.5
Indonesia,2055,value-added,million 1990$,1880850.0
Indonesia,2055,gross-output,million 1990$,1985600.0
Indonesia,2055,savings,million 1990$,656441.0
Indonesia,2055,investment,million 1990$,656441.0
Indonesia,2055,capital-stock,million 1990$,8859060.0
Indonesia,2055,depreciation,million 1990$,282662.0
Indonesia,2055,energy-service-value,million 1990$,104748.0
Indonesia,2055,energy-net-export,million 1990$,7462.21
Indonesia,2055,materials-net-export,million 1990$,-7462.21
Indonesia,2055,capital-net-export,million 1990$,0.0
Indonesia,2055,labor-wages,million 1990$,1043490.0
Indonesia,2055,gdp-per-capita,thous 1990$ percap,6.38191
Indonesia,2055,gdp-per-capita-ppp,thous 1990$ percap,19.4023
Indonesia,2055,labor-force,thous pers,141548.0
Indonesia,2055,population,thous pers,312298.0
Indonesia,2055,savings-rate,rate annual,0.325648
Indonesia,2055,fac-share-labor,share,0.525528
Indonesia,2055,fac-share-capital,share,0.421718
Indonesia,2055,fac-share-energy,share,0.0527541
Indonesia,2055,energy-service,million 1990$,458279.0
Indonesia,2055,total-factor-productivity,million 1990$,1.70995
Indonesia,2060,GDP,million 1990$,2199480.0
Indonesia,2060,energy-investment,million 1990$,92576.5
Indonesia,2060,consumer-durable,million 1990$,30209.8
Indonesia,2060,value-added,million 1990$,2076800.0
Indonesia,2060,gross-output,million 1990$,2192920.0
Indonesia,2060,savings,million 1990$,714015.0
Indonesia,2060,investment,million 1990$,714015.0
Indonesia,2060,capital-stock,million 1990$,10108600.0
Indonesia,2060,depreciation,million 1990$,327679.0
Indonesia,2060,energy-service-value,million 1990$,116121.0
Indonesia,2060,energy-net-export,million 1990$,6560.75
Indonesia,2060,materials-net-export,million 1990$,-6560.75
Indonesia,2060,capital-net-export,million 1990$,0.0
Indonesia,2060,labor-wages,million 1990$,1174710.0
Indonesia,2060,gdp-per-capita,thous 1990$ percap,7.05883
Indonesia,2060,gdp-per-capita-ppp,thous 1990$ percap,21.4603
Indonesia,2060,labor-force,thous pers,139483.0
Indonesia,2060,population,thous pers,311593.0
Indonesia,2060,savings-rate,rate annual,0.316987
Indonesia,2060,fac-share-labor,share,0.535682
Indonesia,2060,fac-share-capital,share,0.411366
Indonesia,2060,fac-share-energy,share,0.0529525
Indonesia,2060,energy-service,million 1990$,485511.0
Indonesia,2060,total-factor-productivity,million 1990$,1.796
Indonesia,2065,GDP,million 1990$,2403780.0
Indonesia,2065,energy-investment,million 1990$,94025.0
Indonesia,2065,consumer-durable,million 1990$,30941.4
Indonesia,2065,value-added,million 1990$,2270110.0
Indonesia,2065,gross-output,million 1990$,2397780.0
Indonesia,2065,savings,million 1990$,768915.0
Indonesia,2065,investment,million 1990$,768915.0
Indonesia,2065,capital-stock,million 1990$,11372700.0
Indonesia,2065,depreciation,million 1990$,373897.0
Indonesia,2065,energy-service-value,million 1990$,127669.0
Indonesia,2065,energy-net-export,million 1990$,6006.85
Indonesia,2065,materials-net-export,million 1990$,-6006.85
Indonesia,2065,capital-net-export,million 1990$,0.0
Indonesia,2065,labor-wages,million 1990$,1307590.0
Indonesia,2065,gdp-per-capita,thous 1990$ percap,7.76068
Indonesia,2065,gdp-per-capita-ppp,thous 1990$ percap,23.5941
Indonesia,2065,labor-force,thous pers,136276.0
Indonesia,2065,population,thous pers,309739.0
Indonesia,2065,savings-rate,rate annual,0.3083
Indonesia,2065,fac-share-labor,share,0.545333
Indonesia,2065,fac-share-capital,share,0.401422
Indonesia,2065,fac-share-energy,share,0.0532448
Indonesia,2065,energy-service,million 1990$,509852.0
Indonesia,2065,total-factor-productivity,million 1990$,1.89073
Indonesia,2070,GDP,million 1990$,2604360.0
Indonesia,2070,energy-investment,million 1990$,93569.1
Indonesia,2070,consumer-durable,million 1990$,33055.3
Indonesia,2070,value-added,million 1990$,2459540.0
Indonesia,2070,gross-output,million 1990$,2598630.0
Indonesia,2070,savings,million 1990$,819456.0
Indonesia,2070,investment,million 1990$,819456.0
Indonesia,2070,capital-stock,million 1990$,12644300.0
Indonesia,2070,depreciation,million 1990$,420654.0
Indonesia,2070,energy-service-value,million 1990$,139089.0
Indonesia,2070,energy-net-export,million 1990$,5735.04
Indonesia,2070,materials-net-export,million 1990$,-5735.04
Indonesia,2070,capital-net-export,million 1990$,0.0
Indonesia,2070,labor-wages,million 1990$,1440550.0
Indonesia,2070,gdp-per-capita,thous 1990$ percap,8.48603
Indonesia,2070,gdp-per-capita-ppp,thous 1990$ percap,25.7993
Indonesia,2070,labor-force,thous pers,132679.0
Indonesia,2070,population,thous pers,306900.0
Indonesia,2070,savings-rate,rate annual,0.299688
Indonesia,2070,fac-share-labor,share,0.554348
Indonesia,2070,fac-share-capital,share,0.392127
Indonesia,2070,fac-share-energy,share,0.0535242
Indonesia,2070,energy-service,million 1990$,530630.0
Indonesia,2070,total-factor-productivity,million 1990$,1.98959
Indonesia,2075,GDP,million 1990$,2799950.0
Indonesia,2075,energy-investment,million 1990$,91572.4
Indonesia,2075,consumer-durable,million 1990$,33830.0
Indonesia,2075,value-added,million 1990$,2643770.0
Indonesia,2075,gross-output,million 1990$,2794570.0
Indonesia,2075,savings,million 1990$,865405.0
Indonesia,2075,investment,million 1990$,865405.0
Indonesia,2075,capital-stock,million 1990$,13903100.0
Indonesia,2075,depreciation,million 1990$,467687.0
Indonesia,2075,energy-service-value,million 1990$,150798.0
Indonesia,2075,energy-net-export,million 1990$,5381.05
Indonesia,2075,materials-net-export,million 1990$,-5381.05
Indonesia,2075,capital-net-export,million 1990$,0.0
Indonesia,2075,labor-wages,million 1990$,1573670.0
Indonesia,2075,gdp-per-capita,thous 1990$ percap,9.23362
Indonesia,2075,gdp-per-capita-ppp,thous 1990$ percap,28.0721
Indonesia,2075,labor-force,thous pers,127913.0
Indonesia,2075,population,thous pers,303234.0
Indonesia,2075,savings-rate,rate annual,0.291229
Indonesia,2075,fac-share-labor,share,0.563116
Indonesia,2075,fac-share-capital,share,0.382923
Indonesia,2075,fac-share-energy,share,0.0539611
Indonesia,2075,energy-service,million 1990$,549228.0
Indonesia,2075,total-factor-productivity,million 1990$,2.10104
Indonesia,2080,GDP,million 1990$,2986160.0
Indonesia,2080,energy-investment,million 1990$,91918.8
Indonesia,2080,consumer-durable,million 1990$,35053.5
Indonesia,2080,value-added,million 1990$,2818250.0
Indonesia,2080,gross-output,million 1990$,2980570.0
Indonesia,2080,savings,million 1990$,906712.0
Indonesia,2080,investment,million 1990$,906712.0
Indonesia,2080,capital-stock,million 1990$,15143200.0
Indonesia,2080,depreciation,million 1990$,514249.0
Indonesia,2080,energy-service-value,million 1990$,162321.0
Indonesia,2080,energy-net-export,million 1990$,5586.68
Indonesia,2080,materials-net-export,million 1990$,-5586.68
Indonesia,2080,capital-net-export,million 1990$,0.0
Indonesia,2080,labor-wages,million 1990$,1703860.0
Indonesia,2080,gdp-per-capita,thous 1990$ percap,9.99718
Indonesia,2080,gdp-per-capita-ppp,thous 1990$ percap,30.3935
Indonesia,2080,labor-force,thous pers,122365.0
Indonesia,2080,population,thous pers,298700.0
Indonesia,2080,savings-rate,rate annual,0.282902
Indonesia,2080,fac-share-labor,share,0.571655
Indonesia,2080,fac-share-capital,share,0.373885
Indonesia,2080,fac-share-energy,share,0.0544597
Indonesia,2080,energy-service,million 1990$,564277.0
Indonesia,2080,total-factor-productivity,million 1990$,2.22161
Indonesia,2085,GDP,million 1990$,3162090.0
Indonesia,2085,energy-investment,million 1990$,94417.2
Indonesia,2085,consumer-durable,million 1990$,35748.4
Indonesia,2085,value-added,million 1990$,2982440.0
Indonesia,2085,gross-output,million 1990$,3155710.0
Indonesia,2085,savings,million 1990$,942146.0
Indonesia,2085,investment,million 1990$,942146.0
Indonesia,2085,capital-stock,million 1990$,16327600.0
Indonesia,2085,depreciation,million 1990$,560118.0
Indonesia,2085,energy-service-value,million 1990$,173274.0
Indonesia,2085,energy-net-export,million 1990$,6377.01
Indonesia,2085,materials-net-export,million 1990$,-6377.01
Indonesia,2085,capital-net-export,million 1990$,0.0
Indonesia,2085,labor-wages,million 1990$,1828400.0
Indonesia,2085,gdp-per-capita,thous 1990$ percap,10.7766
Indonesia,2085,gdp-per-capita-ppp,thous 1990$ percap,32.7631
Indonesia,2085,labor-force,thous pers,117179.0
Indonesia,2085,population,thous pers,293422.0
Indonesia,2085,savings-rate,rate annual,0.274788
Indonesia,2085,fac-share-labor,share,0.579393
Indonesia,2085,fac-share-capital,share,0.365699
Indonesia,2085,fac-share-energy,share,0.0549081
Indonesia,2085,energy-service,million 1990$,575929.0
Indonesia,2085,total-factor-productivity,million 1990$,2.34267
Indonesia,2090,GDP,million 1990$,3325850.0
Indonesia,2090,energy-investment,million 1990$,95361.2
Indonesia,2090,consumer-durable,million 1990$,36304.5
Indonesia,2090,value-added,million 1990$,3134160.0
Indonesia,2090,gross-output,million 1990$,3317750.0
Indonesia,2090,savings,million 1990$,971996.0
Indonesia,2090,investment,million 1990$,971996.0
Indonesia,2090,capital-stock,million 1990$,17432300.0
Indonesia,2090,depreciation,million 1990$,603925.0
Indonesia,2090,energy-service-value,million 1990$,183585.0
Indonesia,2090,energy-net-export,million 1990$,8097.26
Indonesia,2090,materials-net-export,million 1990$,-8097.26
Indonesia,2090,capital-net-export,million 1990$,0.0
Indonesia,2090,labor-wages,million 1990$,1945430.0
Indonesia,2090,gdp-per-capita,thous 1990$ percap,11.5674
Indonesia,2090,gdp-per-capita-ppp,thous 1990$ percap,35.1673
Indonesia,2090,labor-force,thous pers,112292.0
Indonesia,2090,population,thous pers,287519.0
Indonesia,2090,savings-rate,rate annual,0.266888
Indonesia,2090,fac-share-labor,share,0.58637
Indonesia,2090,fac-share-capital,share,0.358296
Indonesia,2090,fac-share-energy,share,0.0553342
Indonesia,2090,energy-service,million 1990$,584729.0
Indonesia,2090,total-factor-productivity,million 1990$,2.46369
Indonesia,2095,GDP,million 1990$,3476090.0
Indonesia,2095,energy-investment,million 1990$,95162.4
Indonesia,2095,consumer-durable,million 1990$,36835.3
Indonesia,2095,value-added,million 1990$,3273040.0
Indonesia,2095,gross-output,million 1990$,3466230.0
Indonesia,2095,savings,million 1990$,996060.0
Indonesia,2095,investment,million 1990$,996060.0
Indonesia,2095,capital-stock,million 1990$,18452100.0
Indonesia,2095,depreciation,million 1990$,644787.0
Indonesia,2095,energy-service-value,million 1990$,193197.0
Indonesia,2095,energy-net-export,million 1990$,9857.8
Indonesia,2095,materials-net-export,million 1990$,-9857.8
Indonesia,2095,capital-net-export,million 1990$,0.0
Indonesia,2095,labor-wages,million 1990$,2054630.0
Indonesia,2095,gdp-per-capita,thous 1990$ percap,12.3661
Indonesia,2095,gdp-per-capita-ppp,thous 1990$ percap,37.5955
Indonesia,2095,labor-force,thous pers,107564.0
Indonesia,2095,population,thous pers,281099.0
Indonesia,2095,savings-rate,rate annual,0.259213
Indonesia,2095,fac-share-labor,share,0.592756
Indonesia,2095,fac-share-capital,share,0.351507
Indonesia,2095,fac-share-energy,share,0.0557368
Indonesia,2095,energy-service,million 1990$,590525.0
Indonesia,2095,total-factor-productivity,million 1990$,2.58592
Indonesia,2100,GDP,million 1990$,3612090.0
Indonesia,2100,energy-investment,million 1990$,94373.7
Indonesia,2100,consumer-durable,million 1990$,36827.3
Indonesia,2100,value-added,million 1990$,3398110.0
Indonesia,2100,gross-output,million 1990$,3599970.0
Indonesia,2100,savings,million 1990$,1014380.0
Indonesia,2100,investment,million 1990$,1014380.0
Indonesia,2100,capital-stock,million 1990$,19380200.0
Indonesia,2100,depreciation,million 1990$,682506.0
Indonesia,2100,energy-service-value,million 1990$,201855.0
Indonesia,2100,energy-net-export,million 1990$,12119.9
Indonesia,2100,materials-net-export,million 1990$,-12119.9
Indonesia,2100,capital-net-export,million 1990$,0.0
Indonesia,2100,labor-wages,million 1990$,2154990.0
Indonesia,2100,gdp-per-capita,thous 1990$ percap,13.1679
Indonesia,2100,gdp-per-capita-ppp,thous 1990$ percap,40.0332
Indonesia,2100,labor-force,thous pers,103042.0
Indonesia,2100,population,thous pers,274310.0
Indonesia,2100,savings-rate,rate annual,0.251758
Indonesia,2100,fac-share-labor,share,0.598614
Indonesia,2100,fac-share-capital,share,0.345315
Indonesia,2100,fac-share-energy,share,0.0560714
Indonesia,2100,energy-service,million 1990$,592708.0
Indonesia,2100,total-factor-productivity,million 1990$,2.70802
Japan,1975,GDP,million 1990$,1111210.0
Japan,1975,energy-investment,million 1990$,19710.1
Japan,1975,consumer-durable,million 1990$,0.141933
Japan,1975,value-added,million 1990$,985231.0
Japan,1975,gross-output,million 1990$,1111210.0
Japan,1975,savings,million 1990$,300572.0
Japan,1975,investment,million 1990$,374226.0
Japan,1975,capital-stock,million 1990$,3616860.0
Japan,1975,depreciation,million 1990$,132891.0
Japan,1975,energy-service-value,million 1990$,125980.0
Japan,1975,energy-net-export,million 1990$,-2.129
Japan,1975,materials-net-export,million 1990$,-73651.6
Japan,1975,capital-net-export,million 1990$,73653.7
Japan,1975,labor-wages,million 1990$,687088.0
Japan,1975,gdp-per-capita,thous 1990$ percap,9.88515
Japan,1975,gdp-per-capita-ppp,thous 1990$ percap,11.1826
Japan,1975,labor-force,thous pers,56680.7
Japan,1975,population,thous pers,112412.0
Japan,1975,savings-rate,rate annual,0.270491
Japan,1975,fac-share-labor,share,0.618324
Japan,1975,fac-share-capital,share,0.268305
Japan,1975,fac-share-energy,share,0.113372
Japan,1975,energy-service,million 1990$,2.129
Japan,1975,total-factor-productivity,million 1990$,0.0
Japan,1990,GDP,million 1990$,2145210.0
Japan,1990,energy-investment,million 1990$,39038.2
Japan,1990,consumer-durable,million 1990$,50009.9
Japan,1990,value-added,million 1990$,1829130.0
Japan,1990,gross-output,million 1990$,2193430.0
Japan,1990,savings,million 1990$,300572.0
Japan,1990,investment,million 1990$,402968.0
Japan,1990,capital-stock,million 1990$,7857280.0
Japan,1990,depreciation,million 1990$,132891.0
Japan,1990,energy-service-value,million 1990$,364308.0
Japan,1990,energy-net-export,million 1990$,-48226.9
Japan,1990,materials-net-export,million 1990$,-54168.7
Japan,1990,capital-net-export,million 1990$,102396.0
Japan,1990,labor-wages,million 1990$,1229800.0
Japan,1990,gdp-per-capita,thous 1990$ percap,17.344
Japan,1990,gdp-per-capita-ppp,thous 1990$ percap,19.6204
Japan,1990,labor-force,thous pers,64675.7
Japan,1990,population,thous pers,123686.0
Japan,1990,savings-rate,rate annual,0.297781
Japan,1990,fac-share-labor,share,0.560675
Japan,1990,fac-share-capital,share,0.273235
Japan,1990,fac-share-energy,share,0.16609
Japan,1990,energy-service,million 1990$,647602.0
Japan,1990,total-factor-productivity,million 1990$,0.0
Japan,2005,GDP,million 1990$,2577240.0
Japan,2005,energy-investment,million 1990$,35050.0
Japan,2005,consumer-durable,million 1990$,60506.6
Japan,2005,value-added,million 1990$,2108360.0
Japan,2005,gross-output,million 1990$,2642220.0
Japan,2005,savings,million 1990$,688812.0
Japan,2005,investment,million 1990$,765696.0
Japan,2005,capital-stock,million 1990$,11420400.0
Japan,2005,depreciation,million 1990$,309852.0
Japan,2005,energy-service-value,million 1990$,533857.0
Japan,2005,energy-net-export,million 1990$,-64975.0
Japan,2005,materials-net-export,million 1990$,-11909.4
Japan,2005,capital-net-export,million 1990$,76884.3
Japan,2005,labor-wages,million 1990$,1423910.0
Japan,2005,gdp-per-capita,thous 1990$ percap,20.1665
Japan,2005,gdp-per-capita-ppp,thous 1990$ percap,22.8134
Japan,2005,labor-force,thous pers,65501.8
Japan,2005,population,thous pers,127798.0
Japan,2005,savings-rate,rate annual,0.236354
Japan,2005,fac-share-labor,share,0.538909
Japan,2005,fac-share-capital,share,0.259042
Japan,2005,fac-share-energy,share,0.202049
Japan,2005,energy-service,million 1990$,777406.0
Japan,2005,total-factor-productivity,million 1990$,0.0
Japan,2010,GDP,million 1990$,2571030.0
Japan,2010,energy-investment,million 1990$,26198.3
Japan,2010,consumer-durable,million 1990$,50818.6
Japan,2010,value-added,million 1990$,2025520.0
Japan,2010,gross-output,million 1990$,2677680.0
Japan,2010,savings,million 1990$,669648.0
Japan,2010,investment,million 1990$,674161.0
Japan,2010,capital-stock,million 1990$,11676000.0
Japan,2010,depreciation,million 1990$,494094.0
Japan,2010,energy-service-value,million 1990$,652160.0
Japan,2010,energy-net-export,million 1990$,-106653.0
Japan,2010,materials-net-export,million 1990$,102141.0
Japan,2010,capital-net-export,million 1990$,4512.85
Japan,2010,labor-wages,million 1990$,1438450.0
Japan,2010,gdp-per-capita,thous 1990$ percap,20.0697
Japan,2010,gdp-per-capita-ppp,thous 1990$ percap,22.7039
Japan,2010,labor-force,thous pers,65790.0
Japan,2010,population,thous pers,128105.0
Japan,2010,savings-rate,rate annual,0.221256
Japan,2010,fac-share-labor,share,0.5372
Japan,2010,fac-share-capital,share,0.219246
Japan,2010,fac-share-energy,share,0.243554
Japan,2010,energy-service,million 1990$,773148.0
Japan,2010,total-factor-productivity,million 1990$,0.0
Japan,2015,GDP,million 1990$,2708770.0
Japan,2015,energy-investment,million 1990$,31294.1
Japan,2015,consumer-durable,million 1990$,49136.2
Japan,2015,value-added,million 1990$,2123110.0
Japan,2015,gross-output,million 1990$,2826920.0
Japan,2015,savings,million 1990$,619674.0
Japan,2015,investment,million 1990$,697066.0
Japan,2015,capital-stock,million 1990$,11879500.0
Japan,2015,depreciation,million 1990$,520237.0
Japan,2015,energy-service-value,million 1990$,703800.0
Japan,2015,energy-net-export,million 1990$,-118146.0
Japan,2015,materials-net-export,million 1990$,40754.1
Japan,2015,capital-net-export,million 1990$,77391.9
Japan,2015,labor-wages,million 1990$,1500710.0
Japan,2015,gdp-per-capita,thous 1990$ percap,21.2868
Japan,2015,gdp-per-capita-ppp,thous 1990$ percap,24.0807
Japan,2015,labor-force,thous pers,66598.8
Japan,2015,population,thous pers,127251.0
Japan,2015,savings-rate,rate annual,0.218134
Japan,2015,fac-share-labor,share,0.530865
Japan,2015,fac-share-capital,share,0.220171
Japan,2015,fac-share-energy,share,0.248964
Japan,2015,energy-service,million 1990$,732425.0
Japan,2015,total-factor-productivity,million 1990$,0.0
Japan,2021,GDP,million 1990$,2701330.0
Japan,2021,energy-investment,million 1990$,31142.5
Japan,2021,consumer-durable,million 1990$,42811.0
Japan,2021,value-added,million 1990$,2120780.0
Japan,2021,gross-output,million 1990$,2763060.0
Japan,2021,savings,million 1990$,640011.0
Japan,2021,investment,million 1990$,677944.0
Japan,2021,capital-stock,million 1990$,11687800.0
Japan,2021,depreciation,million 1990$,535147.0
Japan,2021,energy-service-value,million 1990$,642277.0
Japan,2021,energy-net-export,million 1990$,-61731.8
Japan,2021,materials-net-export,million 1990$,23798.3
Japan,2021,capital-net-export,million 1990$,37933.5
Japan,2021,labor-wages,million 1990$,1517410.0
Japan,2021,gdp-per-capita,thous 1990$ percap,21.6777
Japan,2021,gdp-per-capita-ppp,thous 1990$ percap,24.5229
Japan,2021,labor-force,thous pers,66757.7
Japan,2021,population,thous pers,124613.0
Japan,2021,savings-rate,rate annual,0.232144
Japan,2021,fac-share-labor,share,0.549176
Japan,2021,fac-share-capital,share,0.218373
Japan,2021,fac-share-energy,share,0.232452
Japan,2021,energy-service,million 1990$,631037.0
Japan,2021,total-factor-productivity,million 1990$,0.0
Japan,2025,GDP,million 1990$,2856550.0
Japan,2025,energy-investment,million 1990$,75128.0
Japan,2025,consumer-durable,million 1990$,29627.2
Japan,2025,value-added,million 1990$,2239720.0
Japan,2025,gross-output,million 1990$,2917440.0
Japan,2025,savings,million 1990$,669908.0
Japan,2025,investment,million 1990$,697003.0
Japan,2025,capital-stock,million 1990$,12025900.0
Japan,2025,depreciation,million 1990$,532545.0
Japan,2025,energy-service-value,million 1990$,677718.0
Japan,2025,energy-net-export,million 1990$,-60894.7
Japan,2025,materials-net-export,million 1990$,33799.3
Japan,2025,capital-net-export,million 1990$,27095.3
Japan,2025,labor-wages,million 1990$,1609730.0
Japan,2025,gdp-per-capita,thous 1990$ percap,23.3831
Japan,2025,gdp-per-capita-ppp,thous 1990$ percap,26.4521
Japan,2025,labor-force,thous pers,65144.2
Japan,2025,population,thous pers,122163.0
Japan,2025,savings-rate,rate annual,0.229601
Japan,2025,fac-share-labor,share,0.55176
Japan,2025,fac-share-capital,share,0.215941
Japan,2025,fac-share-energy,share,0.232299
Japan,2025,energy-service,million 1990$,624013.0
Japan,2025,total-factor-productivity,million 1990$,1.06636
Japan,2030,GDP,million 1990$,2970860.0
Japan,2030,energy-investment,million 1990$,90724.9
Japan,2030,consumer-durable,million 1990$,45172.6
Japan,2030,value-added,million 1990$,2315210.0
Japan,2030,gross-output,million 1990$,3027870.0
Japan,2030,savings,million 1990$,701136.0
Japan,2030,investment,million 1990$,714684.0
Japan,2030,capital-stock,million 1990$,12308800.0
Japan,2030,depreciation,million 1990$,547946.0
Japan,2030,energy-service-value,million 1990$,712659.0
Japan,2030,energy-net-export,million 1990$,-57004.6
Japan,2030,materials-net-export,million 1990$,43456.9
Japan,2030,capital-net-export,million 1990$,13547.7
Japan,2030,labor-wages,million 1990$,1672470.0
Japan,2030,gdp-per-capita,thous 1990$ percap,24.9556
Japan,2030,gdp-per-capita-ppp,thous 1990$ percap,28.231
Japan,2030,labor-force,thous pers,62748.9
Japan,2030,population,thous pers,119046.0
Japan,2030,savings-rate,rate annual,0.225683
Japan,2030,fac-share-labor,share,0.55236
Japan,2030,fac-share-capital,share,0.212274
Japan,2030,fac-share-energy,share,0.235367
Japan,2030,energy-service,million 1990$,632656.0
Japan,2030,total-factor-productivity,million 1990$,1.12062
Japan,2035,GDP,million 1990$,3097690.0
Japan,2035,energy-investment,million 1990$,107948.0
Japan,2035,consumer-durable,million 1990$,58948.1
Japan,2035,value-added,million 1990$,2391400.0
Japan,2035,gross-output,million 1990$,3150690.0
Japan,2035,savings,million 1990$,717557.0
Japan,2035,investment,million 1990$,717557.0
Japan,2035,capital-stock,million 1990$,12403800.0
Japan,2035,depreciation,million 1990$,560838.0
Japan,2035,energy-service-value,million 1990$,759293.0
Japan,2035,energy-net-export,million 1990$,-53005.4
Japan,2035,materials-net-export,million 1990$,53005.4
Japan,2035,capital-net-export,million 1990$,0.0
Japan,2035,labor-wages,million 1990$,1736640.0
Japan,2035,gdp-per-capita,thous 1990$ percap,26.7602
Japan,2035,gdp-per-capita-ppp,thous 1990$ percap,30.2725
Japan,2035,labor-force,thous pers,59328.7
Japan,2035,population,thous pers,115757.0
Japan,2035,savings-rate,rate annual,0.222919
Japan,2035,fac-share-labor,share,0.551194
Japan,2035,fac-share-capital,share,0.207814
Japan,2035,fac-share-energy,share,0.240992
Japan,2035,energy-service,million 1990$,647723.0
Japan,2035,total-factor-productivity,million 1990$,1.19405
Japan,2040,GDP,million 1990$,3206160.0
Japan,2040,energy-investment,million 1990$,150005.0
Japan,2040,consumer-durable,million 1990$,57124.5
Japan,2040,value-added,million 1990$,2449490.0
Japan,2040,gross-output,million 1990$,3254180.0
Japan,2040,savings,million 1990$,739626.0
Japan,2040,investment,million 1990$,739626.0
Japan,2040,capital-stock,million 1990$,12438400.0
Japan,2040,depreciation,million 1990$,565168.0
Japan,2040,energy-service-value,million 1990$,804686.0
Japan,2040,energy-net-export,million 1990$,-48019.7
Japan,2040,materials-net-export,million 1990$,48019.7
Japan,2040,capital-net-export,million 1990$,0.0
Japan,2040,labor-wages,million 1990$,1791070.0
Japan,2040,gdp-per-capita,thous 1990$ percap,28.5294
Japan,2040,gdp-per-capita-ppp,thous 1990$ percap,32.2738
Japan,2040,labor-force,thous pers,54686.1
Japan,2040,population,thous pers,112381.0
Japan,2040,savings-rate,rate annual,0.219557
Japan,2040,fac-share-labor,share,0.550391
Japan,2040,fac-share-capital,share,0.202331
Japan,2040,fac-share-energy,share,0.247278
Japan,2040,energy-service,million 1990$,653907.0
Japan,2040,total-factor-productivity,million 1990$,1.28616
Japan,2045,GDP,million 1990$,3317780.0
Japan,2045,energy-investment,million 1990$,111646.0
Japan,2045,consumer-durable,million 1990$,61875.0
Japan,2045,value-added,million 1990$,2512180.0
Japan,2045,gross-output,million 1990$,3361200.0
Japan,2045,savings,million 1990$,754747.0
Japan,2045,investment,million 1990$,754747.0
Japan,2045,capital-stock,million 1990$,12351100.0
Japan,2045,depreciation,million 1990$,566741.0
Japan,2045,energy-service-value,million 1990$,849024.0
Japan,2045,energy-net-export,million 1990$,-43418.4
Japan,2045,materials-net-export,million 1990$,43418.4
Japan,2045,capital-net-export,million 1990$,0.0
Japan,2045,labor-wages,million 1990$,1846060.0
Japan,2045,gdp-per-capita,thous 1990$ percap,30.4423
Japan,2045,gdp-per-capita-ppp,thous 1990$ percap,34.4378
Japan,2045,labor-force,thous pers,51033.7
Japan,2045,population,thous pers,108986.0
Japan,2045,savings-rate,rate annual,0.216693
Japan,2045,fac-share-labor,share,0.549227
Japan,2045,fac-share-capital,share,0.198178
Japan,2045,fac-share-energy,share,0.252596
Japan,2045,energy-service,million 1990$,656648.0
Japan,2045,total-factor-productivity,million 1990$,1.38043
Japan,2050,GDP,million 1990$,3436080.0
Japan,2050,energy-investment,million 1990$,125065.0
Japan,2050,consumer-durable,million 1990$,51284.1
Japan,2050,value-added,million 1990$,2584900.0
Japan,2050,gross-output,million 1990$,3476690.0
Japan,2050,savings,million 1990$,771522.0
Japan,2050,investment,million 1990$,771522.0
Japan,2050,capital-stock,million 1990$,12511900.0
Japan,2050,depreciation,million 1990$,562764.0
Japan,2050,energy-service-value,million 1990$,891792.0
Japan,2050,energy-net-export,million 1990$,-40613.3
Japan,2050,materials-net-export,million 1990$,40613.3
Japan,2050,capital-net-export,million 1990$,0.0
Japan,2050,labor-wages,million 1990$,1909390.0
Japan,2050,gdp-per-capita,thous 1990$ percap,32.5039
Japan,2050,gdp-per-capita-ppp,thous 1990$ percap,36.77
Japan,2050,labor-force,thous pers,48409.7
Japan,2050,population,thous pers,105713.0
Japan,2050,savings-rate,rate annual,0.214235
Japan,2050,fac-share-labor,share,0.549197
Japan,2050,fac-share-capital,share,0.194298
Japan,2050,fac-share-energy,share,0.256506
Japan,2050,energy-service,million 1990$,660420.0
Japan,2050,total-factor-productivity,million 1990$,1.464
Japan,2055,GDP,million 1990$,3549080.0
Japan,2055,energy-investment,million 1990$,124872.0
Japan,2055,consumer-durable,million 1990$,56016.6
Japan,2055,value-added,million 1990$,2658530.0
Japan,2055,gross-output,million 1990$,3587230.0
Japan,2055,savings,million 1990$,790583.0
Japan,2055,investment,million 1990$,790583.0
Japan,2055,capital-stock,million 1990$,12713400.0
Japan,2055,depreciation,million 1990$,570092.0
Japan,2055,energy-service-value,million 1990$,928706.0
Japan,2055,energy-net-export,million 1990$,-38146.1
Japan,2055,materials-net-export,million 1990$,38146.1
Japan,2055,capital-net-export,million 1990$,0.0
Japan,2055,labor-wages,million 1990$,1973170.0
Japan,2055,gdp-per-capita,thous 1990$ percap,34.5942
Japan,2055,gdp-per-capita-ppp,thous 1990$ percap,39.1347
Japan,2055,labor-force,thous pers,46263.0
Japan,2055,population,thous pers,102592.0
Japan,2055,savings-rate,rate annual,0.211548
Japan,2055,fac-share-labor,share,0.550055
Japan,2055,fac-share-capital,share,0.191053
Japan,2055,fac-share-energy,share,0.258892
Japan,2055,energy-service,million 1990$,657464.0
Japan,2055,total-factor-productivity,million 1990$,1.5457
Japan,2060,GDP,million 1990$,3649200.0
Japan,2060,energy-investment,million 1990$,130340.0
Japan,2060,consumer-durable,million 1990$,57146.7
Japan,2060,value-added,million 1990$,2722130.0
Japan,2060,gross-output,million 1990$,3684790.0
Japan,2060,savings,million 1990$,807049.0
Japan,2060,investment,million 1990$,807049.0
Japan,2060,capital-stock,million 1990$,12927400.0
Japan,2060,depreciation,million 1990$,579273.0
Japan,2060,energy-service-value,million 1990$,962660.0
Japan,2060,energy-net-export,million 1990$,-35583.4
Japan,2060,materials-net-export,million 1990$,35583.4
Japan,2060,capital-net-export,million 1990$,0.0
Japan,2060,labor-wages,million 1990$,2029540.0
Japan,2060,gdp-per-capita,thous 1990$ percap,36.6824
Japan,2060,gdp-per-capita-ppp,thous 1990$ percap,41.497
Japan,2060,labor-force,thous pers,44351.2
Japan,2060,population,thous pers,99481.0
Japan,2060,savings-rate,rate annual,0.208582
Japan,2060,fac-share-labor,share,0.550789
Japan,2060,fac-share-capital,share,0.187958
Japan,2060,fac-share-energy,share,0.261253
Japan,2060,energy-service,million 1990$,655766.0
Japan,2060,total-factor-productivity,million 1990$,1.62101
Japan,2065,GDP,million 1990$,3735500.0
Japan,2065,energy-investment,million 1990$,124300.0
Japan,2065,consumer-durable,million 1990$,55493.7
Japan,2065,value-added,million 1990$,2774200.0
Japan,2065,gross-output,million 1990$,3768350.0
Japan,2065,savings,million 1990$,818992.0
Japan,2065,investment,million 1990$,818992.0
Japan,2065,capital-stock,million 1990$,13121300.0
Japan,2065,depreciation,million 1990$,589025.0
Japan,2065,energy-service-value,million 1990$,994156.0
Japan,2065,energy-net-export,million 1990$,-32853.5
Japan,2065,materials-net-export,million 1990$,32853.5
Japan,2065,capital-net-export,million 1990$,0.0
Japan,2065,labor-wages,million 1990$,2078360.0
Japan,2065,gdp-per-capita,thous 1990$ percap,38.8322
Japan,2065,gdp-per-capita-ppp,thous 1990$ percap,43.9289
Japan,2065,labor-force,thous pers,42241.2
Japan,2065,population,thous pers,96196.0
Japan,2065,savings-rate,rate annual,0.205681
Japan,2065,fac-share-labor,share,0.551531
Japan,2065,fac-share-capital,share,0.184652
Japan,2065,fac-share-energy,share,0.263817
Japan,2065,energy-service,million 1990$,651727.0
Japan,2065,total-factor-productivity,million 1990$,1.70095
Japan,2070,GDP,million 1990$,3804860.0
Japan,2070,energy-investment,million 1990$,127768.0
Japan,2070,consumer-durable,million 1990$,54733.3
Japan,2070,value-added,million 1990$,2814440.0
Japan,2070,gross-output,million 1990$,3835440.0
Japan,2070,savings,million 1990$,827523.0
Japan,2070,investment,million 1990$,827523.0
Japan,2070,capital-stock,million 1990$,13349000.0
Japan,2070,depreciation,million 1990$,597860.0
Japan,2070,energy-service-value,million 1990$,1021000.0
Japan,2070,energy-net-export,million 1990$,-30576.9
Japan,2070,materials-net-export,million 1990$,30576.9
Japan,2070,capital-net-export,million 1990$,0.0
Japan,2070,labor-wages,million 1990$,2119440.0
Japan,2070,gdp-per-capita,thous 1990$ percap,41.0365
Japan,2070,gdp-per-capita-ppp,thous 1990$ percap,46.4225
Japan,2070,labor-force,thous pers,40099.9
Japan,2070,population,thous pers,92719.0
Japan,2070,savings-rate,rate annual,0.202827
Japan,2070,fac-share-labor,share,0.552593
Japan,2070,fac-share-capital,share,0.181206
Japan,2070,fac-share-energy,share,0.266201
Japan,2070,energy-service,million 1990$,645041.0
Japan,2070,total-factor-productivity,million 1990$,1.78093
Japan,2075,GDP,million 1990$,3860220.0
Japan,2075,energy-investment,million 1990$,124375.0
Japan,2075,consumer-durable,million 1990$,52891.3
Japan,2075,value-added,million 1990$,2844510.0
Japan,2075,gross-output,million 1990$,3888460.0
Japan,2075,savings,million 1990$,832030.0
Japan,2075,investment,million 1990$,832030.0
Japan,2075,capital-stock,million 1990$,13537500.0
Japan,2075,depreciation,million 1990$,608232.0
Japan,2075,energy-service-value,million 1990$,1043950.0
Japan,2075,energy-net-export,million 1990$,-28248.4
Japan,2075,materials-net-export,million 1990$,28248.4
Japan,2075,capital-net-export,million 1990$,0.0
Japan,2075,labor-wages,million 1990$,2152550.0
Japan,2075,gdp-per-capita,thous 1990$ percap,43.2716
Japan,2075,gdp-per-capita-ppp,thous 1990$ percap,48.951
Japan,2075,labor-force,thous pers,38057.7
Japan,2075,population,thous pers,89209.0
Japan,2075,savings-rate,rate annual,0.199949
Japan,2075,fac-share-labor,share,0.553573
Japan,2075,fac-share-capital,share,0.177952
Japan,2075,fac-share-energy,share,0.268475
Japan,2075,energy-service,million 1990$,636831.0
Japan,2075,total-factor-productivity,million 1990$,1.8602
Japan,2080,GDP,million 1990$,3909930.0
Japan,2080,energy-investment,million 1990$,129486.0
Japan,2080,consumer-durable,million 1990$,52935.1
Japan,2080,value-added,million 1990$,2870220.0
Japan,2080,gross-output,million 1990$,3935720.0
Japan,2080,savings,million 1990$,833025.0
Japan,2080,investment,million 1990$,833025.0
Japan,2080,capital-stock,million 1990$,13715200.0
Japan,2080,depreciation,million 1990$,616821.0
Japan,2080,energy-service-value,million 1990$,1065500.0
Japan,2080,energy-net-export,million 1990$,-25788.3
Japan,2080,materials-net-export,million 1990$,25788.3
Japan,2080,capital-net-export,million 1990$,0.0
Japan,2080,labor-wages,million 1990$,2182410.0
Japan,2080,gdp-per-capita,thous 1990$ percap,45.5013
Japan,2080,gdp-per-capita-ppp,thous 1990$ percap,51.4734
Japan,2080,labor-force,thous pers,36094.9
Japan,2080,population,thous pers,85930.0
Japan,2080,savings-rate,rate annual,0.196957
Japan,2080,fac-share-labor,share,0.554515
Japan,2080,fac-share-capital,share,0.17476
Japan,2080,fac-share-energy,share,0.270725
Japan,2080,energy-service,million 1990$,627875.0
Japan,2080,total-factor-productivity,million 1990$,1.94181
Japan,2085,GDP,million 1990$,3958490.0
Japan,2085,energy-investment,million 1990$,128115.0
Japan,2085,consumer-durable,million 1990$,52302.3
Japan,2085,value-added,million 1990$,2895710.0
Japan,2085,gross-output,million 1990$,3980560.0
Japan,2085,savings,million 1990$,832055.0
Japan,2085,investment,million 1990$,832055.0
Japan,2085,capital-stock,million 1990$,13828000.0
Japan,2085,depreciation,million 1990$,624919.0
Japan,2085,energy-service-value,million 1990$,1084850.0
Japan,2085,energy-net-export,million 1990$,-22067.0
Japan,2085,materials-net-export,million 1990$,22067.0
Japan,2085,capital-net-export,million 1990$,0.0
Japan,2085,labor-wages,million 1990$,2210040.0
Japan,2085,gdp-per-capita,thous 1990$ percap,47.7145
Japan,2085,gdp-per-capita-ppp,thous 1990$ percap,53.9771
Japan,2085,labor-force,thous pers,34538.2
Japan,2085,population,thous pers,82962.0
Japan,2085,savings-rate,rate annual,0.193871
Japan,2085,fac-share-labor,share,0.555207
Japan,2085,fac-share-capital,share,0.172256
Japan,2085,fac-share-energy,share,0.272537
Japan,2085,energy-service,million 1990$,619571.0
Japan,2085,total-factor-productivity,million 1990$,2.01699
Japan,2090,GDP,million 1990$,4002890.0
Japan,2090,energy-investment,million 1990$,132113.0
Japan,2090,consumer-durable,million 1990$,51305.7
Japan,2090,value-added,million 1990$,2917380.0
Japan,2090,gross-output,million 1990$,4020070.0
Japan,2090,savings,million 1990$,830171.0
Japan,2090,investment,million 1990$,830171.0
Japan,2090,capital-stock,million 1990$,13917900.0
Japan,2090,depreciation,million 1990$,630059.0
Japan,2090,energy-service-value,million 1990$,1102690.0
Japan,2090,energy-net-export,million 1990$,-17179.5
Japan,2090,materials-net-export,million 1990$,17179.5
Japan,2090,capital-net-export,million 1990$,0.0
Japan,2090,labor-wages,million 1990$,2234170.0
Japan,2090,gdp-per-capita,thous 1990$ percap,49.9057
Japan,2090,gdp-per-capita-ppp,thous 1990$ percap,56.4559
Japan,2090,labor-force,thous pers,33127.9
Japan,2090,population,thous pers,80209.0
Japan,2090,savings-rate,rate annual,0.190725
Japan,2090,fac-share-labor,share,0.555753
Japan,2090,fac-share-capital,share,0.169951
Japan,2090,fac-share-energy,share,0.274295
Japan,2090,energy-service,million 1990$,611787.0
Japan,2090,total-factor-productivity,million 1990$,2.08963
Japan,2095,GDP,million 1990$,4036670.0
Japan,2095,energy-investment,million 1990$,130537.0
Japan,2095,consumer-durable,million 1990$,50305.8
Japan,2095,value-added,million 1990$,2928780.0
Japan,2095,gross-output,million 1990$,4047940.0
Japan,2095,savings,million 1990$,826888.0
Japan,2095,investment,million 1990$,826888.0
Japan,2095,capital-stock,million 1990$,13960400.0
Japan,2095,depreciation,million 1990$,634156.0
Japan,2095,energy-service-value,million 1990$,1119160.0
Japan,2095,energy-net-export,million 1990$,-11263.1
Japan,2095,materials-net-export,million 1990$,11263.1
Japan,2095,capital-net-export,million 1990$,0.0
Japan,2095,labor-wages,million 1990$,2250700.0
Japan,2095,gdp-per-capita,thous 1990$ percap,52.0606
Japan,2095,gdp-per-capita-ppp,thous 1990$ percap,58.8935
Japan,2095,labor-force,thous pers,31617.0
Japan,2095,population,thous pers,77538.0
Japan,2095,savings-rate,rate annual,0.187521
Japan,2095,fac-share-labor,share,0.556011
Japan,2095,fac-share-capital,share,0.167512
Japan,2095,fac-share-energy,share,0.276476
Japan,2095,energy-service,million 1990$,603738.0
Japan,2095,total-factor-productivity,million 1990$,2.16621
Japan,2100,GDP,million 1990$,4052720.0
Japan,2100,energy-investment,million 1990$,131351.0
Japan,2100,consumer-durable,million 1990$,49013.3
Japan,2100,value-added,million 1990$,2926830.0
Japan,2100,gross-output,million 1990$,4057470.0
Japan,2100,savings,million 1990$,820935.0
Japan,2100,investment,million 1990$,820935.0
Japan,2100,capital-stock,million 1990$,13978700.0
Japan,2100,depreciation,million 1990$,636093.0
Japan,2100,energy-service-value,million 1990$,1130640.0
Japan,2100,energy-net-export,million 1990$,-4743.41
Japan,2100,materials-net-export,million 1990$,4743.41
Japan,2100,capital-net-export,million 1990$,0.0
Japan,2100,labor-wages,million 1990$,2257180.0
Japan,2100,gdp-per-capita,thous 1990$ percap,54.1439
Japan,2100,gdp-per-capita-ppp,thous 1990$ percap,61.2503
Japan,2100,labor-force,thous pers,30075.4
Japan,2100,population,thous pers,74851.0
Japan,2100,savings-rate,rate annual,0.184206
Japan,2100,fac-share-labor,share,0.556303
Japan,2100,fac-share-capital,share,0.165041
Japan,2100,fac-share-energy,share,0.278656
Japan,2100,energy-service,million 1990$,593892.0
Japan,2100,total-factor-productivity,million 1990$,2.24225
Mexico,1975,GDP,million 1990$,243958.0
Mexico,1975,energy-investment,million 1990$,5613.7
Mexico,1975,consumer-durable,million 1990$,0.141933
Mexico,1975,value-added,million 1990$,231762.0
Mexico,1975,gross-output,million 1990$,243960.0
Mexico,1975,savings,million 1990$,64044.8
Mexico,1975,investment,million 1990$,71706.2
Mexico,1975,capital-stock,million 1990$,640056.0
Mexico,1975,depreciation,million 1990$,24788.1
Mexico,1975,energy-service-value,million 1990$,12198.0
Mexico,1975,energy-net-export,million 1990$,-2.129
Mexico,1975,materials-net-export,million 1990$,-7659.21
Mexico,1975,capital-net-export,million 1990$,7661.34
Mexico,1975,labor-wages,million 1990$,97232.8
Mexico,1975,gdp-per-capita,thous 1990$ percap,4.15658
Mexico,1975,gdp-per-capita-ppp,thous 1990$ percap,7.55151
Mexico,1975,labor-force,thous pers,15295.9
Mexico,1975,population,thous pers,58692.0
Mexico,1975,savings-rate,rate annual,0.262524
Mexico,1975,fac-share-labor,share,0.39856
Mexico,1975,fac-share-capital,share,0.55144
Mexico,1975,fac-share-energy,share,0.05
Mexico,1975,energy-service,million 1990$,2.129
Mexico,1975,total-factor-productivity,million 1990$,0.0
Mexico,1990,GDP,million 1990$,402720.0
Mexico,1990,energy-investment,million 1990$,6727.81
Mexico,1990,consumer-durable,million 1990$,16493.1
Mexico,1990,value-added,million 1990$,356440.0
Mexico,1990,gross-output,million 1990$,392096.0
Mexico,1990,savings,million 1990$,64045.0
Mexico,1990,investment,million 1990$,66139.6
Mexico,1990,capital-stock,million 1990$,1251180.0
Mexico,1990,depreciation,million 1990$,24788.1
Mexico,1990,energy-service-value,million 1990$,35656.4
Mexico,1990,energy-net-export,million 1990$,10623.9
Mexico,1990,materials-net-export,million 1990$,-12718.6
Mexico,1990,capital-net-export,million 1990$,2094.66
Mexico,1990,labor-wages,million 1990$,173078.0
Mexico,1990,gdp-per-capita,thous 1990$ percap,4.92805
Mexico,1990,gdp-per-capita-ppp,thous 1990$ percap,8.95308
Mexico,1990,labor-force,thous pers,27266.2
Mexico,1990,population,thous pers,81720.0
Mexico,1990,savings-rate,rate annual,0.20819
Mexico,1990,fac-share-labor,share,0.441416
Mexico,1990,fac-share-capital,share,0.467646
Mexico,1990,fac-share-energy,share,0.090938
Mexico,1990,energy-service,million 1990$,127164.0
Mexico,1990,total-factor-productivity,million 1990$,0.0
Mexico,2005,GDP,million 1990$,612034.0
Mexico,2005,energy-investment,million 1990$,9634.44
Mexico,2005,consumer-durable,million 1990$,25683.2
Mexico,2005,value-added,million 1990$,508597.0
Mexico,2005,gross-output,million 1990$,595288.0
Mexico,2005,savings,million 1990$,100335.0
Mexico,2005,investment,million 1990$,115075.0
Mexico,2005,capital-stock,million 1990$,1930060.0
Mexico,2005,depreciation,million 1990$,41741.7
Mexico,2005,energy-service-value,million 1990$,86691.2
Mexico,2005,energy-net-export,million 1990$,16745.8
Mexico,2005,materials-net-export,million 1990$,-31485.8
Mexico,2005,capital-net-export,million 1990$,14740.0
Mexico,2005,labor-wages,million 1990$,230121.0
Mexico,2005,gdp-per-capita,thous 1990$ percap,5.80446
Mexico,2005,gdp-per-capita-ppp,thous 1990$ percap,10.5453
Mexico,2005,labor-force,thous pers,40833.9
Mexico,2005,population,thous pers,105442.0
Mexico,2005,savings-rate,rate annual,0.179005
Mexico,2005,fac-share-labor,share,0.38657
Mexico,2005,fac-share-capital,share,0.467801
Mexico,2005,fac-share-energy,share,0.145629
Mexico,2005,energy-service,million 1990$,202977.0
Mexico,2005,total-factor-productivity,million 1990$,0.0
Mexico,2010,GDP,million 1990$,650128.0
Mexico,2010,energy-investment,million 1990$,10306.7
Mexico,2010,consumer-durable,million 1990$,41471.0
Mexico,2010,value-added,million 1990$,537830.0
Mexico,2010,gross-output,million 1990$,633558.0
Mexico,2010,savings,million 1990$,135240.0
Mexico,2010,investment,million 1990$,147666.0
Mexico,2010,capital-stock,million 1990$,2241210.0
Mexico,2010,depreciation,million 1990$,66174.1
Mexico,2010,energy-service-value,million 1990$,95728.6
Mexico,2010,energy-net-export,million 1990$,16569.8
Mexico,2010,materials-net-export,million 1990$,-28995.3
Mexico,2010,capital-net-export,million 1990$,12425.5
Mexico,2010,labor-wages,million 1990$,247532.0
Mexico,2010,gdp-per-capita,thous 1990$ percap,5.77727
Mexico,2010,gdp-per-capita-ppp,thous 1990$ percap,10.4959
Mexico,2010,labor-force,thous pers,47057.3
Mexico,2010,population,thous pers,112532.0
Mexico,2010,savings-rate,rate annual,0.199265
Mexico,2010,fac-share-labor,share,0.390702
Mexico,2010,fac-share-capital,share,0.458202
Mexico,2010,fac-share-energy,share,0.151097
Mexico,2010,energy-service,million 1990$,256040.0
Mexico,2010,total-factor-productivity,million 1990$,0.0
Mexico,2015,GDP,million 1990$,739390.0
Mexico,2015,energy-investment,million 1990$,11642.3
Mexico,2015,consumer-durable,million 1990$,34619.9
Mexico,2015,value-added,million 1990$,617174.0
Mexico,2015,gross-output,million 1990$,732528.0
Mexico,2015,savings,million 1990$,171019.0
Mexico,2015,investment,million 1990$,179533.0
Mexico,2015,capital-stock,million 1990$,2543590.0
Mexico,2015,depreciation,million 1990$,78321.2
Mexico,2015,energy-service-value,million 1990$,115354.0
Mexico,2015,energy-net-export,million 1990$,6861.85
Mexico,2015,materials-net-export,million 1990$,-15376.4
Mexico,2015,capital-net-export,million 1990$,8514.51
Mexico,2015,labor-wages,million 1990$,279489.0
Mexico,2015,gdp-per-capita,thous 1990$ percap,6.15389
Mexico,2015,gdp-per-capita-ppp,thous 1990$ percap,11.1801
Mexico,2015,labor-force,thous pers,51598.7
Mexico,2015,population,thous pers,120150.0
Mexico,2015,savings-rate,rate annual,0.209006
Mexico,2015,fac-share-labor,share,0.38154
Mexico,2015,fac-share-capital,share,0.460986
Mexico,2015,fac-share-energy,share,0.157474
Mexico,2015,energy-service,million 1990$,273991.0
Mexico,2015,total-factor-productivity,million 1990$,0.0
Mexico,2021,GDP,million 1990$,739517.0
Mexico,2021,energy-investment,million 1990$,10991.5
Mexico,2021,consumer-durable,million 1990$,11718.4
Mexico,2021,value-added,million 1990$,602769.0
Mexico,2021,gross-output,million 1990$,737692.0
Mexico,2021,savings,million 1990$,189157.0
Mexico,2021,investment,million 1990$,200121.0
Mexico,2021,capital-stock,million 1990$,2546920.0
Mexico,2021,depreciation,million 1990$,94407.9
Mexico,2021,energy-service-value,million 1990$,134923.0
Mexico,2021,energy-net-export,million 1990$,1825.0
Mexico,2021,materials-net-export,million 1990$,-12789.2
Mexico,2021,capital-net-export,million 1990$,10964.2
Mexico,2021,labor-wages,million 1990$,273168.0
Mexico,2021,gdp-per-capita,thous 1990$ percap,5.83653
Mexico,2021,gdp-per-capita-ppp,thous 1990$ percap,10.6036
Mexico,2021,labor-force,thous pers,55128.6
Mexico,2021,population,thous pers,126705.0
Mexico,2021,savings-rate,rate annual,0.193333
Mexico,2021,fac-share-labor,share,0.370301
Mexico,2021,fac-share-capital,share,0.4468
Mexico,2021,fac-share-energy,share,0.182899
Mexico,2021,energy-service,million 1990$,202032.0
Mexico,2021,total-factor-productivity,million 1990$,0.0
Mexico,2025,GDP,million 1990$,847650.0
Mexico,2025,energy-investment,million 1990$,36006.5
Mexico,2025,consumer-durable,million 1990$,22630.1
Mexico,2025,value-added,million 1990$,687330.0
Mexico,2025,gross-output,million 1990$,843836.0
Mexico,2025,savings,million 1990$,154691.0
Mexico,2025,investment,million 1990$,162523.0
Mexico,2025,capital-stock,million 1990$,2707050.0
Mexico,2025,depreciation,million 1990$,97409.6
Mexico,2025,energy-service-value,million 1990$,156506.0
Mexico,2025,energy-net-export,million 1990$,3813.58
Mexico,2025,materials-net-export,million 1990$,-11645.2
Mexico,2025,capital-net-export,million 1990$,7831.6
Mexico,2025,labor-wages,million 1990$,312579.0
Mexico,2025,gdp-per-capita,thous 1990$ percap,6.49296
Mexico,2025,gdp-per-capita-ppp,thous 1990$ percap,11.7962
Mexico,2025,labor-force,thous pers,57359.7
Mexico,2025,population,thous pers,130549.0
Mexico,2025,savings-rate,rate annual,0.19985
Mexico,2025,fac-share-labor,share,0.370426
Mexico,2025,fac-share-capital,share,0.444104
Mexico,2025,fac-share-energy,share,0.18547
Mexico,2025,energy-service,million 1990$,220070.0
Mexico,2025,total-factor-productivity,million 1990$,1.07985
Mexico,2030,GDP,million 1990$,969115.0
Mexico,2030,energy-investment,million 1990$,29152.2
Mexico,2030,consumer-durable,million 1990$,31698.5
Mexico,2030,value-added,million 1990$,781692.0
Mexico,2030,gross-output,million 1990$,965334.0
Mexico,2030,savings,million 1990$,182835.0
Mexico,2030,investment,million 1990$,186750.0
Mexico,2030,capital-stock,million 1990$,2820900.0
Mexico,2030,depreciation,million 1990$,103534.0
Mexico,2030,energy-service-value,million 1990$,183642.0
Mexico,2030,energy-net-export,million 1990$,3781.26
Mexico,2030,materials-net-export,million 1990$,-7697.06
Mexico,2030,capital-net-export,million 1990$,3915.8
Mexico,2030,labor-wages,million 1990$,355401.0
Mexico,2030,gdp-per-capita,thous 1990$ percap,7.13829
Mexico,2030,gdp-per-capita-ppp,thous 1990$ percap,12.9686
Mexico,2030,labor-force,thous pers,59866.3
Mexico,2030,population,thous pers,135763.0
Mexico,2030,savings-rate,rate annual,0.203776
Mexico,2030,fac-share-labor,share,0.368164
Mexico,2030,fac-share-capital,share,0.4416
Mexico,2030,fac-share-energy,share,0.190236
Mexico,2030,energy-service,million 1990$,244287.0
Mexico,2030,total-factor-productivity,million 1990$,1.1708
Mexico,2035,GDP,million 1990$,1109380.0
Mexico,2035,energy-investment,million 1990$,33592.3
Mexico,2035,consumer-durable,million 1990$,40046.7
Mexico,2035,value-added,million 1990$,891360.0
Mexico,2035,gross-output,million 1990$,1105500.0
Mexico,2035,savings,million 1990$,212839.0
Mexico,2035,investment,million 1990$,212839.0
Mexico,2035,capital-stock,million 1990$,3025170.0
Mexico,2035,depreciation,million 1990$,107888.0
Mexico,2035,energy-service-value,million 1990$,214141.0
Mexico,2035,energy-net-export,million 1990$,3877.8
Mexico,2035,materials-net-export,million 1990$,-3877.8
Mexico,2035,capital-net-export,million 1990$,0.0
Mexico,2035,labor-wages,million 1990$,408235.0
Mexico,2035,gdp-per-capita,thous 1990$ percap,7.90297
Mexico,2035,gdp-per-capita-ppp,thous 1990$ percap,14.3578
Mexico,2035,labor-force,thous pers,61387.5
Mexico,2035,population,thous pers,140375.0
Mexico,2035,savings-rate,rate annual,0.208396
Mexico,2035,fac-share-labor,share,0.369276
Mexico,2035,fac-share-capital,share,0.437019
Mexico,2035,fac-share-energy,share,0.193705
Mexico,2035,energy-service,million 1990$,268413.0
Mexico,2035,total-factor-productivity,million 1990$,1.26519
Mexico,2040,GDP,million 1990$,1265530.0
Mexico,2040,energy-investment,million 1990$,48387.0
Mexico,2040,consumer-durable,million 1990$,42056.7
Mexico,2040,value-added,million 1990$,1014630.0
Mexico,2040,gross-output,million 1990$,1262290.0
Mexico,2040,savings,million 1990$,248770.0
Mexico,2040,investment,million 1990$,248770.0
Mexico,2040,capital-stock,million 1990$,3300440.0
Mexico,2040,depreciation,million 1990$,115701.0
Mexico,2040,energy-service-value,million 1990$,247656.0
Mexico,2040,energy-net-export,million 1990$,3239.02
Mexico,2040,materials-net-export,million 1990$,-3239.02
Mexico,2040,capital-net-export,million 1990$,0.0
Mexico,2040,labor-wages,million 1990$,470094.0
Mexico,2040,gdp-per-capita,thous 1990$ percap,8.77299
Mexico,2040,gdp-per-capita-ppp,thous 1990$ percap,15.9384
Mexico,2040,labor-force,thous pers,62357.7
Mexico,2040,population,thous pers,144253.0
Mexico,2040,savings-rate,rate annual,0.212946
Mexico,2040,fac-share-labor,share,0.372413
Mexico,2040,fac-share-capital,share,0.431391
Mexico,2040,fac-share-energy,share,0.196196
Mexico,2040,energy-service,million 1990$,292499.0
Mexico,2040,total-factor-productivity,million 1990$,1.35999
Mexico,2045,GDP,million 1990$,1437840.0
Mexico,2045,energy-investment,million 1990$,46488.3
Mexico,2045,consumer-durable,million 1990$,47084.4
Mexico,2045,value-added,million 1990$,1149450.0
Mexico,2045,gross-output,million 1990$,1433880.0
Mexico,2045,savings,million 1990$,289544.0
Mexico,2045,investment,million 1990$,289544.0
Mexico,2045,capital-stock,million 1990$,3637980.0
Mexico,2045,depreciation,million 1990$,126229.0
Mexico,2045,energy-service-value,million 1990$,284436.0
Mexico,2045,energy-net-export,million 1990$,3961.61
Mexico,2045,materials-net-export,million 1990$,-3961.61
Mexico,2045,capital-net-export,million 1990$,0.0
Mexico,2045,labor-wages,million 1990$,540203.0
Mexico,2045,gdp-per-capita,thous 1990$ percap,9.76046
Mexico,2045,gdp-per-capita-ppp,thous 1990$ percap,17.7324
Mexico,2045,labor-force,thous pers,62874.1
Mexico,2045,population,thous pers,147313.0
Mexico,2045,savings-rate,rate annual,0.217363
Mexico,2045,fac-share-labor,share,0.376741
Mexico,2045,fac-share-capital,share,0.424891
Mexico,2045,fac-share-energy,share,0.198368
Mexico,2045,energy-service,million 1990$,317881.0
Mexico,2045,total-factor-productivity,million 1990$,1.45315
Mexico,2050,GDP,million 1990$,1623300.0
Mexico,2050,energy-investment,million 1990$,47387.6
Mexico,2050,consumer-durable,million 1990$,45474.8
Mexico,2050,value-added,million 1990$,1295050.0
Mexico,2050,gross-output,million 1990$,1617240.0
Mexico,2050,savings,million 1990$,335318.0
Mexico,2050,investment,million 1990$,335318.0
Mexico,2050,capital-stock,million 1990$,4113240.0
Mexico,2050,depreciation,million 1990$,139138.0
Mexico,2050,energy-service-value,million 1990$,322192.0
Mexico,2050,energy-net-export,million 1990$,6062.8
Mexico,2050,materials-net-export,million 1990$,-6062.8
Mexico,2050,capital-net-export,million 1990$,0.0
Mexico,2050,labor-wages,million 1990$,620354.0
Mexico,2050,gdp-per-capita,thous 1990$ percap,10.8526
Mexico,2050,gdp-per-capita-ppp,thous 1990$ percap,19.7166
Mexico,2050,labor-force,thous pers,62984.6
Mexico,2050,population,thous pers,149577.0
Mexico,2050,savings-rate,rate annual,0.221208
Mexico,2050,fac-share-labor,share,0.383589
Mexico,2050,fac-share-capital,share,0.417188
Mexico,2050,fac-share-energy,share,0.199224
Mexico,2050,energy-service,million 1990$,343016.0
Mexico,2050,total-factor-productivity,million 1990$,1.532
Mexico,2055,GDP,million 1990$,1817690.0
Mexico,2055,energy-investment,million 1990$,49715.2
Mexico,2055,consumer-durable,million 1990$,52385.1
Mexico,2055,value-added,million 1990$,1447940.0
Mexico,2055,gross-output,million 1990$,1807960.0
Mexico,2055,savings,million 1990$,384809.0
Mexico,2055,investment,million 1990$,384809.0
Mexico,2055,capital-stock,million 1990$,4736840.0
Mexico,2055,depreciation,million 1990$,157315.0
Mexico,2055,energy-service-value,million 1990$,360019.0
Mexico,2055,energy-net-export,million 1990$,9734.73
Mexico,2055,materials-net-export,million 1990$,-9734.73
Mexico,2055,capital-net-export,million 1990$,0.0
Mexico,2055,labor-wages,million 1990$,709563.0
Mexico,2055,gdp-per-capita,thous 1990$ percap,12.0208
Mexico,2055,gdp-per-capita-ppp,thous 1990$ percap,21.8388
Mexico,2055,labor-force,thous pers,62605.5
Mexico,2055,population,thous pers,151213.0
Mexico,2055,savings-rate,rate annual,0.224024
Mexico,2055,fac-share-labor,share,0.392466
Mexico,2055,fac-share-capital,share,0.408404
Mexico,2055,fac-share-energy,share,0.19913
Mexico,2055,energy-service,million 1990$,367396.0
Mexico,2055,total-factor-productivity,million 1990$,1.59752
Mexico,2060,GDP,million 1990$,2014230.0
Mexico,2060,energy-investment,million 1990$,50837.0
Mexico,2060,consumer-durable,million 1990$,55800.5
Mexico,2060,value-added,million 1990$,1604430.0
Mexico,2060,gross-output,million 1990$,2003340.0
Mexico,2060,savings,million 1990$,436010.0
Mexico,2060,investment,million 1990$,436010.0
Mexico,2060,capital-stock,million 1990$,5444340.0
Mexico,2060,depreciation,million 1990$,181165.0
Mexico,2060,energy-service-value,million 1990$,398905.0
Mexico,2060,energy-net-export,million 1990$,10893.6
Mexico,2060,materials-net-export,million 1990$,-10893.6
Mexico,2060,capital-net-export,million 1990$,0.0
Mexico,2060,labor-wages,million 1990$,804810.0
Mexico,2060,gdp-per-capita,thous 1990$ percap,13.2309
Mexico,2060,gdp-per-capita-ppp,thous 1990$ percap,24.0374
Mexico,2060,labor-force,thous pers,61671.5
Mexico,2060,population,thous pers,152237.0
Mexico,2060,savings-rate,rate annual,0.225531
Mexico,2060,fac-share-labor,share,0.401734
Mexico,2060,fac-share-capital,share,0.399145
Mexico,2060,fac-share-energy,share,0.19912
Mexico,2060,energy-service,million 1990$,391133.0
Mexico,2060,total-factor-productivity,million 1990$,1.66257
Mexico,2065,GDP,million 1990$,2213520.0
Mexico,2065,energy-investment,million 1990$,51397.7
Mexico,2065,consumer-durable,million 1990$,58309.0
Mexico,2065,value-added,million 1990$,1765950.0
Mexico,2065,gross-output,million 1990$,2204300.0
Mexico,2065,savings,million 1990$,486190.0
Mexico,2065,investment,million 1990$,486190.0
Mexico,2065,capital-stock,million 1990$,6237910.0
Mexico,2065,depreciation,million 1990$,208224.0
Mexico,2065,energy-service-value,million 1990$,438351.0
Mexico,2065,energy-net-export,million 1990$,9222.01
Mexico,2065,materials-net-export,million 1990$,-9222.01
Mexico,2065,capital-net-export,million 1990$,0.0
Mexico,2065,labor-wages,million 1990$,906636.0
Mexico,2065,gdp-per-capita,thous 1990$ percap,14.4922
Mexico,2065,gdp-per-capita-ppp,thous 1990$ percap,26.3289
Mexico,2065,labor-force,thous pers,60386.6
Mexico,2065,population,thous pers,152739.0
Mexico,2065,savings-rate,rate annual,0.226106
Mexico,2065,fac-share-labor,share,0.411303
Mexico,2065,fac-share-capital,share,0.389836
Mexico,2065,fac-share-energy,share,0.198861
Mexico,2065,energy-service,million 1990$,412456.0
Mexico,2065,total-factor-productivity,million 1990$,1.73027
Mexico,2070,GDP,million 1990$,2413700.0
Mexico,2070,energy-investment,million 1990$,51827.7
Mexico,2070,consumer-durable,million 1990$,61398.5
Mexico,2070,value-added,million 1990$,1932180.0
Mexico,2070,gross-output,million 1990$,2410050.0
Mexico,2070,savings,million 1990$,535566.0
Mexico,2070,investment,million 1990$,535566.0
Mexico,2070,capital-stock,million 1990$,7105390.0
Mexico,2070,depreciation,million 1990$,238575.0
Mexico,2070,energy-service-value,million 1990$,477869.0
Mexico,2070,energy-net-export,million 1990$,3651.05
Mexico,2070,materials-net-export,million 1990$,-3651.05
Mexico,2070,capital-net-export,million 1990$,0.0
Mexico,2070,labor-wages,million 1990$,1014560.0
Mexico,2070,gdp-per-capita,thous 1990$ percap,15.8009
Mexico,2070,gdp-per-capita-ppp,thous 1990$ percap,28.7065
Mexico,2070,labor-force,thous pers,58845.5
Mexico,2070,population,thous pers,152757.0
Mexico,2070,savings-rate,rate annual,0.225893
Mexico,2070,fac-share-labor,share,0.42097
Mexico,2070,fac-share-capital,share,0.380749
Mexico,2070,fac-share-energy,share,0.198281
Mexico,2070,energy-service,million 1990$,430099.0
Mexico,2070,total-factor-productivity,million 1990$,1.80361
Mexico,2075,GDP,million 1990$,2610030.0
Mexico,2075,energy-investment,million 1990$,53994.8
Mexico,2075,consumer-durable,million 1990$,63361.8
Mexico,2075,value-added,million 1990$,2089930.0
Mexico,2075,gross-output,million 1990$,2605880.0
Mexico,2075,savings,million 1990$,583485.0
Mexico,2075,investment,million 1990$,583485.0
Mexico,2075,capital-stock,million 1990$,8024850.0
Mexico,2075,depreciation,million 1990$,271753.0
Mexico,2075,energy-service-value,million 1990$,515953.0
Mexico,2075,energy-net-export,million 1990$,4147.69
Mexico,2075,materials-net-export,million 1990$,-4147.69
Mexico,2075,capital-net-export,million 1990$,0.0
Mexico,2075,labor-wages,million 1990$,1120910.0
Mexico,2075,gdp-per-capita,thous 1990$ percap,17.1355
Mexico,2075,gdp-per-capita-ppp,thous 1990$ percap,31.1311
Mexico,2075,labor-force,thous pers,57166.1
Mexico,2075,population,thous pers,152317.0
Mexico,2075,savings-rate,rate annual,0.224859
Mexico,2075,fac-share-labor,share,0.430146
Mexico,2075,fac-share-capital,share,0.371858
Mexico,2075,fac-share-energy,share,0.197996
Mexico,2075,energy-service,million 1990$,446821.0
Mexico,2075,total-factor-productivity,million 1990$,1.87177
Mexico,2080,GDP,million 1990$,2797490.0
Mexico,2080,energy-investment,million 1990$,55993.1
Mexico,2080,consumer-durable,million 1990$,65527.3
Mexico,2080,value-added,million 1990$,2239970.0
Mexico,2080,gross-output,million 1990$,2792410.0
Mexico,2080,savings,million 1990$,628247.0
Mexico,2080,investment,million 1990$,628247.0
Mexico,2080,capital-stock,million 1990$,8969630.0
Mexico,2080,depreciation,million 1990$,306918.0
Mexico,2080,energy-service-value,million 1990$,552440.0
Mexico,2080,energy-net-export,million 1990$,5073.47
Mexico,2080,materials-net-export,million 1990$,-5073.47
Mexico,2080,capital-net-export,million 1990$,0.0
Mexico,2080,labor-wages,million 1990$,1225340.0
Mexico,2080,gdp-per-capita,thous 1990$ percap,18.4653
Mexico,2080,gdp-per-capita-ppp,thous 1990$ percap,33.5469
Mexico,2080,labor-force,thous pers,55350.4
Mexico,2080,population,thous pers,151500.0
Mexico,2080,savings-rate,rate annual,0.222947
Mexico,2080,fac-share-labor,share,0.43881
Mexico,2080,fac-share-capital,share,0.363354
Mexico,2080,fac-share-energy,share,0.197836
Mexico,2080,energy-service,million 1990$,461127.0
Mexico,2080,total-factor-productivity,million 1990$,1.94039
Mexico,2085,GDP,million 1990$,2974300.0
Mexico,2085,energy-investment,million 1990$,57877.2
Mexico,2085,consumer-durable,million 1990$,66933.0
Mexico,2085,value-added,million 1990$,2381300.0
Mexico,2085,gross-output,million 1990$,2967840.0
Mexico,2085,savings,million 1990$,668019.0
Mexico,2085,investment,million 1990$,668019.0
Mexico,2085,capital-stock,million 1990$,9911970.0
Mexico,2085,depreciation,million 1990$,343052.0
Mexico,2085,energy-service-value,million 1990$,586547.0
Mexico,2085,energy-net-export,million 1990$,6451.6
Mexico,2085,materials-net-export,million 1990$,-6451.6
Mexico,2085,capital-net-export,million 1990$,0.0
Mexico,2085,labor-wages,million 1990$,1325450.0
Mexico,2085,gdp-per-capita,thous 1990$ percap,19.7771
Mexico,2085,gdp-per-capita-ppp,thous 1990$ percap,35.9302
Mexico,2085,labor-force,thous pers,53758.3
Mexico,2085,population,thous pers,150391.0
Mexico,2085,savings-rate,rate annual,0.220294
Mexico,2085,fac-share-labor,share,0.446604
Mexico,2085,fac-share-capital,share,0.355761
Mexico,2085,fac-share-energy,share,0.197634
Mexico,2085,energy-service,million 1990$,473331.0
Mexico,2085,total-factor-productivity,million 1990$,2.00502
Mexico,2090,GDP,million 1990$,3138620.0
Mexico,2090,energy-investment,million 1990$,58280.0
Mexico,2090,consumer-durable,million 1990$,68016.0
Mexico,2090,value-added,million 1990$,2511560.0
Mexico,2090,gross-output,million 1990$,3130290.0
Mexico,2090,savings,million 1990$,702349.0
Mexico,2090,investment,million 1990$,702349.0
Mexico,2090,capital-stock,million 1990$,10831100.0
Mexico,2090,depreciation,million 1990$,379093.0
Mexico,2090,energy-service-value,million 1990$,618731.0
Mexico,2090,energy-net-export,million 1990$,8325.97
Mexico,2090,materials-net-export,million 1990$,-8325.97
Mexico,2090,capital-net-export,million 1990$,0.0
Mexico,2090,labor-wages,million 1990$,1420270.0
Mexico,2090,gdp-per-capita,thous 1990$ percap,21.0578
Mexico,2090,gdp-per-capita-ppp,thous 1990$ percap,38.2569
Mexico,2090,labor-force,thous pers,52089.0
Mexico,2090,population,thous pers,149048.0
Mexico,2090,savings-rate,rate annual,0.217019
Mexico,2090,fac-share-labor,share,0.453717
Mexico,2090,fac-share-capital,share,0.348624
Mexico,2090,fac-share-energy,share,0.197659
Mexico,2090,energy-service,million 1990$,483640.0
Mexico,2090,total-factor-productivity,million 1990$,2.07022
Mexico,2095,GDP,million 1990$,3288970.0
Mexico,2095,energy-investment,million 1990$,58526.5
Mexico,2095,consumer-durable,million 1990$,68946.3
Mexico,2095,value-added,million 1990$,2629650.0
Mexico,2095,gross-output,million 1990$,3278300.0
Mexico,2095,savings,million 1990$,730876.0
Mexico,2095,investment,million 1990$,730876.0
Mexico,2095,capital-stock,million 1990$,11712700.0
Mexico,2095,depreciation,million 1990$,414248.0
Mexico,2095,energy-service-value,million 1990$,648651.0
Mexico,2095,energy-net-export,million 1990$,10666.0
Mexico,2095,materials-net-export,million 1990$,-10666.0
Mexico,2095,capital-net-export,million 1990$,0.0
Mexico,2095,labor-wages,million 1990$,1508660.0
Mexico,2095,gdp-per-capita,thous 1990$ percap,22.288
Mexico,2095,gdp-per-capita-ppp,thous 1990$ percap,40.4919
Mexico,2095,labor-force,thous pers,50373.5
Mexico,2095,population,thous pers,147567.0
Mexico,2095,savings-rate,rate annual,0.213183
Mexico,2095,fac-share-labor,share,0.460194
Mexico,2095,fac-share-capital,share,0.341944
Mexico,2095,fac-share-energy,share,0.197862
Mexico,2095,energy-service,million 1990$,492011.0
Mexico,2095,total-factor-productivity,million 1990$,2.13559
Mexico,2100,GDP,million 1990$,3423930.0
Mexico,2100,energy-investment,million 1990$,59119.8
Mexico,2100,consumer-durable,million 1990$,69390.7
Mexico,2100,value-added,million 1990$,2734720.0
Mexico,2100,gross-output,million 1990$,3410080.0
Mexico,2100,savings,million 1990$,753269.0
Mexico,2100,investment,million 1990$,753269.0
Mexico,2100,capital-stock,million 1990$,12536400.0
Mexico,2100,depreciation,million 1990$,447966.0
Mexico,2100,energy-service-value,million 1990$,675358.0
Mexico,2100,energy-net-export,million 1990$,13851.1
Mexico,2100,materials-net-export,million 1990$,-13851.1
Mexico,2100,capital-net-export,million 1990$,0.0
Mexico,2100,labor-wages,million 1990$,1589370.0
Mexico,2100,gdp-per-capita,thous 1990$ percap,23.4689
Mexico,2100,gdp-per-capita-ppp,thous 1990$ percap,42.6374
Mexico,2100,labor-force,thous pers,48685.0
Mexico,2100,population,thous pers,145892.0
Mexico,2100,savings-rate,rate annual,0.208976
Mexico,2100,fac-share-labor,share,0.466079
Mexico,2100,fac-share-capital,share,0.335874
Mexico,2100,fac-share-energy,share,0.198047
Mexico,2100,energy-service,million 1990$,497635.0
Mexico,2100,total-factor-productivity,million 1990$,2.20045
Middle East,1975,GDP,million 1990$,437114.0
Middle East,1975,energy-investment,million 1990$,33170.5
Middle East,1975,consumer-durable,million 1990$,0.141933
Middle East,1975,value-added,million 1990$,211668.0
Middle East,1975,gross-output,million 1990$,437116.0
Middle East,1975,savings,million 1990$,192689.0
Middle East,1975,investment,million 1990$,89392.5
Middle East,1975,capital-stock,million 1990$,429800.0
Middle East,1975,depreciation,million 1990$,18533.4
Middle East,1975,energy-service-value,million 1990$,225448.0
Middle East,1975,energy-net-export,million 1990$,-2.129
Middle East,1975,materials-net-export,million 1990$,103299.0
Middle East,1975,capital-net-export,million 1990$,-103296.0
Middle East,1975,labor-wages,million 1990$,132027.0
Middle East,1975,gdp-per-capita,thous 1990$ percap,5.47337
Middle East,1975,gdp-per-capita-ppp,thous 1990$ percap,10.6356
Middle East,1975,labor-force,thous pers,19794.8
Middle East,1975,population,thous pers,79862.0
Middle East,1975,savings-rate,rate annual,0.440821
Middle East,1975,fac-share-labor,share,0.30204
Middle East,1975,fac-share-capital,share,0.182197
Middle East,1975,fac-share-energy,share,0.515763
Middle East,1975,energy-service,million 1990$,2.129
Middle East,1975,total-factor-productivity,million 1990$,0.0
Middle East,1990,GDP,million 1990$,542232.0
Middle East,1990,energy-investment,million 1990$,34615.4
Middle East,1990,consumer-durable,million 1990$,35560.3
Middle East,1990,value-added,million 1990$,269244.0
Middle East,1990,gross-output,million 1990$,443103.0
Middle East,1990,savings,million 1990$,192689.0
Middle East,1990,investment,million 1990$,119381.0
Middle East,1990,capital-stock,million 1990$,1126610.0
Middle East,1990,depreciation,million 1990$,18533.4
Middle East,1990,energy-service-value,million 1990$,173859.0
Middle East,1990,energy-net-export,million 1990$,99129.1
Middle East,1990,materials-net-export,million 1990$,-25821.0
Middle East,1990,capital-net-export,million 1990$,-73308.0
Middle East,1990,labor-wages,million 1990$,153599.0
Middle East,1990,gdp-per-capita,thous 1990$ percap,3.99929
Middle East,1990,gdp-per-capita-ppp,thous 1990$ percap,7.77126
Middle East,1990,labor-force,thous pers,33488.8
Middle East,1990,population,thous pers,135582.0
Middle East,1990,savings-rate,rate annual,0.313605
Middle East,1990,fac-share-labor,share,0.346644
Middle East,1990,fac-share-capital,share,0.260988
Middle East,1990,fac-share-energy,share,0.392367
Middle East,1990,energy-service,million 1990$,263259.0
Middle East,1990,total-factor-productivity,million 1990$,0.0
Middle East,2005,GDP,million 1990$,1014280.0
Middle East,2005,energy-investment,million 1990$,80524.7
Middle East,2005,consumer-durable,million 1990$,68095.3
Middle East,2005,value-added,million 1990$,438776.0
Middle East,2005,gross-output,million 1990$,826057.0
Middle East,2005,savings,million 1990$,205607.0
Middle East,2005,investment,million 1990$,82537.9
Middle East,2005,capital-stock,million 1990$,1758710.0
Middle East,2005,depreciation,million 1990$,41773.5
Middle East,2005,energy-service-value,million 1990$,387281.0
Middle East,2005,energy-net-export,million 1990$,188222.0
Middle East,2005,materials-net-export,million 1990$,-65152.6
Middle East,2005,capital-net-export,million 1990$,-123069.0
Middle East,2005,labor-wages,million 1990$,234350.0
Middle East,2005,gdp-per-capita,thous 1990$ percap,5.21368
Middle East,2005,gdp-per-capita-ppp,thous 1990$ percap,10.131
Middle East,2005,labor-force,thous pers,53892.6
Middle East,2005,population,thous pers,194542.0
Middle East,2005,savings-rate,rate annual,0.334829
Middle East,2005,fac-share-labor,share,0.283697
Middle East,2005,fac-share-capital,share,0.247472
Middle East,2005,fac-share-energy,share,0.468831
Middle East,2005,energy-service,million 1990$,527427.0
Middle East,2005,total-factor-productivity,million 1990$,0.0
Middle East,2010,GDP,million 1990$,1261540.0
Middle East,2010,energy-investment,million 1990$,144047.0
Middle East,2010,consumer-durable,million 1990$,139409.0
Middle East,2010,value-added,million 1990$,576526.0
Middle East,2010,gross-output,million 1990$,918439.0
Middle East,2010,savings,million 1990$,407705.0
Middle East,2010,investment,million 1990$,307181.0
Middle East,2010,capital-stock,million 1990$,2303190.0
Middle East,2010,depreciation,million 1990$,77003.2
Middle East,2010,energy-service-value,million 1990$,341913.0
Middle East,2010,energy-net-export,million 1990$,343098.0
Middle East,2010,materials-net-export,million 1990$,-242574.0
Middle East,2010,capital-net-export,million 1990$,-100524.0
Middle East,2010,labor-wages,million 1990$,313984.0
Middle East,2010,gdp-per-capita,thous 1990$ percap,5.64158
Middle East,2010,gdp-per-capita-ppp,thous 1990$ percap,10.9625
Middle East,2010,labor-force,thous pers,63613.3
Middle East,2010,population,thous pers,223614.0
Middle East,2010,savings-rate,rate annual,0.361581
Middle East,2010,fac-share-labor,share,0.341867
Middle East,2010,fac-share-capital,share,0.285857
Middle East,2010,fac-share-energy,share,0.372276
Middle East,2010,energy-service,million 1990$,783048.0
Middle East,2010,total-factor-productivity,million 1990$,0.0
Middle East,2015,GDP,million 1990$,1499170.0
Middle East,2015,energy-investment,million 1990$,152551.0
Middle East,2015,consumer-durable,million 1990$,155088.0
Middle East,2015,value-added,million 1990$,744215.0
Middle East,2015,gross-output,million 1990$,1053420.0
Middle East,2015,savings,million 1990$,595557.0
Middle East,2015,investment,million 1990$,470720.0
Middle East,2015,capital-stock,million 1990$,3137410.0
Middle East,2015,depreciation,million 1990$,116104.0
Middle East,2015,energy-service-value,million 1990$,309204.0
Middle East,2015,energy-net-export,million 1990$,445747.0
Middle East,2015,materials-net-export,million 1990$,-320910.0
Middle East,2015,capital-net-export,million 1990$,-124837.0
Middle East,2015,labor-wages,million 1990$,402946.0
Middle East,2015,gdp-per-capita,thous 1990$ percap,6.01591
Middle East,2015,gdp-per-capita-ppp,thous 1990$ percap,11.6899
Middle East,2015,labor-force,thous pers,73999.4
Middle East,2015,population,thous pers,249200.0
Middle East,2015,savings-rate,rate annual,0.352644
Middle East,2015,fac-share-labor,share,0.382512
Middle East,2015,fac-share-capital,share,0.323963
Middle East,2015,fac-share-energy,share,0.293525
Middle East,2015,energy-service,million 1990$,977805.0
Middle East,2015,total-factor-productivity,million 1990$,0.0
Middle East,2021,GDP,million 1990$,1617980.0
Middle East,2021,energy-investment,million 1990$,146491.0
Middle East,2021,consumer-durable,million 1990$,123804.0
Middle East,2021,value-added,million 1990$,858568.0
Middle East,2021,gross-output,million 1990$,1357650.0
Middle East,2021,savings,million 1990$,683760.0
Middle East,2021,investment,million 1990$,514811.0
Middle East,2021,capital-stock,million 1990$,3405630.0
Middle East,2021,depreciation,million 1990$,164786.0
Middle East,2021,energy-service-value,million 1990$,499087.0
Middle East,2021,energy-net-export,million 1990$,260329.0
Middle East,2021,materials-net-export,million 1990$,-91380.6
Middle East,2021,capital-net-export,million 1990$,-168949.0
Middle East,2021,labor-wages,million 1990$,442368.0
Middle East,2021,gdp-per-capita,thous 1990$ percap,5.8884
Middle East,2021,gdp-per-capita-ppp,thous 1990$ percap,11.4421
Middle East,2021,labor-force,thous pers,82282.5
Middle East,2021,population,thous pers,274775.0
Middle East,2021,savings-rate,rate annual,0.350695
Middle East,2021,fac-share-labor,share,0.325833
Middle East,2021,fac-share-capital,share,0.306558
Middle East,2021,fac-share-energy,share,0.367609
Middle East,2021,energy-service,million 1990$,931284.0
Middle East,2021,total-factor-productivity,million 1990$,0.0
Middle East,2025,GDP,million 1990$,1858130.0
Middle East,2025,energy-investment,million 1990$,325794.0
Middle East,2025,consumer-durable,million 1990$,99680.5
Middle East,2025,value-added,million 1990$,999084.0
Middle East,2025,gross-output,million 1990$,1578560.0
Middle East,2025,savings,million 1990$,691222.0
Middle East,2025,investment,million 1990$,570545.0
Middle East,2025,capital-stock,million 1990$,3854110.0
Middle East,2025,depreciation,million 1990$,178898.0
Middle East,2025,energy-service-value,million 1990$,579476.0
Middle East,2025,energy-net-export,million 1990$,279568.0
Middle East,2025,materials-net-export,million 1990$,-158890.0
Middle East,2025,capital-net-export,million 1990$,-120678.0
Middle East,2025,labor-wages,million 1990$,518603.0
Middle East,2025,gdp-per-capita,thous 1990$ percap,6.3662
Middle East,2025,gdp-per-capita-ppp,thous 1990$ percap,12.3705
Middle East,2025,labor-force,thous pers,88466.1
Middle East,2025,population,thous pers,291874.0
Middle East,2025,savings-rate,rate annual,0.335737
Middle East,2025,fac-share-labor,share,0.328529
Middle East,2025,fac-share-capital,share,0.304379
Middle East,2025,fac-share-energy,share,0.367092
Middle East,2025,energy-service,million 1990$,1021790.0
Middle East,2025,total-factor-productivity,million 1990$,1.05674
Middle East,2030,GDP,million 1990$,2207840.0
Middle East,2030,energy-investment,million 1990$,149973.0
Middle East,2030,consumer-durable,million 1990$,150696.0
Middle East,2030,value-added,million 1990$,1214430.0
Middle East,2030,gross-output,million 1990$,1927390.0
Middle East,2030,savings,million 1990$,766022.0
Middle East,2030,investment,million 1990$,705683.0
Middle East,2030,capital-stock,million 1990$,4204120.0
Middle East,2030,depreciation,million 1990$,202456.0
Middle East,2030,energy-service-value,million 1990$,712956.0
Middle East,2030,energy-net-export,million 1990$,280448.0
Middle East,2030,materials-net-export,million 1990$,-220110.0
Middle East,2030,capital-net-export,million 1990$,-60338.8
Middle East,2030,labor-wages,million 1990$,630284.0
Middle East,2030,gdp-per-capita,thous 1990$ percap,7.05605
Middle East,2030,gdp-per-capita-ppp,thous 1990$ percap,13.711
Middle East,2030,labor-force,thous pers,96609.1
Middle East,2030,population,thous pers,312900.0
Middle East,2030,savings-rate,rate annual,0.32632
Middle East,2030,fac-share-labor,share,0.327014
Middle East,2030,fac-share-capital,share,0.303078
Middle East,2030,fac-share-energy,share,0.369908
Middle East,2030,energy-service,million 1990$,1142560.0
Middle East,2030,total-factor-productivity,million 1990$,1.17164
Middle East,2035,GDP,million 1990$,2577310.0
Middle East,2035,energy-investment,million 1990$,178184.0
Middle East,2035,consumer-durable,million 1990$,205680.0
Middle East,2035,value-added,million 1990$,1463860.0
Middle East,2035,gross-output,million 1990$,2284780.0
Middle East,2035,savings,million 1990$,889398.0
Middle East,2035,investment,million 1990$,889398.0
Middle East,2035,capital-stock,million 1990$,5860190.0
Middle East,2035,depreciation,million 1990$,220842.0
Middle East,2035,energy-service-value,million 1990$,820923.0
Middle East,2035,energy-net-export,million 1990$,292528.0
Middle East,2035,materials-net-export,million 1990$,-292528.0
Middle East,2035,capital-net-export,million 1990$,0.0
Middle East,2035,labor-wages,million 1990$,788620.0
Middle East,2035,gdp-per-capita,thous 1990$ percap,7.74316
Middle East,2035,gdp-per-capita-ppp,thous 1990$ percap,15.0462
Middle East,2035,labor-force,thous pers,103418.0
Middle East,2035,population,thous pers,332850.0
Middle East,2035,savings-rate,rate annual,0.316332
Middle East,2035,fac-share-labor,share,0.345162
Middle East,2035,fac-share-capital,share,0.295538
Middle East,2035,fac-share-energy,share,0.3593
Middle East,2035,energy-service,million 1990$,1263880.0
Middle East,2035,total-factor-productivity,million 1990$,1.18461
Middle East,2040,GDP,million 1990$,2966830.0
Middle East,2040,energy-investment,million 1990$,248896.0
Middle East,2040,consumer-durable,million 1990$,210943.0
Middle East,2040,value-added,million 1990$,1713530.0
Middle East,2040,gross-output,million 1990$,2656680.0
Middle East,2040,savings,million 1990$,1012490.0
Middle East,2040,investment,million 1990$,1012490.0
Middle East,2040,capital-stock,million 1990$,7304270.0
Middle East,2040,depreciation,million 1990$,307836.0
Middle East,2040,energy-service-value,million 1990$,943150.0
Middle East,2040,energy-net-export,million 1990$,310148.0
Middle East,2040,materials-net-export,million 1990$,-310148.0
Middle East,2040,capital-net-export,million 1990$,0.0
Middle East,2040,labor-wages,million 1990$,945311.0
Middle East,2040,gdp-per-capita,thous 1990$ percap,8.43885
Middle East,2040,gdp-per-capita-ppp,thous 1990$ percap,16.398
Middle East,2040,labor-force,thous pers,108308.0
Middle East,2040,population,thous pers,351568.0
Middle East,2040,savings-rate,rate annual,0.306332
Middle East,2040,fac-share-labor,share,0.355824
Middle East,2040,fac-share-capital,share,0.289165
Middle East,2040,fac-share-energy,share,0.355011
Middle East,2040,energy-service,million 1990$,1380140.0
Middle East,2040,total-factor-productivity,million 1990$,1.23145
Middle East,2045,GDP,million 1990$,3359000.0
Middle East,2045,energy-investment,million 1990$,272804.0
Middle East,2045,consumer-durable,million 1990$,237287.0
Middle East,2045,value-added,million 1990$,1969510.0
Middle East,2045,gross-output,million 1990$,3047860.0
Middle East,2045,savings,million 1990$,1135850.0
Middle East,2045,investment,million 1990$,1135850.0
Middle East,2045,capital-stock,million 1990$,8620150.0
Middle East,2045,depreciation,million 1990$,383693.0
Middle East,2045,energy-service-value,million 1990$,1078350.0
Middle East,2045,energy-net-export,million 1990$,311134.0
Middle East,2045,materials-net-export,million 1990$,-311134.0
Middle East,2045,capital-net-export,million 1990$,0.0
Middle East,2045,labor-wages,million 1990$,1106210.0
Middle East,2045,gdp-per-capita,thous 1990$ percap,9.11077
Middle East,2045,gdp-per-capita-ppp,thous 1990$ percap,17.7037
Middle East,2045,labor-force,thous pers,111680.0
Middle East,2045,population,thous pers,368684.0
Middle East,2045,savings-rate,rate annual,0.295934
Middle East,2045,fac-share-labor,share,0.362946
Middle East,2045,fac-share-capital,share,0.283247
Middle East,2045,fac-share-energy,share,0.353806
Middle East,2045,energy-service,million 1990$,1495050.0
Middle East,2045,total-factor-productivity,million 1990$,1.29536
Middle East,2050,GDP,million 1990$,3750840.0
Middle East,2050,energy-investment,million 1990$,301945.0
Middle East,2050,consumer-durable,million 1990$,218165.0
Middle East,2050,value-added,million 1990$,2232370.0
Middle East,2050,gross-output,million 1990$,3453420.0
Middle East,2050,savings,million 1990$,1251060.0
Middle East,2050,investment,million 1990$,1251060.0
Middle East,2050,capital-stock,million 1990$,9917300.0
Middle East,2050,depreciation,million 1990$,452816.0
Middle East,2050,energy-service-value,million 1990$,1221050.0
Middle East,2050,energy-net-export,million 1990$,297422.0
Middle East,2050,materials-net-export,million 1990$,-297422.0
Middle East,2050,capital-net-export,million 1990$,0.0
Middle East,2050,labor-wages,million 1990$,1274200.0
Middle East,2050,gdp-per-capita,thous 1990$ percap,9.77688
Middle East,2050,gdp-per-capita-ppp,thous 1990$ percap,18.998
Middle East,2050,labor-force,thous pers,113536.0
Middle East,2050,population,thous pers,383644.0
Middle East,2050,savings-rate,rate annual,0.285717
Middle East,2050,fac-share-labor,share,0.368967
Middle East,2050,fac-share-capital,share,0.277456
Middle East,2050,fac-share-energy,share,0.353577
Middle East,2050,energy-service,million 1990$,1600450.0
Middle East,2050,total-factor-productivity,million 1990$,1.36928
Middle East,2055,GDP,million 1990$,4152940.0
Middle East,2055,energy-investment,million 1990$,241796.0
Middle East,2055,consumer-durable,million 1990$,270540.0
Middle East,2055,value-added,million 1990$,2544080.0
Middle East,2055,gross-output,million 1990$,3933200.0
Middle East,2055,savings,million 1990$,1358680.0
Middle East,2055,investment,million 1990$,1358680.0
Middle East,2055,capital-stock,million 1990$,11347100.0
Middle East,2055,depreciation,million 1990$,520956.0
Middle East,2055,energy-service-value,million 1990$,1389120.0
Middle East,2055,energy-net-export,million 1990$,219731.0
Middle East,2055,materials-net-export,million 1990$,-219731.0
Middle East,2055,capital-net-export,million 1990$,0.0
Middle East,2055,labor-wages,million 1990$,1475110.0
Middle East,2055,gdp-per-capita,thous 1990$ percap,10.4797
Middle East,2055,gdp-per-capita-ppp,thous 1990$ percap,20.3638
Middle East,2055,labor-force,thous pers,114835.0
Middle East,2055,population,thous pers,396282.0
Middle East,2055,savings-rate,rate annual,0.276424
Middle East,2055,fac-share-labor,share,0.37504
Middle East,2055,fac-share-capital,share,0.271781
Middle East,2055,fac-share-energy,share,0.353179
Middle East,2055,energy-service,million 1990$,1699870.0
Middle East,2055,total-factor-productivity,million 1990$,1.46501
Middle East,2060,GDP,million 1990$,4571300.0
Middle East,2060,energy-investment,million 1990$,267548.0
Middle East,2060,consumer-durable,million 1990$,286941.0
Middle East,2060,value-added,million 1990$,2822340.0
Middle East,2060,gross-output,million 1990$,4359020.0
Middle East,2060,savings,million 1990$,1465740.0
Middle East,2060,investment,million 1990$,1465740.0
Middle East,2060,capital-stock,million 1990$,12955700.0
Middle East,2060,depreciation,million 1990$,596062.0
Middle East,2060,energy-service-value,million 1990$,1536680.0
Middle East,2060,energy-net-export,million 1990$,212286.0
Middle East,2060,materials-net-export,million 1990$,-212286.0
Middle East,2060,capital-net-export,million 1990$,0.0
Middle East,2060,labor-wages,million 1990$,1661200.0
Middle East,2060,gdp-per-capita,thous 1990$ percap,11.2492
Middle East,2060,gdp-per-capita-ppp,thous 1990$ percap,21.8591
Middle East,2060,labor-force,thous pers,116247.0
Middle East,2060,population,thous pers,406366.0
Middle East,2060,savings-rate,rate annual,0.268354
Middle East,2060,fac-share-labor,share,0.381095
Middle East,2060,fac-share-capital,share,0.266375
Middle East,2060,fac-share-energy,share,0.35253
Middle East,2060,energy-service,million 1990$,1798810.0
Middle East,2060,total-factor-productivity,million 1990$,1.52867
Middle East,2065,GDP,million 1990$,5004270.0
Middle East,2065,energy-investment,million 1990$,273115.0
Middle East,2065,consumer-durable,million 1990$,298248.0
Middle East,2065,value-added,million 1990$,3098780.0
Middle East,2065,gross-output,million 1990$,4780970.0
Middle East,2065,savings,million 1990$,1576510.0
Middle East,2065,investment,million 1990$,1576510.0
Middle East,2065,capital-stock,million 1990$,14492800.0
Middle East,2065,depreciation,million 1990$,680562.0
Middle East,2065,energy-service-value,million 1990$,1682190.0
Middle East,2065,energy-net-export,million 1990$,223299.0
Middle East,2065,materials-net-export,million 1990$,-223299.0
Middle East,2065,capital-net-export,million 1990$,0.0
Middle East,2065,labor-wages,million 1990$,1845880.0
Middle East,2065,gdp-per-capita,thous 1990$ percap,12.0954
Middle East,2065,gdp-per-capita-ppp,thous 1990$ percap,23.5033
Middle East,2065,labor-force,thous pers,117919.0
Middle East,2065,population,thous pers,413733.0
Middle East,2065,savings-rate,rate annual,0.261412
Middle East,2065,fac-share-labor,share,0.386089
Middle East,2065,fac-share-capital,share,0.26206
Middle East,2065,fac-share-energy,share,0.351851
Middle East,2065,energy-service,million 1990$,1887700.0
Middle East,2065,total-factor-productivity,million 1990$,1.59154
Middle East,2070,GDP,million 1990$,5433960.0
Middle East,2070,energy-investment,million 1990$,284326.0
Middle East,2070,consumer-durable,million 1990$,315821.0
Middle East,2070,value-added,million 1990$,3378340.0
Middle East,2070,gross-output,million 1990$,5204140.0
Middle East,2070,savings,million 1990$,1691090.0
Middle East,2070,investment,million 1990$,1691090.0
Middle East,2070,capital-stock,million 1990$,16106200.0
Middle East,2070,depreciation,million 1990$,761307.0
Middle East,2070,energy-service-value,million 1990$,1825800.0
Middle East,2070,energy-net-export,million 1990$,229828.0
Middle East,2070,materials-net-export,million 1990$,-229828.0
Middle East,2070,capital-net-export,million 1990$,0.0
Middle East,2070,labor-wages,million 1990$,2036360.0
Middle East,2070,gdp-per-capita,thous 1990$ percap,12.9809
Middle East,2070,gdp-per-capita-ppp,thous 1990$ percap,25.224
Middle East,2070,labor-force,thous pers,118765.0
Middle East,2070,population,thous pers,418612.0
Middle East,2070,savings-rate,rate annual,0.254928
Middle East,2070,fac-share-labor,share,0.391296
Middle East,2070,fac-share-capital,share,0.257868
Middle East,2070,fac-share-energy,share,0.350836
Middle East,2070,energy-service,million 1990$,1960190.0
Middle East,2070,total-factor-productivity,million 1990$,1.65874
Middle East,2075,GDP,million 1990$,5856900.0
Middle East,2075,energy-investment,million 1990$,289437.0
Middle East,2075,consumer-durable,million 1990$,325442.0
Middle East,2075,value-added,million 1990$,3658150.0
Middle East,2075,gross-output,million 1990$,5633400.0
Middle East,2075,savings,million 1990$,1801060.0
Middle East,2075,investment,million 1990$,1801060.0
Middle East,2075,capital-stock,million 1990$,17703600.0
Middle East,2075,depreciation,million 1990$,846061.0
Middle East,2075,energy-service-value,million 1990$,1975240.0
Middle East,2075,energy-net-export,million 1990$,223502.0
Middle East,2075,materials-net-export,million 1990$,-223502.0
Middle East,2075,capital-net-export,million 1990$,0.0
Middle East,2075,labor-wages,million 1990$,2231500.0
Middle East,2075,gdp-per-capita,thous 1990$ percap,13.8989
Middle East,2075,gdp-per-capita-ppp,thous 1990$ percap,27.0078
Middle East,2075,labor-force,thous pers,117992.0
Middle East,2075,population,thous pers,421392.0
Middle East,2075,savings-rate,rate annual,0.248783
Middle East,2075,fac-share-labor,share,0.39612
Middle East,2075,fac-share-capital,share,0.253249
Middle East,2075,fac-share-energy,share,0.350631
Middle East,2075,energy-service,million 1990$,2022840.0
Middle East,2075,total-factor-productivity,million 1990$,1.73792
Middle East,2080,GDP,million 1990$,6276680.0
Middle East,2080,energy-investment,million 1990$,293911.0
Middle East,2080,consumer-durable,million 1990$,341758.0
Middle East,2080,value-added,million 1990$,3922080.0
Middle East,2080,gross-output,million 1990$,6045550.0
Middle East,2080,savings,million 1990$,1905250.0
Middle East,2080,investment,million 1990$,1905250.0
Middle East,2080,capital-stock,million 1990$,19326000.0
Middle East,2080,depreciation,million 1990$,929973.0
Middle East,2080,energy-service-value,million 1990$,2123470.0
Middle East,2080,energy-net-export,million 1990$,231133.0
Middle East,2080,materials-net-export,million 1990$,-231133.0
Middle East,2080,capital-net-export,million 1990$,0.0
Middle East,2080,labor-wages,million 1990$,2422720.0
Middle East,2080,gdp-per-capita,thous 1990$ percap,14.8557
Middle East,2080,gdp-per-capita-ppp,thous 1990$ percap,28.8671
Middle East,2080,labor-force,thous pers,115577.0
Middle East,2080,population,thous pers,422509.0
Middle East,2080,savings-rate,rate annual,0.243029
Middle East,2080,fac-share-labor,share,0.400744
Middle East,2080,fac-share-capital,share,0.248011
Middle East,2080,fac-share-energy,share,0.351245
Middle East,2080,energy-service,million 1990$,2077270.0
Middle East,2080,total-factor-productivity,million 1990$,1.82256
Middle East,2085,GDP,million 1990$,6698390.0
Middle East,2085,energy-investment,million 1990$,292626.0
Middle East,2085,consumer-durable,million 1990$,352262.0
Middle East,2085,value-added,million 1990$,4175140.0
Middle East,2085,gross-output,million 1990$,6444880.0
Middle East,2085,savings,million 1990$,2005690.0
Middle East,2085,investment,million 1990$,2005690.0
Middle East,2085,capital-stock,million 1990$,20923300.0
Middle East,2085,depreciation,million 1990$,1015200.0
Middle East,2085,energy-service-value,million 1990$,2269740.0
Middle East,2085,energy-net-export,million 1990$,253507.0
Middle East,2085,materials-net-export,million 1990$,-253507.0
Middle East,2085,capital-net-export,million 1990$,0.0
Middle East,2085,labor-wages,million 1990$,2609550.0
Middle East,2085,gdp-per-capita,thous 1990$ percap,15.8581
Middle East,2085,gdp-per-capita-ppp,thous 1990$ percap,30.8148
Middle East,2085,labor-force,thous pers,112822.0
Middle East,2085,population,thous pers,422396.0
Middle East,2085,savings-rate,rate annual,0.237697
Middle East,2085,fac-share-labor,share,0.404903
Middle East,2085,fac-share-capital,share,0.242921
Middle East,2085,fac-share-energy,share,0.352177
Middle East,2085,energy-service,million 1990$,2126130.0
Middle East,2085,total-factor-productivity,million 1990$,1.90838
Middle East,2090,GDP,million 1990$,7129190.0
Middle East,2090,energy-investment,million 1990$,300931.0
Middle East,2090,consumer-durable,million 1990$,362340.0
Middle East,2090,value-added,million 1990$,4442720.0
Middle East,2090,gross-output,million 1990$,6866880.0
Middle East,2090,savings,million 1990$,2104730.0
Middle East,2090,investment,million 1990$,2104730.0
Middle East,2090,capital-stock,million 1990$,22547200.0
Middle East,2090,depreciation,million 1990$,1099100.0
Middle East,2090,energy-service-value,million 1990$,2424150.0
Middle East,2090,energy-net-export,million 1990$,262314.0
Middle East,2090,materials-net-export,million 1990$,-262314.0
Middle East,2090,capital-net-export,million 1990$,0.0
Middle East,2090,labor-wages,million 1990$,2807190.0
Middle East,2090,gdp-per-capita,thous 1990$ percap,16.9191
Middle East,2090,gdp-per-capita-ppp,thous 1990$ percap,32.8765
Middle East,2090,labor-force,thous pers,110264.0
Middle East,2090,population,thous pers,421369.0
Middle East,2090,savings-rate,rate annual,0.232858
Middle East,2090,fac-share-labor,share,0.408802
Middle East,2090,fac-share-capital,share,0.238177
Middle East,2090,fac-share-energy,share,0.353021
Middle East,2090,energy-service,million 1990$,2170730.0
Middle East,2090,total-factor-productivity,million 1990$,2.00113
Middle East,2095,GDP,million 1990$,7572010.0
Middle East,2095,energy-investment,million 1990$,305720.0
Middle East,2095,consumer-durable,million 1990$,372342.0
Middle East,2095,value-added,million 1990$,4717010.0
Middle East,2095,gross-output,million 1990$,7303470.0
Middle East,2095,savings,million 1990$,2205600.0
Middle East,2095,investment,million 1990$,2205600.0
Middle East,2095,capital-stock,million 1990$,24158400.0
Middle East,2095,depreciation,million 1990$,1184400.0
Middle East,2095,energy-service-value,million 1990$,2586460.0
Middle East,2095,energy-net-export,million 1990$,268542.0
Middle East,2095,materials-net-export,million 1990$,-268542.0
Middle East,2095,capital-net-export,million 1990$,0.0
Middle East,2095,labor-wages,million 1990$,3011710.0
Middle East,2095,gdp-per-capita,thous 1990$ percap,18.0521
Middle East,2095,gdp-per-capita-ppp,thous 1990$ percap,35.0782
Middle East,2095,labor-force,thous pers,107419.0
Middle East,2095,population,thous pers,419452.0
Middle East,2095,savings-rate,rate annual,0.228549
Middle East,2095,fac-share-labor,share,0.412366
Middle East,2095,fac-share-capital,share,0.233492
Middle East,2095,fac-share-energy,share,0.354142
Middle East,2095,energy-service,million 1990$,2211000.0
Middle East,2095,total-factor-productivity,million 1990$,2.10288
Middle East,2100,GDP,million 1990$,8023750.0
Middle East,2100,energy-investment,million 1990$,310002.0
Middle East,2100,consumer-durable,million 1990$,379266.0
Middle East,2100,value-added,million 1990$,4999220.0
Middle East,2100,gross-output,million 1990$,7753160.0
Middle East,2100,savings,million 1990$,2309970.0
Middle East,2100,investment,million 1990$,2309970.0
Middle East,2100,capital-stock,million 1990$,25791900.0
Middle East,2100,depreciation,million 1990$,1269040.0
Middle East,2100,energy-service-value,million 1990$,2753940.0
Middle East,2100,energy-net-export,million 1990$,270593.0
Middle East,2100,materials-net-export,million 1990$,-270593.0
Middle East,2100,capital-net-export,million 1990$,0.0
Middle East,2100,labor-wages,million 1990$,3224710.0
Middle East,2100,gdp-per-capita,thous 1990$ percap,19.2637
Middle East,2100,gdp-per-capita-ppp,thous 1990$ percap,37.4324
Middle East,2100,labor-force,thous pers,104270.0
Middle East,2100,population,thous pers,416522.0
Middle East,2100,savings-rate,rate annual,0.224726
Middle East,2100,fac-share-labor,share,0.415922
Middle East,2100,fac-share-capital,share,0.228876
Middle East,2100,fac-share-energy,share,0.355203
Middle East,2100,energy-service,million 1990$,2241310.0
Middle East,2100,total-factor-productivity,million 1990$,2.21538
Pakistan,1975,GDP,million 1990$,24727.0
Pakistan,1975,energy-investment,million 1990$,735.145
Pakistan,1975,consumer-durable,million 1990$,0.141933
Pakistan,1975,value-added,million 1990$,23492.7
Pakistan,1975,gross-output,million 1990$,24729.1
Pakistan,1975,savings,million 1990$,2836.76
Pakistan,1975,investment,million 1990$,4306.76
Pakistan,1975,capital-stock,million 1990$,54765.4
Pakistan,1975,depreciation,million 1990$,2363.62
Pakistan,1975,energy-service-value,million 1990$,1236.46
Pakistan,1975,energy-net-export,million 1990$,-2.129
Pakistan,1975,materials-net-export,million 1990$,-1467.87
Pakistan,1975,capital-net-export,million 1990$,1470.0
Pakistan,1975,labor-wages,million 1990$,16907.4
Pakistan,1975,gdp-per-capita,thous 1990$ percap,0.362954
Pakistan,1975,gdp-per-capita-ppp,thous 1990$ percap,1.10923
Pakistan,1975,labor-force,thous pers,18519.5
Pakistan,1975,population,thous pers,68127.0
Pakistan,1975,savings-rate,rate annual,0.114723
Pakistan,1975,fac-share-labor,share,0.683705
Pakistan,1975,fac-share-capital,share,0.266295
Pakistan,1975,fac-share-energy,share,0.05
Pakistan,1975,energy-service,million 1990$,2.129
Pakistan,1975,total-factor-productivity,million 1990$,0.0
Pakistan,1990,GDP,million 1990$,60197.0
Pakistan,1990,energy-investment,million 1990$,1751.48
Pakistan,1990,consumer-durable,million 1990$,1358.9
Pakistan,1990,value-added,million 1990$,55625.2
Pakistan,1990,gross-output,million 1990$,61388.4
Pakistan,1990,savings,million 1990$,2836.9
Pakistan,1990,investment,million 1990$,5034.11
Pakistan,1990,capital-stock,million 1990$,110113.0
Pakistan,1990,depreciation,million 1990$,2363.62
Pakistan,1990,energy-service-value,million 1990$,5763.28
Pakistan,1990,energy-net-export,million 1990$,-1191.43
Pakistan,1990,materials-net-export,million 1990$,-1005.78
Pakistan,1990,capital-net-export,million 1990$,2197.21
Pakistan,1990,labor-wages,million 1990$,40988.7
Pakistan,1990,gdp-per-capita,thous 1990$ percap,0.521575
Pakistan,1990,gdp-per-capita-ppp,thous 1990$ percap,1.59399
Pakistan,1990,labor-force,thous pers,30798.9
Pakistan,1990,population,thous pers,115414.0
Pakistan,1990,savings-rate,rate annual,0.133954
Pakistan,1990,fac-share-labor,share,0.667695
Pakistan,1990,fac-share-capital,share,0.238423
Pakistan,1990,fac-share-energy,share,0.0938822
Pakistan,1990,energy-service,million 1990$,21283.2
Pakistan,1990,total-factor-productivity,million 1990$,0.0
Pakistan,2005,GDP,million 1990$,113037.0
Pakistan,2005,energy-investment,million 1990$,2340.97
Pakistan,2005,consumer-durable,million 1990$,2896.16
Pakistan,2005,value-added,million 1990$,80448.8
Pakistan,2005,gross-output,million 1990$,115709.0
Pakistan,2005,savings,million 1990$,9422.53
Pakistan,2005,investment,million 1990$,12146.9
Pakistan,2005,capital-stock,million 1990$,177490.0
Pakistan,2005,depreciation,million 1990$,6077.16
Pakistan,2005,energy-service-value,million 1990$,35260.0
Pakistan,2005,energy-net-export,million 1990$,-2671.77
Pakistan,2005,materials-net-export,million 1990$,-52.627
Pakistan,2005,capital-net-export,million 1990$,2724.4
Pakistan,2005,labor-wages,million 1990$,56856.6
Pakistan,2005,gdp-per-capita,thous 1990$ percap,0.648252
Pakistan,2005,gdp-per-capita-ppp,thous 1990$ percap,1.98113
Pakistan,2005,labor-force,thous pers,45841.5
Pakistan,2005,population,thous pers,174372.0
Pakistan,2005,savings-rate,rate annual,0.101616
Pakistan,2005,fac-share-labor,share,0.491377
Pakistan,2005,fac-share-capital,share,0.203892
Pakistan,2005,fac-share-energy,share,0.304731
Pakistan,2005,energy-service,million 1990$,46782.6
Pakistan,2005,total-factor-productivity,million 1990$,0.0
Pakistan,2010,GDP,million 1990$,140174.0
Pakistan,2010,energy-investment,million 1990$,2614.66
Pakistan,2010,consumer-durable,million 1990$,6482.86
Pakistan,2010,value-added,million 1990$,101803.0
Pakistan,2010,gross-output,million 1990$,146580.0
Pakistan,2010,savings,million 1990$,14382.5
Pakistan,2010,investment,million 1990$,16728.1
Pakistan,2010,capital-stock,million 1990$,227013.0
Pakistan,2010,depreciation,million 1990$,10055.3
Pakistan,2010,energy-service-value,million 1990$,44777.8
Pakistan,2010,energy-net-export,million 1990$,-6406.36
Pakistan,2010,materials-net-export,million 1990$,4060.82
Pakistan,2010,capital-net-export,million 1990$,2345.54
Pakistan,2010,labor-wages,million 1990$,71627.8
Pakistan,2010,gdp-per-capita,thous 1990$ percap,0.720859
Pakistan,2010,gdp-per-capita-ppp,thous 1990$ percap,2.20303
Pakistan,2010,labor-force,thous pers,56699.7
Pakistan,2010,population,thous pers,194454.0
Pakistan,2010,savings-rate,rate annual,0.104031
Pakistan,2010,fac-share-labor,share,0.488659
Pakistan,2010,fac-share-capital,share,0.205859
Pakistan,2010,fac-share-energy,share,0.305483
Pakistan,2010,energy-service,million 1990$,68815.3
Pakistan,2010,total-factor-productivity,million 1990$,0.0
Pakistan,2015,GDP,million 1990$,181005.0
Pakistan,2015,energy-investment,million 1990$,2790.29
Pakistan,2015,consumer-durable,million 1990$,7735.9
Pakistan,2015,value-added,million 1990$,128020.0
Pakistan,2015,gross-output,million 1990$,191671.0
Pakistan,2015,savings,million 1990$,21065.3
Pakistan,2015,investment,million 1990$,23913.3
Pakistan,2015,capital-stock,million 1990$,273452.0
Pakistan,2015,depreciation,million 1990$,12772.2
Pakistan,2015,energy-service-value,million 1990$,63651.0
Pakistan,2015,energy-net-export,million 1990$,-10665.8
Pakistan,2015,materials-net-export,million 1990$,7817.84
Pakistan,2015,capital-net-export,million 1990$,2847.96
Pakistan,2015,labor-wages,million 1990$,91672.3
Pakistan,2015,gdp-per-capita,thous 1990$ percap,0.85797
Pakistan,2015,gdp-per-capita-ppp,thous 1990$ percap,2.62205
Pakistan,2015,labor-force,thous pers,63059.9
Pakistan,2015,population,thous pers,210969.0
Pakistan,2015,savings-rate,rate annual,0.097708
Pakistan,2015,fac-share-labor,share,0.47828
Pakistan,2015,fac-share-capital,share,0.189636
Pakistan,2015,fac-share-energy,share,0.332085
Pakistan,2015,energy-service,million 1990$,82516.9
Pakistan,2015,total-factor-productivity,million 1990$,0.0
Pakistan,2021,GDP,million 1990$,224887.0
Pakistan,2021,energy-investment,million 1990$,3564.69
Pakistan,2021,consumer-durable,million 1990$,9532.44
Pakistan,2021,value-added,million 1990$,159721.0
Pakistan,2021,gross-output,million 1990$,232557.0
Pakistan,2021,savings,million 1990$,25421.5
Pakistan,2021,investment,million 1990$,32131.8
Pakistan,2021,capital-stock,million 1990$,326036.0
Pakistan,2021,depreciation,million 1990$,14900.7
Pakistan,2021,energy-service-value,million 1990$,72836.6
Pakistan,2021,energy-net-export,million 1990$,-7670.44
Pakistan,2021,materials-net-export,million 1990$,960.172
Pakistan,2021,capital-net-export,million 1990$,6710.27
Pakistan,2021,labor-wages,million 1990$,116384.0
Pakistan,2021,gdp-per-capita,thous 1990$ percap,0.971846
Pakistan,2021,gdp-per-capita-ppp,thous 1990$ percap,2.97007
Pakistan,2021,labor-force,thous pers,71499.7
Pakistan,2021,population,thous pers,231402.0
Pakistan,2021,savings-rate,rate annual,0.086809
Pakistan,2021,fac-share-labor,share,0.500451
Pakistan,2021,fac-share-capital,share,0.18635
Pakistan,2021,fac-share-energy,share,0.313199
Pakistan,2021,energy-service,million 1990$,96120.7
Pakistan,2021,total-factor-productivity,million 1990$,0.0
Pakistan,2025,GDP,million 1990$,257158.0
Pakistan,2025,energy-investment,million 1990$,22930.8
Pakistan,2025,consumer-durable,million 1990$,5647.78
Pakistan,2025,value-added,million 1990$,181836.0
Pakistan,2025,gross-output,million 1990$,265613.0
Pakistan,2025,savings,million 1990$,29054.7
Pakistan,2025,investment,million 1990$,33847.7
Pakistan,2025,capital-stock,million 1990$,336684.0
Pakistan,2025,depreciation,million 1990$,17859.6
Pakistan,2025,energy-service-value,million 1990$,83776.9
Pakistan,2025,energy-net-export,million 1990$,-8455.32
Pakistan,2025,materials-net-export,million 1990$,3662.28
Pakistan,2025,capital-net-export,million 1990$,4793.05
Pakistan,2025,labor-wages,million 1990$,131790.0
Pakistan,2025,gdp-per-capita,thous 1990$ percap,1.02692
Pakistan,2025,gdp-per-capita-ppp,thous 1990$ percap,3.13838
Pakistan,2025,labor-force,thous pers,78829.0
Pakistan,2025,population,thous pers,250417.0
Pakistan,2025,savings-rate,rate annual,0.0967476
Pakistan,2025,fac-share-labor,share,0.496171
Pakistan,2025,fac-share-capital,share,0.18842
Pakistan,2025,fac-share-energy,share,0.315409
Pakistan,2025,energy-service,million 1990$,106253.0
Pakistan,2025,total-factor-productivity,million 1990$,1.04787
Pakistan,2030,GDP,million 1990$,326676.0
Pakistan,2030,energy-investment,million 1990$,31955.7
Pakistan,2030,consumer-durable,million 1990$,9689.14
Pakistan,2030,value-added,million 1990$,224699.0
Pakistan,2030,gross-output,million 1990$,336820.0
Pakistan,2030,savings,million 1990$,35779.7
Pakistan,2030,investment,million 1990$,38176.3
Pakistan,2030,capital-stock,million 1990$,297045.0
Pakistan,2030,depreciation,million 1990$,18442.9
Pakistan,2030,energy-service-value,million 1990$,112121.0
Pakistan,2030,energy-net-export,million 1990$,-10143.9
Pakistan,2030,materials-net-export,million 1990$,7747.39
Pakistan,2030,capital-net-export,million 1990$,2396.52
Pakistan,2030,labor-wages,million 1990$,159561.0
Pakistan,2030,gdp-per-capita,thous 1990$ percap,1.18582
Pakistan,2030,gdp-per-capita-ppp,thous 1990$ percap,3.624
Pakistan,2030,labor-force,thous pers,88509.7
Pakistan,2030,population,thous pers,275485.0
Pakistan,2030,savings-rate,rate annual,0.11977
Pakistan,2030,fac-share-labor,share,0.473728
Pakistan,2030,fac-share-capital,share,0.193391
Pakistan,2030,fac-share-energy,share,0.332881
Pakistan,2030,energy-service,million 1990$,130721.0
Pakistan,2030,total-factor-productivity,million 1990$,1.20303
Pakistan,2035,GDP,million 1990$,415601.0
Pakistan,2035,energy-investment,million 1990$,39899.1
Pakistan,2035,consumer-durable,million 1990$,13008.0
Pakistan,2035,value-added,million 1990$,277998.0
Pakistan,2035,gross-output,million 1990$,427936.0
Pakistan,2035,savings,million 1990$,52973.1
Pakistan,2035,investment,million 1990$,52973.1
Pakistan,2035,capital-stock,million 1990$,274892.0
Pakistan,2035,depreciation,million 1990$,16271.5
Pakistan,2035,energy-service-value,million 1990$,149938.0
Pakistan,2035,energy-net-export,million 1990$,-12334.6
Pakistan,2035,materials-net-export,million 1990$,12334.6
Pakistan,2035,capital-net-export,million 1990$,0.0
Pakistan,2035,labor-wages,million 1990$,194311.0
Pakistan,2035,gdp-per-capita,thous 1990$ percap,1.38127
Pakistan,2035,gdp-per-capita-ppp,thous 1990$ percap,4.2213
Pakistan,2035,labor-force,thous pers,97912.5
Pakistan,2035,population,thous pers,300884.0
Pakistan,2035,savings-rate,rate annual,0.141767
Pakistan,2035,fac-share-labor,share,0.454066
Pakistan,2035,fac-share-capital,share,0.19556
Pakistan,2035,fac-share-energy,share,0.350374
Pakistan,2035,energy-service,million 1990$,160274.0
Pakistan,2035,total-factor-productivity,million 1990$,1.38111
Pakistan,2040,GDP,million 1990$,533004.0
Pakistan,2040,energy-investment,million 1990$,54329.6
Pakistan,2040,consumer-durable,million 1990$,13954.6
Pakistan,2040,value-added,million 1990$,350121.0
Pakistan,2040,gross-output,million 1990$,548406.0
Pakistan,2040,savings,million 1990$,76535.1
Pakistan,2040,investment,million 1990$,76535.1
Pakistan,2040,capital-stock,million 1990$,313298.0
Pakistan,2040,depreciation,million 1990$,15058.0
Pakistan,2040,energy-service-value,million 1990$,198285.0
Pakistan,2040,energy-net-export,million 1990$,-15402.2
Pakistan,2040,materials-net-export,million 1990$,15402.2
Pakistan,2040,capital-net-export,million 1990$,0.0
Pakistan,2040,labor-wages,million 1990$,245465.0
Pakistan,2040,gdp-per-capita,thous 1990$ percap,1.63591
Pakistan,2040,gdp-per-capita-ppp,thous 1990$ percap,4.99952
Pakistan,2040,labor-force,thous pers,107900.0
Pakistan,2040,population,thous pers,325815.0
Pakistan,2040,savings-rate,rate annual,0.164215
Pakistan,2040,fac-share-labor,share,0.447596
Pakistan,2040,fac-share-capital,share,0.190837
Pakistan,2040,fac-share-energy,share,0.361567
Pakistan,2040,energy-service,million 1990$,196715.0
Pakistan,2040,total-factor-productivity,million 1990$,1.53563
Pakistan,2045,GDP,million 1990$,686498.0
Pakistan,2045,energy-investment,million 1990$,65008.8
Pakistan,2045,consumer-durable,million 1990$,15788.3
Pakistan,2045,value-added,million 1990$,445949.0
Pakistan,2045,gross-output,million 1990$,705749.0
Pakistan,2045,savings,million 1990$,110120.0
Pakistan,2045,investment,million 1990$,110120.0
Pakistan,2045,capital-stock,million 1990$,423872.0
Pakistan,2045,depreciation,million 1990$,17161.8
Pakistan,2045,energy-service-value,million 1990$,259800.0
Pakistan,2045,energy-net-export,million 1990$,-19251.5
Pakistan,2045,materials-net-export,million 1990$,19251.5
Pakistan,2045,capital-net-export,million 1990$,0.0
Pakistan,2045,labor-wages,million 1990$,318515.0
Pakistan,2045,gdp-per-capita,thous 1990$ percap,1.96239
Pakistan,2045,gdp-per-capita-ppp,thous 1990$ percap,5.99727
Pakistan,2045,labor-force,thous pers,118098.0
Pakistan,2045,population,thous pers,349828.0
Pakistan,2045,savings-rate,rate annual,0.18644
Pakistan,2045,fac-share-labor,share,0.451314
Pakistan,2045,fac-share-capital,share,0.180567
Pakistan,2045,fac-share-energy,share,0.368119
Pakistan,2045,energy-service,million 1990$,242398.0
Pakistan,2045,total-factor-productivity,million 1990$,1.66244
Pakistan,2050,GDP,million 1990$,881118.0
Pakistan,2050,energy-investment,million 1990$,75479.4
Pakistan,2050,consumer-durable,million 1990$,16236.1
Pakistan,2050,value-added,million 1990$,569336.0
Pakistan,2050,gross-output,million 1990$,904581.0
Pakistan,2050,savings,million 1990$,157090.0
Pakistan,2050,investment,million 1990$,157090.0
Pakistan,2050,capital-stock,million 1990$,661717.0
Pakistan,2050,depreciation,million 1990$,23218.8
Pakistan,2050,energy-service-value,million 1990$,335245.0
Pakistan,2050,energy-net-export,million 1990$,-23463.4
Pakistan,2050,materials-net-export,million 1990$,23463.4
Pakistan,2050,capital-net-export,million 1990$,0.0
Pakistan,2050,labor-wages,million 1990$,419110.0
Pakistan,2050,gdp-per-capita,thous 1990$ percap,2.36217
Pakistan,2050,gdp-per-capita-ppp,thous 1990$ percap,7.21905
Pakistan,2050,labor-force,thous pers,127804.0
Pakistan,2050,population,thous pers,373012.0
Pakistan,2050,savings-rate,rate annual,0.20687
Pakistan,2050,fac-share-labor,share,0.463319
Pakistan,2050,fac-share-capital,share,0.166073
Pakistan,2050,fac-share-energy,share,0.370608
Pakistan,2050,energy-service,million 1990$,296367.0
Pakistan,2050,total-factor-productivity,million 1990$,1.76642
Pakistan,2055,GDP,million 1990$,1121520.0
Pakistan,2055,energy-investment,million 1990$,82503.1
Pakistan,2055,consumer-durable,million 1990$,20905.0
Pakistan,2055,value-added,million 1990$,721591.0
Pakistan,2055,gross-output,million 1990$,1148910.0
Pakistan,2055,savings,million 1990$,219626.0
Pakistan,2055,investment,million 1990$,219626.0
Pakistan,2055,capital-stock,million 1990$,1072500.0
Pakistan,2055,depreciation,million 1990$,36247.5
Pakistan,2055,energy-service-value,million 1990$,427323.0
Pakistan,2055,energy-net-export,million 1990$,-27389.6
Pakistan,2055,materials-net-export,million 1990$,27389.6
Pakistan,2055,capital-net-export,million 1990$,0.0
Pakistan,2055,labor-wages,million 1990$,548189.0
Pakistan,2055,gdp-per-capita,thous 1990$ percap,2.84122
Pakistan,2055,gdp-per-capita-ppp,thous 1990$ percap,8.68309
Pakistan,2055,labor-force,thous pers,136546.0
Pakistan,2055,population,thous pers,394733.0
Pakistan,2055,savings-rate,rate annual,0.224966
Pakistan,2055,fac-share-labor,share,0.477137
Pakistan,2055,fac-share-capital,share,0.150926
Pakistan,2055,fac-share-energy,share,0.371937
Pakistan,2055,energy-service,million 1990$,355720.0
Pakistan,2055,total-factor-productivity,million 1990$,1.88263
Pakistan,2060,GDP,million 1990$,1412690.0
Pakistan,2060,energy-investment,million 1990$,95888.2
Pakistan,2060,consumer-durable,million 1990$,24181.9
Pakistan,2060,value-added,million 1990$,903645.0
Pakistan,2060,gross-output,million 1990$,1445190.0
Pakistan,2060,savings,million 1990$,299844.0
Pakistan,2060,investment,million 1990$,299844.0
Pakistan,2060,capital-stock,million 1990$,1689530.0
Pakistan,2060,depreciation,million 1990$,58749.1
Pakistan,2060,energy-service-value,million 1990$,541541.0
Pakistan,2060,energy-net-export,million 1990$,-32494.9
Pakistan,2060,materials-net-export,million 1990$,32494.9
Pakistan,2060,capital-net-export,million 1990$,0.0
Pakistan,2060,labor-wages,million 1990$,705685.0
Pakistan,2060,gdp-per-capita,thous 1990$ percap,3.40461
Pakistan,2060,gdp-per-capita-ppp,thous 1990$ percap,10.4049
Pakistan,2060,labor-force,thous pers,144144.0
Pakistan,2060,population,thous pers,414935.0
Pakistan,2060,savings-rate,rate annual,0.240462
Pakistan,2060,fac-share-labor,share,0.488301
Pakistan,2060,fac-share-capital,share,0.136979
Pakistan,2060,fac-share-energy,share,0.37472
Pakistan,2060,energy-service,million 1990$,421574.0
Pakistan,2060,total-factor-productivity,million 1990$,2.0282
Pakistan,2065,GDP,million 1990$,1761460.0
Pakistan,2065,energy-investment,million 1990$,105041.0
Pakistan,2065,consumer-durable,million 1990$,27924.2
Pakistan,2065,value-added,million 1990$,1118500.0
Pakistan,2065,gross-output,million 1990$,1799450.0
Pakistan,2065,savings,million 1990$,399579.0
Pakistan,2065,investment,million 1990$,399579.0
Pakistan,2065,capital-stock,million 1990$,2527370.0
Pakistan,2065,depreciation,million 1990$,92548.9
Pakistan,2065,energy-service-value,million 1990$,680944.0
Pakistan,2065,energy-net-export,million 1990$,-37985.5
Pakistan,2065,materials-net-export,million 1990$,37985.5
Pakistan,2065,capital-net-export,million 1990$,0.0
Pakistan,2065,labor-wages,million 1990$,893354.0
Pakistan,2065,gdp-per-capita,thous 1990$ percap,4.06914
Pakistan,2065,gdp-per-capita-ppp,thous 1990$ percap,12.4357
Pakistan,2065,labor-force,thous pers,150881.0
Pakistan,2065,population,thous pers,432883.0
Pakistan,2065,savings-rate,rate annual,0.25384
Pakistan,2065,fac-share-labor,share,0.49646
Pakistan,2065,fac-share-capital,share,0.125121
Pakistan,2065,fac-share-energy,share,0.378418
Pakistan,2065,energy-service,million 1990$,490877.0
Pakistan,2065,total-factor-productivity,million 1990$,2.21186
Pakistan,2070,GDP,million 1990$,2165410.0
Pakistan,2070,energy-investment,million 1990$,109866.0
Pakistan,2070,consumer-durable,million 1990$,33140.1
Pakistan,2070,value-added,million 1990$,1365330.0
Pakistan,2070,gross-output,million 1990$,2209220.0
Pakistan,2070,savings,million 1990$,521794.0
Pakistan,2070,investment,million 1990$,521794.0
Pakistan,2070,capital-stock,million 1990$,3649450.0
Pakistan,2070,depreciation,million 1990$,138444.0
Pakistan,2070,energy-service-value,million 1990$,843892.0
Pakistan,2070,energy-net-export,million 1990$,-43812.7
Pakistan,2070,materials-net-export,million 1990$,43812.7
Pakistan,2070,capital-net-export,million 1990$,0.0
Pakistan,2070,labor-wages,million 1990$,1111680.0
Pakistan,2070,gdp-per-capita,thous 1990$ percap,4.82934
Pakistan,2070,gdp-per-capita-ppp,thous 1990$ percap,14.759
Pakistan,2070,labor-force,thous pers,156398.0
Pakistan,2070,population,thous pers,448387.0
Pakistan,2070,savings-rate,rate annual,0.26457
Pakistan,2070,fac-share-labor,share,0.503199
Pakistan,2070,fac-share-capital,share,0.114815
Pakistan,2070,fac-share-energy,share,0.381986
Pakistan,2070,energy-service,million 1990$,559201.0
Pakistan,2070,total-factor-productivity,million 1990$,2.42892
Pakistan,2075,GDP,million 1990$,2627970.0
Pakistan,2075,energy-investment,million 1990$,114819.0
Pakistan,2075,consumer-durable,million 1990$,38194.3
Pakistan,2075,value-added,million 1990$,1645400.0
Pakistan,2075,gross-output,million 1990$,2677530.0
Pakistan,2075,savings,million 1990$,664690.0
Pakistan,2075,investment,million 1990$,664690.0
Pakistan,2075,capital-stock,million 1990$,5091450.0
Pakistan,2075,depreciation,million 1990$,199910.0
Pakistan,2075,energy-service-value,million 1990$,1032130.0
Pakistan,2075,energy-net-export,million 1990$,-49564.5
Pakistan,2075,materials-net-export,million 1990$,49564.5
Pakistan,2075,capital-net-export,million 1990$,0.0
Pakistan,2075,labor-wages,million 1990$,1361700.0
Pakistan,2075,gdp-per-capita,thous 1990$ percap,5.6975
Pakistan,2075,gdp-per-capita-ppp,thous 1990$ percap,17.4122
Pakistan,2075,labor-force,thous pers,161163.0
Pakistan,2075,population,thous pers,461249.0
Pakistan,2075,savings-rate,rate annual,0.273126
Pakistan,2075,fac-share-labor,share,0.508564
Pakistan,2075,fac-share-capital,share,0.105957
Pakistan,2075,fac-share-energy,share,0.385479
Pakistan,2075,energy-service,million 1990$,626599.0
Pakistan,2075,total-factor-productivity,million 1990$,2.67543
Pakistan,2080,GDP,million 1990$,3144500.0
Pakistan,2080,energy-investment,million 1990$,119164.0
Pakistan,2080,consumer-durable,million 1990$,43771.6
Pakistan,2080,value-added,million 1990$,1954800.0
Pakistan,2080,gross-output,million 1990$,3199520.0
Pakistan,2080,savings,million 1990$,829158.0
Pakistan,2080,investment,million 1990$,829158.0
Pakistan,2080,capital-stock,million 1990$,6871670.0
Pakistan,2080,depreciation,million 1990$,278900.0
Pakistan,2080,energy-service-value,million 1990$,1244720.0
Pakistan,2080,energy-net-export,million 1990$,-55016.1
Pakistan,2080,materials-net-export,million 1990$,55016.1
Pakistan,2080,capital-net-export,million 1990$,0.0
Pakistan,2080,labor-wages,million 1990$,1640500.0
Pakistan,2080,gdp-per-capita,thous 1990$ percap,6.66977
Pakistan,2080,gdp-per-capita-ppp,thous 1990$ percap,20.3835
Pakistan,2080,labor-force,thous pers,164471.0
Pakistan,2080,population,thous pers,471456.0
Pakistan,2080,savings-rate,rate annual,0.279443
Pakistan,2080,fac-share-labor,share,0.512733
Pakistan,2080,fac-share-capital,share,0.0982328
Pakistan,2080,fac-share-energy,share,0.389034
Pakistan,2080,energy-service,million 1990$,690310.0
Pakistan,2080,total-factor-productivity,million 1990$,2.95571
Pakistan,2085,GDP,million 1990$,3711300.0
Pakistan,2085,energy-investment,million 1990$,122270.0
Pakistan,2085,consumer-durable,million 1990$,49249.7
Pakistan,2085,value-added,million 1990$,2291570.0
Pakistan,2085,gross-output,million 1990$,3771080.0
Pakistan,2085,savings,million 1990$,1012000.0
Pakistan,2085,investment,million 1990$,1012000.0
Pakistan,2085,capital-stock,million 1990$,8989800.0
Pakistan,2085,depreciation,million 1990$,376416.0
Pakistan,2085,energy-service-value,million 1990$,1479510.0
Pakistan,2085,energy-net-export,million 1990$,-59783.5
Pakistan,2085,materials-net-export,million 1990$,59783.5
Pakistan,2085,capital-net-export,million 1990$,0.0
Pakistan,2085,labor-wages,million 1990$,1946030.0
Pakistan,2085,gdp-per-capita,thous 1990$ percap,7.73856
Pakistan,2085,gdp-per-capita-ppp,thous 1990$ percap,23.6499
Pakistan,2085,labor-force,thous pers,166995.0
Pakistan,2085,population,thous pers,479585.0
Pakistan,2085,savings-rate,rate annual,0.283579
Pakistan,2085,fac-share-labor,share,0.516041
Pakistan,2085,fac-share-capital,share,0.0916277
Pakistan,2085,fac-share-energy,share,0.392332
Pakistan,2085,energy-service,million 1990$,749610.0
Pakistan,2085,total-factor-productivity,million 1990$,3.26276
Pakistan,2090,GDP,million 1990$,4327710.0
Pakistan,2090,energy-investment,million 1990$,126783.0
Pakistan,2090,consumer-durable,million 1990$,54841.9
Pakistan,2090,value-added,million 1990$,2652170.0
Pakistan,2090,gross-output,million 1990$,4392070.0
Pakistan,2090,savings,million 1990$,1209760.0
Pakistan,2090,investment,million 1990$,1209760.0
Pakistan,2090,capital-stock,million 1990$,11435700.0
Pakistan,2090,depreciation,million 1990$,492443.0
Pakistan,2090,energy-service-value,million 1990$,1739900.0
Pakistan,2090,energy-net-export,million 1990$,-64363.5
Pakistan,2090,materials-net-export,million 1990$,64363.5
Pakistan,2090,capital-net-export,million 1990$,0.0
Pakistan,2090,labor-wages,million 1990$,2275680.0
Pakistan,2090,gdp-per-capita,thous 1990$ percap,8.90302
Pakistan,2090,gdp-per-capita-ppp,thous 1990$ percap,27.2086
Pakistan,2090,labor-force,thous pers,167844.0
Pakistan,2090,population,thous pers,486094.0
Pakistan,2090,savings-rate,rate annual,0.285859
Pakistan,2090,fac-share-labor,share,0.518133
Pakistan,2090,fac-share-capital,share,0.0857217
Pakistan,2090,fac-share-energy,share,0.396145
Pakistan,2090,energy-service,million 1990$,805152.0
Pakistan,2090,total-factor-productivity,million 1990$,3.607
Pakistan,2095,GDP,million 1990$,4991070.0
Pakistan,2095,energy-investment,million 1990$,130177.0
Pakistan,2095,consumer-durable,million 1990$,60397.7
Pakistan,2095,value-added,million 1990$,3033330.0
Pakistan,2095,gross-output,million 1990$,5059610.0
Pakistan,2095,savings,million 1990$,1420550.0
Pakistan,2095,investment,million 1990$,1420550.0
Pakistan,2095,capital-stock,million 1990$,14180600.0
Pakistan,2095,depreciation,million 1990$,626427.0
Pakistan,2095,energy-service-value,million 1990$,2026280.0
Pakistan,2095,energy-net-export,million 1990$,-68540.6
Pakistan,2095,materials-net-export,million 1990$,68540.6
Pakistan,2095,capital-net-export,million 1990$,0.0
Pakistan,2095,labor-wages,million 1990$,2626500.0
Pakistan,2095,gdp-per-capita,thous 1990$ percap,10.1631
Pakistan,2095,gdp-per-capita-ppp,thous 1990$ percap,31.0596
Pakistan,2095,labor-force,thous pers,167089.0
Pakistan,2095,population,thous pers,491096.0
Pakistan,2095,savings-rate,rate annual,0.286603
Pakistan,2095,fac-share-labor,share,0.519112
Pakistan,2095,fac-share-capital,share,0.080407
Pakistan,2095,fac-share-energy,share,0.400481
Pakistan,2095,energy-service,million 1990$,856644.0
Pakistan,2095,total-factor-productivity,million 1990$,3.99142
Pakistan,2100,GDP,million 1990$,5702930.0
Pakistan,2100,energy-investment,million 1990$,133685.0
Pakistan,2100,consumer-durable,million 1990$,65414.5
Pakistan,2100,value-added,million 1990$,3436910.0
Pakistan,2100,gross-output,million 1990$,5775740.0
Pakistan,2100,savings,million 1990$,1642010.0
Pakistan,2100,investment,million 1990$,1642010.0
Pakistan,2100,capital-stock,million 1990$,17204000.0
Pakistan,2100,depreciation,million 1990$,776786.0
Pakistan,2100,energy-service-value,million 1990$,2338830.0
Pakistan,2100,energy-net-export,million 1990$,-72809.2
Pakistan,2100,materials-net-export,million 1990$,72809.2
Pakistan,2100,capital-net-export,million 1990$,0.0
Pakistan,2100,labor-wages,million 1990$,2999900.0
Pakistan,2100,gdp-per-capita,thous 1990$ percap,11.5256
Pakistan,2100,gdp-per-capita-ppp,thous 1990$ percap,35.2236
Pakistan,2100,labor-force,thous pers,165213.0
Pakistan,2100,population,thous pers,494804.0
Pakistan,2100,savings-rate,rate annual,0.286188
Pakistan,2100,fac-share-labor,share,0.519397
Pakistan,2100,fac-share-capital,share,0.0756625
Pakistan,2100,fac-share-energy,share,0.40494
Pakistan,2100,energy-service,million 1990$,902824.0
Pakistan,2100,total-factor-productivity,million 1990$,4.42012
Russia,1975,GDP,million 1990$,360816.0
Russia,1975,energy-investment,million 1990$,40086.4
Russia,1975,consumer-durable,million 1990$,0.141933
Russia,1975,value-added,million 1990$,280798.0
Russia,1975,gross-output,million 1990$,360818.0
Russia,1975,savings,million 1990$,130143.0
Russia,1975,investment,million 1990$,125047.0
Russia,1975,capital-stock,million 1990$,1023600.0
Russia,1975,depreciation,million 1990$,34462.5
Russia,1975,energy-service-value,million 1990$,80019.9
Russia,1975,energy-net-export,million 1990$,-2.129
Russia,1975,materials-net-export,million 1990$,5097.76
Russia,1975,capital-net-export,million 1990$,-5095.63
Russia,1975,labor-wages,million 1990$,213512.0
Russia,1975,gdp-per-capita,thous 1990$ percap,2.69584
Russia,1975,gdp-per-capita-ppp,thous 1990$ percap,6.50249
Russia,1975,labor-force,thous pers,67845.3
Russia,1975,population,thous pers,133842.0
Russia,1975,savings-rate,rate annual,0.36069
Russia,1975,fac-share-labor,share,0.591745
Russia,1975,fac-share-capital,share,0.186482
Russia,1975,fac-share-energy,share,0.221774
Russia,1975,energy-service,million 1990$,2.129
Russia,1975,total-factor-productivity,million 1990$,0.0
Russia,1990,GDP,million 1990$,725406.0
Russia,1990,energy-investment,million 1990$,80592.2
Russia,1990,consumer-durable,million 1990$,44700.5
Russia,1990,value-added,million 1990$,564533.0
Russia,1990,gross-output,million 1990$,673161.0
Russia,1990,savings,million 1990$,130143.0
Russia,1990,investment,million 1990$,119898.0
Russia,1990,capital-stock,million 1990$,2057900.0
Russia,1990,depreciation,million 1990$,34462.5
Russia,1990,energy-service-value,million 1990$,108628.0
Russia,1990,energy-net-export,million 1990$,52244.7
Russia,1990,materials-net-export,million 1990$,-42000.1
Russia,1990,capital-net-export,million 1990$,-10244.6
Russia,1990,labor-wages,million 1990$,429258.0
Russia,1990,gdp-per-capita,thous 1990$ percap,4.90119
Russia,1990,gdp-per-capita-ppp,thous 1990$ percap,11.8219
Russia,1990,labor-force,thous pers,75025.1
Russia,1990,population,thous pers,148006.0
Russia,1990,savings-rate,rate annual,0.36069
Russia,1990,fac-share-labor,share,0.637674
Russia,1990,fac-share-capital,share,0.200956
Russia,1990,fac-share-energy,share,0.16137
Russia,1990,energy-service,million 1990$,640046.0
Russia,1990,total-factor-productivity,million 1990$,0.0
Russia,2005,GDP,million 1990$,642428.0
Russia,2005,energy-investment,million 1990$,26040.1
Russia,2005,consumer-durable,million 1990$,31136.6
Russia,2005,value-added,million 1990$,377170.0
Russia,2005,gross-output,million 1990$,560482.0
Russia,2005,savings,million 1990$,306347.0
Russia,2005,investment,million 1990$,248544.0
Russia,2005,capital-stock,million 1990$,1985400.0
Russia,2005,depreciation,million 1990$,69285.4
Russia,2005,energy-service-value,million 1990$,183312.0
Russia,2005,energy-net-export,million 1990$,81946.1
Russia,2005,materials-net-export,million 1990$,-24143.0
Russia,2005,capital-net-export,million 1990$,-57803.1
Russia,2005,labor-wages,million 1990$,353618.0
Russia,2005,gdp-per-capita,thous 1990$ percap,4.46751
Russia,2005,gdp-per-capita-ppp,thous 1990$ percap,10.7759
Russia,2005,labor-force,thous pers,66582.9
Russia,2005,population,thous pers,143800.0
Russia,2005,savings-rate,rate annual,0.226258
Russia,2005,fac-share-labor,share,0.630918
Russia,2005,fac-share-capital,share,0.0420214
Russia,2005,fac-share-energy,share,0.327061
Russia,2005,energy-service,million 1990$,459956.0
Russia,2005,total-factor-productivity,million 1990$,0.0
Russia,2010,GDP,million 1990$,764563.0
Russia,2010,energy-investment,million 1990$,23285.0
Russia,2010,consumer-durable,million 1990$,56770.2
Russia,2010,value-added,million 1990$,467736.0
Russia,2010,gross-output,million 1990$,597711.0
Russia,2010,savings,million 1990$,176491.0
Russia,2010,investment,million 1990$,127027.0
Russia,2010,capital-stock,million 1990$,2230860.0
Russia,2010,depreciation,million 1990$,53482.8
Russia,2010,energy-service-value,million 1990$,129976.0
Russia,2010,energy-net-export,million 1990$,166852.0
Russia,2010,materials-net-export,million 1990$,-117387.0
Russia,2010,capital-net-export,million 1990$,-49464.6
Russia,2010,labor-wages,million 1990$,445257.0
Russia,2010,gdp-per-capita,thous 1990$ percap,5.33752
Russia,2010,gdp-per-capita-ppp,thous 1990$ percap,12.8744
Russia,2010,labor-force,thous pers,67348.7
Russia,2010,population,thous pers,143243.0
Russia,2010,savings-rate,rate annual,0.194685
Russia,2010,fac-share-labor,share,0.744936
Russia,2010,fac-share-capital,share,0.0376084
Russia,2010,fac-share-energy,share,0.217456
Russia,2010,energy-service,million 1990$,578402.0
Russia,2010,total-factor-productivity,million 1990$,0.0
Russia,2015,GDP,million 1990$,830915.0
Russia,2015,energy-investment,million 1990$,20297.9
Russia,2015,consumer-durable,million 1990$,54633.6
Russia,2015,value-added,million 1990$,533129.0
Russia,2015,gross-output,million 1990$,633963.0
Russia,2015,savings,million 1990$,205619.0
Russia,2015,investment,million 1990$,138704.0
Russia,2015,capital-stock,million 1990$,2358280.0
Russia,2015,depreciation,million 1990$,69065.3
Russia,2015,energy-service-value,million 1990$,100834.0
Russia,2015,energy-net-export,million 1990$,196952.0
Russia,2015,materials-net-export,million 1990$,-130037.0
Russia,2015,capital-net-export,million 1990$,-66914.8
Russia,2015,labor-wages,million 1990$,491334.0
Russia,2015,gdp-per-capita,thous 1990$ percap,5.7436
Russia,2015,gdp-per-capita-ppp,thous 1990$ percap,13.8538
Russia,2015,labor-force,thous pers,69172.0
Russia,2015,population,thous pers,144668.0
Russia,2015,savings-rate,rate annual,0.191445
Russia,2015,fac-share-labor,share,0.77502
Russia,2015,fac-share-capital,share,0.0659264
Russia,2015,fac-share-energy,share,0.159053
Russia,2015,energy-service,million 1990$,613048.0
Russia,2015,total-factor-productivity,million 1990$,0.0
Russia,2021,GDP,million 1990$,879190.0
Russia,2021,energy-investment,million 1990$,23262.6
Russia,2021,consumer-durable,million 1990$,64731.8
Russia,2021,value-added,million 1990$,567804.0
Russia,2021,gross-output,million 1990$,746928.0
Russia,2021,savings,million 1990$,213708.0
Russia,2021,investment,million 1990$,141534.0
Russia,2021,capital-stock,million 1990$,2476980.0
Russia,2021,depreciation,million 1990$,79098.9
Russia,2021,energy-service-value,million 1990$,179124.0
Russia,2021,energy-net-export,million 1990$,132262.0
Russia,2021,materials-net-export,million 1990$,-60087.7
Russia,2021,capital-net-export,million 1990$,-72174.4
Russia,2021,labor-wages,million 1990$,519880.0
Russia,2021,gdp-per-capita,thous 1990$ percap,6.05908
Russia,2021,gdp-per-capita-ppp,thous 1990$ percap,14.6148
Russia,2021,labor-force,thous pers,69419.7
Russia,2021,population,thous pers,145103.0
Russia,2021,savings-rate,rate annual,0.202226
Russia,2021,fac-share-labor,share,0.696025
Russia,2021,fac-share-capital,share,0.0641611
Russia,2021,fac-share-energy,share,0.239814
Russia,2021,energy-service,million 1990$,635405.0
Russia,2021,total-factor-productivity,million 1990$,0.0
Russia,2025,GDP,million 1990$,927775.0
Russia,2025,energy-investment,million 1990$,118391.0
Russia,2025,consumer-durable,million 1990$,28391.7
Russia,2025,value-added,million 1990$,584911.0
Russia,2025,gross-output,million 1990$,773270.0
Russia,2025,savings,million 1990$,242527.0
Russia,2025,investment,million 1990$,190974.0
Russia,2025,capital-stock,million 1990$,2554160.0
Russia,2025,depreciation,million 1990$,82691.5
Russia,2025,energy-service-value,million 1990$,188359.0
Russia,2025,energy-net-export,million 1990$,154505.0
Russia,2025,materials-net-export,million 1990$,-102952.0
Russia,2025,capital-net-export,million 1990$,-51553.2
Russia,2025,labor-wages,million 1990$,536231.0
Russia,2025,gdp-per-capita,thous 1990$ percap,6.40768
Russia,2025,gdp-per-capita-ppp,thous 1990$ percap,15.4557
Russia,2025,labor-force,thous pers,68021.7
Russia,2025,population,thous pers,144791.0
Russia,2025,savings-rate,rate annual,0.199856
Russia,2025,fac-share-labor,share,0.693459
Russia,2025,fac-share-capital,share,0.0629535
Russia,2025,fac-share-energy,share,0.243588
Russia,2025,energy-service,million 1990$,651562.0
Russia,2025,total-factor-productivity,million 1990$,1.04162
Russia,2030,GDP,million 1990$,997311.0
Russia,2030,energy-investment,million 1990$,75369.9
Russia,2030,consumer-durable,million 1990$,49630.1
Russia,2030,value-added,million 1990$,626756.0
Russia,2030,gross-output,million 1990$,833328.0
Russia,2030,savings,million 1990$,253730.0
Russia,2030,investment,million 1990$,227953.0
Russia,2030,capital-stock,million 1990$,2535000.0
Russia,2030,depreciation,million 1990$,85268.0
Russia,2030,energy-service-value,million 1990$,206572.0
Russia,2030,energy-net-export,million 1990$,163983.0
Russia,2030,materials-net-export,million 1990$,-138206.0
Russia,2030,capital-net-export,million 1990$,-25776.6
Russia,2030,labor-wages,million 1990$,574731.0
Russia,2030,gdp-per-capita,thous 1990$ percap,6.9826
Russia,2030,gdp-per-capita-ppp,thous 1990$ percap,16.8424
Russia,2030,labor-force,thous pers,66866.4
Russia,2030,population,thous pers,142828.0
Russia,2030,savings-rate,rate annual,0.202386
Russia,2030,fac-share-labor,share,0.689682
Russia,2030,fac-share-capital,share,0.0624305
Russia,2030,fac-share-energy,share,0.247888
Russia,2030,energy-service,million 1990$,671452.0
Russia,2030,total-factor-productivity,million 1990$,1.12807
Russia,2035,GDP,million 1990$,1094230.0
Russia,2035,energy-investment,million 1990$,110633.0
Russia,2035,consumer-durable,million 1990$,69407.8
Russia,2035,value-added,million 1990$,697654.0
Russia,2035,gross-output,million 1990$,930764.0
Russia,2035,savings,million 1990$,275271.0
Russia,2035,investment,million 1990$,275271.0
Russia,2035,capital-stock,million 1990$,2842010.0
Russia,2035,depreciation,million 1990$,84628.3
Russia,2035,energy-service-value,million 1990$,233110.0
Russia,2035,energy-net-export,million 1990$,163462.0
Russia,2035,materials-net-export,million 1990$,-163462.0
Russia,2035,capital-net-export,million 1990$,0.0
Russia,2035,labor-wages,million 1990$,641561.0
Russia,2035,gdp-per-capita,thous 1990$ percap,7.7603
Russia,2035,gdp-per-capita-ppp,thous 1990$ percap,18.7182
Russia,2035,labor-force,thous pers,66770.0
Russia,2035,population,thous pers,141003.0
Russia,2035,savings-rate,rate annual,0.20777
Russia,2035,fac-share-labor,share,0.689285
Russia,2035,fac-share-capital,share,0.0602649
Russia,2035,fac-share-energy,share,0.25045
Russia,2035,energy-service,million 1990$,695652.0
Russia,2035,total-factor-productivity,million 1990$,1.2414
Russia,2040,GDP,million 1990$,1194650.0
Russia,2040,energy-investment,million 1990$,162242.0
Russia,2040,consumer-durable,million 1990$,67015.8
Russia,2040,value-added,million 1990$,768372.0
Russia,2040,gross-output,million 1990$,1031950.0
Russia,2040,savings,million 1990$,307912.0
Russia,2040,investment,million 1990$,307912.0
Russia,2040,capital-stock,million 1990$,2996330.0
Russia,2040,depreciation,million 1990$,94877.8
Russia,2040,energy-service-value,million 1990$,263577.0
Russia,2040,energy-net-export,million 1990$,162704.0
Russia,2040,materials-net-export,million 1990$,-162704.0
Russia,2040,capital-net-export,million 1990$,0.0
Russia,2040,labor-wages,million 1990$,707899.0
Russia,2040,gdp-per-capita,thous 1990$ percap,8.55579
Russia,2040,gdp-per-capita-ppp,thous 1990$ percap,20.637
Russia,2040,labor-force,thous pers,65157.7
Russia,2040,population,thous pers,139631.0
Russia,2040,savings-rate,rate annual,0.211293
Russia,2040,fac-share-labor,share,0.685983
Russia,2040,fac-share-capital,share,0.058601
Russia,2040,fac-share-energy,share,0.255416
Russia,2040,energy-service,million 1990$,719908.0
Russia,2040,total-factor-productivity,million 1990$,1.38325
Russia,2045,GDP,million 1990$,1296520.0
Russia,2045,energy-investment,million 1990$,143625.0
Russia,2045,consumer-durable,million 1990$,73312.9
Russia,2045,value-added,million 1990$,827665.0
Russia,2045,gross-output,million 1990$,1122410.0
Russia,2045,savings,million 1990$,340381.0
Russia,2045,investment,million 1990$,340381.0
Russia,2045,capital-stock,million 1990$,3048210.0
Russia,2045,depreciation,million 1990$,100029.0
Russia,2045,energy-service-value,million 1990$,294745.0
Russia,2045,energy-net-export,million 1990$,174109.0
Russia,2045,materials-net-export,million 1990$,-174109.0
Russia,2045,capital-net-export,million 1990$,0.0
Russia,2045,labor-wages,million 1990$,763491.0
Russia,2045,gdp-per-capita,thous 1990$ percap,9.34247
Russia,2045,gdp-per-capita-ppp,thous 1990$ percap,22.5345
Russia,2045,labor-force,thous pers,62802.0
Russia,2045,population,thous pers,138777.0
Russia,2045,savings-rate,rate annual,0.212913
Russia,2045,fac-share-labor,share,0.680224
Russia,2045,fac-share-capital,share,0.0571755
Russia,2045,fac-share-energy,share,0.2626
Russia,2045,energy-service,million 1990$,750982.0
Russia,2045,total-factor-productivity,million 1990$,1.52453
Russia,2050,GDP,million 1990$,1399010.0
Russia,2050,energy-investment,million 1990$,145349.0
Russia,2050,consumer-durable,million 1990$,62851.2
Russia,2050,value-added,million 1990$,887875.0
Russia,2050,gross-output,million 1990$,1216580.0
Russia,2050,savings,million 1990$,371505.0
Russia,2050,investment,million 1990$,371505.0
Russia,2050,capital-stock,million 1990$,3295180.0
Russia,2050,depreciation,million 1990$,101761.0
Russia,2050,energy-service-value,million 1990$,328706.0
Russia,2050,energy-net-export,million 1990$,182427.0
Russia,2050,materials-net-export,million 1990$,-182427.0
Russia,2050,capital-net-export,million 1990$,0.0
Russia,2050,labor-wages,million 1990$,821415.0
Russia,2050,gdp-per-capita,thous 1990$ percap,10.1229
Russia,2050,gdp-per-capita-ppp,thous 1990$ percap,24.4168
Russia,2050,labor-force,thous pers,59786.6
Russia,2050,population,thous pers,138203.0
Russia,2050,savings-rate,rate annual,0.213144
Russia,2050,fac-share-labor,share,0.675183
Russia,2050,fac-share-capital,share,0.0546283
Russia,2050,fac-share-energy,share,0.270189
Russia,2050,energy-service,million 1990$,780179.0
Russia,2050,total-factor-productivity,million 1990$,1.68385
Russia,2055,GDP,million 1990$,1511460.0
Russia,2055,energy-investment,million 1990$,145669.0
Russia,2055,consumer-durable,million 1990$,76474.6
Russia,2055,value-added,million 1990$,941839.0
Russia,2055,gross-output,million 1990$,1304380.0
Russia,2055,savings,million 1990$,401194.0
Russia,2055,investment,million 1990$,401194.0
Russia,2055,capital-stock,million 1990$,3683330.0
Russia,2055,depreciation,million 1990$,110006.0
Russia,2055,energy-service-value,million 1990$,362544.0
Russia,2055,energy-net-export,million 1990$,207080.0
Russia,2055,materials-net-export,million 1990$,-207080.0
Russia,2055,capital-net-export,million 1990$,0.0
Russia,2055,labor-wages,million 1990$,874455.0
Russia,2055,gdp-per-capita,thous 1990$ percap,10.9989
Russia,2055,gdp-per-capita-ppp,thous 1990$ percap,26.53
Russia,2055,labor-force,thous pers,56802.4
Russia,2055,population,thous pers,137419.0
Russia,2055,savings-rate,rate annual,0.213784
Russia,2055,fac-share-labor,share,0.670397
Russia,2055,fac-share-capital,share,0.0516594
Russia,2055,fac-share-energy,share,0.277943
Russia,2055,energy-service,million 1990$,810924.0
Russia,2055,total-factor-productivity,million 1990$,1.83806
Russia,2060,GDP,million 1990$,1641370.0
Russia,2060,energy-investment,million 1990$,144035.0
Russia,2060,consumer-durable,million 1990$,81831.4
Russia,2060,value-added,million 1990$,1022110.0
Russia,2060,gross-output,million 1990$,1424110.0
Russia,2060,savings,million 1990$,434411.0
Russia,2060,investment,million 1990$,434411.0
Russia,2060,capital-stock,million 1990$,4101010.0
Russia,2060,depreciation,million 1990$,122964.0
Russia,2060,energy-service-value,million 1990$,402000.0
Russia,2060,energy-net-export,million 1990$,217266.0
Russia,2060,materials-net-export,million 1990$,-217266.0
Russia,2060,capital-net-export,million 1990$,0.0
Russia,2060,labor-wages,million 1990$,951411.0
Russia,2060,gdp-per-capita,thous 1990$ percap,12.0339
Russia,2060,gdp-per-capita-ppp,thous 1990$ percap,29.0263
Russia,2060,labor-force,thous pers,56022.2
Russia,2060,population,thous pers,136396.0
Russia,2060,savings-rate,rate annual,0.215445
Russia,2060,fac-share-labor,share,0.668076
Russia,2060,fac-share-capital,share,0.0496416
Russia,2060,fac-share-energy,share,0.282282
Russia,2060,energy-service,million 1990$,842110.0
Russia,2060,total-factor-productivity,million 1990$,1.99325
Russia,2065,GDP,million 1990$,1779150.0
Russia,2065,energy-investment,million 1990$,145267.0
Russia,2065,consumer-durable,million 1990$,83208.3
Russia,2065,value-added,million 1990$,1129080.0
Russia,2065,gross-output,million 1990$,1575510.0
Russia,2065,savings,million 1990$,474475.0
Russia,2065,investment,million 1990$,474475.0
Russia,2065,capital-stock,million 1990$,4623440.0
Russia,2065,depreciation,million 1990$,136908.0
Russia,2065,energy-service-value,million 1990$,446430.0
Russia,2065,energy-net-export,million 1990$,203641.0
Russia,2065,materials-net-export,million 1990$,-203641.0
Russia,2065,capital-net-export,million 1990$,0.0
Russia,2065,labor-wages,million 1990$,1053340.0
Russia,2065,gdp-per-capita,thous 1990$ percap,13.1709
Russia,2065,gdp-per-capita-ppp,thous 1990$ percap,31.7689
Russia,2065,labor-force,thous pers,56620.3
Russia,2065,population,thous pers,135082.0
Russia,2065,savings-rate,rate annual,0.216984
Russia,2065,fac-share-labor,share,0.668569
Russia,2065,fac-share-capital,share,0.0480759
Russia,2065,fac-share-energy,share,0.283355
Russia,2065,energy-service,million 1990$,866582.0
Russia,2065,total-factor-productivity,million 1990$,2.15922
Russia,2070,GDP,million 1990$,1922770.0
Russia,2070,energy-investment,million 1990$,151420.0
Russia,2070,consumer-durable,million 1990$,87529.7
Russia,2070,value-added,million 1990$,1234530.0
Russia,2070,gross-output,million 1990$,1726450.0
Russia,2070,savings,million 1990$,517041.0
Russia,2070,investment,million 1990$,517041.0
Russia,2070,capital-stock,million 1990$,5251190.0
Russia,2070,depreciation,million 1990$,154349.0
Russia,2070,energy-service-value,million 1990$,491918.0
Russia,2070,energy-net-export,million 1990$,196322.0
Russia,2070,materials-net-export,million 1990$,-196322.0
Russia,2070,capital-net-export,million 1990$,0.0
Russia,2070,labor-wages,million 1990$,1154620.0
Russia,2070,gdp-per-capita,thous 1990$ percap,14.3873
Russia,2070,gdp-per-capita-ppp,thous 1990$ percap,34.7028
Russia,2070,labor-force,thous pers,56604.2
Russia,2070,population,thous pers,133644.0
Russia,2070,savings-rate,rate annual,0.218049
Russia,2070,fac-share-labor,share,0.668785
Russia,2070,fac-share-capital,share,0.0462853
Russia,2070,fac-share-energy,share,0.28493
Russia,2070,energy-service,million 1990$,887283.0
Russia,2070,total-factor-productivity,million 1990$,2.33663
Russia,2075,GDP,million 1990$,2068210.0
Russia,2075,energy-investment,million 1990$,147292.0
Russia,2075,consumer-durable,million 1990$,89595.7
Russia,2075,value-added,million 1990$,1325360.0
Russia,2075,gross-output,million 1990$,1862060.0
Russia,2075,savings,million 1990$,560827.0
Russia,2075,investment,million 1990$,560827.0
Russia,2075,capital-stock,million 1990$,5936720.0
Russia,2075,depreciation,million 1990$,175306.0
Russia,2075,energy-service-value,million 1990$,536701.0
Russia,2075,energy-net-export,million 1990$,206153.0
Russia,2075,materials-net-export,million 1990$,-206153.0
Russia,2075,capital-net-export,million 1990$,0.0
Russia,2075,labor-wages,million 1990$,1242920.0
Russia,2075,gdp-per-capita,thous 1990$ percap,15.6441
Russia,2075,gdp-per-capita-ppp,thous 1990$ percap,37.7343
Russia,2075,labor-force,thous pers,55529.5
Russia,2075,population,thous pers,132204.0
Russia,2075,savings-rate,rate annual,0.218278
Russia,2075,fac-share-labor,share,0.667499
Russia,2075,fac-share-capital,share,0.0442713
Russia,2075,fac-share-energy,share,0.28823
Russia,2075,energy-service,million 1990$,907124.0
Russia,2075,total-factor-productivity,million 1990$,2.52248
Russia,2080,GDP,million 1990$,2216030.0
Russia,2080,energy-investment,million 1990$,155216.0
Russia,2080,consumer-durable,million 1990$,93623.3
Russia,2080,value-added,million 1990$,1414150.0
Russia,2080,gross-output,million 1990$,2000690.0
Russia,2080,savings,million 1990$,603721.0
Russia,2080,investment,million 1990$,603721.0
Russia,2080,capital-stock,million 1990$,6725480.0
Russia,2080,depreciation,million 1990$,198192.0
Russia,2080,energy-service-value,million 1990$,586538.0
Russia,2080,energy-net-export,million 1990$,215341.0
Russia,2080,materials-net-export,million 1990$,-215341.0
Russia,2080,capital-net-export,million 1990$,0.0
Russia,2080,labor-wages,million 1990$,1330180.0
Russia,2080,gdp-per-capita,thous 1990$ percap,16.943
Russia,2080,gdp-per-capita-ppp,thous 1990$ percap,40.8674
Russia,2080,labor-force,thous pers,53346.3
Russia,2080,population,thous pers,130793.0
Russia,2080,savings-rate,rate annual,0.217859
Russia,2080,fac-share-labor,share,0.664863
Russia,2080,fac-share-capital,share,0.0419687
Russia,2080,fac-share-energy,share,0.293168
Russia,2080,energy-service,million 1990$,923425.0
Russia,2080,total-factor-productivity,million 1990$,2.75445
Russia,2085,GDP,million 1990$,2370900.0
Russia,2085,energy-investment,million 1990$,161939.0
Russia,2085,consumer-durable,million 1990$,96475.7
Russia,2085,value-added,million 1990$,1508130.0
Russia,2085,gross-output,million 1990$,2147820.0
Russia,2085,savings,million 1990$,645939.0
Russia,2085,investment,million 1990$,645939.0
Russia,2085,capital-stock,million 1990$,7532640.0
Russia,2085,depreciation,million 1990$,224523.0
Russia,2085,energy-service-value,million 1990$,639691.0
Russia,2085,energy-net-export,million 1990$,223078.0
Russia,2085,materials-net-export,million 1990$,-223078.0
Russia,2085,capital-net-export,million 1990$,0.0
Russia,2085,labor-wages,million 1990$,1422320.0
Russia,2085,gdp-per-capita,thous 1990$ percap,18.3198
Russia,2085,gdp-per-capita-ppp,thous 1990$ percap,44.1884
Russia,2085,labor-force,thous pers,51381.0
Russia,2085,population,thous pers,129417.0
Russia,2085,savings-rate,rate annual,0.217229
Russia,2085,fac-share-labor,share,0.662216
Russia,2085,fac-share-capital,share,0.0399517
Russia,2085,fac-share-energy,share,0.297833
Russia,2085,energy-service,million 1990$,938361.0
Russia,2085,total-factor-productivity,million 1990$,3.00327
Russia,2090,GDP,million 1990$,2536990.0
Russia,2090,energy-investment,million 1990$,161016.0
Russia,2090,consumer-durable,million 1990$,99075.2
Russia,2090,value-added,million 1990$,1614070.0
Russia,2090,gross-output,million 1990$,2307880.0
Russia,2090,savings,million 1990$,689588.0
Russia,2090,investment,million 1990$,689588.0
Russia,2090,capital-stock,million 1990$,8373140.0
Russia,2090,depreciation,million 1990$,251470.0
Russia,2090,energy-service-value,million 1990$,693812.0
Russia,2090,energy-net-export,million 1990$,229108.0
Russia,2090,materials-net-export,million 1990$,-229108.0
Russia,2090,capital-net-export,million 1990$,0.0
Russia,2090,labor-wages,million 1990$,1525440.0
Russia,2090,gdp-per-capita,thous 1990$ percap,19.8154
Russia,2090,gdp-per-capita-ppp,thous 1990$ percap,47.7958
Russia,2090,labor-force,thous pers,50372.9
Russia,2090,population,thous pers,128031.0
Russia,2090,savings-rate,rate annual,0.216721
Russia,2090,fac-share-labor,share,0.660971
Russia,2090,fac-share-capital,share,0.038402
Russia,2090,fac-share-energy,share,0.300627
Russia,2090,energy-service,million 1990$,951456.0
Russia,2090,total-factor-productivity,million 1990$,3.24268
Russia,2095,GDP,million 1990$,2713140.0
Russia,2095,energy-investment,million 1990$,160938.0
Russia,2095,consumer-durable,million 1990$,101653.0
Russia,2095,value-added,million 1990$,1729820.0
Russia,2095,gross-output,million 1990$,2480390.0
Russia,2095,savings,million 1990$,736610.0
Russia,2095,investment,million 1990$,736610.0
Russia,2095,capital-stock,million 1990$,9294480.0
Russia,2095,depreciation,million 1990$,279529.0
Russia,2095,energy-service-value,million 1990$,750576.0
Russia,2095,energy-net-export,million 1990$,232744.0
Russia,2095,materials-net-export,million 1990$,-232744.0
Russia,2095,capital-net-export,million 1990$,0.0
Russia,2095,labor-wages,million 1990$,1637960.0
Russia,2095,gdp-per-capita,thous 1990$ percap,21.4413
Russia,2095,gdp-per-capita-ppp,thous 1990$ percap,51.7175
Russia,2095,labor-force,thous pers,49696.8
Russia,2095,population,thous pers,126538.0
Russia,2095,savings-rate,rate annual,0.216328
Russia,2095,fac-share-labor,share,0.660363
Russia,2095,fac-share-capital,share,0.0370333
Russia,2095,fac-share-energy,share,0.302604
Russia,2095,energy-service,million 1990$,962577.0
Russia,2095,total-factor-productivity,million 1990$,3.49025
Russia,2100,GDP,million 1990$,2892310.0
Russia,2100,energy-investment,million 1990$,159994.0
Russia,2100,consumer-durable,million 1990$,103056.0
Russia,2100,value-added,million 1990$,1849810.0
Russia,2100,gross-output,million 1990$,2659610.0
Russia,2100,savings,million 1990$,786686.0
Russia,2100,investment,million 1990$,786686.0
Russia,2100,capital-stock,million 1990$,10294500.0
Russia,2100,depreciation,million 1990$,310287.0
Russia,2100,energy-service-value,million 1990$,809800.0
Russia,2100,energy-net-export,million 1990$,232694.0
Russia,2100,materials-net-export,million 1990$,-232694.0
Russia,2100,capital-net-export,million 1990$,0.0
Russia,2100,labor-wages,million 1990$,1754860.0
Russia,2100,gdp-per-capita,thous 1990$ percap,23.1806
Russia,2100,gdp-per-capita-ppp,thous 1990$ percap,55.9127
Russia,2100,labor-force,thous pers,48851.0
Russia,2100,population,thous pers,124773.0
Russia,2100,savings-rate,rate annual,0.215842
Russia,2100,fac-share-labor,share,0.659818
Russia,2100,fac-share-capital,share,0.0357013
Russia,2100,fac-share-energy,share,0.30448
Russia,2100,energy-service,million 1990$,969164.0
Russia,2100,total-factor-productivity,million 1990$,3.76324
South Africa,1975,GDP,million 1990$,76937.0
South Africa,1975,energy-investment,million 1990$,1843.51
South Africa,1975,consumer-durable,million 1990$,0.141933
South Africa,1975,value-added,million 1990$,67833.9
South Africa,1975,gross-output,million 1990$,76939.1
South Africa,1975,savings,million 1990$,19607.1
South Africa,1975,investment,million 1990$,19650.4
South Africa,1975,capital-stock,million 1990$,255736.0
South Africa,1975,depreciation,million 1990$,10819.2
South Africa,1975,energy-service-value,million 1990$,9105.25
South Africa,1975,energy-net-export,million 1990$,-2.129
South Africa,1975,materials-net-export,million 1990$,-41.1562
South Africa,1975,capital-net-export,million 1990$,43.2852
South Africa,1975,labor-wages,million 1990$,46405.7
South Africa,1975,gdp-per-capita,thous 1990$ percap,2.9846
South Africa,1975,gdp-per-capita-ppp,thous 1990$ percap,6.19618
South Africa,1975,labor-force,thous pers,7922.95
South Africa,1975,population,thous pers,25778.0
South Africa,1975,savings-rate,rate annual,0.254846
South Africa,1975,fac-share-labor,share,0.603148
South Africa,1975,fac-share-capital,share,0.278509
South Africa,1975,fac-share-energy,share,0.118344
South Africa,1975,energy-service,million 1990$,2.129
South Africa,1975,total-factor-productivity,million 1990$,0.0
South Africa,1990,GDP,million 1990$,104082.0
South Africa,1990,energy-investment,million 1990$,1361.3
South Africa,1990,consumer-durable,million 1990$,2477.93
South Africa,1990,value-added,million 1990$,89182.1
South Africa,1990,gross-output,million 1990$,104793.0
South Africa,1990,savings,million 1990$,19607.2
South Africa,1990,investment,million 1990$,12727.8
South Africa,1990,capital-stock,million 1990$,397834.0
South Africa,1990,depreciation,million 1990$,10819.2
South Africa,1990,energy-service-value,million 1990$,15610.4
South Africa,1990,energy-net-export,million 1990$,-710.507
South Africa,1990,materials-net-export,million 1990$,7589.93
South Africa,1990,capital-net-export,million 1990$,-6879.42
South Africa,1990,labor-wages,million 1990$,62779.0
South Africa,1990,gdp-per-capita,thous 1990$ percap,2.61001
South Africa,1990,gdp-per-capita-ppp,thous 1990$ percap,5.41851
South Africa,1990,labor-force,thous pers,11618.9
South Africa,1990,population,thous pers,39878.0
South Africa,1990,savings-rate,rate annual,0.205508
South Africa,1990,fac-share-labor,share,0.59908
South Africa,1990,fac-share-capital,share,0.251956
South Africa,1990,fac-share-energy,share,0.148964
South Africa,1990,energy-service,million 1990$,61380.3
South Africa,1990,total-factor-productivity,million 1990$,0.0
South Africa,2005,GDP,million 1990$,162940.0
South Africa,2005,energy-investment,million 1990$,3245.82
South Africa,2005,consumer-durable,million 1990$,3527.64
South Africa,2005,value-added,million 1990$,155554.0
South Africa,2005,gross-output,million 1990$,164560.0
South Africa,2005,savings,million 1990$,23867.6
South Africa,2005,investment,million 1990$,16992.4
South Africa,2005,capital-stock,million 1990$,519018.0
South Africa,2005,depreciation,million 1990$,16594.0
South Africa,2005,energy-service-value,million 1990$,9006.59
South Africa,2005,energy-net-export,million 1990$,-1620.11
South Africa,2005,materials-net-export,million 1990$,8495.37
South Africa,2005,capital-net-export,million 1990$,-6875.26
South Africa,2005,labor-wages,million 1990$,84447.3
South Africa,2005,gdp-per-capita,thous 1990$ percap,3.32415
South Africa,2005,gdp-per-capita-ppp,thous 1990$ percap,6.90111
South Africa,2005,labor-force,thous pers,14311.6
South Africa,2005,population,thous pers,49017.0
South Africa,2005,savings-rate,rate annual,0.244205
South Africa,2005,fac-share-labor,share,0.51317
South Africa,2005,fac-share-capital,share,0.432099
South Africa,2005,fac-share-energy,share,0.0547313
South Africa,2005,energy-service,million 1990$,89908.3
South Africa,2005,total-factor-productivity,million 1990$,0.0
South Africa,2010,GDP,million 1990$,189801.0
South Africa,2010,energy-investment,million 1990$,2623.45
South Africa,2010,consumer-durable,million 1990$,5148.06
South Africa,2010,value-added,million 1990$,172017.0
South Africa,2010,gross-output,million 1990$,196397.0
South Africa,2010,savings,million 1990$,43318.4
South Africa,2010,investment,million 1990$,40578.0
South Africa,2010,capital-stock,million 1990$,639002.0
South Africa,2010,depreciation,million 1990$,23725.9
South Africa,2010,energy-service-value,million 1990$,24380.1
South Africa,2010,energy-net-export,million 1990$,-6595.73
South Africa,2010,materials-net-export,million 1990$,9336.14
South Africa,2010,capital-net-export,million 1990$,-2740.41
South Africa,2010,labor-wages,million 1990$,100271.0
South Africa,2010,gdp-per-capita,thous 1990$ percap,3.66517
South Africa,2010,gdp-per-capita-ppp,thous 1990$ percap,7.60908
South Africa,2010,labor-force,thous pers,14818.4
South Africa,2010,population,thous pers,51785.0
South Africa,2010,savings-rate,rate annual,0.226686
South Africa,2010,fac-share-labor,share,0.510556
South Africa,2010,fac-share-capital,share,0.365308
South Africa,2010,fac-share-energy,share,0.124137
South Africa,2010,energy-service,million 1990$,102953.0
South Africa,2010,total-factor-productivity,million 1990$,0.0
South Africa,2015,GDP,million 1990$,211151.0
South Africa,2015,energy-investment,million 1990$,3397.81
South Africa,2015,consumer-durable,million 1990$,6497.68
South Africa,2015,value-added,million 1990$,190997.0
South Africa,2015,gross-output,million 1990$,221316.0
South Africa,2015,savings,million 1990$,48173.3
South Africa,2015,investment,million 1990$,50151.3
South Africa,2015,capital-stock,million 1990$,730308.0
South Africa,2015,depreciation,million 1990$,31734.1
South Africa,2015,energy-service-value,million 1990$,30318.7
South Africa,2015,energy-net-export,million 1990$,-10164.9
South Africa,2015,materials-net-export,million 1990$,8186.82
South Africa,2015,capital-net-export,million 1990$,1978.04
South Africa,2015,labor-wages,million 1990$,118170.0
South Africa,2015,gdp-per-capita,thous 1990$ percap,3.77885
South Africa,2015,gdp-per-capita-ppp,thous 1990$ percap,7.84509
South Africa,2015,labor-force,thous pers,17716.2
South Africa,2015,population,thous pers,55877.0
South Africa,2015,savings-rate,rate annual,0.222607
South Africa,2015,fac-share-labor,share,0.533943
South Africa,2015,fac-share-capital,share,0.329064
South Africa,2015,fac-share-energy,share,0.136993
South Africa,2015,energy-service,million 1990$,111775.0
South Africa,2015,total-factor-productivity,million 1990$,0.0
South Africa,2021,GDP,million 1990$,209950.0
South Africa,2021,energy-investment,million 1990$,3125.27
South Africa,2021,consumer-durable,million 1990$,3951.76
South Africa,2021,value-added,million 1990$,193604.0
South Africa,2021,gross-output,million 1990$,214540.0
South Africa,2021,savings,million 1990$,53501.4
South Africa,2021,investment,million 1990$,54086.5
South Africa,2021,capital-stock,million 1990$,743963.0
South Africa,2021,depreciation,million 1990$,38294.4
South Africa,2021,energy-service-value,million 1990$,20935.8
South Africa,2021,energy-net-export,million 1990$,-4589.59
South Africa,2021,materials-net-export,million 1990$,4004.48
South Africa,2021,capital-net-export,million 1990$,585.107
South Africa,2021,labor-wages,million 1990$,119375.0
South Africa,2021,gdp-per-capita,thous 1990$ percap,3.53499
South Africa,2021,gdp-per-capita-ppp,thous 1990$ percap,7.33881
South Africa,2021,labor-force,thous pers,18931.8
South Africa,2021,population,thous pers,59392.0
South Africa,2021,savings-rate,rate annual,0.211801
South Africa,2021,fac-share-labor,share,0.556422
South Africa,2021,fac-share-capital,share,0.345993
South Africa,2021,fac-share-energy,share,0.0975848
South Africa,2021,energy-service,million 1990$,98600.1
South Africa,2021,total-factor-productivity,million 1990$,0.0
South Africa,2025,GDP,million 1990$,226253.0
South Africa,2025,energy-investment,million 1990$,20158.2
South Africa,2025,consumer-durable,million 1990$,3363.87
South Africa,2025,value-added,million 1990$,207980.0
South Africa,2025,gross-output,million 1990$,230863.0
South Africa,2025,savings,million 1990$,48419.4
South Africa,2025,investment,million 1990$,48837.3
South Africa,2025,capital-stock,million 1990$,754312.0
South Africa,2025,depreciation,million 1990$,38960.6
South Africa,2025,energy-service-value,million 1990$,22882.9
South Africa,2025,energy-net-export,million 1990$,-4609.78
South Africa,2025,materials-net-export,million 1990$,4191.85
South Africa,2025,capital-net-export,million 1990$,417.934
South Africa,2025,labor-wages,million 1990$,127767.0
South Africa,2025,gdp-per-capita,thous 1990$ percap,3.69103
South Africa,2025,gdp-per-capita-ppp,thous 1990$ percap,7.66277
South Africa,2025,labor-force,thous pers,19818.2
South Africa,2025,population,thous pers,61298.0
South Africa,2025,savings-rate,rate annual,0.206466
South Africa,2025,fac-share-labor,share,0.553433
South Africa,2025,fac-share-capital,share,0.347448
South Africa,2025,fac-share-energy,share,0.0991192
South Africa,2025,energy-service,million 1990$,105547.0
South Africa,2025,total-factor-productivity,million 1990$,1.03712
South Africa,2030,GDP,million 1990$,245321.0
South Africa,2030,energy-investment,million 1990$,23060.1
South Africa,2030,consumer-durable,million 1990$,4452.99
South Africa,2030,value-added,million 1990$,223474.0
South Africa,2030,gross-output,million 1990$,248800.0
South Africa,2030,savings,million 1990$,50972.2
South Africa,2030,investment,million 1990$,51181.2
South Africa,2030,capital-stock,million 1990$,700981.0
South Africa,2030,depreciation,million 1990$,39502.6
South Africa,2030,energy-service-value,million 1990$,25325.9
South Africa,2030,energy-net-export,million 1990$,-3478.98
South Africa,2030,materials-net-export,million 1990$,3270.01
South Africa,2030,capital-net-export,million 1990$,208.967
South Africa,2030,labor-wages,million 1990$,135237.0
South Africa,2030,gdp-per-capita,thous 1990$ percap,3.84733
South Africa,2030,gdp-per-capita-ppp,thous 1990$ percap,7.98724
South Africa,2030,labor-force,thous pers,20941.1
South Africa,2030,population,thous pers,63764.0
South Africa,2030,savings-rate,rate annual,0.201446
South Africa,2030,fac-share-labor,share,0.543555
South Africa,2030,fac-share-capital,share,0.354653
South Africa,2030,fac-share-energy,share,0.101792
South Africa,2030,energy-service,million 1990$,112539.0
South Africa,2030,total-factor-productivity,million 1990$,1.10555
South Africa,2035,GDP,million 1990$,280406.0
South Africa,2035,energy-investment,million 1990$,28082.1
South Africa,2035,consumer-durable,million 1990$,7349.78
South Africa,2035,value-added,million 1990$,253296.0
South Africa,2035,gross-output,million 1990$,283294.0
South Africa,2035,savings,million 1990$,54036.6
South Africa,2035,investment,million 1990$,54036.6
South Africa,2035,capital-stock,million 1990$,655112.0
South Africa,2035,depreciation,million 1990$,36709.7
South Africa,2035,energy-service-value,million 1990$,29998.4
South Africa,2035,energy-net-export,million 1990$,-2888.05
South Africa,2035,materials-net-export,million 1990$,2888.05
South Africa,2035,capital-net-export,million 1990$,0.0
South Africa,2035,labor-wages,million 1990$,151329.0
South Africa,2035,gdp-per-capita,thous 1990$ percap,4.26434
South Africa,2035,gdp-per-capita-ppp,thous 1990$ percap,8.85298
South Africa,2035,labor-force,thous pers,21787.3
South Africa,2035,population,thous pers,65756.0
South Africa,2035,savings-rate,rate annual,0.2065
South Africa,2035,fac-share-labor,share,0.534176
South Africa,2035,fac-share-capital,share,0.359933
South Africa,2035,fac-share-energy,share,0.105892
South Africa,2035,energy-service,million 1990$,122518.0
South Africa,2035,total-factor-productivity,million 1990$,1.25131
South Africa,2040,GDP,million 1990$,328420.0
South Africa,2040,energy-investment,million 1990$,37878.6
South Africa,2040,consumer-durable,million 1990$,7890.96
South Africa,2040,value-added,million 1990$,294304.0
South Africa,2040,gross-output,million 1990$,330773.0
South Africa,2040,savings,million 1990$,63181.8
South Africa,2040,investment,million 1990$,63181.8
South Africa,2040,capital-stock,million 1990$,625583.0
South Africa,2040,depreciation,million 1990$,34307.6
South Africa,2040,energy-service-value,million 1990$,36469.3
South Africa,2040,energy-net-export,million 1990$,-2352.97
South Africa,2040,materials-net-export,million 1990$,2352.97
South Africa,2040,capital-net-export,million 1990$,0.0
South Africa,2040,labor-wages,million 1990$,174128.0
South Africa,2040,gdp-per-capita,thous 1990$ percap,4.8803
South Africa,2040,gdp-per-capita-ppp,thous 1990$ percap,10.1318
South Africa,2040,labor-force,thous pers,22536.0
South Africa,2040,population,thous pers,67295.0
South Africa,2040,savings-rate,rate annual,0.216214
South Africa,2040,fac-share-labor,share,0.526427
South Africa,2040,fac-share-capital,share,0.363318
South Africa,2040,fac-share-energy,share,0.110255
South Africa,2040,energy-service,million 1990$,134314.0
South Africa,2040,total-factor-productivity,million 1990$,1.4448
South Africa,2045,GDP,million 1990$,387333.0
South Africa,2045,energy-investment,million 1990$,37514.9
South Africa,2045,consumer-durable,million 1990$,9040.44
South Africa,2045,value-added,million 1990$,344705.0
South Africa,2045,gross-output,million 1990$,389256.0
South Africa,2045,savings,million 1990$,77190.5
South Africa,2045,investment,million 1990$,77190.5
South Africa,2045,capital-stock,million 1990$,619548.0
South Africa,2045,depreciation,million 1990$,32761.1
South Africa,2045,energy-service-value,million 1990$,44550.4
South Africa,2045,energy-net-export,million 1990$,-1922.71
South Africa,2045,materials-net-export,million 1990$,1922.71
South Africa,2045,capital-net-export,million 1990$,0.0
South Africa,2045,labor-wages,million 1990$,203077.0
South Africa,2045,gdp-per-capita,thous 1990$ percap,5.66409
South Africa,2045,gdp-per-capita-ppp,thous 1990$ percap,11.7589
South Africa,2045,labor-force,thous pers,23110.4
South Africa,2045,population,thous pers,68384.0
South Africa,2045,savings-rate,rate annual,0.227212
South Africa,2045,fac-share-labor,share,0.521705
South Africa,2045,fac-share-capital,share,0.363845
South Africa,2045,fac-share-energy,share,0.11445
South Africa,2045,energy-service,million 1990$,147705.0
South Africa,2045,total-factor-productivity,million 1990$,1.66601
South Africa,2050,GDP,million 1990$,454746.0
South Africa,2050,energy-investment,million 1990$,38945.4
South Africa,2050,consumer-durable,million 1990$,8612.3
South Africa,2050,value-added,million 1990$,402964.0
South Africa,2050,gross-output,million 1990$,456111.0
South Africa,2050,savings,million 1990$,95297.4
South Africa,2050,investment,million 1990$,95297.4
South Africa,2050,capital-stock,million 1990$,692934.0
South Africa,2050,depreciation,million 1990$,32445.1
South Africa,2050,energy-service-value,million 1990$,53147.7
South Africa,2050,energy-net-export,million 1990$,-1365.25
South Africa,2050,materials-net-export,million 1990$,1365.25
South Africa,2050,capital-net-export,million 1990$,0.0
South Africa,2050,labor-wages,million 1990$,240649.0
South Africa,2050,gdp-per-capita,thous 1990$ percap,6.5954
South Africa,2050,gdp-per-capita-ppp,thous 1990$ percap,13.6924
South Africa,2050,labor-force,thous pers,23122.4
South Africa,2050,population,thous pers,68949.0
South Africa,2050,savings-rate,rate annual,0.237578
South Africa,2050,fac-share-labor,share,0.52761
South Africa,2050,fac-share-capital,share,0.355866
South Africa,2050,fac-share-energy,share,0.116524
South Africa,2050,energy-service,million 1990$,161042.0
South Africa,2050,total-factor-productivity,million 1990$,1.85594
South Africa,2055,GDP,million 1990$,530217.0
South Africa,2055,energy-investment,million 1990$,38962.3
South Africa,2055,consumer-durable,million 1990$,10585.1
South Africa,2055,value-added,million 1990$,469589.0
South Africa,2055,gross-output,million 1990$,531726.0
South Africa,2055,savings,million 1990$,116597.0
South Africa,2055,investment,million 1990$,116597.0
South Africa,2055,capital-stock,million 1990$,840413.0
South Africa,2055,depreciation,million 1990$,36288.2
South Africa,2055,energy-service-value,million 1990$,62137.0
South Africa,2055,energy-net-export,million 1990$,-1508.8
South Africa,2055,materials-net-export,million 1990$,1508.8
South Africa,2055,capital-net-export,million 1990$,0.0
South Africa,2055,labor-wages,million 1990$,287449.0
South Africa,2055,gdp-per-capita,thous 1990$ percap,7.67318
South Africa,2055,gdp-per-capita-ppp,thous 1990$ percap,15.9299
South Africa,2055,labor-force,thous pers,22772.3
South Africa,2055,population,thous pers,69100.0
South Africa,2055,savings-rate,rate annual,0.246681
South Africa,2055,fac-share-labor,share,0.540596
South Africa,2055,fac-share-capital,share,0.342545
South Africa,2055,fac-share-energy,share,0.116859
South Africa,2055,energy-service,million 1990$,173335.0
South Africa,2055,total-factor-productivity,million 1990$,2.02177
South Africa,2060,GDP,million 1990$,613378.0
South Africa,2060,energy-investment,million 1990$,42779.4
South Africa,2060,consumer-durable,million 1990$,11521.7
South Africa,2060,value-added,million 1990$,543372.0
South Africa,2060,gross-output,million 1990$,614973.0
South Africa,2060,savings,million 1990$,140775.0
South Africa,2060,investment,million 1990$,140775.0
South Africa,2060,capital-stock,million 1990$,1053030.0
South Africa,2060,depreciation,million 1990$,44011.6
South Africa,2060,energy-service-value,million 1990$,71600.5
South Africa,2060,energy-net-export,million 1990$,-1594.59
South Africa,2060,materials-net-export,million 1990$,1594.59
South Africa,2060,capital-net-export,million 1990$,0.0
South Africa,2060,labor-wages,million 1990$,341819.0
South Africa,2060,gdp-per-capita,thous 1990$ percap,8.90476
South Africa,2060,gdp-per-capita-ppp,thous 1990$ percap,18.4867
South Africa,2060,labor-force,thous pers,22448.1
South Africa,2060,population,thous pers,68882.0
South Africa,2060,savings-rate,rate annual,0.254384
South Africa,2060,fac-share-labor,share,0.555828
South Africa,2060,fac-share-capital,share,0.327743
South Africa,2060,fac-share-energy,share,0.116429
South Africa,2060,energy-service,million 1990$,185590.0
South Africa,2060,total-factor-productivity,million 1990$,2.16784
South Africa,2065,GDP,million 1990$,703161.0
South Africa,2065,energy-investment,million 1990$,44655.5
South Africa,2065,consumer-durable,million 1990$,12134.6
South Africa,2065,value-added,million 1990$,623725.0
South Africa,2065,gross-output,million 1990$,705289.0
South Africa,2065,savings,million 1990$,167579.0
South Africa,2065,investment,million 1990$,167579.0
South Africa,2065,capital-stock,million 1990$,1314790.0
South Africa,2065,depreciation,million 1990$,55145.9
South Africa,2065,energy-service-value,million 1990$,81563.5
South Africa,2065,energy-net-export,million 1990$,-2127.8
South Africa,2065,materials-net-export,million 1990$,2127.8
South Africa,2065,capital-net-export,million 1990$,0.0
South Africa,2065,labor-wages,million 1990$,402392.0
South Africa,2065,gdp-per-capita,thous 1990$ percap,10.2864
South Africa,2065,gdp-per-capita-ppp,thous 1990$ percap,21.3552
South Africa,2065,labor-force,thous pers,22230.2
South Africa,2065,population,thous pers,68358.0
South Africa,2065,savings-rate,rate annual,0.260485
South Africa,2065,fac-share-labor,share,0.570535
South Africa,2065,fac-share-capital,share,0.313819
South Africa,2065,fac-share-energy,share,0.115646
South Africa,2065,energy-service,million 1990$,196884.0
South Africa,2065,total-factor-productivity,million 1990$,2.31217
South Africa,2070,GDP,million 1990$,798278.0
South Africa,2070,energy-investment,million 1990$,45742.0
South Africa,2070,consumer-durable,million 1990$,13108.1
South Africa,2070,value-added,million 1990$,709277.0
South Africa,2070,gross-output,million 1990$,801090.0
South Africa,2070,savings,million 1990$,196398.0
South Africa,2070,investment,million 1990$,196398.0
South Africa,2070,capital-stock,million 1990$,1633400.0
South Africa,2070,depreciation,million 1990$,68854.4
South Africa,2070,energy-service-value,million 1990$,91812.9
South Africa,2070,energy-net-export,million 1990$,-2811.71
South Africa,2070,materials-net-export,million 1990$,2811.71
South Africa,2070,capital-net-export,million 1990$,0.0
South Africa,2070,labor-wages,million 1990$,468496.0
South Africa,2070,gdp-per-capita,thous 1990$ percap,11.8183
South Africa,2070,gdp-per-capita-ppp,thous 1990$ percap,24.5354
South Africa,2070,labor-force,thous pers,22024.5
South Africa,2070,population,thous pers,67546.0
South Africa,2070,savings-rate,rate annual,0.265028
South Africa,2070,fac-share-labor,share,0.584824
South Africa,2070,fac-share-capital,share,0.300566
South Africa,2070,fac-share-energy,share,0.11461
South Africa,2070,energy-service,million 1990$,206756.0
South Africa,2070,total-factor-productivity,million 1990$,2.45626
South Africa,2075,GDP,million 1990$,897668.0
South Africa,2075,energy-investment,million 1990$,45980.3
South Africa,2075,consumer-durable,million 1990$,13542.9
South Africa,2075,value-added,million 1990$,798238.0
South Africa,2075,gross-output,million 1990$,901124.0
South Africa,2075,savings,million 1990$,226592.0
South Africa,2075,investment,million 1990$,226592.0
South Africa,2075,capital-stock,million 1990$,2003560.0
South Africa,2075,depreciation,million 1990$,85539.5
South Africa,2075,energy-service-value,million 1990$,102886.0
South Africa,2075,energy-net-export,million 1990$,-3455.96
South Africa,2075,materials-net-export,million 1990$,3455.96
South Africa,2075,capital-net-export,million 1990$,0.0
South Africa,2075,labor-wages,million 1990$,539456.0
South Africa,2075,gdp-per-capita,thous 1990$ percap,13.4988
South Africa,2075,gdp-per-capita-ppp,thous 1990$ percap,28.0241
South Africa,2075,labor-force,thous pers,21469.7
South Africa,2075,population,thous pers,66500.0
South Africa,2075,savings-rate,rate annual,0.268111
South Africa,2075,fac-share-labor,share,0.598648
South Africa,2075,fac-share-capital,share,0.287177
South Africa,2075,fac-share-energy,share,0.114175
South Africa,2075,energy-service,million 1990$,215656.0
South Africa,2075,total-factor-productivity,million 1990$,2.6289
South Africa,2080,GDP,million 1990$,1001110.0
South Africa,2080,energy-investment,million 1990$,47385.5
South Africa,2080,consumer-durable,million 1990$,14106.5
South Africa,2080,value-added,million 1990$,890500.0
South Africa,2080,gross-output,million 1990$,1005190.0
South Africa,2080,savings,million 1990$,257571.0
South Africa,2080,investment,million 1990$,257571.0
South Africa,2080,capital-stock,million 1990$,2422900.0
South Africa,2080,depreciation,million 1990$,104924.0
South Africa,2080,energy-service-value,million 1990$,114691.0
South Africa,2080,energy-net-export,million 1990$,-4085.54
South Africa,2080,materials-net-export,million 1990$,4085.54
South Africa,2080,capital-net-export,million 1990$,0.0
South Africa,2080,labor-wages,million 1990$,614750.0
South Africa,2080,gdp-per-capita,thous 1990$ percap,15.3454
South Africa,2080,gdp-per-capita-ppp,thous 1990$ percap,31.8579
South Africa,2080,labor-force,thous pers,20756.6
South Africa,2080,population,thous pers,65238.0
South Africa,2080,savings-rate,rate annual,0.270084
South Africa,2080,fac-share-labor,share,0.611575
South Africa,2080,fac-share-capital,share,0.274326
South Africa,2080,fac-share-energy,share,0.114099
South Africa,2080,energy-service,million 1990$,223480.0
South Africa,2080,total-factor-productivity,million 1990$,2.82604
South Africa,2085,GDP,million 1990$,1108780.0
South Africa,2085,energy-investment,million 1990$,48558.0
South Africa,2085,consumer-durable,million 1990$,14444.0
South Africa,2085,value-added,million 1990$,986352.0
South Africa,2085,gross-output,million 1990$,1113770.0
South Africa,2085,savings,million 1990$,289226.0
South Africa,2085,investment,million 1990$,289226.0
South Africa,2085,capital-stock,million 1990$,2877030.0
South Africa,2085,depreciation,million 1990$,126885.0
South Africa,2085,energy-service-value,million 1990$,127421.0
South Africa,2085,energy-net-export,million 1990$,-4992.92
South Africa,2085,materials-net-export,million 1990$,4992.92
South Africa,2085,capital-net-export,million 1990$,0.0
South Africa,2085,labor-wages,million 1990$,694061.0
South Africa,2085,gdp-per-capita,thous 1990$ percap,17.3599
South Africa,2085,gdp-per-capita-ppp,thous 1990$ percap,36.0401
South Africa,2085,labor-force,thous pers,19972.3
South Africa,2085,population,thous pers,63870.0
South Africa,2085,savings-rate,rate annual,0.271047
South Africa,2085,fac-share-labor,share,0.623162
South Africa,2085,fac-share-capital,share,0.262433
South Africa,2085,fac-share-energy,share,0.114405
South Africa,2085,energy-service,million 1990$,230575.0
South Africa,2085,total-factor-productivity,million 1990$,3.05128
South Africa,2090,GDP,million 1990$,1220160.0
South Africa,2090,energy-investment,million 1990$,50564.3
South Africa,2090,consumer-durable,million 1990$,14657.8
South Africa,2090,value-added,million 1990$,1085060.0
South Africa,2090,gross-output,million 1990$,1225830.0
South Africa,2090,savings,million 1990$,321402.0
South Africa,2090,investment,million 1990$,321402.0
South Africa,2090,capital-stock,million 1990$,3362150.0
South Africa,2090,depreciation,million 1990$,150667.0
South Africa,2090,energy-service-value,million 1990$,140763.0
South Africa,2090,energy-net-export,million 1990$,-5672.2
South Africa,2090,materials-net-export,million 1990$,5672.2
South Africa,2090,capital-net-export,million 1990$,0.0
South Africa,2090,labor-wages,million 1990$,776415.0
South Africa,2090,gdp-per-capita,thous 1990$ percap,19.5494
South Africa,2090,gdp-per-capita-ppp,thous 1990$ percap,40.5855
South Africa,2090,labor-force,thous pers,19258.3
South Africa,2090,population,thous pers,62414.0
South Africa,2090,savings-rate,rate annual,0.271162
South Africa,2090,fac-share-labor,share,0.63338
South Africa,2090,fac-share-capital,share,0.251789
South Africa,2090,fac-share-energy,share,0.114831
South Africa,2090,energy-service,million 1990$,237076.0
South Africa,2090,total-factor-productivity,million 1990$,3.29054
South Africa,2095,GDP,million 1990$,1333770.0
South Africa,2095,energy-investment,million 1990$,51704.2
South Africa,2095,consumer-durable,million 1990$,14787.1
South Africa,2095,value-added,million 1990$,1185490.0
South Africa,2095,gross-output,million 1990$,1340190.0
South Africa,2095,savings,million 1990$,353826.0
South Africa,2095,investment,million 1990$,353826.0
South Africa,2095,capital-stock,million 1990$,3868880.0
South Africa,2095,depreciation,million 1990$,176072.0
South Africa,2095,energy-service-value,million 1990$,154699.0
South Africa,2095,energy-net-export,million 1990$,-6412.19
South Africa,2095,materials-net-export,million 1990$,6412.19
South Africa,2095,capital-net-export,million 1990$,0.0
South Africa,2095,labor-wages,million 1990$,860972.0
South Africa,2095,gdp-per-capita,thous 1990$ percap,21.9104
South Africa,2095,gdp-per-capita-ppp,thous 1990$ percap,45.4871
South Africa,2095,labor-force,thous pers,18556.5
South Africa,2095,population,thous pers,60874.0
South Africa,2095,savings-rate,rate annual,0.270492
South Africa,2095,fac-share-labor,share,0.642428
South Africa,2095,fac-share-capital,share,0.242141
South Africa,2095,fac-share-energy,share,0.115431
South Africa,2095,energy-service,million 1990$,242882.0
South Africa,2095,total-factor-productivity,million 1990$,3.5483
South Africa,2100,GDP,million 1990$,1448630.0
South Africa,2100,energy-investment,million 1990$,52542.6
South Africa,2100,consumer-durable,million 1990$,14730.4
South Africa,2100,value-added,million 1990$,1286830.0
South Africa,2100,gross-output,million 1990$,1455820.0
South Africa,2100,savings,million 1990$,385880.0
South Africa,2100,investment,million 1990$,385880.0
South Africa,2100,capital-stock,million 1990$,4394740.0
South Africa,2100,depreciation,million 1990$,202609.0
South Africa,2100,energy-service-value,million 1990$,168992.0
South Africa,2100,energy-net-export,million 1990$,-7190.65
South Africa,2100,materials-net-export,million 1990$,7190.65
South Africa,2100,capital-net-export,million 1990$,0.0
South Africa,2100,labor-wages,million 1990$,947126.0
South Africa,2100,gdp-per-capita,thous 1990$ percap,24.4441
South Africa,2100,gdp-per-capita-ppp,thous 1990$ percap,50.7471
South Africa,2100,labor-force,thous pers,17864.7
South Africa,2100,population,thous pers,59263.0
South Africa,2100,savings-rate,rate annual,0.269154
South Africa,2100,fac-share-labor,share,0.650579
South Africa,2100,fac-share-capital,share,0.23334
South Africa,2100,fac-share-energy,share,0.116081
South Africa,2100,energy-service,million 1990$,247583.0
South Africa,2100,total-factor-productivity,million 1990$,3.82394
South America_Northern,1975,GDP,million 1990$,104925.0
South America_Northern,1975,energy-investment,million 1990$,13634.8
South America_Northern,1975,consumer-durable,million 1990$,0.141933
South America_Northern,1975,value-added,million 1990$,64077.1
South America_Northern,1975,gross-output,million 1990$,104927.0
South America_Northern,1975,savings,million 1990$,61018.4
South America_Northern,1975,investment,million 1990$,28009.6
South America_Northern,1975,capital-stock,million 1990$,198309.0
South America_Northern,1975,depreciation,million 1990$,6886.86
South America_Northern,1975,energy-service-value,million 1990$,40850.1
South America_Northern,1975,energy-net-export,million 1990$,-2.129
South America_Northern,1975,materials-net-export,million 1990$,33011.0
South America_Northern,1975,capital-net-export,million 1990$,-33008.8
South America_Northern,1975,labor-wages,million 1990$,44403.6
South America_Northern,1975,gdp-per-capita,thous 1990$ percap,7.30269
South America_Northern,1975,gdp-per-capita-ppp,thous 1990$ percap,2.82424
South America_Northern,1975,labor-force,thous pers,4229.16
South America_Northern,1975,population,thous pers,14368.0
South America_Northern,1975,savings-rate,rate annual,0.581543
South America_Northern,1975,fac-share-labor,share,0.423186
South America_Northern,1975,fac-share-capital,share,0.187496
South America_Northern,1975,fac-share-energy,share,0.389318
South America_Northern,1975,energy-service,million 1990$,2.129
South America_Northern,1975,total-factor-productivity,million 1990$,0.0
South America_Northern,1990,GDP,million 1990$,132778.0
South America_Northern,1990,energy-investment,million 1990$,3285.42
South America_Northern,1990,consumer-durable,million 1990$,5994.57
South America_Northern,1990,value-added,million 1990$,75820.4
South America_Northern,1990,gross-output,million 1990$,118434.0
South America_Northern,1990,savings,million 1990$,61018.5
South America_Northern,1990,investment,million 1990$,25989.5
South America_Northern,1990,capital-stock,million 1990$,366625.0
South America_Northern,1990,depreciation,million 1990$,6886.86
South America_Northern,1990,energy-service-value,million 1990$,42613.5
South America_Northern,1990,energy-net-export,million 1990$,14344.1
South America_Northern,1990,materials-net-export,million 1990$,20685.0
South America_Northern,1990,capital-net-export,million 1990$,-35029.1
South America_Northern,1990,labor-wages,million 1990$,56187.7
South America_Northern,1990,gdp-per-capita,thous 1990$ percap,6.31554
South America_Northern,1990,gdp-per-capita-ppp,thous 1990$ percap,2.44247
South America_Northern,1990,labor-force,thous pers,6899.24
South America_Northern,1990,population,thous pers,21024.0
South America_Northern,1990,savings-rate,rate annual,0.314672
South America_Northern,1990,fac-share-labor,share,0.474422
South America_Northern,1990,fac-share-capital,share,0.16577
South America_Northern,1990,fac-share-energy,share,0.359808
South America_Northern,1990,energy-service,million 1990$,63216.1
South America_Northern,1990,total-factor-productivity,million 1990$,0.0
South America_Northern,2005,GDP,million 1990$,184444.0
South America_Northern,2005,energy-investment,million 1990$,13327.3
South America_Northern,2005,consumer-durable,million 1990$,8948.04
South America_Northern,2005,value-added,million 1990$,105619.0
South America_Northern,2005,gross-output,million 1990$,155802.0
South America_Northern,2005,savings,million 1990$,47776.1
South America_Northern,2005,investment,million 1990$,6106.8
South America_Northern,2005,capital-stock,million 1990$,471058.0
South America_Northern,2005,depreciation,million 1990$,12501.6
South America_Northern,2005,energy-service-value,million 1990$,50182.9
South America_Northern,2005,energy-net-export,million 1990$,28642.2
South America_Northern,2005,materials-net-export,million 1990$,13027.0
South America_Northern,2005,capital-net-export,million 1990$,-41669.3
South America_Northern,2005,labor-wages,million 1990$,65653.1
South America_Northern,2005,gdp-per-capita,thous 1990$ percap,6.55312
South America_Northern,2005,gdp-per-capita-ppp,thous 1990$ percap,2.53435
South America_Northern,2005,labor-force,thous pers,11462.7
South America_Northern,2005,population,thous pers,28146.0
South America_Northern,2005,savings-rate,rate annual,0.386197
South America_Northern,2005,fac-share-labor,share,0.421388
South America_Northern,2005,fac-share-capital,share,0.256517
South America_Northern,2005,fac-share-energy,share,0.322095
South America_Northern,2005,energy-service,million 1990$,95552.8
South America_Northern,2005,total-factor-productivity,million 1990$,0.0
South America_Northern,2010,GDP,million 1990$,200403.0
South America_Northern,2010,energy-investment,million 1990$,15566.5
South America_Northern,2010,consumer-durable,million 1990$,14676.3
South America_Northern,2010,value-added,million 1990$,135295.0
South America_Northern,2010,gross-output,million 1990$,152740.0
South America_Northern,2010,savings,million 1990$,80179.8
South America_Northern,2010,investment,million 1990$,66244.3
South America_Northern,2010,capital-stock,million 1990$,558028.0
South America_Northern,2010,depreciation,million 1990$,15539.3
South America_Northern,2010,energy-service-value,million 1990$,17444.5
South America_Northern,2010,energy-net-export,million 1990$,47663.2
South America_Northern,2010,materials-net-export,million 1990$,-33727.7
South America_Northern,2010,capital-net-export,million 1990$,-13935.5
South America_Northern,2010,labor-wages,million 1990$,74027.7
South America_Northern,2010,gdp-per-capita,thous 1990$ percap,6.62774
South America_Northern,2010,gdp-per-capita-ppp,thous 1990$ percap,2.56321
South America_Northern,2010,labor-force,thous pers,13029.9
South America_Northern,2010,population,thous pers,30237.0
South America_Northern,2010,savings-rate,rate annual,0.27051
South America_Northern,2010,fac-share-labor,share,0.484665
South America_Northern,2010,fac-share-capital,share,0.401124
South America_Northern,2010,fac-share-energy,share,0.114211
South America_Northern,2010,energy-service,million 1990$,109383.0
South America_Northern,2010,total-factor-productivity,million 1990$,0.0
South America_Northern,2015,GDP,million 1990$,173308.0
South America_Northern,2015,energy-investment,million 1990$,4359.43
South America_Northern,2015,consumer-durable,million 1990$,9874.09
South America_Northern,2015,value-added,million 1990$,82274.7
South America_Northern,2015,gross-output,million 1990$,123765.0
South America_Northern,2015,savings,million 1990$,68887.3
South America_Northern,2015,investment,million 1990$,55363.4
South America_Northern,2015,capital-stock,million 1990$,712003.0
South America_Northern,2015,depreciation,million 1990$,20942.8
South America_Northern,2015,energy-service-value,million 1990$,41490.4
South America_Northern,2015,energy-net-export,million 1990$,49543.0
South America_Northern,2015,materials-net-export,million 1990$,-36019.0
South America_Northern,2015,capital-net-export,million 1990$,-13523.9
South America_Northern,2015,labor-wages,million 1990$,74487.8
South America_Northern,2015,gdp-per-capita,thous 1990$ percap,5.39615
South America_Northern,2015,gdp-per-capita-ppp,thous 1990$ percap,2.08691
South America_Northern,2015,labor-force,thous pers,14224.0
South America_Northern,2015,population,thous pers,32117.0
South America_Northern,2015,savings-rate,rate annual,0.218274
South America_Northern,2015,fac-share-labor,share,0.601849
South America_Northern,2015,fac-share-capital,share,0.0629165
South America_Northern,2015,fac-share-energy,share,0.335235
South America_Northern,2015,energy-service,million 1990$,103758.0
South America_Northern,2015,total-factor-productivity,million 1990$,0.0
South America_Northern,2021,GDP,million 1990$,156846.0
South America_Northern,2021,energy-investment,million 1990$,3921.26
South America_Northern,2021,consumer-durable,million 1990$,29.2068
South America_Northern,2021,value-added,million 1990$,140198.0
South America_Northern,2021,gross-output,million 1990$,147577.0
South America_Northern,2021,savings,million 1990$,47702.7
South America_Northern,2021,investment,million 1990$,30088.6
South America_Northern,2021,capital-stock,million 1990$,882432.0
South America_Northern,2021,depreciation,million 1990$,25848.5
South America_Northern,2021,energy-service-value,million 1990$,7378.85
South America_Northern,2021,energy-net-export,million 1990$,9268.95
South America_Northern,2021,materials-net-export,million 1990$,8345.13
South America_Northern,2021,capital-net-export,million 1990$,-17614.1
South America_Northern,2021,labor-wages,million 1990$,48081.5
South America_Northern,2021,gdp-per-capita,thous 1990$ percap,5.24306
South America_Northern,2021,gdp-per-capita-ppp,thous 1990$ percap,2.0277
South America_Northern,2021,labor-force,thous pers,12989.9
South America_Northern,2021,population,thous pers,29915.0
South America_Northern,2021,savings-rate,rate annual,0.251709
South America_Northern,2021,fac-share-labor,share,0.325806
South America_Northern,2021,fac-share-capital,share,0.624194
South America_Northern,2021,fac-share-energy,share,0.05
South America_Northern,2021,energy-service,million 1990$,33654.3
South America_Northern,2021,total-factor-productivity,million 1990$,0.0
South America_Northern,2025,GDP,million 1990$,188776.0
South America_Northern,2025,energy-investment,million 1990$,12523.9
South America_Northern,2025,consumer-durable,million 1990$,3891.54
South America_Northern,2025,value-added,million 1990$,160544.0
South America_Northern,2025,gross-output,million 1990$,169907.0
South America_Northern,2025,savings,million 1990$,39508.8
South America_Northern,2025,investment,million 1990$,26927.3
South America_Northern,2025,capital-stock,million 1990$,854011.0
South America_Northern,2025,depreciation,million 1990$,30460.7
South America_Northern,2025,energy-service-value,million 1990$,9362.31
South America_Northern,2025,energy-net-export,million 1990$,18869.4
South America_Northern,2025,materials-net-export,million 1990$,-6287.95
South America_Northern,2025,capital-net-export,million 1990$,-12581.5
South America_Northern,2025,labor-wages,million 1990$,54144.8
South America_Northern,2025,gdp-per-capita,thous 1990$ percap,6.11262
South America_Northern,2025,gdp-per-capita-ppp,thous 1990$ percap,2.36399
South America_Northern,2025,labor-force,thous pers,13681.4
South America_Northern,2025,population,thous pers,30883.0
South America_Northern,2025,savings-rate,rate annual,0.259641
South America_Northern,2025,fac-share-labor,share,0.318674
South America_Northern,2025,fac-share-capital,share,0.626223
South America_Northern,2025,fac-share-energy,share,0.0551027
South America_Northern,2025,energy-service,million 1990$,41153.0
South America_Northern,2025,total-factor-productivity,million 1990$,1.1435
South America_Northern,2030,GDP,million 1990$,302429.0
South America_Northern,2030,energy-investment,million 1990$,13148.1
South America_Northern,2030,consumer-durable,million 1990$,9098.49
South America_Northern,2030,value-added,million 1990$,266076.0
South America_Northern,2030,gross-output,million 1990$,284681.0
South America_Northern,2030,savings,million 1990$,49049.2
South America_Northern,2030,investment,million 1990$,42758.5
South America_Northern,2030,capital-stock,million 1990$,839374.0
South America_Northern,2030,depreciation,million 1990$,29479.6
South America_Northern,2030,energy-service-value,million 1990$,18605.6
South America_Northern,2030,energy-net-export,million 1990$,17747.6
South America_Northern,2030,materials-net-export,million 1990$,-11456.9
South America_Northern,2030,capital-net-export,million 1990$,-6290.74
South America_Northern,2030,labor-wages,million 1990$,88434.9
South America_Northern,2030,gdp-per-capita,thous 1990$ percap,9.39921
South America_Northern,2030,gdp-per-capita-ppp,thous 1990$ percap,3.63505
South America_Northern,2030,labor-force,thous pers,14468.0
South America_Northern,2030,population,thous pers,32176.0
South America_Northern,2030,savings-rate,rate annual,0.320386
South America_Northern,2030,fac-share-labor,share,0.310645
South America_Northern,2030,fac-share-capital,share,0.623999
South America_Northern,2030,fac-share-energy,share,0.0653559
South America_Northern,2030,energy-service,million 1990$,59598.7
South America_Northern,2030,total-factor-productivity,million 1990$,1.86111
South America_Northern,2035,GDP,million 1990$,432848.0
South America_Northern,2035,energy-investment,million 1990$,14561.5
South America_Northern,2035,consumer-durable,million 1990$,10609.4
South America_Northern,2035,value-added,million 1990$,387091.0
South America_Northern,2035,gross-output,million 1990$,415478.0
South America_Northern,2035,savings,million 1990$,96950.4
South America_Northern,2035,investment,million 1990$,96950.4
South America_Northern,2035,capital-stock,million 1990$,1052770.0
South America_Northern,2035,depreciation,million 1990$,28974.4
South America_Northern,2035,energy-service-value,million 1990$,28387.1
South America_Northern,2035,energy-net-export,million 1990$,17369.6
South America_Northern,2035,materials-net-export,million 1990$,-17369.6
South America_Northern,2035,capital-net-export,million 1990$,0.0
South America_Northern,2035,labor-wages,million 1990$,133555.0
South America_Northern,2035,gdp-per-capita,thous 1990$ percap,12.9758
South America_Northern,2035,gdp-per-capita-ppp,thous 1990$ percap,5.01828
South America_Northern,2035,labor-force,thous pers,15030.9
South America_Northern,2035,population,thous pers,33358.0
South America_Northern,2035,savings-rate,rate annual,0.351905
South America_Northern,2035,fac-share-labor,share,0.32145
South America_Northern,2035,fac-share-capital,share,0.610226
South America_Northern,2035,fac-share-energy,share,0.068324
South America_Northern,2035,energy-service,million 1990$,77134.8
South America_Northern,2035,total-factor-productivity,million 1990$,2.29364
South America_Northern,2040,GDP,million 1990$,548357.0
South America_Northern,2040,energy-investment,million 1990$,14035.1
South America_Northern,2040,consumer-durable,million 1990$,10389.9
South America_Northern,2040,value-added,million 1990$,493996.0
South America_Northern,2040,gross-output,million 1990$,529043.0
South America_Northern,2040,savings,million 1990$,152402.0
South America_Northern,2040,investment,million 1990$,152402.0
South America_Northern,2040,capital-stock,million 1990$,1476910.0
South America_Northern,2040,depreciation,million 1990$,36340.6
South America_Northern,2040,energy-service-value,million 1990$,35047.5
South America_Northern,2040,energy-net-export,million 1990$,19313.9
South America_Northern,2040,materials-net-export,million 1990$,-19313.9
South America_Northern,2040,capital-net-export,million 1990$,0.0
South America_Northern,2040,labor-wages,million 1990$,181206.0
South America_Northern,2040,gdp-per-capita,thous 1990$ percap,15.9708
South America_Northern,2040,gdp-per-capita-ppp,thous 1990$ percap,6.17654
South America_Northern,2040,labor-force,thous pers,15358.6
South America_Northern,2040,population,thous pers,34335.0
South America_Northern,2040,savings-rate,rate annual,0.358419
South America_Northern,2040,fac-share-labor,share,0.342516
South America_Northern,2040,fac-share-capital,share,0.591237
South America_Northern,2040,fac-share-energy,share,0.066247
South America_Northern,2040,energy-service,million 1990$,90476.4
South America_Northern,2040,total-factor-productivity,million 1990$,2.34082
South America_Northern,2045,GDP,million 1990$,627001.0
South America_Northern,2045,energy-investment,million 1990$,12638.7
South America_Northern,2045,consumer-durable,million 1990$,10436.0
South America_Northern,2045,value-added,million 1990$,566467.0
South America_Northern,2045,gross-output,million 1990$,604315.0
South America_Northern,2045,savings,million 1990$,196644.0
South America_Northern,2045,investment,million 1990$,196644.0
South America_Northern,2045,capital-stock,million 1990$,2042670.0
South America_Northern,2045,depreciation,million 1990$,50981.6
South America_Northern,2045,energy-service-value,million 1990$,37847.9
South America_Northern,2045,energy-net-export,million 1990$,22686.4
South America_Northern,2045,materials-net-export,million 1990$,-22686.4
South America_Northern,2045,capital-net-export,million 1990$,0.0
South America_Northern,2045,labor-wages,million 1990$,219961.0
South America_Northern,2045,gdp-per-capita,thous 1990$ percap,17.8673
South America_Northern,2045,gdp-per-capita-ppp,thous 1990$ percap,6.91002
South America_Northern,2045,labor-force,thous pers,15660.3
South America_Northern,2045,population,thous pers,35092.0
South America_Northern,2045,savings-rate,rate annual,0.348058
South America_Northern,2045,fac-share-labor,share,0.363985
South America_Northern,2045,fac-share-capital,share,0.573386
South America_Northern,2045,fac-share-energy,share,0.0626295
South America_Northern,2045,energy-service,million 1990$,98915.5
South America_Northern,2045,total-factor-productivity,million 1990$,2.18594
South America_Northern,2050,GDP,million 1990$,657124.0
South America_Northern,2050,energy-investment,million 1990$,12485.1
South America_Northern,2050,consumer-durable,million 1990$,9382.85
South America_Northern,2050,value-added,million 1990$,592660.0
South America_Northern,2050,gross-output,million 1990$,629897.0
South America_Northern,2050,savings,million 1990$,218349.0
South America_Northern,2050,investment,million 1990$,218349.0
South America_Northern,2050,capital-stock,million 1990$,2624880.0
South America_Northern,2050,depreciation,million 1990$,70510.9
South America_Northern,2050,energy-service-value,million 1990$,37236.5
South America_Northern,2050,energy-net-export,million 1990$,27227.5
South America_Northern,2050,materials-net-export,million 1990$,-27227.5
South America_Northern,2050,capital-net-export,million 1990$,0.0
South America_Northern,2050,labor-wages,million 1990$,240116.0
South America_Northern,2050,gdp-per-capita,thous 1990$ percap,18.429
South America_Northern,2050,gdp-per-capita-ppp,thous 1990$ percap,7.12724
South America_Northern,2050,labor-force,thous pers,15915.1
South America_Northern,2050,population,thous pers,35657.0
South America_Northern,2050,savings-rate,rate annual,0.32621
South America_Northern,2050,fac-share-labor,share,0.381199
South America_Northern,2050,fac-share-capital,share,0.559686
South America_Northern,2050,fac-share-energy,share,0.0591152
South America_Northern,2050,energy-service,million 1990$,102410.0
South America_Northern,2050,total-factor-productivity,million 1990$,1.96068
South America_Northern,2055,GDP,million 1990$,657863.0
South America_Northern,2055,energy-investment,million 1990$,15598.1
South America_Northern,2055,consumer-durable,million 1990$,9917.68
South America_Northern,2055,value-added,million 1990$,585751.0
South America_Northern,2055,gross-output,million 1990$,620874.0
South America_Northern,2055,savings,million 1990$,214483.0
South America_Northern,2055,investment,million 1990$,214483.0
South America_Northern,2055,capital-stock,million 1990$,3100900.0
South America_Northern,2055,depreciation,million 1990$,90608.3
South America_Northern,2055,energy-service-value,million 1990$,35123.7
South America_Northern,2055,energy-net-export,million 1990$,36988.6
South America_Northern,2055,materials-net-export,million 1990$,-36988.6
South America_Northern,2055,capital-net-export,million 1990$,0.0
South America_Northern,2055,labor-wages,million 1990$,244006.0
South America_Northern,2055,gdp-per-capita,thous 1990$ percap,18.2254
South America_Northern,2055,gdp-per-capita-ppp,thous 1990$ percap,7.04848
South America_Northern,2055,labor-force,thous pers,16065.1
South America_Northern,2055,population,thous pers,36096.0
South America_Northern,2055,savings-rate,rate annual,0.300583
South America_Northern,2055,fac-share-labor,share,0.393004
South America_Northern,2055,fac-share-capital,share,0.550425
South America_Northern,2055,fac-share-energy,share,0.0565713
South America_Northern,2055,energy-service,million 1990$,103301.0
South America_Northern,2055,total-factor-productivity,million 1990$,1.75458
South America_Northern,2060,GDP,million 1990$,657863.0
South America_Northern,2060,energy-investment,million 1990$,15574.5
South America_Northern,2060,consumer-durable,million 1990$,9994.44
South America_Northern,2060,value-added,million 1990$,584762.0
South America_Northern,2060,gross-output,million 1990$,619008.0
South America_Northern,2060,savings,million 1990$,197865.0
South America_Northern,2060,investment,million 1990$,197865.0
South America_Northern,2060,capital-stock,million 1990$,3405670.0
South America_Northern,2060,depreciation,million 1990$,107040.0
South America_Northern,2060,energy-service-value,million 1990$,34245.9
South America_Northern,2060,energy-net-export,million 1990$,38855.0
South America_Northern,2060,materials-net-export,million 1990$,-38855.0
South America_Northern,2060,capital-net-export,million 1990$,0.0
South America_Northern,2060,labor-wages,million 1990$,247432.0
South America_Northern,2060,gdp-per-capita,thous 1990$ percap,18.0548
South America_Northern,2060,gdp-per-capita-ppp,thous 1990$ percap,6.98252
South America_Northern,2060,labor-force,thous pers,16128.4
South America_Northern,2060,population,thous pers,36437.0
South America_Northern,2060,savings-rate,rate annual,0.277962
South America_Northern,2060,fac-share-labor,share,0.399723
South America_Northern,2060,fac-share-capital,share,0.544953
South America_Northern,2060,fac-share-energy,share,0.0553239
South America_Northern,2060,energy-service,million 1990$,104214.0
South America_Northern,2060,total-factor-productivity,million 1990$,1.65835
South America_Northern,2065,GDP,million 1990$,657863.0
South America_Northern,2065,energy-investment,million 1990$,15573.6
South America_Northern,2065,consumer-durable,million 1990$,9891.46
South America_Northern,2065,value-added,million 1990$,581853.0
South America_Northern,2065,gross-output,million 1990$,615556.0
South America_Northern,2065,savings,million 1990$,182983.0
South America_Northern,2065,investment,million 1990$,182983.0
South America_Northern,2065,capital-stock,million 1990$,3591650.0
South America_Northern,2065,depreciation,million 1990$,117560.0
South America_Northern,2065,energy-service-value,million 1990$,33702.9
South America_Northern,2065,energy-net-export,million 1990$,42306.7
South America_Northern,2065,materials-net-export,million 1990$,-42306.7
South America_Northern,2065,capital-net-export,million 1990$,0.0
South America_Northern,2065,labor-wages,million 1990$,248713.0
South America_Northern,2065,gdp-per-capita,thous 1990$ percap,17.9406
South America_Northern,2065,gdp-per-capita-ppp,thous 1990$ percap,6.93834
South America_Northern,2065,labor-force,thous pers,16036.5
South America_Northern,2065,population,thous pers,36669.0
South America_Northern,2065,savings-rate,rate annual,0.258215
South America_Northern,2065,fac-share-labor,share,0.404047
South America_Northern,2065,fac-share-capital,share,0.541201
South America_Northern,2065,fac-share-energy,share,0.0547519
South America_Northern,2065,energy-service,million 1990$,104855.0
South America_Northern,2065,total-factor-productivity,million 1990$,1.6053
South America_Northern,2070,GDP,million 1990$,657863.0
South America_Northern,2070,energy-investment,million 1990$,14993.6
South America_Northern,2070,consumer-durable,million 1990$,9928.37
South America_Northern,2070,value-added,million 1990$,577548.0
South America_Northern,2070,gross-output,million 1990$,610975.0
South America_Northern,2070,savings,million 1990$,169992.0
South America_Northern,2070,investment,million 1990$,169992.0
South America_Northern,2070,capital-stock,million 1990$,3687530.0
South America_Northern,2070,depreciation,million 1990$,123980.0
South America_Northern,2070,energy-service-value,million 1990$,33427.0
South America_Northern,2070,energy-net-export,million 1990$,46887.5
South America_Northern,2070,materials-net-export,million 1990$,-46887.5
South America_Northern,2070,capital-net-export,million 1990$,0.0
South America_Northern,2070,labor-wages,million 1990$,248990.0
South America_Northern,2070,gdp-per-capita,thous 1990$ percap,17.8772
South America_Northern,2070,gdp-per-capita-ppp,thous 1990$ percap,6.91383
South America_Northern,2070,labor-force,thous pers,15663.6
South America_Northern,2070,population,thous pers,36799.0
South America_Northern,2070,savings-rate,rate annual,0.240999
South America_Northern,2070,fac-share-labor,share,0.407529
South America_Northern,2070,fac-share-capital,share,0.53776
South America_Northern,2070,fac-share-energy,share,0.0547109
South America_Northern,2070,energy-service,million 1990$,105207.0
South America_Northern,2070,total-factor-productivity,million 1990$,1.58565
South America_Northern,2075,GDP,million 1990$,657863.0
South America_Northern,2075,energy-investment,million 1990$,14062.8
South America_Northern,2075,consumer-durable,million 1990$,9834.44
South America_Northern,2075,value-added,million 1990$,572892.0
South America_Northern,2075,gross-output,million 1990$,606263.0
South America_Northern,2075,savings,million 1990$,158667.0
South America_Northern,2075,investment,million 1990$,158667.0
South America_Northern,2075,capital-stock,million 1990$,3717650.0
South America_Northern,2075,depreciation,million 1990$,127290.0
South America_Northern,2075,energy-service-value,million 1990$,33371.3
South America_Northern,2075,energy-net-export,million 1990$,51599.8
South America_Northern,2075,materials-net-export,million 1990$,-51599.8
South America_Northern,2075,capital-net-export,million 1990$,0.0
South America_Northern,2075,labor-wages,million 1990$,248879.0
South America_Northern,2075,gdp-per-capita,thous 1990$ percap,17.8588
South America_Northern,2075,gdp-per-capita-ppp,thous 1990$ percap,6.9067
South America_Northern,2075,labor-force,thous pers,15097.6
South America_Northern,2075,population,thous pers,36837.0
South America_Northern,2075,savings-rate,rate annual,0.225998
South America_Northern,2075,fac-share-labor,share,0.410513
South America_Northern,2075,fac-share-capital,share,0.534443
South America_Northern,2075,fac-share-energy,share,0.0550443
South America_Northern,2075,energy-service,million 1990$,105370.0
South America_Northern,2075,total-factor-productivity,million 1990$,1.5902
South America_Northern,2080,GDP,million 1990$,657863.0
South America_Northern,2080,energy-investment,million 1990$,15235.7
South America_Northern,2080,consumer-durable,million 1990$,9876.39
South America_Northern,2080,value-added,million 1990$,567276.0
South America_Northern,2080,gross-output,million 1990$,600633.0
South America_Northern,2080,savings,million 1990$,148798.0
South America_Northern,2080,investment,million 1990$,148798.0
South America_Northern,2080,capital-stock,million 1990$,3701650.0
South America_Northern,2080,depreciation,million 1990$,128330.0
South America_Northern,2080,energy-service-value,million 1990$,33356.6
South America_Northern,2080,energy-net-export,million 1990$,57230.5
South America_Northern,2080,materials-net-export,million 1990$,-57230.5
South America_Northern,2080,capital-net-export,million 1990$,0.0
South America_Northern,2080,labor-wages,million 1990$,247934.0
South America_Northern,2080,gdp-per-capita,thous 1990$ percap,17.8811
South America_Northern,2080,gdp-per-capita-ppp,thous 1990$ percap,6.91533
South America_Northern,2080,labor-force,thous pers,14505.2
South America_Northern,2080,population,thous pers,36791.0
South America_Northern,2080,savings-rate,rate annual,0.212943
South America_Northern,2080,fac-share-labor,share,0.412788
South America_Northern,2080,fac-share-capital,share,0.531677
South America_Northern,2080,fac-share-energy,share,0.0555357
South America_Northern,2080,energy-service,million 1990$,105258.0
South America_Northern,2080,total-factor-productivity,million 1990$,1.60538
South America_Northern,2085,GDP,million 1990$,657863.0
South America_Northern,2085,energy-investment,million 1990$,16767.9
South America_Northern,2085,consumer-durable,million 1990$,9842.52
South America_Northern,2085,value-added,million 1990$,561690.0
South America_Northern,2085,gross-output,million 1990$,595096.0
South America_Northern,2085,savings,million 1990$,140210.0
South America_Northern,2085,investment,million 1990$,140210.0
South America_Northern,2085,capital-stock,million 1990$,3642480.0
South America_Northern,2085,depreciation,million 1990$,127777.0
South America_Northern,2085,energy-service-value,million 1990$,33406.2
South America_Northern,2085,energy-net-export,million 1990$,62767.1
South America_Northern,2085,materials-net-export,million 1990$,-62767.1
South America_Northern,2085,capital-net-export,million 1990$,0.0
South America_Northern,2085,labor-wages,million 1990$,246314.0
South America_Northern,2085,gdp-per-capita,thous 1990$ percap,17.9391
South America_Northern,2085,gdp-per-capita-ppp,thous 1990$ percap,6.93777
South America_Northern,2085,labor-force,thous pers,13993.2
South America_Northern,2085,population,thous pers,36672.0
South America_Northern,2085,savings-rate,rate annual,0.201582
South America_Northern,2085,fac-share-labor,share,0.413907
South America_Northern,2085,fac-share-capital,share,0.529957
South America_Northern,2085,fac-share-energy,share,0.0561358
South America_Northern,2085,energy-service,million 1990$,105045.0
South America_Northern,2085,total-factor-productivity,million 1990$,1.62844
South America_Northern,2090,GDP,million 1990$,659583.0
South America_Northern,2090,energy-investment,million 1990$,16879.3
South America_Northern,2090,consumer-durable,million 1990$,9837.1
South America_Northern,2090,value-added,million 1990$,559298.0
South America_Northern,2090,gross-output,million 1990$,592994.0
South America_Northern,2090,savings,million 1990$,132736.0
South America_Northern,2090,investment,million 1990$,132736.0
South America_Northern,2090,capital-stock,million 1990$,3550970.0
South America_Northern,2090,depreciation,million 1990$,125735.0
South America_Northern,2090,energy-service-value,million 1990$,33695.6
South America_Northern,2090,energy-net-export,million 1990$,66589.1
South America_Northern,2090,materials-net-export,million 1990$,-66589.1
South America_Northern,2090,capital-net-export,million 1990$,0.0
South America_Northern,2090,labor-wages,million 1990$,245405.0
South America_Northern,2090,gdp-per-capita,thous 1990$ percap,18.0871
South America_Northern,2090,gdp-per-capita-ppp,thous 1990$ percap,6.99501
South America_Northern,2090,labor-force,thous pers,13595.8
South America_Northern,2090,population,thous pers,36467.0
South America_Northern,2090,savings-rate,rate annual,0.192168
South America_Northern,2090,fac-share-labor,share,0.41384
South America_Northern,2090,fac-share-capital,share,0.529337
South America_Northern,2090,fac-share-energy,share,0.0568229
South America_Northern,2090,energy-service,million 1990$,104926.0
South America_Northern,2090,total-factor-productivity,million 1990$,1.66454
South America_Northern,2095,GDP,million 1990$,664355.0
South America_Northern,2095,energy-investment,million 1990$,16579.3
South America_Northern,2095,consumer-durable,million 1990$,9880.47
South America_Northern,2095,value-added,million 1990$,559597.0
South America_Northern,2095,gross-output,million 1990$,593869.0
South America_Northern,2095,savings,million 1990$,126873.0
South America_Northern,2095,investment,million 1990$,126873.0
South America_Northern,2095,capital-stock,million 1990$,3446350.0
South America_Northern,2095,depreciation,million 1990$,122576.0
South America_Northern,2095,energy-service-value,million 1990$,34271.8
South America_Northern,2095,energy-net-export,million 1990$,70486.1
South America_Northern,2095,materials-net-export,million 1990$,-70486.1
South America_Northern,2095,capital-net-export,million 1990$,0.0
South America_Northern,2095,labor-wages,million 1990$,245783.0
South America_Northern,2095,gdp-per-capita,thous 1990$ percap,18.3757
South America_Northern,2095,gdp-per-capita-ppp,thous 1990$ percap,7.10662
South America_Northern,2095,labor-force,thous pers,13116.4
South America_Northern,2095,population,thous pers,36154.0
South America_Northern,2095,savings-rate,rate annual,0.184879
South America_Northern,2095,fac-share-labor,share,0.413868
South America_Northern,2095,fac-share-capital,share,0.528423
South America_Northern,2095,fac-share-energy,share,0.0577093
South America_Northern,2095,energy-service,million 1990$,104958.0
South America_Northern,2095,total-factor-productivity,million 1990$,1.71889
South America_Northern,2100,GDP,million 1990$,668477.0
South America_Northern,2100,energy-investment,million 1990$,16482.4
South America_Northern,2100,consumer-durable,million 1990$,9803.23
South America_Northern,2100,value-added,million 1990$,558261.0
South America_Northern,2100,gross-output,million 1990$,592975.0
South America_Northern,2100,savings,million 1990$,122949.0
South America_Northern,2100,investment,million 1990$,122949.0
South America_Northern,2100,capital-stock,million 1990$,3341470.0
South America_Northern,2100,depreciation,million 1990$,118965.0
South America_Northern,2100,energy-service-value,million 1990$,34713.8
South America_Northern,2100,energy-net-export,million 1990$,75502.3
South America_Northern,2100,materials-net-export,million 1990$,-75502.3
South America_Northern,2100,capital-net-export,million 1990$,0.0
South America_Northern,2100,labor-wages,million 1990$,245533.0
South America_Northern,2100,gdp-per-capita,thous 1990$ percap,18.7081
South America_Northern,2100,gdp-per-capita-ppp,thous 1990$ percap,7.23516
South America_Northern,2100,labor-force,thous pers,12614.0
South America_Northern,2100,population,thous pers,35732.0
South America_Northern,2100,savings-rate,rate annual,0.178684
South America_Northern,2100,fac-share-labor,share,0.41407
South America_Northern,2100,fac-share-capital,share,0.527389
South America_Northern,2100,fac-share-energy,share,0.0585418
South America_Northern,2100,energy-service,million 1990$,104531.0
South America_Northern,2100,total-factor-productivity,million 1990$,1.77338
South America_Southern,1975,GDP,million 1990$,98417.0
South America_Southern,1975,energy-investment,million 1990$,2996.57
South America_Southern,1975,consumer-durable,million 1990$,0.141933
South America_Southern,1975,value-added,million 1990$,91174.8
South America_Southern,1975,gross-output,million 1990$,98419.1
South America_Southern,1975,savings,million 1990$,13751.0
South America_Southern,1975,investment,million 1990$,14746.5
South America_Southern,1975,capital-stock,million 1990$,257061.0
South America_Southern,1975,depreciation,million 1990$,10589.6
South America_Southern,1975,energy-service-value,million 1990$,7244.37
South America_Southern,1975,energy-net-export,million 1990$,-2.129
South America_Southern,1975,materials-net-export,million 1990$,-993.351
South America_Southern,1975,capital-net-export,million 1990$,995.48
South America_Southern,1975,labor-wages,million 1990$,60893.3
South America_Southern,1975,gdp-per-capita,thous 1990$ percap,2.24179
South America_Southern,1975,gdp-per-capita-ppp,thous 1990$ percap,3.82112
South America_Southern,1975,labor-force,thous pers,13567.2
South America_Southern,1975,population,thous pers,43901.0
South America_Southern,1975,savings-rate,rate annual,0.139722
South America_Southern,1975,fac-share-labor,share,0.618714
South America_Southern,1975,fac-share-capital,share,0.307678
South America_Southern,1975,fac-share-energy,share,0.0736073
South America_Southern,1975,energy-service,million 1990$,2.129
South America_Southern,1975,total-factor-productivity,million 1990$,0.0
South America_Southern,1990,GDP,million 1990$,138459.0
South America_Southern,1990,energy-investment,million 1990$,3640.49
South America_Southern,1990,consumer-durable,million 1990$,5242.64
South America_Southern,1990,value-added,million 1990$,111150.0
South America_Southern,1990,gross-output,million 1990$,137977.0
South America_Southern,1990,savings,million 1990$,13751.2
South America_Southern,1990,investment,million 1990$,6562.52
South America_Southern,1990,capital-stock,million 1990$,407449.0
South America_Southern,1990,depreciation,million 1990$,10589.6
South America_Southern,1990,energy-service-value,million 1990$,26826.7
South America_Southern,1990,energy-net-export,million 1990$,482.319
South America_Southern,1990,materials-net-export,million 1990$,6706.32
South America_Southern,1990,capital-net-export,million 1990$,-7188.64
South America_Southern,1990,labor-wages,million 1990$,61948.5
South America_Southern,1990,gdp-per-capita,thous 1990$ percap,2.30098
South America_Southern,1990,gdp-per-capita-ppp,thous 1990$ percap,3.92199
South America_Southern,1990,labor-force,thous pers,21934.0
South America_Southern,1990,population,thous pers,60174.0
South America_Southern,1990,savings-rate,rate annual,0.191648
South America_Southern,1990,fac-share-labor,share,0.448978
South America_Southern,1990,fac-share-capital,share,0.356593
South America_Southern,1990,fac-share-energy,share,0.194429
South America_Southern,1990,energy-service,million 1990$,44115.8
South America_Southern,1990,total-factor-productivity,million 1990$,0.0
South America_Southern,2005,GDP,million 1990$,255776.0
South America_Southern,2005,energy-investment,million 1990$,6580.66
South America_Southern,2005,consumer-durable,million 1990$,8732.41
South America_Southern,2005,value-added,million 1990$,206146.0
South America_Southern,2005,gross-output,million 1990$,254915.0
South America_Southern,2005,savings,million 1990$,31778.0
South America_Southern,2005,investment,million 1990$,10790.0
South America_Southern,2005,capital-stock,million 1990$,664429.0
South America_Southern,2005,depreciation,million 1990$,13958.8
South America_Southern,2005,energy-service-value,million 1990$,48768.9
South America_Southern,2005,energy-net-export,million 1990$,860.953
South America_Southern,2005,materials-net-export,million 1990$,20127.1
South America_Southern,2005,capital-net-export,million 1990$,-20988.1
South America_Southern,2005,labor-wages,million 1990$,118591.0
South America_Southern,2005,gdp-per-capita,thous 1990$ percap,3.35378
South America_Southern,2005,gdp-per-capita-ppp,thous 1990$ percap,5.71648
South America_Southern,2005,labor-force,thous pers,33344.4
South America_Southern,2005,population,thous pers,76265.0
South America_Southern,2005,savings-rate,rate annual,0.248081
South America_Southern,2005,fac-share-labor,share,0.465219
South America_Southern,2005,fac-share-capital,share,0.343466
South America_Southern,2005,fac-share-energy,share,0.191314
South America_Southern,2005,energy-service,million 1990$,76999.8
South America_Southern,2005,total-factor-productivity,million 1990$,0.0
South America_Southern,2010,GDP,million 1990$,324135.0
South America_Southern,2010,energy-investment,million 1990$,8744.91
South America_Southern,2010,consumer-durable,million 1990$,22179.8
South America_Southern,2010,value-added,million 1990$,263780.0
South America_Southern,2010,gross-output,million 1990$,325337.0
South America_Southern,2010,savings,million 1990$,72185.6
South America_Southern,2010,investment,million 1990$,64186.6
South America_Southern,2010,capital-stock,million 1990$,878351.0
South America_Southern,2010,depreciation,million 1990$,22283.6
South America_Southern,2010,energy-service-value,million 1990$,61556.1
South America_Southern,2010,energy-net-export,million 1990$,-1201.54
South America_Southern,2010,materials-net-export,million 1990$,9200.54
South America_Southern,2010,capital-net-export,million 1990$,-7999.0
South America_Southern,2010,labor-wages,million 1990$,155599.0
South America_Southern,2010,gdp-per-capita,thous 1990$ percap,4.02312
South America_Southern,2010,gdp-per-capita-ppp,thous 1990$ percap,6.85737
South America_Southern,2010,labor-force,thous pers,37100.3
South America_Southern,2010,population,thous pers,80568.0
South America_Southern,2010,savings-rate,rate annual,0.243202
South America_Southern,2010,fac-share-labor,share,0.47827
South America_Southern,2010,fac-share-capital,share,0.332522
South America_Southern,2010,fac-share-energy,share,0.189207
South America_Southern,2010,energy-service,million 1990$,124184.0
South America_Southern,2010,total-factor-productivity,million 1990$,0.0
South America_Southern,2015,GDP,million 1990$,401785.0
South America_Southern,2015,energy-investment,million 1990$,10604.5
South America_Southern,2015,consumer-durable,million 1990$,26967.3
South America_Southern,2015,value-added,million 1990$,325194.0
South America_Southern,2015,gross-output,million 1990$,402178.0
South America_Southern,2015,savings,million 1990$,101010.0
South America_Southern,2015,investment,million 1990$,97227.6
South America_Southern,2015,capital-stock,million 1990$,1159610.0
South America_Southern,2015,depreciation,million 1990$,33316.7
South America_Southern,2015,energy-service-value,million 1990$,76983.8
South America_Southern,2015,energy-net-export,million 1990$,-392.979
South America_Southern,2015,materials-net-export,million 1990$,4175.45
South America_Southern,2015,capital-net-export,million 1990$,-3782.48
South America_Southern,2015,labor-wages,million 1990$,198312.0
South America_Southern,2015,gdp-per-capita,thous 1990$ percap,4.70204
South America_Southern,2015,gdp-per-capita-ppp,thous 1990$ percap,8.01459
South America_Southern,2015,labor-force,thous pers,40568.9
South America_Southern,2015,population,thous pers,85449.0
South America_Southern,2015,savings-rate,rate annual,0.225126
South America_Southern,2015,fac-share-labor,share,0.493096
South America_Southern,2015,fac-share-capital,share,0.315486
South America_Southern,2015,fac-share-energy,share,0.191417
South America_Southern,2015,energy-service,million 1990$,155077.0
South America_Southern,2015,total-factor-productivity,million 1990$,0.0
South America_Southern,2021,GDP,million 1990$,420303.0
South America_Southern,2021,energy-investment,million 1990$,10692.1
South America_Southern,2021,consumer-durable,million 1990$,25805.6
South America_Southern,2021,value-added,million 1990$,348888.0
South America_Southern,2021,gross-output,million 1990$,424051.0
South America_Southern,2021,savings,million 1990$,117420.0
South America_Southern,2021,investment,million 1990$,112506.0
South America_Southern,2021,capital-stock,million 1990$,1252580.0
South America_Southern,2021,depreciation,million 1990$,49100.1
South America_Southern,2021,energy-service-value,million 1990$,75163.2
South America_Southern,2021,energy-net-export,million 1990$,-3748.02
South America_Southern,2021,materials-net-export,million 1990$,8661.13
South America_Southern,2021,capital-net-export,million 1990$,-4913.12
South America_Southern,2021,labor-wages,million 1990$,206538.0
South America_Southern,2021,gdp-per-capita,thous 1990$ percap,4.50891
South America_Southern,2021,gdp-per-capita-ppp,thous 1990$ percap,7.6854
South America_Southern,2021,labor-force,thous pers,45186.9
South America_Southern,2021,population,thous pers,93216.0
South America_Southern,2021,savings-rate,rate annual,0.215124
South America_Southern,2021,fac-share-labor,share,0.487059
South America_Southern,2021,fac-share-capital,share,0.335691
South America_Southern,2021,fac-share-energy,share,0.17725
South America_Southern,2021,energy-service,million 1990$,166191.0
South America_Southern,2021,total-factor-productivity,million 1990$,0.0
South America_Southern,2025,GDP,million 1990$,483731.0
South America_Southern,2025,energy-investment,million 1990$,23917.7
South America_Southern,2025,consumer-durable,million 1990$,19748.8
South America_Southern,2025,value-added,million 1990$,401120.0
South America_Southern,2025,gross-output,million 1990$,489094.0
South America_Southern,2025,savings,million 1990$,116223.0
South America_Southern,2025,investment,million 1990$,112714.0
South America_Southern,2025,capital-stock,million 1990$,1340900.0
South America_Southern,2025,depreciation,million 1990$,52693.6
South America_Southern,2025,energy-service-value,million 1990$,87973.4
South America_Southern,2025,energy-net-export,million 1990$,-5362.57
South America_Southern,2025,materials-net-export,million 1990$,8871.93
South America_Southern,2025,capital-net-export,million 1990$,-3509.37
South America_Southern,2025,labor-wages,million 1990$,238234.0
South America_Southern,2025,gdp-per-capita,thous 1990$ percap,5.01884
South America_Southern,2025,gdp-per-capita-ppp,thous 1990$ percap,8.55457
South America_Southern,2025,labor-force,thous pers,47099.7
South America_Southern,2025,population,thous pers,96383.0
South America_Southern,2025,savings-rate,rate annual,0.219383
South America_Southern,2025,fac-share-labor,share,0.487092
South America_Southern,2025,fac-share-capital,share,0.333038
South America_Southern,2025,fac-share-energy,share,0.17987
South America_Southern,2025,energy-service,million 1990$,181486.0
South America_Southern,2025,total-factor-productivity,million 1990$,1.08763
South America_Southern,2030,GDP,million 1990$,545121.0
South America_Southern,2030,energy-investment,million 1990$,24020.4
South America_Southern,2030,consumer-durable,million 1990$,26682.2
South America_Southern,2030,value-added,million 1990$,450012.0
South America_Southern,2030,gross-output,million 1990$,549840.0
South America_Southern,2030,savings,million 1990$,135822.0
South America_Southern,2030,investment,million 1990$,134068.0
South America_Southern,2030,capital-stock,million 1990$,1497150.0
South America_Southern,2030,depreciation,million 1990$,56408.9
South America_Southern,2030,energy-service-value,million 1990$,99828.2
South America_Southern,2030,energy-net-export,million 1990$,-4719.41
South America_Southern,2030,materials-net-export,million 1990$,6474.09
South America_Southern,2030,capital-net-export,million 1990$,-1754.68
South America_Southern,2030,labor-wages,million 1990$,269372.0
South America_Southern,2030,gdp-per-capita,thous 1990$ percap,5.43144
South America_Southern,2030,gdp-per-capita-ppp,thous 1990$ percap,9.25783
South America_Southern,2030,labor-force,thous pers,49297.4
South America_Southern,2030,population,thous pers,100364.0
South America_Southern,2030,savings-rate,rate annual,0.218726
South America_Southern,2030,fac-share-labor,share,0.489909
South America_Southern,2030,fac-share-capital,share,0.328533
South America_Southern,2030,fac-share-energy,share,0.181558
South America_Southern,2030,energy-service,million 1990$,199473.0
South America_Southern,2030,total-factor-productivity,million 1990$,1.13345
South America_Southern,2035,GDP,million 1990$,620968.0
South America_Southern,2035,energy-investment,million 1990$,28170.8
South America_Southern,2035,consumer-durable,million 1990$,34450.8
South America_Southern,2035,value-added,million 1990$,510435.0
South America_Southern,2035,gross-output,million 1990$,625230.0
South America_Southern,2035,savings,million 1990$,152701.0
South America_Southern,2035,investment,million 1990$,152701.0
South America_Southern,2035,capital-stock,million 1990$,1676490.0
South America_Southern,2035,depreciation,million 1990$,62982.0
South America_Southern,2035,energy-service-value,million 1990$,114795.0
South America_Southern,2035,energy-net-export,million 1990$,-4262.02
South America_Southern,2035,materials-net-export,million 1990$,4262.02
South America_Southern,2035,capital-net-export,million 1990$,0.0
South America_Southern,2035,labor-wages,million 1990$,308468.0
South America_Southern,2035,gdp-per-capita,thous 1990$ percap,5.98385
South America_Southern,2035,gdp-per-capita-ppp,thous 1990$ percap,10.1994
South America_Southern,2035,labor-force,thous pers,50970.2
South America_Southern,2035,population,thous pers,103774.0
South America_Southern,2035,savings-rate,rate annual,0.220953
South America_Southern,2035,fac-share-labor,share,0.493368
South America_Southern,2035,fac-share-capital,share,0.323028
South America_Southern,2035,fac-share-energy,share,0.183604
South America_Southern,2035,energy-service,million 1990$,218820.0
South America_Southern,2035,total-factor-productivity,million 1990$,1.20152
South America_Southern,2040,GDP,million 1990$,708186.0
South America_Southern,2040,energy-investment,million 1990$,36803.4
South America_Southern,2040,consumer-durable,million 1990$,36469.0
South America_Southern,2040,value-added,million 1990$,579518.0
South America_Southern,2040,gross-output,million 1990$,711897.0
South America_Southern,2040,savings,million 1990$,175331.0
South America_Southern,2040,investment,million 1990$,175331.0
South America_Southern,2040,capital-stock,million 1990$,1870390.0
South America_Southern,2040,depreciation,million 1990$,70526.7
South America_Southern,2040,energy-service-value,million 1990$,132379.0
South America_Southern,2040,energy-net-export,million 1990$,-3710.53
South America_Southern,2040,materials-net-export,million 1990$,3710.53
South America_Southern,2040,capital-net-export,million 1990$,0.0
South America_Southern,2040,labor-wages,million 1990$,353851.0
South America_Southern,2040,gdp-per-capita,thous 1990$ percap,6.64901
South America_Southern,2040,gdp-per-capita-ppp,thous 1990$ percap,11.3332
South America_Southern,2040,labor-force,thous pers,52091.7
South America_Southern,2040,population,thous pers,106510.0
South America_Southern,2040,savings-rate,rate annual,0.224305
South America_Southern,2040,fac-share-labor,share,0.497055
South America_Southern,2040,fac-share-capital,share,0.316993
South America_Southern,2040,fac-share-energy,share,0.185952
South America_Southern,2040,energy-service,million 1990$,238796.0
South America_Southern,2040,total-factor-productivity,million 1990$,1.2859
South America_Southern,2045,GDP,million 1990$,806848.0
South America_Southern,2045,energy-investment,million 1990$,34067.6
South America_Southern,2045,consumer-durable,million 1990$,41160.4
South America_Southern,2045,value-added,million 1990$,657036.0
South America_Southern,2045,gross-output,million 1990$,809768.0
South America_Southern,2045,savings,million 1990$,202331.0
South America_Southern,2045,investment,million 1990$,202331.0
South America_Southern,2045,capital-stock,million 1990$,2101950.0
South America_Southern,2045,depreciation,million 1990$,78683.6
South America_Southern,2045,energy-service-value,million 1990$,152732.0
South America_Southern,2045,energy-net-export,million 1990$,-2920.38
South America_Southern,2045,materials-net-export,million 1990$,2920.38
South America_Southern,2045,capital-net-export,million 1990$,0.0
South America_Southern,2045,labor-wages,million 1990$,406084.0
South America_Southern,2045,gdp-per-capita,thous 1990$ percap,7.42749
South America_Southern,2045,gdp-per-capita-ppp,thous 1990$ percap,12.6601
South America_Southern,2045,labor-force,thous pers,52709.1
South America_Southern,2045,population,thous pers,108630.0
South America_Southern,2045,savings-rate,rate annual,0.228151
South America_Southern,2045,fac-share-labor,share,0.501482
South America_Southern,2045,fac-share-capital,share,0.309906
South America_Southern,2045,fac-share-energy,share,0.188612
South America_Southern,2045,energy-service,million 1990$,260555.0
South America_Southern,2045,total-factor-productivity,million 1990$,1.37916
South America_Southern,2050,GDP,million 1990$,916465.0
South America_Southern,2050,energy-investment,million 1990$,37712.2
South America_Southern,2050,consumer-durable,million 1990$,40198.1
South America_Southern,2050,value-added,million 1990$,744054.0
South America_Southern,2050,gross-output,million 1990$,919411.0
South America_Southern,2050,savings,million 1990$,233622.0
South America_Southern,2050,investment,million 1990$,233622.0
South America_Southern,2050,capital-stock,million 1990$,2423570.0
South America_Southern,2050,depreciation,million 1990$,88424.7
South America_Southern,2050,energy-service-value,million 1990$,175357.0
South America_Southern,2050,energy-net-export,million 1990$,-2946.0
South America_Southern,2050,materials-net-export,million 1990$,2946.0
South America_Southern,2050,capital-net-export,million 1990$,0.0
South America_Southern,2050,labor-wages,million 1990$,467307.0
South America_Southern,2050,gdp-per-capita,thous 1990$ percap,8.31963
South America_Southern,2050,gdp-per-capita-ppp,thous 1990$ percap,14.1807
South America_Southern,2050,labor-force,thous pers,52732.0
South America_Southern,2050,population,thous pers,110157.0
South America_Southern,2050,savings-rate,rate annual,0.23202
South America_Southern,2050,fac-share-labor,share,0.508267
South America_Southern,2050,fac-share-capital,share,0.301005
South America_Southern,2050,fac-share-energy,share,0.190728
South America_Southern,2050,energy-service,million 1990$,282671.0
South America_Southern,2050,total-factor-productivity,million 1990$,1.47595
South America_Southern,2055,GDP,million 1990$,1035840.0
South America_Southern,2055,energy-investment,million 1990$,37643.2
South America_Southern,2055,consumer-durable,million 1990$,46823.7
South America_Southern,2055,value-added,million 1990$,839429.0
South America_Southern,2055,gross-output,million 1990$,1039700.0
South America_Southern,2055,savings,million 1990$,268907.0
South America_Southern,2055,investment,million 1990$,268907.0
South America_Southern,2055,capital-stock,million 1990$,2832860.0
South America_Southern,2055,depreciation,million 1990$,101955.0
South America_Southern,2055,energy-service-value,million 1990$,200267.0
South America_Southern,2055,energy-net-export,million 1990$,-3850.79
South America_Southern,2055,materials-net-export,million 1990$,3850.79
South America_Southern,2055,capital-net-export,million 1990$,0.0
South America_Southern,2055,labor-wages,million 1990$,537098.0
South America_Southern,2055,gdp-per-capita,thous 1990$ percap,9.32345
South America_Southern,2055,gdp-per-capita-ppp,thous 1990$ percap,15.8917
South America_Southern,2055,labor-force,thous pers,52039.9
South America_Southern,2055,population,thous pers,111101.0
South America_Southern,2055,savings-rate,rate annual,0.235551
South America_Southern,2055,fac-share-labor,share,0.516592
South America_Southern,2055,fac-share-capital,share,0.290788
South America_Southern,2055,fac-share-energy,share,0.192621
South America_Southern,2055,energy-service,million 1990$,304133.0
South America_Southern,2055,total-factor-productivity,million 1990$,1.58221
South America_Southern,2060,GDP,million 1990$,1164650.0
South America_Southern,2060,energy-investment,million 1990$,40381.2
South America_Southern,2060,consumer-durable,million 1990$,50877.8
South America_Southern,2060,value-added,million 1990$,940705.0
South America_Southern,2060,gross-output,million 1990$,1168380.0
South America_Southern,2060,savings,million 1990$,307592.0
South America_Southern,2060,investment,million 1990$,307592.0
South America_Southern,2060,capital-stock,million 1990$,3310700.0
South America_Southern,2060,depreciation,million 1990$,119173.0
South America_Southern,2060,energy-service-value,million 1990$,227679.0
South America_Southern,2060,energy-net-export,million 1990$,-3732.18
South America_Southern,2060,materials-net-export,million 1990$,3732.18
South America_Southern,2060,capital-net-export,million 1990$,0.0
South America_Southern,2060,labor-wages,million 1990$,613377.0
South America_Southern,2060,gdp-per-capita,thous 1990$ percap,10.446
South America_Southern,2060,gdp-per-capita-ppp,thous 1990$ percap,17.805
South America_Southern,2060,labor-force,thous pers,50908.1
South America_Southern,2060,population,thous pers,111493.0
South America_Southern,2060,savings-rate,rate annual,0.238663
South America_Southern,2060,fac-share-labor,share,0.524979
South America_Southern,2060,fac-share-capital,share,0.280155
South America_Southern,2060,fac-share-energy,share,0.194866
South America_Southern,2060,energy-service,million 1990$,326098.0
South America_Southern,2060,total-factor-productivity,million 1990$,1.69717
South America_Southern,2065,GDP,million 1990$,1304100.0
South America_Southern,2065,energy-investment,million 1990$,41848.6
South America_Southern,2065,consumer-durable,million 1990$,54136.2
South America_Southern,2065,value-added,million 1990$,1050200.0
South America_Southern,2065,gross-output,million 1990$,1307790.0
South America_Southern,2065,savings,million 1990$,349467.0
South America_Southern,2065,investment,million 1990$,349467.0
South America_Southern,2065,capital-stock,million 1990$,3857390.0
South America_Southern,2065,depreciation,million 1990$,139274.0
South America_Southern,2065,energy-service-value,million 1990$,257596.0
South America_Southern,2065,energy-net-export,million 1990$,-3689.25
South America_Southern,2065,materials-net-export,million 1990$,3689.25
South America_Southern,2065,capital-net-export,million 1990$,0.0
South America_Southern,2065,labor-wages,million 1990$,697337.0
South America_Southern,2065,gdp-per-capita,thous 1990$ percap,11.7052
South America_Southern,2065,gdp-per-capita-ppp,thous 1990$ percap,19.9514
South America_Southern,2065,labor-force,thous pers,49679.2
South America_Southern,2065,population,thous pers,111412.0
South America_Southern,2065,savings-rate,rate annual,0.241463
South America_Southern,2065,fac-share-labor,share,0.533217
South America_Southern,2065,fac-share-capital,share,0.269813
South America_Southern,2065,fac-share-energy,share,0.19697
South America_Southern,2065,energy-service,million 1990$,347266.0
South America_Southern,2065,total-factor-productivity,million 1990$,1.82261
South America_Southern,2070,GDP,million 1990$,1451080.0
South America_Southern,2070,energy-investment,million 1990$,43658.7
South America_Southern,2070,consumer-durable,million 1990$,57738.6
South America_Southern,2070,value-added,million 1990$,1165780.0
South America_Southern,2070,gross-output,million 1990$,1454800.0
South America_Southern,2070,savings,million 1990$,394961.0
South America_Southern,2070,investment,million 1990$,394961.0
South America_Southern,2070,capital-stock,million 1990$,4485770.0
South America_Southern,2070,depreciation,million 1990$,162273.0
South America_Southern,2070,energy-service-value,million 1990$,289021.0
South America_Southern,2070,energy-net-export,million 1990$,-3727.69
South America_Southern,2070,materials-net-export,million 1990$,3727.69
South America_Southern,2070,capital-net-export,million 1990$,0.0
South America_Southern,2070,labor-wages,million 1990$,787717.0
South America_Southern,2070,gdp-per-capita,thous 1990$ percap,13.0839
South America_Southern,2070,gdp-per-capita-ppp,thous 1990$ percap,22.3015
South America_Southern,2070,labor-force,thous pers,48436.3
South America_Southern,2070,population,thous pers,110905.0
South America_Southern,2070,savings-rate,rate annual,0.243562
South America_Southern,2070,fac-share-labor,share,0.54146
South America_Southern,2070,fac-share-capital,share,0.259874
South America_Southern,2070,fac-share-energy,share,0.198666
South America_Southern,2070,energy-service,million 1990$,366618.0
South America_Southern,2070,total-factor-productivity,million 1990$,1.95369
South America_Southern,2075,GDP,million 1990$,1602940.0
South America_Southern,2075,energy-investment,million 1990$,44321.1
South America_Southern,2075,consumer-durable,million 1990$,60137.2
South America_Southern,2075,value-added,million 1990$,1284490.0
South America_Southern,2075,gross-output,million 1990$,1606640.0
South America_Southern,2075,savings,million 1990$,442519.0
South America_Southern,2075,investment,million 1990$,442519.0
South America_Southern,2075,capital-stock,million 1990$,5186360.0
South America_Southern,2075,depreciation,million 1990$,188707.0
South America_Southern,2075,energy-service-value,million 1990$,322141.0
South America_Southern,2075,energy-net-export,million 1990$,-3694.02
South America_Southern,2075,materials-net-export,million 1990$,3694.02
South America_Southern,2075,capital-net-export,million 1990$,0.0
South America_Southern,2075,labor-wages,million 1990$,882704.0
South America_Southern,2075,gdp-per-capita,thous 1990$ percap,14.5725
South America_Southern,2075,gdp-per-capita-ppp,thous 1990$ percap,24.8386
South America_Southern,2075,labor-force,thous pers,46934.6
South America_Southern,2075,population,thous pers,109998.0
South America_Southern,2075,savings-rate,rate annual,0.244854
South America_Southern,2075,fac-share-labor,share,0.549412
South America_Southern,2075,fac-share-capital,share,0.250082
South America_Southern,2075,fac-share-energy,share,0.200507
South America_Southern,2075,energy-service,million 1990$,384569.0
South America_Southern,2075,total-factor-productivity,million 1990$,2.09516
South America_Southern,2080,GDP,million 1990$,1756870.0
South America_Southern,2080,energy-investment,million 1990$,46477.4
South America_Southern,2080,consumer-durable,million 1990$,62745.6
South America_Southern,2080,value-added,million 1990$,1403790.0
South America_Southern,2080,gross-output,million 1990$,1759930.0
South America_Southern,2080,savings,million 1990$,490904.0
South America_Southern,2080,investment,million 1990$,490904.0
South America_Southern,2080,capital-stock,million 1990$,5959820.0
South America_Southern,2080,depreciation,million 1990$,218180.0
South America_Southern,2080,energy-service-value,million 1990$,356141.0
South America_Southern,2080,energy-net-export,million 1990$,-3067.01
South America_Southern,2080,materials-net-export,million 1990$,3067.01
South America_Southern,2080,capital-net-export,million 1990$,0.0
South America_Southern,2080,labor-wages,million 1990$,980392.0
South America_Southern,2080,gdp-per-capita,thous 1990$ percap,16.1607
South America_Southern,2080,gdp-per-capita-ppp,thous 1990$ percap,27.5458
South America_Southern,2080,labor-force,thous pers,45264.1
South America_Southern,2080,population,thous pers,108712.0
South America_Southern,2080,savings-rate,rate annual,0.245319
South America_Southern,2080,fac-share-labor,share,0.557062
South America_Southern,2080,fac-share-capital,share,0.240578
South America_Southern,2080,fac-share-energy,share,0.20236
South America_Southern,2080,energy-service,million 1990$,400520.0
South America_Southern,2080,total-factor-productivity,million 1990$,2.2446
South America_Southern,2085,GDP,million 1990$,1912100.0
South America_Southern,2085,energy-investment,million 1990$,48296.5
South America_Southern,2085,consumer-durable,million 1990$,64585.3
South America_Southern,2085,value-added,million 1990$,1523430.0
South America_Southern,2085,gross-output,million 1990$,1914130.0
South America_Southern,2085,savings,million 1990$,538860.0
South America_Southern,2085,investment,million 1990$,538860.0
South America_Southern,2085,capital-stock,million 1990$,6782250.0
South America_Southern,2085,depreciation,million 1990$,250718.0
South America_Southern,2085,energy-service-value,million 1990$,390702.0
South America_Southern,2085,energy-net-export,million 1990$,-2032.1
South America_Southern,2085,materials-net-export,million 1990$,2032.1
South America_Southern,2085,capital-net-export,million 1990$,0.0
South America_Southern,2085,labor-wages,million 1990$,1079800.0
South America_Southern,2085,gdp-per-capita,thous 1990$ percap,17.8497
South America_Southern,2085,gdp-per-capita-ppp,thous 1990$ percap,30.4246
South America_Southern,2085,labor-force,thous pers,43613.5
South America_Southern,2085,population,thous pers,107122.0
South America_Southern,2085,savings-rate,rate annual,0.245086
South America_Southern,2085,fac-share-labor,share,0.564123
South America_Southern,2085,fac-share-capital,share,0.231763
South America_Southern,2085,fac-share-energy,share,0.204115
South America_Southern,2085,energy-service,million 1990$,414309.0
South America_Southern,2085,total-factor-productivity,million 1990$,2.40111
South America_Southern,2090,GDP,million 1990$,2068100.0
South America_Southern,2090,energy-investment,million 1990$,49865.4
South America_Southern,2090,consumer-durable,million 1990$,66024.1
South America_Southern,2090,value-added,million 1990$,1643720.0
South America_Southern,2090,gross-output,million 1990$,2069630.0
South America_Southern,2090,savings,million 1990$,586026.0
South America_Southern,2090,investment,million 1990$,586026.0
South America_Southern,2090,capital-stock,million 1990$,7645630.0
South America_Southern,2090,depreciation,million 1990$,285316.0
South America_Southern,2090,energy-service-value,million 1990$,425915.0
South America_Southern,2090,energy-net-export,million 1990$,-1535.46
South America_Southern,2090,materials-net-export,million 1990$,1535.46
South America_Southern,2090,capital-net-export,million 1990$,0.0
South America_Southern,2090,labor-wages,million 1990$,1180890.0
South America_Southern,2090,gdp-per-capita,thous 1990$ percap,19.6385
South America_Southern,2090,gdp-per-capita-ppp,thous 1990$ percap,33.4737
South America_Southern,2090,labor-force,thous pers,42018.7
South America_Southern,2090,population,thous pers,105308.0
South America_Southern,2090,savings-rate,rate annual,0.244259
South America_Southern,2090,fac-share-labor,share,0.570581
South America_Southern,2090,fac-share-capital,share,0.223626
South America_Southern,2090,fac-share-energy,share,0.205793
South America_Southern,2090,energy-service,million 1990$,426211.0
South America_Southern,2090,total-factor-productivity,million 1990$,2.56533
South America_Southern,2095,GDP,million 1990$,2224400.0
South America_Southern,2095,energy-investment,million 1990$,51033.3
South America_Southern,2095,consumer-durable,million 1990$,67212.8
South America_Southern,2095,value-added,million 1990$,1764050.0
South America_Southern,2095,gross-output,million 1990$,2225830.0
South America_Southern,2095,savings,million 1990$,632127.0
South America_Southern,2095,investment,million 1990$,632127.0
South America_Southern,2095,capital-stock,million 1990$,8540150.0
South America_Southern,2095,depreciation,million 1990$,321637.0
South America_Southern,2095,energy-service-value,million 1990$,461783.0
South America_Southern,2095,energy-net-export,million 1990$,-1432.78
South America_Southern,2095,materials-net-export,million 1990$,1432.78
South America_Southern,2095,capital-net-export,million 1990$,0.0
South America_Southern,2095,labor-wages,million 1990$,1283110.0
South America_Southern,2095,gdp-per-capita,thous 1990$ percap,21.5244
South America_Southern,2095,gdp-per-capita-ppp,thous 1990$ percap,36.6882
South America_Southern,2095,labor-force,thous pers,40447.7
South America_Southern,2095,population,thous pers,103343.0
South America_Southern,2095,savings-rate,rate annual,0.242916
South America_Southern,2095,fac-share-labor,share,0.576464
South America_Southern,2095,fac-share-capital,share,0.216071
South America_Southern,2095,fac-share-energy,share,0.207465
South America_Southern,2095,energy-service,million 1990$,436353.0
South America_Southern,2095,total-factor-productivity,million 1990$,2.73881
South America_Southern,2100,GDP,million 1990$,2381050.0
South America_Southern,2100,energy-investment,million 1990$,51947.9
South America_Southern,2100,consumer-durable,million 1990$,67992.0
South America_Southern,2100,value-added,million 1990$,1884350.0
South America_Southern,2100,gross-output,million 1990$,2382240.0
South America_Southern,2100,savings,million 1990$,676916.0
South America_Southern,2100,investment,million 1990$,676916.0
South America_Southern,2100,capital-stock,million 1990$,9456730.0
South America_Southern,2100,depreciation,million 1990$,359267.0
South America_Southern,2100,energy-service-value,million 1990$,497891.0
South America_Southern,2100,energy-net-export,million 1990$,-1190.06
South America_Southern,2100,materials-net-export,million 1990$,1190.06
South America_Southern,2100,capital-net-export,million 1990$,0.0
South America_Southern,2100,labor-wages,million 1990$,1386150.0
South America_Southern,2100,gdp-per-capita,thous 1990$ percap,23.505
South America_Southern,2100,gdp-per-capita-ppp,thous 1990$ percap,40.064
South America_Southern,2100,labor-force,thous pers,38939.6
South America_Southern,2100,population,thous pers,101300.0
South America_Southern,2100,savings-rate,rate annual,0.241139
South America_Southern,2100,fac-share-labor,share,0.581869
South America_Southern,2100,fac-share-capital,share,0.20913
South America_Southern,2100,fac-share-energy,share,0.209001
South America_Southern,2100,energy-service,million 1990$,444369.0
South America_Southern,2100,total-factor-productivity,million 1990$,2.92115
South Asia,1975,GDP,million 1990$,32998.0
South Asia,1975,energy-investment,million 1990$,278.806
South Asia,1975,consumer-durable,million 1990$,0.141933
South Asia,1975,value-added,million 1990$,17835.8
South Asia,1975,gross-output,million 1990$,33000.1
South Asia,1975,savings,million 1990$,1378.36
South Asia,1975,investment,million 1990$,2303.76
South Asia,1975,capital-stock,million 1990$,57897.3
South Asia,1975,depreciation,million 1990$,1719.26
South Asia,1975,energy-service-value,million 1990$,15164.3
South Asia,1975,energy-net-export,million 1990$,-2.129
South Asia,1975,materials-net-export,million 1990$,-923.267
South Asia,1975,capital-net-export,million 1990$,925.396
South Asia,1975,labor-wages,million 1990$,2587.71
South Asia,1975,gdp-per-capita,thous 1990$ percap,0.287084
South Asia,1975,gdp-per-capita-ppp,thous 1990$ percap,0.845327
South Asia,1975,labor-force,thous pers,40085.2
South Asia,1975,population,thous pers,114942.0
South Asia,1975,savings-rate,rate annual,0.041771
South Asia,1975,fac-share-labor,share,0.0784152
South Asia,1975,fac-share-capital,share,0.462063
South Asia,1975,fac-share-energy,share,0.459522
South Asia,1975,energy-service,million 1990$,2.129
South Asia,1975,total-factor-productivity,million 1990$,0.0
South Asia,1990,GDP,million 1990$,55213.0
South Asia,1990,energy-investment,million 1990$,924.305
South Asia,1990,consumer-durable,million 1990$,625.127
South Asia,1990,value-added,million 1990$,25565.4
South Asia,1990,gross-output,million 1990$,55623.7
South Asia,1990,savings,million 1990$,1378.5
South Asia,1990,investment,million 1990$,3021.46
South Asia,1990,capital-stock,million 1990$,122707.0
South Asia,1990,depreciation,million 1990$,1719.26
South Asia,1990,energy-service-value,million 1990$,30058.2
South Asia,1990,energy-net-export,million 1990$,-410.652
South Asia,1990,materials-net-export,million 1990$,-1232.31
South Asia,1990,capital-net-export,million 1990$,1642.96
South Asia,1990,labor-wages,million 1990$,4668.45
South Asia,1990,gdp-per-capita,thous 1990$ percap,0.355191
South Asia,1990,gdp-per-capita-ppp,thous 1990$ percap,1.04587
South Asia,1990,labor-force,thous pers,52698.2
South Asia,1990,population,thous pers,155446.0
South Asia,1990,savings-rate,rate annual,0.083418
South Asia,1990,fac-share-labor,share,0.0839292
South Asia,1990,fac-share-capital,share,0.375685
South Asia,1990,fac-share-energy,share,0.540386
South Asia,1990,energy-service,million 1990$,10505.8
South Asia,1990,total-factor-productivity,million 1990$,0.0
South Asia,2005,GDP,million 1990$,108696.0
South Asia,2005,energy-investment,million 1990$,3370.98
South Asia,2005,consumer-durable,million 1990$,1379.38
South Asia,2005,value-added,million 1990$,52576.8
South Asia,2005,gross-output,million 1990$,110090.0
South Asia,2005,savings,million 1990$,5230.89
South Asia,2005,investment,million 1990$,8658.71
South Asia,2005,capital-stock,million 1990$,257763.0
South Asia,2005,depreciation,million 1990$,4753.29
South Asia,2005,energy-service-value,million 1990$,57513.4
South Asia,2005,energy-net-export,million 1990$,-1394.24
South Asia,2005,materials-net-export,million 1990$,-2033.59
South Asia,2005,capital-net-export,million 1990$,3427.83
South Asia,2005,labor-wages,million 1990$,9117.86
South Asia,2005,gdp-per-capita,thous 1990$ percap,0.512106
South Asia,2005,gdp-per-capita-ppp,thous 1990$ percap,1.50791
South Asia,2005,labor-force,thous pers,76500.9
South Asia,2005,population,thous pers,212253.0
South Asia,2005,savings-rate,rate annual,0.170301
South Asia,2005,fac-share-labor,share,0.0828217
South Asia,2005,fac-share-capital,share,0.394758
South Asia,2005,fac-share-energy,share,0.522421
South Asia,2005,energy-service,million 1990$,24071.4
South Asia,2005,total-factor-productivity,million 1990$,0.0
South Asia,2010,GDP,million 1990$,155334.0
South Asia,2010,energy-investment,million 1990$,6016.15
South Asia,2010,consumer-durable,million 1990$,4401.7
South Asia,2010,value-added,million 1990$,74305.6
South Asia,2010,gross-output,million 1990$,158138.0
South Asia,2010,savings,million 1990$,19890.4
South Asia,2010,investment,million 1990$,24570.5
South Asia,2010,capital-stock,million 1990$,382343.0
South Asia,2010,depreciation,million 1990$,9938.56
South Asia,2010,energy-service-value,million 1990$,83832.1
South Asia,2010,energy-net-export,million 1990$,-2803.75
South Asia,2010,materials-net-export,million 1990$,-1876.34
South Asia,2010,capital-net-export,million 1990$,4680.09
South Asia,2010,labor-wages,million 1990$,13242.7
South Asia,2010,gdp-per-capita,thous 1990$ percap,0.68891
South Asia,2010,gdp-per-capita-ppp,thous 1990$ percap,2.02852
South Asia,2010,labor-force,thous pers,86463.1
South Asia,2010,population,thous pers,225478.0
South Asia,2010,savings-rate,rate annual,0.209048
South Asia,2010,fac-share-labor,share,0.0837414
South Asia,2010,fac-share-capital,share,0.386138
South Asia,2010,fac-share-energy,share,0.530121
South Asia,2010,energy-service,million 1990$,42872.7
South Asia,2010,total-factor-productivity,million 1990$,0.0
South Asia,2015,GDP,million 1990$,220887.0
South Asia,2015,energy-investment,million 1990$,8782.41
South Asia,2015,consumer-durable,million 1990$,4398.7
South Asia,2015,value-added,million 1990$,110652.0
South Asia,2015,gross-output,million 1990$,224937.0
South Asia,2015,savings,million 1990$,36874.0
South Asia,2015,investment,million 1990$,45403.6
South Asia,2015,capital-stock,million 1990$,593635.0
South Asia,2015,depreciation,million 1990$,15310.9
South Asia,2015,energy-service-value,million 1990$,114285.0
South Asia,2015,energy-net-export,million 1990$,-4049.74
South Asia,2015,materials-net-export,million 1990$,-4479.93
South Asia,2015,capital-net-export,million 1990$,8529.67
South Asia,2015,labor-wages,million 1990$,20514.7
South Asia,2015,gdp-per-capita,thous 1990$ percap,0.913855
South Asia,2015,gdp-per-capita-ppp,thous 1990$ percap,2.69087
South Asia,2015,labor-force,thous pers,97017.6
South Asia,2015,population,thous pers,241709.0
South Asia,2015,savings-rate,rate annual,0.229398
South Asia,2015,fac-share-labor,share,0.091202
South Asia,2015,fac-share-capital,share,0.400724
South Asia,2015,fac-share-energy,share,0.508074
South Asia,2015,energy-service,million 1990$,56216.7
South Asia,2015,total-factor-productivity,million 1990$,0.0
South Asia,2021,GDP,million 1990$,301187.0
South Asia,2021,energy-investment,million 1990$,13997.2
South Asia,2021,consumer-durable,million 1990$,5440.5
South Asia,2021,value-added,million 1990$,150883.0
South Asia,2021,gross-output,million 1990$,306175.0
South Asia,2021,savings,million 1990$,55069.7
South Asia,2021,investment,million 1990$,67850.5
South Asia,2021,capital-stock,million 1990$,833469.0
South Asia,2021,depreciation,million 1990$,24120.0
South Asia,2021,energy-service-value,million 1990$,155292.0
South Asia,2021,energy-net-export,million 1990$,-4988.04
South Asia,2021,materials-net-export,million 1990$,-7792.68
South Asia,2021,capital-net-export,million 1990$,12780.7
South Asia,2021,labor-wages,million 1990$,26196.6
South Asia,2021,gdp-per-capita,thous 1990$ percap,1.1471
South Asia,2021,gdp-per-capita-ppp,thous 1990$ percap,3.37768
South Asia,2021,labor-force,thous pers,107255.0
South Asia,2021,population,thous pers,262563.0
South Asia,2021,savings-rate,rate annual,0.27095
South Asia,2021,fac-share-labor,share,0.0855609
South Asia,2021,fac-share-capital,share,0.407239
South Asia,2021,fac-share-energy,share,0.5072
South Asia,2021,energy-service,million 1990$,67552.8
South Asia,2021,total-factor-productivity,million 1990$,0.0
South Asia,2025,GDP,million 1990$,365198.0
South Asia,2025,energy-investment,million 1990$,19482.7
South Asia,2025,consumer-durable,million 1990$,3684.73
South Asia,2025,value-added,million 1990$,182083.0
South Asia,2025,gross-output,million 1990$,370833.0
South Asia,2025,savings,million 1990$,87047.1
South Asia,2025,investment,million 1990$,96176.2
South Asia,2025,capital-stock,million 1990$,994584.0
South Asia,2025,depreciation,million 1990$,33916.4
South Asia,2025,energy-service-value,million 1990$,188749.0
South Asia,2025,energy-net-export,million 1990$,-5634.83
South Asia,2025,materials-net-export,million 1990$,-3494.25
South Asia,2025,capital-net-export,million 1990$,9129.09
South Asia,2025,labor-wages,million 1990$,32485.8
South Asia,2025,gdp-per-capita,thous 1990$ percap,1.32111
South Asia,2025,gdp-per-capita-ppp,thous 1990$ percap,3.89006
South Asia,2025,labor-force,thous pers,114647.0
South Asia,2025,population,thous pers,276432.0
South Asia,2025,savings-rate,rate annual,0.274766
South Asia,2025,fac-share-labor,share,0.0876023
South Asia,2025,fac-share-capital,share,0.40341
South Asia,2025,fac-share-energy,share,0.508988
South Asia,2025,energy-service,million 1990$,80203.2
South Asia,2025,total-factor-productivity,million 1990$,1.02734
South Asia,2030,GDP,million 1990$,496081.0
South Asia,2030,energy-investment,million 1990$,26656.3
South Asia,2030,consumer-durable,million 1990$,6042.34
South Asia,2030,value-added,million 1990$,241029.0
South Asia,2030,gross-output,million 1990$,503262.0
South Asia,2030,savings,million 1990$,106941.0
South Asia,2030,investment,million 1990$,111505.0
South Asia,2030,capital-stock,million 1990$,1215210.0
South Asia,2030,depreciation,million 1990$,40472.6
South Asia,2030,energy-service-value,million 1990$,262234.0
South Asia,2030,energy-net-export,million 1990$,-7181.35
South Asia,2030,materials-net-export,million 1990$,2616.81
South Asia,2030,capital-net-export,million 1990$,4564.54
South Asia,2030,labor-wages,million 1990$,44445.5
South Asia,2030,gdp-per-capita,thous 1990$ percap,1.69592
South Asia,2030,gdp-per-capita-ppp,thous 1990$ percap,4.99369
South Asia,2030,labor-force,thous pers,122460.0
South Asia,2030,population,thous pers,292514.0
South Asia,2030,savings-rate,rate annual,0.297226
South Asia,2030,fac-share-labor,share,0.0883148
South Asia,2030,fac-share-capital,share,0.390618
South Asia,2030,fac-share-energy,share,0.521067
South Asia,2030,energy-service,million 1990$,105347.0
South Asia,2030,total-factor-productivity,million 1990$,1.11244
South Asia,2035,GDP,million 1990$,646682.0
South Asia,2035,energy-investment,million 1990$,31097.1
South Asia,2035,consumer-durable,million 1990$,7720.11
South Asia,2035,value-added,million 1990$,312945.0
South Asia,2035,gross-output,million 1990$,655690.0
South Asia,2035,savings,million 1990$,156409.0
South Asia,2035,investment,million 1990$,156409.0
South Asia,2035,capital-stock,million 1990$,1557500.0
South Asia,2035,depreciation,million 1990$,49450.5
South Asia,2035,energy-service-value,million 1990$,342744.0
South Asia,2035,energy-net-export,million 1990$,-9007.54
South Asia,2035,materials-net-export,million 1990$,9007.54
South Asia,2035,capital-net-export,million 1990$,0.0
South Asia,2035,labor-wages,million 1990$,60470.2
South Asia,2035,gdp-per-capita,thous 1990$ percap,2.1089
South Asia,2035,gdp-per-capita-ppp,thous 1990$ percap,6.20972
South Asia,2035,labor-force,thous pers,129509.0
South Asia,2035,population,thous pers,306644.0
South Asia,2035,savings-rate,rate annual,0.311464
South Asia,2035,fac-share-labor,share,0.0922238
South Asia,2035,fac-share-capital,share,0.385052
South Asia,2035,fac-share-energy,share,0.522724
South Asia,2035,energy-service,million 1990$,131948.0
South Asia,2035,total-factor-productivity,million 1990$,1.16453
South Asia,2040,GDP,million 1990$,803797.0
South Asia,2040,energy-investment,million 1990$,36517.6
South Asia,2040,consumer-durable,million 1990$,7846.81
South Asia,2040,value-added,million 1990$,395072.0
South Asia,2040,gross-output,million 1990$,814898.0
South Asia,2040,savings,million 1990$,213100.0
South Asia,2040,investment,million 1990$,213100.0
South Asia,2040,capital-stock,million 1990$,2068680.0
South Asia,2040,depreciation,million 1990$,63379.1
South Asia,2040,energy-service-value,million 1990$,419825.0
South Asia,2040,energy-net-export,million 1990$,-11101.0
South Asia,2040,materials-net-export,million 1990$,11101.0
South Asia,2040,capital-net-export,million 1990$,0.0
South Asia,2040,labor-wages,million 1990$,80833.4
South Asia,2040,gdp-per-capita,thous 1990$ percap,2.52079
South Asia,2040,gdp-per-capita-ppp,thous 1990$ percap,7.42254
South Asia,2040,labor-force,thous pers,135584.0
South Asia,2040,population,thous pers,318867.0
South Asia,2040,savings-rate,rate annual,0.317211
South Asia,2040,fac-share-labor,share,0.0991945
South Asia,2040,fac-share-capital,share,0.385618
South Asia,2040,fac-share-energy,share,0.515188
South Asia,2040,energy-service,million 1990$,157360.0
South Asia,2040,total-factor-productivity,million 1990$,1.17884
South Asia,2045,GDP,million 1990$,970760.0
South Asia,2045,energy-investment,million 1990$,38575.2
South Asia,2045,consumer-durable,million 1990$,8574.57
South Asia,2045,value-added,million 1990$,485548.0
South Asia,2045,gross-output,million 1990$,984157.0
South Asia,2045,savings,million 1990$,269493.0
South Asia,2045,investment,million 1990$,269493.0
South Asia,2045,capital-stock,million 1990$,2718350.0
South Asia,2045,depreciation,million 1990$,84180.8
South Asia,2045,energy-service-value,million 1990$,498608.0
South Asia,2045,energy-net-export,million 1990$,-13396.8
South Asia,2045,materials-net-export,million 1990$,13396.8
South Asia,2045,capital-net-export,million 1990$,0.0
South Asia,2045,labor-wages,million 1990$,105123.0
South Asia,2045,gdp-per-capita,thous 1990$ percap,2.94847
South Asia,2045,gdp-per-capita-ppp,thous 1990$ percap,8.68186
South Asia,2045,labor-force,thous pers,140333.0
South Asia,2045,population,thous pers,329242.0
South Asia,2045,savings-rate,rate annual,0.318637
South Asia,2045,fac-share-labor,share,0.106815
South Asia,2045,fac-share-capital,share,0.38655
South Asia,2045,fac-share-energy,share,0.506635
South Asia,2045,energy-service,million 1990$,183635.0
South Asia,2045,total-factor-productivity,million 1990$,1.17981
South Asia,2050,GDP,million 1990$,1148710.0
South Asia,2050,energy-investment,million 1990$,40854.7
South Asia,2050,consumer-durable,million 1990$,8442.93
South Asia,2050,value-added,million 1990$,584141.0
South Asia,2050,gross-output,million 1990$,1164320.0
South Asia,2050,savings,million 1990$,326855.0
South Asia,2050,investment,million 1990$,326855.0
South Asia,2050,capital-stock,million 1990$,3497720.0
South Asia,2050,depreciation,million 1990$,110618.0
South Asia,2050,energy-service-value,million 1990$,580183.0
South Asia,2050,energy-net-export,million 1990$,-15614.3
South Asia,2050,materials-net-export,million 1990$,15614.3
South Asia,2050,capital-net-export,million 1990$,0.0
South Asia,2050,labor-wages,million 1990$,133483.0
South Asia,2050,gdp-per-capita,thous 1990$ percap,3.40004
South Asia,2050,gdp-per-capita-ppp,thous 1990$ percap,10.0115
South Asia,2050,labor-force,thous pers,143263.0
South Asia,2050,population,thous pers,337852.0
South Asia,2050,savings-rate,rate annual,0.317526
South Asia,2050,fac-share-labor,share,0.114644
South Asia,2050,fac-share-capital,share,0.387055
South Asia,2050,fac-share-energy,share,0.4983
South Asia,2050,energy-service,million 1990$,209950.0
South Asia,2050,total-factor-productivity,million 1990$,1.18101
South Asia,2055,GDP,million 1990$,1337960.0
South Asia,2055,energy-investment,million 1990$,43504.0
South Asia,2055,consumer-durable,million 1990$,10362.8
South Asia,2055,value-added,million 1990$,690806.0
South Asia,2055,gross-output,million 1990$,1355750.0
South Asia,2055,savings,million 1990$,385495.0
South Asia,2055,investment,million 1990$,385495.0
South Asia,2055,capital-stock,million 1990$,4391300.0
South Asia,2055,depreciation,million 1990$,142333.0
South Asia,2055,energy-service-value,million 1990$,664948.0
South Asia,2055,energy-net-export,million 1990$,-17793.9
South Asia,2055,materials-net-export,million 1990$,17793.9
South Asia,2055,capital-net-export,million 1990$,0.0
South Asia,2055,labor-wages,million 1990$,165955.0
South Asia,2055,gdp-per-capita,thous 1990$ percap,3.88109
South Asia,2055,gdp-per-capita-ppp,thous 1990$ percap,11.428
South Asia,2055,labor-force,thous pers,144663.0
South Asia,2055,population,thous pers,344738.0
South Asia,2055,savings-rate,rate annual,0.314852
South Asia,2055,fac-share-labor,share,0.122408
South Asia,2055,fac-share-capital,share,0.387128
South Asia,2055,fac-share-energy,share,0.490464
South Asia,2055,energy-service,million 1990$,235249.0
South Asia,2055,total-factor-productivity,million 1990$,1.189
South Asia,2060,GDP,million 1990$,1539180.0
South Asia,2060,energy-investment,million 1990$,47449.9
South Asia,2060,consumer-durable,million 1990$,11198.1
South Asia,2060,value-added,million 1990$,803645.0
South Asia,2060,gross-output,million 1990$,1558960.0
South Asia,2060,savings,million 1990$,445427.0
South Asia,2060,investment,million 1990$,445427.0
South Asia,2060,capital-stock,million 1990$,5372460.0
South Asia,2060,depreciation,million 1990$,178695.0
South Asia,2060,energy-service-value,million 1990$,755319.0
South Asia,2060,energy-net-export,million 1990$,-19785.5
South Asia,2060,materials-net-export,million 1990$,19785.5
South Asia,2060,capital-net-export,million 1990$,0.0
South Asia,2060,labor-wages,million 1990$,202138.0
South Asia,2060,gdp-per-capita,thous 1990$ percap,4.4009
South Asia,2060,gdp-per-capita-ppp,thous 1990$ percap,12.9586
South Asia,2060,labor-force,thous pers,144467.0
South Asia,2060,population,thous pers,349742.0
South Asia,2060,savings-rate,rate annual,0.311375
South Asia,2060,fac-share-labor,share,0.129661
South Asia,2060,fac-share-capital,share,0.385838
South Asia,2060,fac-share-energy,share,0.484501
South Asia,2060,energy-service,million 1990$,261036.0
South Asia,2060,total-factor-productivity,million 1990$,1.20237
South Asia,2065,GDP,million 1990$,1753700.0
South Asia,2065,energy-investment,million 1990$,49478.3
South Asia,2065,consumer-durable,million 1990$,12038.8
South Asia,2065,value-added,million 1990$,924241.0
South Asia,2065,gross-output,million 1990$,1775390.0
South Asia,2065,savings,million 1990$,507064.0
South Asia,2065,investment,million 1990$,507064.0
South Asia,2065,capital-stock,million 1990$,6431650.0
South Asia,2065,depreciation,million 1990$,218622.0
South Asia,2065,energy-service-value,million 1990$,851146.0
South Asia,2065,energy-net-export,million 1990$,-21684.8
South Asia,2065,materials-net-export,million 1990$,21684.8
South Asia,2065,capital-net-export,million 1990$,0.0
South Asia,2065,labor-wages,million 1990$,242573.0
South Asia,2065,gdp-per-capita,thous 1990$ percap,4.96784
South Asia,2065,gdp-per-capita-ppp,thous 1990$ percap,14.628
South Asia,2065,labor-force,thous pers,142903.0
South Asia,2065,population,thous pers,353011.0
South Asia,2065,savings-rate,rate annual,0.307535
South Asia,2065,fac-share-labor,share,0.136631
South Asia,2065,fac-share-capital,share,0.383955
South Asia,2065,fac-share-energy,share,0.479414
South Asia,2065,energy-service,million 1990$,285666.0
South Asia,2065,total-factor-productivity,million 1990$,1.2251
South Asia,2070,GDP,million 1990$,1972820.0
South Asia,2070,energy-investment,million 1990$,49833.1
South Asia,2070,consumer-durable,million 1990$,13319.4
South Asia,2070,value-added,million 1990$,1049130.0
South Asia,2070,gross-output,million 1990$,1996260.0
South Asia,2070,savings,million 1990$,571003.0
South Asia,2070,investment,million 1990$,571003.0
South Asia,2070,capital-stock,million 1990$,7573670.0
South Asia,2070,depreciation,million 1990$,261723.0
South Asia,2070,energy-service-value,million 1990$,947132.0
South Asia,2070,energy-net-export,million 1990$,-23438.2
South Asia,2070,materials-net-export,million 1990$,23438.2
South Asia,2070,capital-net-export,million 1990$,0.0
South Asia,2070,labor-wages,million 1990$,286597.0
South Asia,2070,gdp-per-capita,thous 1990$ percap,5.56468
South Asia,2070,gdp-per-capita-ppp,thous 1990$ percap,16.3854
South Asia,2070,labor-force,thous pers,140241.0
South Asia,2070,population,thous pers,354526.0
South Asia,2070,savings-rate,rate annual,0.302856
South Asia,2070,fac-share-labor,share,0.143567
South Asia,2070,fac-share-capital,share,0.38198
South Asia,2070,fac-share-energy,share,0.474453
South Asia,2070,energy-service,million 1990$,307874.0
South Asia,2070,total-factor-productivity,million 1990$,1.25183
South Asia,2075,GDP,million 1990$,2195840.0
South Asia,2075,energy-investment,million 1990$,49804.4
South Asia,2075,consumer-durable,million 1990$,14247.2
South Asia,2075,value-added,million 1990$,1177240.0
South Asia,2075,gross-output,million 1990$,2220810.0
South Asia,2075,savings,million 1990$,633117.0
South Asia,2075,investment,million 1990$,633117.0
South Asia,2075,capital-stock,million 1990$,8780240.0
South Asia,2075,depreciation,million 1990$,308195.0
South Asia,2075,energy-service-value,million 1990$,1043580.0
South Asia,2075,energy-net-export,million 1990$,-24973.2
South Asia,2075,materials-net-export,million 1990$,24973.2
South Asia,2075,capital-net-export,million 1990$,0.0
South Asia,2075,labor-wages,million 1990$,333420.0
South Asia,2075,gdp-per-capita,thous 1990$ percap,6.19569
South Asia,2075,gdp-per-capita-ppp,thous 1990$ percap,18.2434
South Asia,2075,labor-force,thous pers,137610.0
South Asia,2075,population,thous pers,354414.0
South Asia,2075,savings-rate,rate annual,0.297708
South Asia,2075,fac-share-labor,share,0.150134
South Asia,2075,fac-share-capital,share,0.379959
South Asia,2075,fac-share-energy,share,0.469907
South Asia,2075,energy-service,million 1990$,328534.0
South Asia,2075,total-factor-productivity,million 1990$,1.28018
South Asia,2080,GDP,million 1990$,2414610.0
South Asia,2080,energy-investment,million 1990$,50063.0
South Asia,2080,consumer-durable,million 1990$,15235.9
South Asia,2080,value-added,million 1990$,1304950.0
South Asia,2080,gross-output,million 1990$,2440770.0
South Asia,2080,savings,million 1990$,693383.0
South Asia,2080,investment,million 1990$,693383.0
South Asia,2080,capital-stock,million 1990$,10034100.0
South Asia,2080,depreciation,million 1990$,357294.0
South Asia,2080,energy-service-value,million 1990$,1135820.0
South Asia,2080,energy-net-export,million 1990$,-26155.8
South Asia,2080,materials-net-export,million 1990$,26155.8
South Asia,2080,capital-net-export,million 1990$,0.0
South Asia,2080,labor-wages,million 1990$,381746.0
South Asia,2080,gdp-per-capita,thous 1990$ percap,6.84563
South Asia,2080,gdp-per-capita-ppp,thous 1990$ percap,20.1572
South Asia,2080,labor-force,thous pers,135158.0
South Asia,2080,population,thous pers,352723.0
South Asia,2080,savings-rate,rate annual,0.291888
South Asia,2080,fac-share-labor,share,0.156404
South Asia,2080,fac-share-capital,share,0.378244
South Asia,2080,fac-share-energy,share,0.465352
South Asia,2080,energy-service,million 1990$,346518.0
South Asia,2080,total-factor-productivity,million 1990$,1.30821
South Asia,2085,GDP,million 1990$,2625440.0
South Asia,2085,energy-investment,million 1990$,51568.4
South Asia,2085,consumer-durable,million 1990$,16014.8
South Asia,2085,value-added,million 1990$,1429200.0
South Asia,2085,gross-output,million 1990$,2652470.0
South Asia,2085,savings,million 1990$,748412.0
South Asia,2085,investment,million 1990$,748412.0
South Asia,2085,capital-stock,million 1990$,11300700.0
South Asia,2085,depreciation,million 1990$,408319.0
South Asia,2085,energy-service-value,million 1990$,1223270.0
South Asia,2085,energy-net-export,million 1990$,-27025.4
South Asia,2085,materials-net-export,million 1990$,27025.4
South Asia,2085,capital-net-export,million 1990$,0.0
South Asia,2085,labor-wages,million 1990$,430753.0
South Asia,2085,gdp-per-capita,thous 1990$ percap,7.51069
South Asia,2085,gdp-per-capita-ppp,thous 1990$ percap,22.1155
South Asia,2085,labor-force,thous pers,132142.0
South Asia,2085,population,thous pers,349561.0
South Asia,2085,savings-rate,rate annual,0.285576
South Asia,2085,fac-share-labor,share,0.162397
South Asia,2085,fac-share-capital,share,0.376421
South Asia,2085,fac-share-energy,share,0.461182
South Asia,2085,energy-service,million 1990$,361865.0
South Asia,2085,total-factor-productivity,million 1990$,1.3371
South Asia,2090,GDP,million 1990$,2830190.0
South Asia,2090,energy-investment,million 1990$,52109.4
South Asia,2090,consumer-durable,million 1990$,16790.5
South Asia,2090,value-added,million 1990$,1549890.0
South Asia,2090,gross-output,million 1990$,2858280.0
South Asia,2090,savings,million 1990$,797188.0
South Asia,2090,investment,million 1990$,797188.0
South Asia,2090,capital-stock,million 1990$,12544100.0
South Asia,2090,depreciation,million 1990$,459861.0
South Asia,2090,energy-service-value,million 1990$,1308390.0
South Asia,2090,energy-net-export,million 1990$,-28087.9
South Asia,2090,materials-net-export,million 1990$,28087.9
South Asia,2090,capital-net-export,million 1990$,0.0
South Asia,2090,labor-wages,million 1990$,480094.0
South Asia,2090,gdp-per-capita,thous 1990$ percap,8.19554
South Asia,2090,gdp-per-capita-ppp,thous 1990$ percap,24.132
South Asia,2090,labor-force,thous pers,128616.0
South Asia,2090,population,thous pers,345333.0
South Asia,2090,savings-rate,rate annual,0.279083
South Asia,2090,fac-share-labor,share,0.167966
South Asia,2090,fac-share-capital,share,0.374278
South Asia,2090,fac-share-energy,share,0.457756
South Asia,2090,energy-service,million 1990$,375364.0
South Asia,2090,total-factor-productivity,million 1990$,1.36846
South Asia,2095,GDP,million 1990$,3031590.0
South Asia,2095,energy-investment,million 1990$,52185.1
South Asia,2095,consumer-durable,million 1990$,17574.5
South Asia,2095,value-added,million 1990$,1668280.0
South Asia,2095,gross-output,million 1990$,3060620.0
South Asia,2095,savings,million 1990$,840980.0
South Asia,2095,investment,million 1990$,840980.0
South Asia,2095,capital-stock,million 1990$,13750000.0
South Asia,2095,depreciation,million 1990$,510456.0
South Asia,2095,energy-service-value,million 1990$,1392340.0
South Asia,2095,energy-net-export,million 1990$,-29029.9
South Asia,2095,materials-net-export,million 1990$,29029.9
South Asia,2095,capital-net-export,million 1990$,0.0
South Asia,2095,labor-wages,million 1990$,529789.0
South Asia,2095,gdp-per-capita,thous 1990$ percap,8.90737
South Asia,2095,gdp-per-capita-ppp,thous 1990$ percap,26.228
South Asia,2095,labor-force,thous pers,124933.0
South Asia,2095,population,thous pers,340346.0
South Asia,2095,savings-rate,rate annual,0.272665
South Asia,2095,fac-share-labor,share,0.173099
South Asia,2095,fac-share-capital,share,0.371981
South Asia,2095,fac-share-energy,share,0.45492
South Asia,2095,energy-service,million 1990$,387193.0
South Asia,2095,total-factor-productivity,million 1990$,1.40303
South Asia,2100,GDP,million 1990$,3231700.0
South Asia,2100,energy-investment,million 1990$,52305.9
South Asia,2100,consumer-durable,million 1990$,18159.4
South Asia,2100,value-added,million 1990$,1786220.0
South Asia,2100,gross-output,million 1990$,3261620.0
South Asia,2100,savings,million 1990$,881368.0
South Asia,2100,investment,million 1990$,881368.0
South Asia,2100,capital-stock,million 1990$,14911900.0
South Asia,2100,depreciation,million 1990$,559528.0
South Asia,2100,energy-service-value,million 1990$,1475400.0
South Asia,2100,energy-net-export,million 1990$,-29915.2
South Asia,2100,materials-net-export,million 1990$,29915.2
South Asia,2100,capital-net-export,million 1990$,0.0
South Asia,2100,labor-wages,million 1990$,580163.0
South Asia,2100,gdp-per-capita,thous 1990$ percap,9.64825
South Asia,2100,gdp-per-capita-ppp,thous 1990$ percap,28.4096
South Asia,2100,labor-force,thous pers,121303.0
South Asia,2100,population,thous pers,334952.0
South Asia,2100,savings-rate,rate annual,0.266407
South Asia,2100,fac-share-labor,share,0.177876
South Asia,2100,fac-share-capital,share,0.369772
South Asia,2100,fac-share-energy,share,0.452352
South Asia,2100,energy-service,million 1990$,396946.0
South Asia,2100,total-factor-productivity,million 1990$,1.44201
South Korea,1975,GDP,million 1990$,62472.0
South Korea,1975,energy-investment,million 1990$,681.213
South Korea,1975,consumer-durable,million 1990$,0.141933
South Korea,1975,value-added,million 1990$,55759.4
South Korea,1975,gross-output,million 1990$,62474.1
South Korea,1975,savings,million 1990$,6537.82
South Korea,1975,investment,million 1990$,11303.3
South Korea,1975,capital-stock,million 1990$,132725.0
South Korea,1975,depreciation,million 1990$,4571.46
South Korea,1975,energy-service-value,million 1990$,6714.77
South Korea,1975,energy-net-export,million 1990$,-2.129
South Korea,1975,materials-net-export,million 1990$,-4763.33
South Korea,1975,capital-net-export,million 1990$,4765.46
South Korea,1975,labor-wages,million 1990$,39039.7
South Korea,1975,gdp-per-capita,thous 1990$ percap,1.73867
South Korea,1975,gdp-per-capita-ppp,thous 1990$ percap,2.19682
South Korea,1975,labor-force,thous pers,11906.4
South Korea,1975,population,thous pers,35931.0
South Korea,1975,savings-rate,rate annual,0.104652
South Korea,1975,fac-share-labor,share,0.624894
South Korea,1975,fac-share-capital,share,0.267625
South Korea,1975,fac-share-energy,share,0.107481
South Korea,1975,energy-service,million 1990$,2.129
South Korea,1975,total-factor-productivity,million 1990$,0.0
South Korea,1990,GDP,million 1990$,244669.0
South Korea,1990,energy-investment,million 1990$,6191.65
South Korea,1990,consumer-durable,million 1990$,5955.91
South Korea,1990,value-added,million 1990$,233361.0
South Korea,1990,gross-output,million 1990$,253597.0
South Korea,1990,savings,million 1990$,6537.96
South Korea,1990,investment,million 1990$,28132.8
South Korea,1990,capital-stock,million 1990$,652950.0
South Korea,1990,depreciation,million 1990$,4571.46
South Korea,1990,energy-service-value,million 1990$,20236.2
South Korea,1990,energy-net-export,million 1990$,-8928.15
South Korea,1990,materials-net-export,million 1990$,-12666.7
South Korea,1990,capital-net-export,million 1990$,21594.8
South Korea,1990,labor-wages,million 1990$,140106.0
South Korea,1990,gdp-per-capita,thous 1990$ percap,5.54553
South Korea,1990,gdp-per-capita-ppp,thous 1990$ percap,7.00684
South Korea,1990,labor-force,thous pers,18612.8
South Korea,1990,population,thous pers,44120.0
South Korea,1990,savings-rate,rate annual,0.331642
South Korea,1990,fac-share-labor,share,0.552473
South Korea,1990,fac-share-capital,share,0.36773
South Korea,1990,fac-share-energy,share,0.0797968
South Korea,1990,energy-service,million 1990$,154180.0
South Korea,1990,total-factor-productivity,million 1990$,0.0
South Korea,2005,GDP,million 1990$,622321.0
South Korea,2005,energy-investment,million 1990$,13878.5
South Korea,2005,consumer-durable,million 1990$,14453.2
South Korea,2005,value-added,million 1990$,556289.0
South Korea,2005,gross-output,million 1990$,649493.0
South Korea,2005,savings,million 1990$,87098.4
South Korea,2005,investment,million 1990$,106213.0
South Korea,2005,capital-stock,million 1990$,2213450.0
South Korea,2005,depreciation,million 1990$,29391.2
South Korea,2005,energy-service-value,million 1990$,93204.3
South Korea,2005,energy-net-export,million 1990$,-27171.9
South Korea,2005,materials-net-export,million 1990$,8057.36
South Korea,2005,capital-net-export,million 1990$,19114.5
South Korea,2005,labor-wages,million 1990$,323345.0
South Korea,2005,gdp-per-capita,thous 1990$ percap,12.9948
South Korea,2005,gdp-per-capita-ppp,thous 1990$ percap,16.4191
South Korea,2005,labor-force,thous pers,22716.3
South Korea,2005,population,thous pers,47890.0
South Korea,2005,savings-rate,rate annual,0.327815
South Korea,2005,fac-share-labor,share,0.497842
South Korea,2005,fac-share-capital,share,0.358654
South Korea,2005,fac-share-energy,share,0.143503
South Korea,2005,energy-service,million 1990$,373302.0
South Korea,2005,total-factor-productivity,million 1990$,0.0
South Korea,2010,GDP,million 1990$,768585.0
South Korea,2010,energy-investment,million 1990$,14404.4
South Korea,2010,consumer-durable,million 1990$,18223.7
South Korea,2010,value-added,million 1990$,656999.0
South Korea,2010,gross-output,million 1990$,823959.0
South Korea,2010,savings,million 1990$,218459.0
South Korea,2010,investment,million 1990$,221879.0
South Korea,2010,capital-stock,million 1990$,2800450.0
South Korea,2010,depreciation,million 1990$,104902.0
South Korea,2010,energy-service-value,million 1990$,166960.0
South Korea,2010,energy-net-export,million 1990$,-55373.9
South Korea,2010,materials-net-export,million 1990$,51954.7
South Korea,2010,capital-net-export,million 1990$,3419.19
South Korea,2010,labor-wages,million 1990$,383324.0
South Korea,2010,gdp-per-capita,thous 1990$ percap,15.7455
South Korea,2010,gdp-per-capita-ppp,thous 1990$ percap,19.8946
South Korea,2010,labor-force,thous pers,23472.6
South Korea,2010,population,thous pers,48813.0
South Korea,2010,savings-rate,rate annual,0.333313
South Korea,2010,fac-share-labor,share,0.465223
South Korea,2010,fac-share-capital,share,0.332146
South Korea,2010,fac-share-energy,share,0.202631
South Korea,2010,energy-service,million 1990$,428404.0
South Korea,2010,total-factor-productivity,million 1990$,0.0
South Korea,2015,GDP,million 1990$,893252.0
South Korea,2015,energy-investment,million 1990$,18409.8
South Korea,2015,consumer-durable,million 1990$,23403.2
South Korea,2015,value-added,million 1990$,751212.0
South Korea,2015,gross-output,million 1990$,960857.0
South Korea,2015,savings,million 1990$,274403.0
South Korea,2015,investment,million 1990$,267543.0
South Korea,2015,capital-stock,million 1990$,3293660.0
South Korea,2015,depreciation,million 1990$,136419.0
South Korea,2015,energy-service-value,million 1990$,209645.0
South Korea,2015,energy-net-export,million 1990$,-67604.7
South Korea,2015,materials-net-export,million 1990$,74464.5
South Korea,2015,capital-net-export,million 1990$,-6859.86
South Korea,2015,labor-wages,million 1990$,464481.0
South Korea,2015,gdp-per-capita,thous 1990$ percap,17.5168
South Korea,2015,gdp-per-capita-ppp,thous 1990$ percap,22.1327
South Korea,2015,labor-force,thous pers,25925.6
South Korea,2015,population,thous pers,50994.0
South Korea,2015,savings-rate,rate annual,0.33878
South Korea,2015,fac-share-labor,share,0.483403
South Korea,2015,fac-share-capital,share,0.298412
South Korea,2015,fac-share-energy,share,0.218185
South Korea,2015,energy-service,million 1990$,478317.0
South Korea,2015,total-factor-productivity,million 1990$,0.0
South Korea,2021,GDP,million 1990$,1017400.0
South Korea,2021,energy-investment,million 1990$,22796.4
South Korea,2021,consumer-durable,million 1990$,22424.2
South Korea,2021,value-added,million 1990$,861880.0
South Korea,2021,gross-output,million 1990$,1062130.0
South Korea,2021,savings,million 1990$,326019.0
South Korea,2021,investment,million 1990$,347683.0
South Korea,2021,capital-stock,million 1990$,3807160.0
South Korea,2021,depreciation,million 1990$,169574.0
South Korea,2021,energy-service-value,million 1990$,200248.0
South Korea,2021,energy-net-export,million 1990$,-44726.0
South Korea,2021,materials-net-export,million 1990$,23061.7
South Korea,2021,capital-net-export,million 1990$,21664.3
South Korea,2021,labor-wages,million 1990$,526350.0
South Korea,2021,gdp-per-capita,thous 1990$ percap,19.6296
South Korea,2021,gdp-per-capita-ppp,thous 1990$ percap,24.8022
South Korea,2021,labor-force,thous pers,26742.8
South Korea,2021,population,thous pers,51830.0
South Korea,2021,savings-rate,rate annual,0.338669
South Korea,2021,fac-share-labor,share,0.495562
South Korea,2021,fac-share-capital,share,0.315904
South Korea,2021,fac-share-energy,share,0.188535
South Korea,2021,energy-service,million 1990$,484308.0
South Korea,2021,total-factor-productivity,million 1990$,0.0
South Korea,2025,GDP,million 1990$,1122870.0
South Korea,2025,energy-investment,million 1990$,111214.0
South Korea,2025,consumer-durable,million 1990$,14042.0
South Korea,2025,value-added,million 1990$,947938.0
South Korea,2025,gross-output,million 1990$,1169690.0
South Korea,2025,savings,million 1990$,366987.0
South Korea,2025,investment,million 1990$,382461.0
South Korea,2025,capital-stock,million 1990$,4323260.0
South Korea,2025,depreciation,million 1990$,197717.0
South Korea,2025,energy-service-value,million 1990$,221749.0
South Korea,2025,energy-net-export,million 1990$,-46820.5
South Korea,2025,materials-net-export,million 1990$,31346.0
South Korea,2025,capital-net-export,million 1990$,15474.5
South Korea,2025,labor-wages,million 1990$,590045.0
South Korea,2025,gdp-per-capita,thous 1990$ percap,21.7846
South Korea,2025,gdp-per-capita-ppp,thous 1990$ percap,27.5251
South Korea,2025,labor-force,thous pers,25731.0
South Korea,2025,population,thous pers,51544.0
South Korea,2025,savings-rate,rate annual,0.329141
South Korea,2025,fac-share-labor,share,0.504446
South Korea,2025,fac-share-capital,share,0.305973
South Korea,2025,fac-share-energy,share,0.18958
South Korea,2025,energy-service,million 1990$,503369.0
South Korea,2025,total-factor-productivity,million 1990$,1.07135
South Korea,2030,GDP,million 1990$,1233500.0
South Korea,2030,energy-investment,million 1990$,138894.0
South Korea,2030,consumer-durable,million 1990$,21454.9
South Korea,2030,value-added,million 1990$,1030110.0
South Korea,2030,gross-output,million 1990$,1278520.0
South Korea,2030,savings,million 1990$,394330.0
South Korea,2030,investment,million 1990$,402067.0
South Korea,2030,capital-stock,million 1990$,4558940.0
South Korea,2030,depreciation,million 1990$,224520.0
South Korea,2030,energy-service-value,million 1990$,248408.0
South Korea,2030,energy-net-export,million 1990$,-45015.6
South Korea,2030,materials-net-export,million 1990$,37278.3
South Korea,2030,capital-net-export,million 1990$,7737.26
South Korea,2030,labor-wages,million 1990$,649455.0
South Korea,2030,gdp-per-capita,thous 1990$ percap,24.175
South Korea,2030,gdp-per-capita-ppp,thous 1990$ percap,30.5453
South Korea,2030,labor-force,thous pers,24204.5
South Korea,2030,population,thous pers,51024.0
South Korea,2030,savings-rate,rate annual,0.320631
South Korea,2030,fac-share-labor,share,0.507974
South Korea,2030,fac-share-capital,share,0.297732
South Korea,2030,fac-share-energy,share,0.194294
South Korea,2030,energy-service,million 1990$,525117.0
South Korea,2030,total-factor-productivity,million 1990$,1.17905
South Korea,2035,GDP,million 1990$,1314230.0
South Korea,2035,energy-investment,million 1990$,144089.0
South Korea,2035,consumer-durable,million 1990$,26513.4
South Korea,2035,value-added,million 1990$,1085970.0
South Korea,2035,gross-output,million 1990$,1357410.0
South Korea,2035,savings,million 1990$,422687.0
South Korea,2035,investment,million 1990$,422687.0
South Korea,2035,capital-stock,million 1990$,4674220.0
South Korea,2035,depreciation,million 1990$,236759.0
South Korea,2035,energy-service-value,million 1990$,271442.0
South Korea,2035,energy-net-export,million 1990$,-43181.0
South Korea,2035,materials-net-export,million 1990$,43181.0
South Korea,2035,capital-net-export,million 1990$,0.0
South Korea,2035,labor-wages,million 1990$,692372.0
South Korea,2035,gdp-per-capita,thous 1990$ percap,26.13
South Korea,2035,gdp-per-capita-ppp,thous 1990$ percap,33.0155
South Korea,2035,labor-force,thous pers,22413.4
South Korea,2035,population,thous pers,50296.0
South Korea,2035,savings-rate,rate annual,0.308873
South Korea,2035,fac-share-labor,share,0.510067
South Korea,2035,fac-share-capital,share,0.289963
South Korea,2035,fac-share-energy,share,0.19997
South Korea,2035,energy-service,million 1990$,542264.0
South Korea,2035,total-factor-productivity,million 1990$,1.28409
South Korea,2040,GDP,million 1990$,1371680.0
South Korea,2040,energy-investment,million 1990$,199670.0
South Korea,2040,consumer-durable,million 1990$,25361.3
South Korea,2040,value-added,million 1990$,1121780.0
South Korea,2040,gross-output,million 1990$,1412760.0
South Korea,2040,savings,million 1990$,434897.0
South Korea,2040,investment,million 1990$,434897.0
South Korea,2040,capital-stock,million 1990$,4771340.0
South Korea,2040,depreciation,million 1990$,242746.0
South Korea,2040,energy-service-value,million 1990$,290986.0
South Korea,2040,energy-net-export,million 1990$,-41084.6
South Korea,2040,materials-net-export,million 1990$,41084.6
South Korea,2040,capital-net-export,million 1990$,0.0
South Korea,2040,labor-wages,million 1990$,724541.0
South Korea,2040,gdp-per-capita,thous 1990$ percap,27.8412
South Korea,2040,gdp-per-capita-ppp,thous 1990$ percap,35.1776
South Korea,2040,labor-force,thous pers,20277.0
South Korea,2040,population,thous pers,49268.0
South Korea,2040,savings-rate,rate annual,0.296161
South Korea,2040,fac-share-labor,share,0.512854
South Korea,2040,fac-share-capital,share,0.281176
South Korea,2040,fac-share-energy,share,0.20597
South Korea,2040,energy-service,million 1990$,551706.0
South Korea,2040,total-factor-productivity,million 1990$,1.39358
South Korea,2045,GDP,million 1990$,1413030.0
South Korea,2045,energy-investment,million 1990$,146463.0
South Korea,2045,consumer-durable,million 1990$,26508.6
South Korea,2045,value-added,million 1990$,1143670.0
South Korea,2045,gross-output,million 1990$,1452040.0
South Korea,2045,savings,million 1990$,436470.0
South Korea,2045,investment,million 1990$,436470.0
South Korea,2045,capital-stock,million 1990$,4607500.0
South Korea,2045,depreciation,million 1990$,247790.0
South Korea,2045,energy-service-value,million 1990$,308374.0
South Korea,2045,energy-net-export,million 1990$,-39012.6
South Korea,2045,materials-net-export,million 1990$,39012.6
South Korea,2045,capital-net-export,million 1990$,0.0
South Korea,2045,labor-wages,million 1990$,742560.0
South Korea,2045,gdp-per-capita,thous 1990$ percap,29.4614
South Korea,2045,gdp-per-capita-ppp,thous 1990$ percap,37.2248
South Korea,2045,labor-force,thous pers,18634.3
South Korea,2045,population,thous pers,47962.0
South Korea,2045,savings-rate,rate annual,0.283766
South Korea,2045,fac-share-labor,share,0.51139
South Korea,2045,fac-share-capital,share,0.276237
South Korea,2045,fac-share-energy,share,0.212373
South Korea,2045,energy-service,million 1990$,557472.0
South Korea,2045,total-factor-productivity,million 1990$,1.50701
South Korea,2050,GDP,million 1990$,1441440.0
South Korea,2050,energy-investment,million 1990$,161435.0
South Korea,2050,consumer-durable,million 1990$,22005.3
South Korea,2050,value-added,million 1990$,1157410.0
South Korea,2050,gross-output,million 1990$,1478750.0
South Korea,2050,savings,million 1990$,432114.0
South Korea,2050,investment,million 1990$,432114.0
South Korea,2050,capital-stock,million 1990$,4697020.0
South Korea,2050,depreciation,million 1990$,239282.0
South Korea,2050,energy-service-value,million 1990$,321339.0
South Korea,2050,energy-net-export,million 1990$,-37311.6
South Korea,2050,materials-net-export,million 1990$,37311.6
South Korea,2050,capital-net-export,million 1990$,0.0
South Korea,2050,labor-wages,million 1990$,760347.0
South Korea,2050,gdp-per-capita,thous 1990$ percap,30.9973
South Korea,2050,gdp-per-capita-ppp,thous 1990$ percap,39.1654
South Korea,2050,labor-force,thous pers,16971.6
South Korea,2050,population,thous pers,46502.0
South Korea,2050,savings-rate,rate annual,0.271832
South Korea,2050,fac-share-labor,share,0.514183
South Korea,2050,fac-share-capital,share,0.268512
South Korea,2050,fac-share-energy,share,0.217305
South Korea,2050,energy-service,million 1990$,559769.0
South Korea,2050,total-factor-productivity,million 1990$,1.60025
South Korea,2055,GDP,million 1990$,1454430.0
South Korea,2055,energy-investment,million 1990$,156978.0
South Korea,2055,consumer-durable,million 1990$,23384.2
South Korea,2055,value-added,million 1990$,1161820.0
South Korea,2055,gross-output,million 1990$,1490520.0
South Korea,2055,savings,million 1990$,423598.0
South Korea,2055,investment,million 1990$,423598.0
South Korea,2055,capital-stock,million 1990$,4680010.0
South Korea,2055,depreciation,million 1990$,243930.0
South Korea,2055,energy-service-value,million 1990$,328701.0
South Korea,2055,energy-net-export,million 1990$,-36085.3
South Korea,2055,materials-net-export,million 1990$,36085.3
South Korea,2055,capital-net-export,million 1990$,0.0
South Korea,2055,labor-wages,million 1990$,768918.0
South Korea,2055,gdp-per-capita,thous 1990$ percap,32.5704
South Korea,2055,gdp-per-capita-ppp,thous 1990$ percap,41.153
South Korea,2055,labor-force,thous pers,15727.6
South Korea,2055,population,thous pers,44655.0
South Korea,2055,savings-rate,rate annual,0.260983
South Korea,2055,fac-share-labor,share,0.515873
South Korea,2055,fac-share-capital,share,0.263599
South Korea,2055,fac-share-energy,share,0.220528
South Korea,2055,energy-service,million 1990$,552137.0
South Korea,2055,total-factor-productivity,million 1990$,1.68415
South Korea,2060,GDP,million 1990$,1453860.0
South Korea,2060,energy-investment,million 1990$,160065.0
South Korea,2060,consumer-durable,million 1990$,23094.5
South Korea,2060,value-added,million 1990$,1153180.0
South Korea,2060,gross-output,million 1990$,1487660.0
South Korea,2060,savings,million 1990$,411639.0
South Korea,2060,investment,million 1990$,411639.0
South Korea,2060,capital-stock,million 1990$,4626970.0
South Korea,2060,depreciation,million 1990$,243047.0
South Korea,2060,energy-service-value,million 1990$,334479.0
South Korea,2060,energy-net-export,million 1990$,-33797.8
South Korea,2060,materials-net-export,million 1990$,33797.8
South Korea,2060,capital-net-export,million 1990$,0.0
South Korea,2060,labor-wages,million 1990$,769772.0
South Korea,2060,gdp-per-capita,thous 1990$ percap,34.2005
South Korea,2060,gdp-per-capita-ppp,thous 1990$ percap,43.2126
South Korea,2060,labor-force,thous pers,14279.5
South Korea,2060,population,thous pers,42510.0
South Korea,2060,savings-rate,rate annual,0.251202
South Korea,2060,fac-share-labor,share,0.517438
South Korea,2060,fac-share-capital,share,0.257726
South Korea,2060,fac-share-energy,share,0.224836
South Korea,2060,energy-service,million 1990$,542151.0
South Korea,2060,total-factor-productivity,million 1990$,1.77942
South Korea,2065,GDP,million 1990$,1447530.0
South Korea,2065,energy-investment,million 1990$,150126.0
South Korea,2065,consumer-durable,million 1990$,21935.0
South Korea,2065,value-added,million 1990$,1140380.0
South Korea,2065,gross-output,million 1990$,1479120.0
South Korea,2065,savings,million 1990$,397258.0
South Korea,2065,investment,million 1990$,397258.0
South Korea,2065,capital-stock,million 1990$,4508910.0
South Korea,2065,depreciation,million 1990$,240292.0
South Korea,2065,energy-service-value,million 1990$,338732.0
South Korea,2065,energy-net-export,million 1990$,-31588.4
South Korea,2065,materials-net-export,million 1990$,31588.4
South Korea,2065,capital-net-export,million 1990$,0.0
South Korea,2065,labor-wages,million 1990$,766082.0
South Korea,2065,gdp-per-capita,thous 1990$ percap,35.9144
South Korea,2065,gdp-per-capita-ppp,thous 1990$ percap,45.3782
South Korea,2065,labor-force,thous pers,13051.1
South Korea,2065,population,thous pers,40305.0
South Korea,2065,savings-rate,rate annual,0.242485
South Korea,2065,fac-share-labor,share,0.517932
South Korea,2065,fac-share-capital,share,0.253058
South Korea,2065,fac-share-energy,share,0.22901
South Korea,2065,energy-service,million 1990$,530784.0
South Korea,2065,total-factor-productivity,million 1990$,1.87481
South Korea,2070,GDP,million 1990$,1434040.0
South Korea,2070,energy-investment,million 1990$,151266.0
South Korea,2070,consumer-durable,million 1990$,21236.0
South Korea,2070,value-added,million 1990$,1124760.0
South Korea,2070,gross-output,million 1990$,1463850.0
South Korea,2070,savings,million 1990$,382908.0
South Korea,2070,investment,million 1990$,382908.0
South Korea,2070,capital-stock,million 1990$,4403830.0
South Korea,2070,depreciation,million 1990$,234161.0
South Korea,2070,energy-service-value,million 1990$,339084.0
South Korea,2070,energy-net-export,million 1990$,-29811.4
South Korea,2070,materials-net-export,million 1990$,29811.4
South Korea,2070,capital-net-export,million 1990$,0.0
South Korea,2070,labor-wages,million 1990$,758878.0
South Korea,2070,gdp-per-capita,thous 1990$ percap,37.5549
South Korea,2070,gdp-per-capita-ppp,thous 1990$ percap,47.451
South Korea,2070,labor-force,thous pers,12194.1
South Korea,2070,population,thous pers,38185.0
South Korea,2070,savings-rate,rate annual,0.234066
South Korea,2070,fac-share-labor,share,0.518414
South Korea,2070,fac-share-capital,share,0.249947
South Korea,2070,fac-share-energy,share,0.231639
South Korea,2070,energy-service,million 1990$,518319.0
South Korea,2070,total-factor-productivity,million 1990$,1.94396
South Korea,2075,GDP,million 1990$,1413220.0
South Korea,2075,energy-investment,million 1990$,146091.0
South Korea,2075,consumer-durable,million 1990$,20113.0
South Korea,2075,value-added,million 1990$,1104030.0
South Korea,2075,gross-output,million 1990$,1441650.0
South Korea,2075,savings,million 1990$,367266.0
South Korea,2075,investment,million 1990$,367266.0
South Korea,2075,capital-stock,million 1990$,4250860.0
South Korea,2075,depreciation,million 1990$,228704.0
South Korea,2075,energy-service-value,million 1990$,337616.0
South Korea,2075,energy-net-export,million 1990$,-28423.3
South Korea,2075,materials-net-export,million 1990$,28423.3
South Korea,2075,capital-net-export,million 1990$,0.0
South Korea,2075,labor-wages,million 1990$,747000.0
South Korea,2075,gdp-per-capita,thous 1990$ percap,39.062
South Korea,2075,gdp-per-capita-ppp,thous 1990$ percap,49.3552
South Korea,2075,labor-force,thous pers,11433.3
South Korea,2075,population,thous pers,36179.0
South Korea,2075,savings-rate,rate annual,0.225753
South Korea,2075,fac-share-labor,share,0.518158
South Korea,2075,fac-share-capital,share,0.247654
South Korea,2075,fac-share-energy,share,0.234188
South Korea,2075,energy-service,million 1990$,504783.0
South Korea,2075,total-factor-productivity,million 1990$,2.00931
South Korea,2080,GDP,million 1990$,1385560.0
South Korea,2080,energy-investment,million 1990$,144556.0
South Korea,2080,consumer-durable,million 1990$,19570.2
South Korea,2080,value-added,million 1990$,1077470.0
South Korea,2080,gross-output,million 1990$,1412650.0
South Korea,2080,savings,million 1990$,350188.0
South Korea,2080,investment,million 1990$,350188.0
South Korea,2080,capital-stock,million 1990$,4085110.0
South Korea,2080,depreciation,million 1990$,220760.0
South Korea,2080,energy-service-value,million 1990$,335179.0
South Korea,2080,energy-net-export,million 1990$,-27088.4
South Korea,2080,materials-net-export,million 1990$,27088.4
South Korea,2080,capital-net-export,million 1990$,0.0
South Korea,2080,labor-wages,million 1990$,731543.0
South Korea,2080,gdp-per-capita,thous 1990$ percap,40.419
South Korea,2080,gdp-per-capita-ppp,thous 1990$ percap,51.0699
South Korea,2080,labor-force,thous pers,10603.7
South Korea,2080,population,thous pers,34280.0
South Korea,2080,savings-rate,rate annual,0.217558
South Korea,2080,fac-share-labor,share,0.51785
South Korea,2080,fac-share-capital,share,0.244881
South Korea,2080,fac-share-energy,share,0.237269
South Korea,2080,energy-service,million 1990$,490026.0
South Korea,2080,total-factor-productivity,million 1990$,2.08191
South Korea,2085,GDP,million 1990$,1353040.0
South Korea,2085,energy-investment,million 1990$,141197.0
South Korea,2085,consumer-durable,million 1990$,18759.3
South Korea,2085,value-added,million 1990$,1048650.0
South Korea,2085,gross-output,million 1990$,1378440.0
South Korea,2085,savings,million 1990$,331980.0
South Korea,2085,investment,million 1990$,331980.0
South Korea,2085,capital-stock,million 1990$,3885460.0
South Korea,2085,depreciation,million 1990$,212152.0
South Korea,2085,energy-service-value,million 1990$,329795.0
South Korea,2085,energy-net-export,million 1990$,-25399.2
South Korea,2085,materials-net-export,million 1990$,25399.2
South Korea,2085,capital-net-export,million 1990$,0.0
South Korea,2085,labor-wages,million 1990$,712294.0
South Korea,2085,gdp-per-capita,thous 1990$ percap,41.6372
South Korea,2085,gdp-per-capita-ppp,thous 1990$ percap,52.609
South Korea,2085,labor-force,thous pers,10038.0
South Korea,2085,population,thous pers,32496.0
South Korea,2085,savings-rate,rate annual,0.209582
South Korea,2085,fac-share-labor,share,0.516738
South Korea,2085,fac-share-capital,share,0.24401
South Korea,2085,fac-share-energy,share,0.239252
South Korea,2085,energy-service,million 1990$,474849.0
South Korea,2085,total-factor-productivity,million 1990$,2.1316
South Korea,2090,GDP,million 1990$,1316610.0
South Korea,2090,energy-investment,million 1990$,139061.0
South Korea,2090,consumer-durable,million 1990$,17852.3
South Korea,2090,value-added,million 1990$,1018840.0
South Korea,2090,gross-output,million 1990$,1340130.0
South Korea,2090,savings,million 1990$,313395.0
South Korea,2090,investment,million 1990$,313395.0
South Korea,2090,capital-stock,million 1990$,3667570.0
South Korea,2090,depreciation,million 1990$,201784.0
South Korea,2090,energy-service-value,million 1990$,321291.0
South Korea,2090,energy-net-export,million 1990$,-23527.9
South Korea,2090,materials-net-export,million 1990$,23527.9
South Korea,2090,capital-net-export,million 1990$,0.0
South Korea,2090,labor-wages,million 1990$,690137.0
South Korea,2090,gdp-per-capita,thous 1990$ percap,42.7831
South Korea,2090,gdp-per-capita-ppp,thous 1990$ percap,54.0569
South Korea,2090,labor-force,thous pers,9750.74
South Korea,2090,population,thous pers,30774.0
South Korea,2090,savings-rate,rate annual,0.202087
South Korea,2090,fac-share-labor,share,0.514976
South Korea,2090,fac-share-capital,share,0.245279
South Korea,2090,fac-share-energy,share,0.239746
South Korea,2090,energy-service,million 1990$,459510.0
South Korea,2090,total-factor-productivity,million 1990$,2.15039
South Korea,2095,GDP,million 1990$,1277110.0
South Korea,2095,energy-investment,million 1990$,134661.0
South Korea,2095,consumer-durable,million 1990$,17017.9
South Korea,2095,value-added,million 1990$,985911.0
South Korea,2095,gross-output,million 1990$,1298790.0
South Korea,2095,savings,million 1990$,295088.0
South Korea,2095,investment,million 1990$,295088.0
South Korea,2095,capital-stock,million 1990$,3431890.0
South Korea,2095,depreciation,million 1990$,190468.0
South Korea,2095,energy-service-value,million 1990$,312877.0
South Korea,2095,energy-net-export,million 1990$,-21674.2
South Korea,2095,materials-net-export,million 1990$,21674.2
South Korea,2095,capital-net-export,million 1990$,0.0
South Korea,2095,labor-wages,million 1990$,666012.0
South Korea,2095,gdp-per-capita,thous 1990$ percap,43.8961
South Korea,2095,gdp-per-capita-ppp,thous 1990$ percap,55.4632
South Korea,2095,labor-force,thous pers,9383.89
South Korea,2095,population,thous pers,29094.0
South Korea,2095,savings-rate,rate annual,0.195182
South Korea,2095,fac-share-labor,share,0.512795
South Korea,2095,fac-share-capital,share,0.246305
South Korea,2095,fac-share-energy,share,0.2409
South Korea,2095,energy-service,million 1990$,443799.0
South Korea,2095,total-factor-productivity,million 1990$,2.17865
South Korea,2100,GDP,million 1990$,1236220.0
South Korea,2100,energy-investment,million 1990$,130364.0
South Korea,2100,consumer-durable,million 1990$,16228.7
South Korea,2100,value-added,million 1990$,951647.0
South Korea,2100,gross-output,million 1990$,1256260.0
South Korea,2100,savings,million 1990$,277418.0
South Korea,2100,investment,million 1990$,277418.0
South Korea,2100,capital-stock,million 1990$,3195320.0
South Korea,2100,depreciation,million 1990$,178228.0
South Korea,2100,energy-service-value,million 1990$,304610.0
South Korea,2100,energy-net-export,million 1990$,-20037.7
South Korea,2100,materials-net-export,million 1990$,20037.7
South Korea,2100,capital-net-export,million 1990$,0.0
South Korea,2100,labor-wages,million 1990$,641169.0
South Korea,2100,gdp-per-capita,thous 1990$ percap,44.9028
South Korea,2100,gdp-per-capita-ppp,thous 1990$ percap,56.7352
South Korea,2100,labor-force,thous pers,8976.84
South Korea,2100,population,thous pers,27531.0
South Korea,2100,savings-rate,rate annual,0.188577
South Korea,2100,fac-share-labor,share,0.51038
South Korea,2100,fac-share-capital,share,0.247145
South Korea,2100,fac-share-energy,share,0.242475
South Korea,2100,energy-service,million 1990$,428119.0
South Korea,2100,total-factor-productivity,million 1990$,2.21314
Southeast Asia,1975,GDP,million 1990$,135183.0
Southeast Asia,1975,energy-investment,million 1990$,3831.16
Southeast Asia,1975,consumer-durable,million 1990$,0.141933
Southeast Asia,1975,value-added,million 1990$,115137.0
Southeast Asia,1975,gross-output,million 1990$,135185.0
Southeast Asia,1975,savings,million 1990$,30116.9
Southeast Asia,1975,investment,million 1990$,31605.5
Southeast Asia,1975,capital-stock,million 1990$,372972.0
Southeast Asia,1975,depreciation,million 1990$,19614.2
Southeast Asia,1975,energy-service-value,million 1990$,20048.5
Southeast Asia,1975,energy-net-export,million 1990$,-2.129
Southeast Asia,1975,materials-net-export,million 1990$,-1486.5
Southeast Asia,1975,capital-net-export,million 1990$,1488.63
Southeast Asia,1975,labor-wages,million 1990$,46869.1
Southeast Asia,1975,gdp-per-capita,thous 1990$ percap,0.65515
Southeast Asia,1975,gdp-per-capita-ppp,thous 1990$ percap,1.61895
Southeast Asia,1975,labor-force,thous pers,83178.1
Southeast Asia,1975,population,thous pers,206339.0
Southeast Asia,1975,savings-rate,rate annual,0.222786
Southeast Asia,1975,fac-share-labor,share,0.346703
Southeast Asia,1975,fac-share-capital,share,0.504993
Southeast Asia,1975,fac-share-energy,share,0.148304
Southeast Asia,1975,energy-service,million 1990$,2.129
Southeast Asia,1975,total-factor-productivity,million 1990$,0.0
Southeast Asia,1990,GDP,million 1990$,300125.0
Southeast Asia,1990,energy-investment,million 1990$,11039.1
Southeast Asia,1990,consumer-durable,million 1990$,6231.02
Southeast Asia,1990,value-added,million 1990$,271305.0
Southeast Asia,1990,gross-output,million 1990$,302803.0
Southeast Asia,1990,savings,million 1990$,30117.0
Southeast Asia,1990,investment,million 1990$,31510.0
Southeast Asia,1990,capital-stock,million 1990$,1022640.0
Southeast Asia,1990,depreciation,million 1990$,19614.2
Southeast Asia,1990,energy-service-value,million 1990$,31498.5
Southeast Asia,1990,energy-net-export,million 1990$,-2678.3
Southeast Asia,1990,materials-net-export,million 1990$,1285.36
Southeast Asia,1990,capital-net-export,million 1990$,1392.94
Southeast Asia,1990,labor-wages,million 1990$,96178.0
Southeast Asia,1990,gdp-per-capita,thous 1990$ percap,1.05
Southeast Asia,1990,gdp-per-capita-ppp,thous 1990$ percap,2.59468
Southeast Asia,1990,labor-force,thous pers,130793.0
Southeast Asia,1990,population,thous pers,285832.0
Southeast Asia,1990,savings-rate,rate annual,0.298907
Southeast Asia,1990,fac-share-labor,share,0.317625
Southeast Asia,1990,fac-share-capital,share,0.578352
Southeast Asia,1990,fac-share-energy,share,0.104023
Southeast Asia,1990,energy-service,million 1990$,120534.0
Southeast Asia,1990,total-factor-productivity,million 1990$,0.0
Southeast Asia,2005,GDP,million 1990$,633981.0
Southeast Asia,2005,energy-investment,million 1990$,20382.1
Southeast Asia,2005,consumer-durable,million 1990$,13731.7
Southeast Asia,2005,value-added,million 1990$,497671.0
Southeast Asia,2005,gross-output,million 1990$,643493.0
Southeast Asia,2005,savings,million 1990$,95940.5
Southeast Asia,2005,investment,million 1990$,78248.6
Southeast Asia,2005,capital-stock,million 1990$,2121810.0
Southeast Asia,2005,depreciation,million 1990$,47666.3
Southeast Asia,2005,energy-service-value,million 1990$,145822.0
Southeast Asia,2005,energy-net-export,million 1990$,-9511.96
Southeast Asia,2005,materials-net-export,million 1990$,27203.8
Southeast Asia,2005,capital-net-export,million 1990$,-17691.9
Southeast Asia,2005,labor-wages,million 1990$,192252.0
Southeast Asia,2005,gdp-per-capita,thous 1990$ percap,1.72502
Southeast Asia,2005,gdp-per-capita-ppp,thous 1990$ percap,4.26271
Southeast Asia,2005,labor-force,thous pers,178342.0
Southeast Asia,2005,population,thous pers,367521.0
Southeast Asia,2005,savings-rate,rate annual,0.272923
Southeast Asia,2005,fac-share-labor,share,0.298764
Southeast Asia,2005,fac-share-capital,share,0.474626
Southeast Asia,2005,fac-share-energy,share,0.22661
Southeast Asia,2005,energy-service,million 1990$,260744.0
Southeast Asia,2005,total-factor-productivity,million 1990$,0.0
Southeast Asia,2010,GDP,million 1990$,833987.0
Southeast Asia,2010,energy-investment,million 1990$,26486.8
Southeast Asia,2010,consumer-durable,million 1990$,20194.4
Southeast Asia,2010,value-added,million 1990$,671809.0
Southeast Asia,2010,gross-output,million 1990$,869261.0
Southeast Asia,2010,savings,million 1990$,186760.0
Southeast Asia,2010,investment,million 1990$,164435.0
Southeast Asia,2010,capital-stock,million 1990$,2654700.0
Southeast Asia,2010,depreciation,million 1990$,105543.0
Southeast Asia,2010,energy-service-value,million 1990$,197452.0
Southeast Asia,2010,energy-net-export,million 1990$,-35273.5
Southeast Asia,2010,materials-net-export,million 1990$,57598.0
Southeast Asia,2010,capital-net-export,million 1990$,-22324.5
Southeast Asia,2010,labor-wages,million 1990$,249262.0
Southeast Asia,2010,gdp-per-capita,thous 1990$ percap,2.13036
Southeast Asia,2010,gdp-per-capita-ppp,thous 1990$ percap,5.26435
Southeast Asia,2010,labor-force,thous pers,197142.0
Southeast Asia,2010,population,thous pers,391477.0
Southeast Asia,2010,savings-rate,rate annual,0.28302
Southeast Asia,2010,fac-share-labor,share,0.286752
Southeast Asia,2010,fac-share-capital,share,0.486099
Southeast Asia,2010,fac-share-energy,share,0.227149
Southeast Asia,2010,energy-service,million 1990$,360151.0
Southeast Asia,2010,total-factor-productivity,million 1990$,0.0
Southeast Asia,2015,GDP,million 1990$,1053500.0
Southeast Asia,2015,energy-investment,million 1990$,30777.7
Southeast Asia,2015,consumer-durable,million 1990$,30224.0
Southeast Asia,2015,value-added,million 1990$,867615.0
Southeast Asia,2015,gross-output,million 1990$,1110410.0
Southeast Asia,2015,savings,million 1990$,256229.0
Southeast Asia,2015,investment,million 1990$,240922.0
Southeast Asia,2015,capital-stock,million 1990$,3340560.0
Southeast Asia,2015,depreciation,million 1990$,143866.0
Southeast Asia,2015,energy-service-value,million 1990$,242797.0
Southeast Asia,2015,energy-net-export,million 1990$,-56912.4
Southeast Asia,2015,materials-net-export,million 1990$,72219.6
Southeast Asia,2015,capital-net-export,million 1990$,-15307.3
Southeast Asia,2015,labor-wages,million 1990$,311545.0
Southeast Asia,2015,gdp-per-capita,thous 1990$ percap,2.5377
Southeast Asia,2015,gdp-per-capita-ppp,thous 1990$ percap,6.27095
Southeast Asia,2015,labor-force,thous pers,211013.0
Southeast Asia,2015,population,thous pers,415139.0
Southeast Asia,2015,savings-rate,rate annual,0.276025
Southeast Asia,2015,fac-share-labor,share,0.280567
Southeast Asia,2015,fac-share-capital,share,0.500778
Southeast Asia,2015,fac-share-energy,share,0.218655
Southeast Asia,2015,energy-service,million 1990$,452275.0
Southeast Asia,2015,total-factor-productivity,million 1990$,0.0
Southeast Asia,2021,GDP,million 1990$,1269750.0
Southeast Asia,2021,energy-investment,million 1990$,37586.0
Southeast Asia,2021,consumer-durable,million 1990$,24381.7
Southeast Asia,2021,value-added,million 1990$,1087660.0
Southeast Asia,2021,gross-output,million 1990$,1312940.0
Southeast Asia,2021,savings,million 1990$,321016.0
Southeast Asia,2021,investment,million 1990$,306724.0
Southeast Asia,2021,capital-stock,million 1990$,4021550.0
Southeast Asia,2021,depreciation,million 1990$,202635.0
Southeast Asia,2021,energy-service-value,million 1990$,225272.0
Southeast Asia,2021,energy-net-export,million 1990$,-43186.7
Southeast Asia,2021,materials-net-export,million 1990$,57479.2
Southeast Asia,2021,capital-net-export,million 1990$,-14292.5
Southeast Asia,2021,labor-wages,million 1990$,372360.0
Southeast Asia,2021,gdp-per-capita,thous 1990$ percap,2.8736
Southeast Asia,2021,gdp-per-capita-ppp,thous 1990$ percap,7.10099
Southeast Asia,2021,labor-force,thous pers,223032.0
Southeast Asia,2021,population,thous pers,441867.0
Southeast Asia,2021,savings-rate,rate annual,0.279723
Southeast Asia,2021,fac-share-labor,share,0.283609
Southeast Asia,2021,fac-share-capital,share,0.544813
Southeast Asia,2021,fac-share-energy,share,0.171579
Southeast Asia,2021,energy-service,million 1990$,438718.0
Southeast Asia,2021,total-factor-productivity,million 1990$,0.0
Southeast Asia,2025,GDP,million 1990$,1493810.0
Southeast Asia,2025,energy-investment,million 1990$,100843.0
Southeast Asia,2025,consumer-durable,million 1990$,19660.1
Southeast Asia,2025,value-added,million 1990$,1275360.0
Southeast Asia,2025,gross-output,million 1990$,1545570.0
Southeast Asia,2025,savings,million 1990$,379560.0
Southeast Asia,2025,investment,million 1990$,369351.0
Southeast Asia,2025,capital-stock,million 1990$,4207950.0
Southeast Asia,2025,depreciation,million 1990$,256088.0
Southeast Asia,2025,energy-service-value,million 1990$,270204.0
Southeast Asia,2025,energy-net-export,million 1990$,-51753.6
Southeast Asia,2025,materials-net-export,million 1990$,61962.5
Southeast Asia,2025,capital-net-export,million 1990$,-10208.9
Southeast Asia,2025,labor-wages,million 1990$,437800.0
Southeast Asia,2025,gdp-per-capita,thous 1990$ percap,3.26256
Southeast Asia,2025,gdp-per-capita-ppp,thous 1990$ percap,8.06214
Southeast Asia,2025,labor-force,thous pers,230193.0
Southeast Asia,2025,population,thous pers,457865.0
Southeast Asia,2025,savings-rate,rate annual,0.280236
Southeast Asia,2025,fac-share-labor,share,0.283262
Southeast Asia,2025,fac-share-capital,share,0.541913
Southeast Asia,2025,fac-share-energy,share,0.174825
Southeast Asia,2025,energy-service,million 1990$,478095.0
Southeast Asia,2025,total-factor-productivity,million 1990$,1.12149
Southeast Asia,2030,GDP,million 1990$,1884490.0
Southeast Asia,2030,energy-investment,million 1990$,114469.0
Southeast Asia,2030,consumer-durable,million 1990$,29515.8
Southeast Asia,2030,value-added,million 1990$,1587380.0
Southeast Asia,2030,gross-output,million 1990$,1941350.0
Southeast Asia,2030,savings,million 1990$,447304.0
Southeast Asia,2030,investment,million 1990$,442200.0
Southeast Asia,2030,capital-stock,million 1990$,4444530.0
Southeast Asia,2030,depreciation,million 1990$,267958.0
Southeast Asia,2030,energy-service-value,million 1990$,353977.0
Southeast Asia,2030,energy-net-export,million 1990$,-56860.2
Southeast Asia,2030,materials-net-export,million 1990$,61964.6
Southeast Asia,2030,capital-net-export,million 1990$,-5104.47
Southeast Asia,2030,labor-wages,million 1990$,547280.0
Southeast Asia,2030,gdp-per-capita,thous 1990$ percap,3.96445
Southeast Asia,2030,gdp-per-capita-ppp,thous 1990$ percap,9.79659
Southeast Asia,2030,labor-force,thous pers,237824.0
Southeast Asia,2030,population,thous pers,475348.0
Southeast Asia,2030,savings-rate,rate annual,0.292209
Southeast Asia,2030,fac-share-labor,share,0.281906
Southeast Asia,2030,fac-share-capital,share,0.535758
Southeast Asia,2030,fac-share-energy,share,0.182335
Southeast Asia,2030,energy-service,million 1990$,555193.0
Southeast Asia,2030,total-factor-productivity,million 1990$,1.31952
Southeast Asia,2035,GDP,million 1990$,2309170.0
Southeast Asia,2035,energy-investment,million 1990$,130459.0
Southeast Asia,2035,consumer-durable,million 1990$,37627.7
Southeast Asia,2035,value-added,million 1990$,1934920.0
Southeast Asia,2035,gross-output,million 1990$,2371700.0
Southeast Asia,2035,savings,million 1990$,586851.0
Southeast Asia,2035,investment,million 1990$,586851.0
Southeast Asia,2035,capital-stock,million 1990$,5148240.0
Southeast Asia,2035,depreciation,million 1990$,283023.0
Southeast Asia,2035,energy-service-value,million 1990$,436785.0
Southeast Asia,2035,energy-net-export,million 1990$,-62535.4
Southeast Asia,2035,materials-net-export,million 1990$,62535.4
Southeast Asia,2035,capital-net-export,million 1990$,0.0
Southeast Asia,2035,labor-wages,million 1990$,683000.0
Southeast Asia,2035,gdp-per-capita,thous 1990$ percap,4.71584
Southeast Asia,2035,gdp-per-capita-ppp,thous 1990$ percap,11.6534
Southeast Asia,2035,labor-force,thous pers,244189.0
Southeast Asia,2035,population,thous pers,489662.0
Southeast Asia,2035,savings-rate,rate annual,0.299196
Southeast Asia,2035,fac-share-labor,share,0.287979
Southeast Asia,2035,fac-share-capital,share,0.527856
Southeast Asia,2035,fac-share-energy,share,0.184165
Southeast Asia,2035,energy-service,million 1990$,631869.0
Southeast Asia,2035,total-factor-productivity,million 1990$,1.44498
Southeast Asia,2040,GDP,million 1990$,2715800.0
Southeast Asia,2040,energy-investment,million 1990$,154494.0
Southeast Asia,2040,consumer-durable,million 1990$,37334.0
Southeast Asia,2040,value-added,million 1990$,2274850.0
Southeast Asia,2040,gross-output,million 1990$,2781890.0
Southeast Asia,2040,savings,million 1990$,735235.0
Southeast Asia,2040,investment,million 1990$,735235.0
Southeast Asia,2040,capital-stock,million 1990$,6201810.0
Southeast Asia,2040,depreciation,million 1990$,327835.0
Southeast Asia,2040,energy-service-value,million 1990$,507042.0
Southeast Asia,2040,energy-net-export,million 1990$,-66089.0
Southeast Asia,2040,materials-net-export,million 1990$,66089.0
Southeast Asia,2040,capital-net-export,million 1990$,0.0
Southeast Asia,2040,labor-wages,million 1990$,829572.0
Southeast Asia,2040,gdp-per-capita,thous 1990$ percap,5.42186
Southeast Asia,2040,gdp-per-capita-ppp,thous 1990$ percap,13.398
Southeast Asia,2040,labor-force,thous pers,248346.0
Southeast Asia,2040,population,thous pers,500899.0
Southeast Asia,2040,savings-rate,rate annual,0.299683
Southeast Asia,2040,fac-share-labor,share,0.298205
Southeast Asia,2040,fac-share-capital,share,0.51953
Southeast Asia,2040,fac-share-energy,share,0.182265
Southeast Asia,2040,energy-service,million 1990$,698358.0
Southeast Asia,2040,total-factor-productivity,million 1990$,1.50205
Southeast Asia,2045,GDP,million 1990$,3113780.0
Southeast Asia,2045,energy-investment,million 1990$,148577.0
Southeast Asia,2045,consumer-durable,million 1990$,39811.9
Southeast Asia,2045,value-added,million 1990$,2609810.0
Southeast Asia,2045,gross-output,million 1990$,3182360.0
Southeast Asia,2045,savings,million 1990$,866030.0
Southeast Asia,2045,investment,million 1990$,866030.0
Southeast Asia,2045,capital-stock,million 1990$,7431320.0
Southeast Asia,2045,depreciation,million 1990$,394925.0
Southeast Asia,2045,energy-service-value,million 1990$,572557.0
Southeast Asia,2045,energy-net-export,million 1990$,-68584.3
Southeast Asia,2045,materials-net-export,million 1990$,68584.3
Southeast Asia,2045,capital-net-export,million 1990$,0.0
Southeast Asia,2045,labor-wages,million 1990$,982965.0
Southeast Asia,2045,gdp-per-capita,thous 1990$ percap,6.11372
Southeast Asia,2045,gdp-per-capita-ppp,thous 1990$ percap,15.1077
Southeast Asia,2045,labor-force,thous pers,250787.0
Southeast Asia,2045,population,thous pers,509310.0
Southeast Asia,2045,savings-rate,rate annual,0.296928
Southeast Asia,2045,fac-share-labor,share,0.308879
Southeast Asia,2045,fac-share-capital,share,0.511205
Southeast Asia,2045,fac-share-energy,share,0.179916
Southeast Asia,2045,energy-service,million 1990$,760895.0
Southeast Asia,2045,total-factor-productivity,million 1990$,1.53666
Southeast Asia,2050,GDP,million 1990$,3510200.0
Southeast Asia,2050,energy-investment,million 1990$,158336.0
Southeast Asia,2050,consumer-durable,million 1990$,37481.8
Southeast Asia,2050,value-added,million 1990$,2945960.0
Southeast Asia,2050,gross-output,million 1990$,3581110.0
Southeast Asia,2050,savings,million 1990$,984358.0
Southeast Asia,2050,investment,million 1990$,984358.0
Southeast Asia,2050,capital-stock,million 1990$,8852220.0
Southeast Asia,2050,depreciation,million 1990$,473219.0
Southeast Asia,2050,energy-service-value,million 1990$,635154.0
Southeast Asia,2050,energy-net-export,million 1990$,-70911.1
Southeast Asia,2050,materials-net-export,million 1990$,70911.1
Southeast Asia,2050,capital-net-export,million 1990$,0.0
Southeast Asia,2050,labor-wages,million 1990$,1146510.0
Southeast Asia,2050,gdp-per-capita,thous 1990$ percap,6.81492
Southeast Asia,2050,gdp-per-capita-ppp,thous 1990$ percap,16.8404
Southeast Asia,2050,labor-force,thous pers,250307.0
Southeast Asia,2050,population,thous pers,515076.0
Southeast Asia,2050,savings-rate,rate annual,0.292605
Southeast Asia,2050,fac-share-labor,share,0.320155
Southeast Asia,2050,fac-share-capital,share,0.502483
Southeast Asia,2050,fac-share-energy,share,0.177362
Southeast Asia,2050,energy-service,million 1990$,818053.0
Southeast Asia,2050,total-factor-productivity,million 1990$,1.56305
Southeast Asia,2055,GDP,million 1990$,3912120.0
Southeast Asia,2055,energy-investment,million 1990$,163107.0
Southeast Asia,2055,consumer-durable,million 1990$,43803.9
Southeast Asia,2055,value-added,million 1990$,3286870.0
Southeast Asia,2055,gross-output,million 1990$,3985060.0
Southeast Asia,2055,savings,million 1990$,1094500.0
Southeast Asia,2055,investment,million 1990$,1094500.0
Southeast Asia,2055,capital-stock,million 1990$,10327000.0
Southeast Asia,2055,depreciation,million 1990$,563701.0
Southeast Asia,2055,energy-service-value,million 1990$,698188.0
Southeast Asia,2055,energy-net-export,million 1990$,-72936.2
Southeast Asia,2055,materials-net-export,million 1990$,72936.2
Southeast Asia,2055,capital-net-export,million 1990$,0.0
Southeast Asia,2055,labor-wages,million 1990$,1317720.0
Southeast Asia,2055,gdp-per-capita,thous 1990$ percap,7.54932
Southeast Asia,2055,gdp-per-capita-ppp,thous 1990$ percap,18.6552
Southeast Asia,2055,labor-force,thous pers,247952.0
Southeast Asia,2055,population,thous pers,518208.0
Southeast Asia,2055,savings-rate,rate annual,0.287748
Southeast Asia,2055,fac-share-labor,share,0.330666
Southeast Asia,2055,fac-share-capital,share,0.494132
Southeast Asia,2055,fac-share-energy,share,0.175202
Southeast Asia,2055,energy-service,million 1990$,868401.0
Southeast Asia,2055,total-factor-productivity,million 1990$,1.59884
Southeast Asia,2060,GDP,million 1990$,4324220.0
Southeast Asia,2060,energy-investment,million 1990$,171461.0
Southeast Asia,2060,consumer-durable,million 1990$,45293.7
Southeast Asia,2060,value-added,million 1990$,3633410.0
Southeast Asia,2060,gross-output,million 1990$,4399340.0
Southeast Asia,2060,savings,million 1990$,1200820.0
Southeast Asia,2060,investment,million 1990$,1200820.0
Southeast Asia,2060,capital-stock,million 1990$,11807600.0
Southeast Asia,2060,depreciation,million 1990$,657613.0
Southeast Asia,2060,energy-service-value,million 1990$,765938.0
Southeast Asia,2060,energy-net-export,million 1990$,-75122.6
Southeast Asia,2060,materials-net-export,million 1990$,75122.6
Southeast Asia,2060,capital-net-export,million 1990$,0.0
Southeast Asia,2060,labor-wages,million 1990$,1496210.0
Southeast Asia,2060,gdp-per-capita,thous 1990$ percap,8.33632
Southeast Asia,2060,gdp-per-capita-ppp,thous 1990$ percap,20.6
Southeast Asia,2060,labor-force,thous pers,243901.0
Southeast Asia,2060,population,thous pers,518721.0
Southeast Asia,2060,savings-rate,rate annual,0.282906
Southeast Asia,2060,fac-share-labor,share,0.340099
Southeast Asia,2060,fac-share-capital,share,0.485799
Southeast Asia,2060,fac-share-energy,share,0.174103
Southeast Asia,2060,energy-service,million 1990$,919887.0
Southeast Asia,2060,total-factor-productivity,million 1990$,1.64543
Southeast Asia,2065,GDP,million 1990$,4748150.0
Southeast Asia,2065,energy-investment,million 1990$,174755.0
Southeast Asia,2065,consumer-durable,million 1990$,46590.3
Southeast Asia,2065,value-added,million 1990$,3988780.0
Southeast Asia,2065,gross-output,million 1990$,4825250.0
Southeast Asia,2065,savings,million 1990$,1306380.0
Southeast Asia,2065,investment,million 1990$,1306380.0
Southeast Asia,2065,capital-stock,million 1990$,13294400.0
Southeast Asia,2065,depreciation,million 1990$,751893.0
Southeast Asia,2065,energy-service-value,million 1990$,836466.0
Southeast Asia,2065,energy-net-export,million 1990$,-77100.4
Southeast Asia,2065,materials-net-export,million 1990$,77100.4
Southeast Asia,2065,capital-net-export,million 1990$,0.0
Southeast Asia,2065,labor-wages,million 1990$,1681900.0
Southeast Asia,2065,gdp-per-capita,thous 1990$ percap,9.18269
Southeast Asia,2065,gdp-per-capita-ppp,thous 1990$ percap,22.6914
Southeast Asia,2065,labor-force,thous pers,239864.0
Southeast Asia,2065,population,thous pers,517076.0
Southeast Asia,2065,savings-rate,rate annual,0.278194
Southeast Asia,2065,fac-share-labor,share,0.348563
Southeast Asia,2065,fac-share-capital,share,0.478085
Southeast Asia,2065,fac-share-energy,share,0.173352
Southeast Asia,2065,energy-service,million 1990$,968757.0
Southeast Asia,2065,total-factor-productivity,million 1990$,1.69893
Southeast Asia,2070,GDP,million 1990$,5172600.0
Southeast Asia,2070,energy-investment,million 1990$,174993.0
Southeast Asia,2070,consumer-durable,million 1990$,49891.0
Southeast Asia,2070,value-added,million 1990$,4346340.0
Southeast Asia,2070,gross-output,million 1990$,5253120.0
Southeast Asia,2070,savings,million 1990$,1412080.0
Southeast Asia,2070,investment,million 1990$,1412080.0
Southeast Asia,2070,capital-stock,million 1990$,14809600.0
Southeast Asia,2070,depreciation,million 1990$,846576.0
Southeast Asia,2070,energy-service-value,million 1990$,906776.0
Southeast Asia,2070,energy-net-export,million 1990$,-80519.0
Southeast Asia,2070,materials-net-export,million 1990$,80519.0
Southeast Asia,2070,capital-net-export,million 1990$,0.0
Southeast Asia,2070,labor-wages,million 1990$,1873350.0
Southeast Asia,2070,gdp-per-capita,thous 1990$ percap,10.0693
Southeast Asia,2070,gdp-per-capita-ppp,thous 1990$ percap,24.8824
Southeast Asia,2070,labor-force,thous pers,235202.0
Southeast Asia,2070,population,thous pers,513698.0
Southeast Asia,2070,savings-rate,rate annual,0.273272
Southeast Asia,2070,fac-share-labor,share,0.356616
Southeast Asia,2070,fac-share-capital,share,0.470767
Southeast Asia,2070,fac-share-energy,share,0.172617
Southeast Asia,2070,energy-service,million 1990$,1011600.0
Southeast Asia,2070,total-factor-productivity,million 1990$,1.75627
Southeast Asia,2075,GDP,million 1990$,5589720.0
Southeast Asia,2075,energy-investment,million 1990$,172107.0
Southeast Asia,2075,consumer-durable,million 1990$,51079.6
Southeast Asia,2075,value-added,million 1990$,4698490.0
Southeast Asia,2075,gross-output,million 1990$,5675230.0
Southeast Asia,2075,savings,million 1990$,1512850.0
Southeast Asia,2075,investment,million 1990$,1512850.0
Southeast Asia,2075,capital-stock,million 1990$,16328000.0
Southeast Asia,2075,depreciation,million 1990$,943059.0
Southeast Asia,2075,energy-service-value,million 1990$,976740.0
Southeast Asia,2075,energy-net-export,million 1990$,-85511.4
Southeast Asia,2075,materials-net-export,million 1990$,85511.4
Southeast Asia,2075,capital-net-export,million 1990$,0.0
Southeast Asia,2075,labor-wages,million 1990$,2067950.0
Southeast Asia,2075,gdp-per-capita,thous 1990$ percap,10.9883
Southeast Asia,2075,gdp-per-capita-ppp,thous 1990$ percap,27.1532
Southeast Asia,2075,labor-force,thous pers,229175.0
Southeast Asia,2075,population,thous pers,508698.0
Southeast Asia,2075,savings-rate,rate annual,0.268115
Southeast Asia,2075,fac-share-labor,share,0.364382
Southeast Asia,2075,fac-share-capital,share,0.463513
Southeast Asia,2075,fac-share-energy,share,0.172106
Southeast Asia,2075,energy-service,million 1990$,1049330.0
Southeast Asia,2075,total-factor-productivity,million 1990$,1.81835
Southeast Asia,2080,GDP,million 1990$,5997940.0
Southeast Asia,2080,energy-investment,million 1990$,177203.0
Southeast Asia,2080,consumer-durable,million 1990$,52989.2
Southeast Asia,2080,value-added,million 1990$,5043030.0
Southeast Asia,2080,gross-output,million 1990$,6088740.0
Southeast Asia,2080,savings,million 1990$,1606020.0
Southeast Asia,2080,investment,million 1990$,1606020.0
Southeast Asia,2080,capital-stock,million 1990$,17838400.0
Southeast Asia,2080,depreciation,million 1990$,1039750.0
Southeast Asia,2080,energy-service-value,million 1990$,1045710.0
Southeast Asia,2080,energy-net-export,million 1990$,-90794.9
Southeast Asia,2080,materials-net-export,million 1990$,90794.9
Southeast Asia,2080,capital-net-export,million 1990$,0.0
Southeast Asia,2080,labor-wages,million 1990$,2264730.0
Southeast Asia,2080,gdp-per-capita,thous 1990$ percap,11.9392
Southeast Asia,2080,gdp-per-capita-ppp,thous 1990$ percap,29.5032
Southeast Asia,2080,labor-force,thous pers,221881.0
Southeast Asia,2080,population,thous pers,502372.0
Southeast Asia,2080,savings-rate,rate annual,0.262834
Southeast Asia,2080,fac-share-labor,share,0.371953
Southeast Asia,2080,fac-share-capital,share,0.456302
Southeast Asia,2080,fac-share-energy,share,0.171745
Southeast Asia,2080,energy-service,million 1990$,1080950.0
Southeast Asia,2080,total-factor-productivity,million 1990$,1.88584
Southeast Asia,2085,GDP,million 1990$,6401610.0
Southeast Asia,2085,energy-investment,million 1990$,185532.0
Southeast Asia,2085,consumer-durable,million 1990$,54249.8
Southeast Asia,2085,value-added,million 1990$,5377280.0
Southeast Asia,2085,gross-output,million 1990$,6491970.0
Southeast Asia,2085,savings,million 1990$,1691630.0
Southeast Asia,2085,investment,million 1990$,1691630.0
Southeast Asia,2085,capital-stock,million 1990$,19271500.0
Southeast Asia,2085,depreciation,million 1990$,1135930.0
Southeast Asia,2085,energy-service-value,million 1990$,1114690.0
Southeast Asia,2085,energy-net-export,million 1990$,-90358.8
Southeast Asia,2085,materials-net-export,million 1990$,90358.8
Southeast Asia,2085,capital-net-export,million 1990$,0.0
Southeast Asia,2085,labor-wages,million 1990$,2460460.0
Southeast Asia,2085,gdp-per-capita,thous 1990$ percap,12.9392
Southeast Asia,2085,gdp-per-capita-ppp,thous 1990$ percap,31.9742
Southeast Asia,2085,labor-force,thous pers,213850.0
Southeast Asia,2085,population,thous pers,494746.0
Southeast Asia,2085,savings-rate,rate annual,0.257718
Southeast Asia,2085,fac-share-labor,share,0.379001
Southeast Asia,2085,fac-share-capital,share,0.449297
Southeast Asia,2085,fac-share-energy,share,0.171703
Southeast Asia,2085,energy-service,million 1990$,1108240.0
Southeast Asia,2085,total-factor-productivity,million 1990$,1.96025
Southeast Asia,2090,GDP,million 1990$,6805790.0
Southeast Asia,2090,energy-investment,million 1990$,189257.0
Southeast Asia,2090,consumer-durable,million 1990$,55443.5
Southeast Asia,2090,value-added,million 1990$,5710370.0
Southeast Asia,2090,gross-output,million 1990$,6895230.0
Southeast Asia,2090,savings,million 1990$,1772740.0
Southeast Asia,2090,investment,million 1990$,1772740.0
Southeast Asia,2090,capital-stock,million 1990$,20617600.0
Southeast Asia,2090,depreciation,million 1990$,1227190.0
Southeast Asia,2090,energy-service-value,million 1990$,1184860.0
Southeast Asia,2090,energy-net-export,million 1990$,-89441.3
Southeast Asia,2090,materials-net-export,million 1990$,89441.3
Southeast Asia,2090,capital-net-export,million 1990$,0.0
Southeast Asia,2090,labor-wages,million 1990$,2657320.0
Southeast Asia,2090,gdp-per-capita,thous 1990$ percap,13.9996
Southeast Asia,2090,gdp-per-capita-ppp,thous 1990$ percap,34.5945
Southeast Asia,2090,labor-force,thous pers,206102.0
Southeast Asia,2090,population,thous pers,486142.0
Southeast Asia,2090,savings-rate,rate annual,0.252894
Southeast Asia,2090,fac-share-labor,share,0.385386
Southeast Asia,2090,fac-share-capital,share,0.442776
Southeast Asia,2090,fac-share-energy,share,0.171838
Southeast Asia,2090,energy-service,million 1990$,1132030.0
Southeast Asia,2090,total-factor-productivity,million 1990$,2.04148
Southeast Asia,2095,GDP,million 1990$,7215350.0
Southeast Asia,2095,energy-investment,million 1990$,190336.0
Southeast Asia,2095,consumer-durable,million 1990$,56606.9
Southeast Asia,2095,value-added,million 1990$,6047470.0
Southeast Asia,2095,gross-output,million 1990$,7303650.0
Southeast Asia,2095,savings,million 1990$,1851830.0
Southeast Asia,2095,investment,million 1990$,1851830.0
Southeast Asia,2095,capital-stock,million 1990$,21912900.0
Southeast Asia,2095,depreciation,million 1990$,1312910.0
Southeast Asia,2095,energy-service-value,million 1990$,1256180.0
Southeast Asia,2095,energy-net-export,million 1990$,-88303.3
Southeast Asia,2095,materials-net-export,million 1990$,88303.3
Southeast Asia,2095,capital-net-export,million 1990$,0.0
Southeast Asia,2095,labor-wages,million 1990$,2858290.0
Southeast Asia,2095,gdp-per-capita,thous 1990$ percap,15.1302
Southeast Asia,2095,gdp-per-capita-ppp,thous 1990$ percap,37.3883
Southeast Asia,2095,labor-force,thous pers,198681.0
Southeast Asia,2095,population,thous pers,476885.0
Southeast Asia,2095,savings-rate,rate annual,0.248417
Southeast Asia,2095,fac-share-labor,share,0.391351
Southeast Asia,2095,fac-share-capital,share,0.436656
Southeast Asia,2095,fac-share-energy,share,0.171993
Southeast Asia,2095,energy-service,million 1990$,1151830.0
Southeast Asia,2095,total-factor-productivity,million 1990$,2.12907
Southeast Asia,2100,GDP,million 1990$,7631010.0
Southeast Asia,2100,energy-investment,million 1990$,190355.0
Southeast Asia,2100,consumer-durable,million 1990$,57160.9
Southeast Asia,2100,value-added,million 1990$,6389250.0
Southeast Asia,2100,gross-output,million 1990$,7717370.0
Southeast Asia,2100,savings,million 1990$,1930960.0
Southeast Asia,2100,investment,million 1990$,1930960.0
Southeast Asia,2100,capital-stock,million 1990$,23183600.0
Southeast Asia,2100,depreciation,million 1990$,1395390.0
Southeast Asia,2100,energy-service-value,million 1990$,1328120.0
Southeast Asia,2100,energy-net-export,million 1990$,-86356.0
Southeast Asia,2100,materials-net-export,million 1990$,86356.0
Southeast Asia,2100,capital-net-export,million 1990$,0.0
Southeast Asia,2100,labor-wages,million 1990$,3064440.0
Southeast Asia,2100,gdp-per-capita,thous 1990$ percap,16.3315
Southeast Asia,2100,gdp-per-capita-ppp,thous 1990$ percap,40.357
Southeast Asia,2100,labor-force,thous pers,191477.0
Southeast Asia,2100,population,thous pers,467257.0
Southeast Asia,2100,savings-rate,rate annual,0.244226
Southeast Asia,2100,fac-share-labor,share,0.397084
Southeast Asia,2100,fac-share-capital,share,0.430822
Southeast Asia,2100,fac-share-energy,share,0.172095
Southeast Asia,2100,energy-service,million 1990$,1167320.0
Southeast Asia,2100,total-factor-productivity,million 1990$,2.22242
Taiwan,1975,GDP,million 1990$,9641.0
Taiwan,1975,energy-investment,million 1990$,221.756
Taiwan,1975,consumer-durable,million 1990$,0.141933
Taiwan,1975,value-added,million 1990$,9160.97
Taiwan,1975,gross-output,million 1990$,9643.13
Taiwan,1975,savings,million 1990$,1925.71
Taiwan,1975,investment,million 1990$,3274.54
Taiwan,1975,capital-stock,million 1990$,28470.5
Taiwan,1975,depreciation,million 1990$,1466.34
Taiwan,1975,energy-service-value,million 1990$,482.156
Taiwan,1975,energy-net-export,million 1990$,-2.129
Taiwan,1975,materials-net-export,million 1990$,-1346.7
Taiwan,1975,capital-net-export,million 1990$,1348.83
Taiwan,1975,labor-wages,million 1990$,6849.28
Taiwan,1975,gdp-per-capita,thous 1990$ percap,0.582467
Taiwan,1975,gdp-per-capita-ppp,thous 1990$ percap,1.11852
Taiwan,1975,labor-force,thous pers,6040.17
Taiwan,1975,population,thous pers,16552.0
Taiwan,1975,savings-rate,rate annual,0.199742
Taiwan,1975,fac-share-labor,share,0.710275
Taiwan,1975,fac-share-capital,share,0.239725
Taiwan,1975,fac-share-energy,share,0.05
Taiwan,1975,energy-service,million 1990$,2.129
Taiwan,1975,total-factor-productivity,million 1990$,0.0
Taiwan,1990,GDP,million 1990$,100887.0
Taiwan,1990,energy-investment,million 1990$,2370.84
Taiwan,1990,consumer-durable,million 1990$,2069.37
Taiwan,1990,value-added,million 1990$,100398.0
Taiwan,1990,gross-output,million 1990$,105682.0
Taiwan,1990,savings,million 1990$,1925.85
Taiwan,1990,investment,million 1990$,13231.0
Taiwan,1990,capital-stock,million 1990$,326993.0
Taiwan,1990,depreciation,million 1990$,1466.34
Taiwan,1990,energy-service-value,million 1990$,5284.12
Taiwan,1990,energy-net-export,million 1990$,-4795.36
Taiwan,1990,materials-net-export,million 1990$,-6509.76
Taiwan,1990,capital-net-export,million 1990$,11305.1
Taiwan,1990,labor-wages,million 1990$,71741.7
Taiwan,1990,gdp-per-capita,thous 1990$ percap,4.90076
Taiwan,1990,gdp-per-capita-ppp,thous 1990$ percap,9.41097
Taiwan,1990,labor-force,thous pers,8830.59
Taiwan,1990,population,thous pers,20586.0
Taiwan,1990,savings-rate,rate annual,0.234957
Taiwan,1990,fac-share-labor,share,0.678843
Taiwan,1990,fac-share-capital,share,0.271157
Taiwan,1990,fac-share-energy,share,0.05
Taiwan,1990,energy-service,million 1990$,39750.3
Taiwan,1990,total-factor-productivity,million 1990$,0.0
Taiwan,2005,GDP,million 1990$,228997.0
Taiwan,2005,energy-investment,million 1990$,5767.48
Taiwan,2005,consumer-durable,million 1990$,3930.28
Taiwan,2005,value-added,million 1990$,214278.0
Taiwan,2005,gross-output,million 1990$,242686.0
Taiwan,2005,savings,million 1990$,25773.5
Taiwan,2005,investment,million 1990$,43704.2
Taiwan,2005,capital-stock,million 1990$,881160.0
Taiwan,2005,depreciation,million 1990$,16198.9
Taiwan,2005,energy-service-value,million 1990$,28407.9
Taiwan,2005,energy-net-export,million 1990$,-13688.8
Taiwan,2005,materials-net-export,million 1990$,-4241.93
Taiwan,2005,capital-net-export,million 1990$,17930.7
Taiwan,2005,labor-wages,million 1990$,163141.0
Taiwan,2005,gdp-per-capita,thous 1990$ percap,10.0455
Taiwan,2005,gdp-per-capita-ppp,thous 1990$ percap,19.2905
Taiwan,2005,labor-force,thous pers,10360.0
Taiwan,2005,population,thous pers,22796.0
Taiwan,2005,savings-rate,rate annual,0.243812
Taiwan,2005,fac-share-labor,share,0.67223
Taiwan,2005,fac-share-capital,share,0.210714
Taiwan,2005,fac-share-energy,share,0.117056
Taiwan,2005,energy-service,million 1990$,81628.4
Taiwan,2005,total-factor-productivity,million 1990$,0.0
Taiwan,2010,GDP,million 1990$,267497.0
Taiwan,2010,energy-investment,million 1990$,4284.58
Taiwan,2010,consumer-durable,million 1990$,3807.82
Taiwan,2010,value-added,million 1990$,237950.0
Taiwan,2010,gross-output,million 1990$,294216.0
Taiwan,2010,savings,million 1990$,59762.5
Taiwan,2010,investment,million 1990$,57754.2
Taiwan,2010,capital-stock,million 1990$,968078.0
Taiwan,2010,depreciation,million 1990$,49054.2
Taiwan,2010,energy-service-value,million 1990$,56266.1
Taiwan,2010,energy-net-export,million 1990$,-26718.9
Taiwan,2010,materials-net-export,million 1990$,28727.2
Taiwan,2010,capital-net-export,million 1990$,-2008.29
Taiwan,2010,labor-wages,million 1990$,180778.0
Taiwan,2010,gdp-per-capita,thous 1990$ percap,11.5885
Taiwan,2010,gdp-per-capita-ppp,thous 1990$ percap,22.2535
Taiwan,2010,labor-force,thous pers,10868.2
Taiwan,2010,population,thous pers,23083.0
Taiwan,2010,savings-rate,rate annual,0.27963
Taiwan,2010,fac-share-labor,share,0.614441
Taiwan,2010,fac-share-capital,share,0.194318
Taiwan,2010,fac-share-energy,share,0.191241
Taiwan,2010,energy-service,million 1990$,89041.9
Taiwan,2010,total-factor-productivity,million 1990$,0.0
Taiwan,2015,GDP,million 1990$,324472.0
Taiwan,2015,energy-investment,million 1990$,7550.75
Taiwan,2015,consumer-durable,million 1990$,4885.71
Taiwan,2015,value-added,million 1990$,295826.0
Taiwan,2015,gross-output,million 1990$,355401.0
Taiwan,2015,savings,million 1990$,78608.0
Taiwan,2015,investment,million 1990$,70612.1
Taiwan,2015,capital-stock,million 1990$,1092910.0
Taiwan,2015,depreciation,million 1990$,57037.2
Taiwan,2015,energy-service-value,million 1990$,59575.5
Taiwan,2015,energy-net-export,million 1990$,-30929.4
Taiwan,2015,materials-net-export,million 1990$,38925.3
Taiwan,2015,capital-net-export,million 1990$,-7995.9
Taiwan,2015,labor-wages,million 1990$,211205.0
Taiwan,2015,gdp-per-capita,thous 1990$ percap,13.8003
Taiwan,2015,gdp-per-capita-ppp,thous 1990$ percap,26.5008
Taiwan,2015,labor-force,thous pers,11630.4
Taiwan,2015,population,thous pers,23512.0
Taiwan,2015,savings-rate,rate annual,0.264502
Taiwan,2015,fac-share-labor,share,0.594273
Taiwan,2015,fac-share-capital,share,0.238098
Taiwan,2015,fac-share-energy,share,0.167629
Taiwan,2015,energy-service,million 1990$,94245.2
Taiwan,2015,total-factor-productivity,million 1990$,0.0
Taiwan,2021,GDP,million 1990$,390469.0
Taiwan,2021,energy-investment,million 1990$,8681.87
Taiwan,2021,consumer-durable,million 1990$,4415.5
Taiwan,2021,value-added,million 1990$,355295.0
Taiwan,2021,gross-output,million 1990$,410137.0
Taiwan,2021,savings,million 1990$,90709.2
Taiwan,2021,investment,million 1990$,79084.6
Taiwan,2021,capital-stock,million 1990$,1302820.0
Taiwan,2021,depreciation,million 1990$,69113.8
Taiwan,2021,energy-service-value,million 1990$,54841.3
Taiwan,2021,energy-net-export,million 1990$,-19667.5
Taiwan,2021,materials-net-export,million 1990$,31292.2
Taiwan,2021,capital-net-export,million 1990$,-11624.6
Taiwan,2021,labor-wages,million 1990$,254164.0
Taiwan,2021,gdp-per-capita,thous 1990$ percap,16.365
Taiwan,2021,gdp-per-capita-ppp,thous 1990$ percap,31.4259
Taiwan,2021,labor-force,thous pers,11915.7
Taiwan,2021,population,thous pers,23860.0
Taiwan,2021,savings-rate,rate annual,0.258947
Taiwan,2021,fac-share-labor,share,0.619706
Taiwan,2021,fac-share-capital,share,0.246579
Taiwan,2021,fac-share-energy,share,0.133715
Taiwan,2021,energy-service,million 1990$,87958.2
Taiwan,2021,total-factor-productivity,million 1990$,0.0
Taiwan,2025,GDP,million 1990$,439906.0
Taiwan,2025,energy-investment,million 1990$,11652.8
Taiwan,2025,consumer-durable,million 1990$,2658.48
Taiwan,2025,value-added,million 1990$,397549.0
Taiwan,2025,gross-output,million 1990$,459912.0
Taiwan,2025,savings,million 1990$,105526.0
Taiwan,2025,investment,million 1990$,97223.0
Taiwan,2025,capital-stock,million 1990$,1301450.0
Taiwan,2025,depreciation,million 1990$,84505.0
Taiwan,2025,energy-service-value,million 1990$,62363.5
Taiwan,2025,energy-net-export,million 1990$,-20006.4
Taiwan,2025,materials-net-export,million 1990$,28309.7
Taiwan,2025,capital-net-export,million 1990$,-8303.31
Taiwan,2025,labor-wages,million 1990$,285579.0
Taiwan,2025,gdp-per-capita,thous 1990$ percap,18.6346
Taiwan,2025,gdp-per-capita-ppp,thous 1990$ percap,35.7841
Taiwan,2025,labor-force,thous pers,11333.0
Taiwan,2025,population,thous pers,23607.0
Taiwan,2025,savings-rate,rate annual,0.262179
Taiwan,2025,fac-share-labor,share,0.620941
Taiwan,2025,fac-share-capital,share,0.24346
Taiwan,2025,fac-share-energy,share,0.135599
Taiwan,2025,energy-service,million 1990$,87615.7
Taiwan,2025,total-factor-productivity,million 1990$,1.15769
Taiwan,2030,GDP,million 1990$,492855.0
Taiwan,2030,energy-investment,million 1990$,11810.5
Taiwan,2030,consumer-durable,million 1990$,3702.23
Taiwan,2030,value-added,million 1990$,441063.0
Taiwan,2030,gross-output,million 1990$,512051.0
Taiwan,2030,savings,million 1990$,120308.0
Taiwan,2030,investment,million 1990$,116157.0
Taiwan,2030,capital-stock,million 1990$,1378000.0
Taiwan,2030,depreciation,million 1990$,84415.7
Taiwan,2030,energy-service-value,million 1990$,70988.7
Taiwan,2030,energy-net-export,million 1990$,-19196.4
Taiwan,2030,materials-net-export,million 1990$,23348.1
Taiwan,2030,capital-net-export,million 1990$,-4151.66
Taiwan,2030,labor-wages,million 1990$,320111.0
Taiwan,2030,gdp-per-capita,thous 1990$ percap,21.2465
Taiwan,2030,gdp-per-capita-ppp,thous 1990$ percap,40.7999
Taiwan,2030,labor-force,thous pers,10607.8
Taiwan,2030,population,thous pers,23197.0
Taiwan,2030,savings-rate,rate annual,0.265276
Taiwan,2030,fac-share-labor,share,0.625153
Taiwan,2030,fac-share-capital,share,0.236211
Taiwan,2030,fac-share-energy,share,0.138636
Taiwan,2030,energy-service,million 1990$,89338.8
Taiwan,2030,total-factor-productivity,million 1990$,1.32134
Taiwan,2035,GDP,million 1990$,523612.0
Taiwan,2035,energy-investment,million 1990$,10675.5
Taiwan,2035,consumer-durable,million 1990$,4513.33
Taiwan,2035,value-added,million 1990$,465842.0
Taiwan,2035,gross-output,million 1990$,541895.0
Taiwan,2035,savings,million 1990$,136316.0
Taiwan,2035,investment,million 1990$,136316.0
Taiwan,2035,capital-stock,million 1990$,1516010.0
Taiwan,2035,depreciation,million 1990$,89381.2
Taiwan,2035,energy-service-value,million 1990$,76053.5
Taiwan,2035,energy-net-export,million 1990$,-18283.3
Taiwan,2035,materials-net-export,million 1990$,18283.3
Taiwan,2035,capital-net-export,million 1990$,0.0
Taiwan,2035,labor-wages,million 1990$,342618.0
Taiwan,2035,gdp-per-capita,thous 1990$ percap,23.1083
Taiwan,2035,gdp-per-capita-ppp,thous 1990$ percap,44.3752
Taiwan,2035,labor-force,thous pers,9900.1
Taiwan,2035,population,thous pers,22659.0
Taiwan,2035,savings-rate,rate annual,0.260457
Taiwan,2035,fac-share-labor,share,0.63226
Taiwan,2035,fac-share-capital,share,0.227393
Taiwan,2035,fac-share-energy,share,0.140347
Taiwan,2035,energy-service,million 1990$,89676.8
Taiwan,2035,total-factor-productivity,million 1990$,1.42768
Taiwan,2040,GDP,million 1990$,527061.0
Taiwan,2040,energy-investment,million 1990$,15143.3
Taiwan,2040,consumer-durable,million 1990$,4042.06
Taiwan,2040,value-added,million 1990$,467145.0
Taiwan,2040,gross-output,million 1990$,544299.0
Taiwan,2040,savings,million 1990$,142300.0
Taiwan,2040,investment,million 1990$,142300.0
Taiwan,2040,capital-stock,million 1990$,1642400.0
Taiwan,2040,depreciation,million 1990$,98332.8
Taiwan,2040,energy-service-value,million 1990$,77153.8
Taiwan,2040,energy-net-export,million 1990$,-17238.2
Taiwan,2040,materials-net-export,million 1990$,17238.2
Taiwan,2040,capital-net-export,million 1990$,0.0
Taiwan,2040,labor-wages,million 1990$,347815.0
Taiwan,2040,gdp-per-capita,thous 1990$ percap,24.0086
Taiwan,2040,gdp-per-capita-ppp,thous 1990$ percap,46.104
Taiwan,2040,labor-force,thous pers,9165.29
Taiwan,2040,population,thous pers,21953.0
Taiwan,2040,savings-rate,rate annual,0.249132
Taiwan,2040,fac-share-labor,share,0.639015
Taiwan,2040,fac-share-capital,share,0.219236
Taiwan,2040,fac-share-energy,share,0.141749
Taiwan,2040,energy-service,million 1990$,88508.1
Taiwan,2040,total-factor-productivity,million 1990$,1.48212
Taiwan,2045,GDP,million 1990$,527061.0
Taiwan,2045,energy-investment,million 1990$,13216.8
Taiwan,2045,consumer-durable,million 1990$,4092.03
Taiwan,2045,value-added,million 1990$,464695.0
Taiwan,2045,gross-output,million 1990$,543315.0
Taiwan,2045,savings,million 1990$,137268.0
Taiwan,2045,investment,million 1990$,137268.0
Taiwan,2045,capital-stock,million 1990$,1693140.0
Taiwan,2045,depreciation,million 1990$,106531.0
Taiwan,2045,energy-service-value,million 1990$,78620.4
Taiwan,2045,energy-net-export,million 1990$,-16254.0
Taiwan,2045,materials-net-export,million 1990$,16254.0
Taiwan,2045,capital-net-export,million 1990$,0.0
Taiwan,2045,labor-wages,million 1990$,349313.0
Taiwan,2045,gdp-per-capita,thous 1990$ percap,24.9591
Taiwan,2045,gdp-per-capita-ppp,thous 1990$ percap,47.9292
Taiwan,2045,labor-force,thous pers,8325.86
Taiwan,2045,population,thous pers,21117.0
Taiwan,2045,savings-rate,rate annual,0.239118
Taiwan,2045,fac-share-labor,share,0.642929
Taiwan,2045,fac-share-capital,share,0.212366
Taiwan,2045,fac-share-energy,share,0.144705
Taiwan,2045,energy-service,million 1990$,87101.6
Taiwan,2045,total-factor-productivity,million 1990$,1.56669
Taiwan,2050,GDP,million 1990$,527061.0
Taiwan,2050,energy-investment,million 1990$,12045.9
Taiwan,2050,consumer-durable,million 1990$,3146.75
Taiwan,2050,value-added,million 1990$,462332.0
Taiwan,2050,gross-output,million 1990$,542626.0
Taiwan,2050,savings,million 1990$,131990.0
Taiwan,2050,investment,million 1990$,131990.0
Taiwan,2050,capital-stock,million 1990$,1714480.0
Taiwan,2050,depreciation,million 1990$,109822.0
Taiwan,2050,energy-service-value,million 1990$,80293.9
Taiwan,2050,energy-net-export,million 1990$,-15564.6
Taiwan,2050,materials-net-export,million 1990$,15564.6
Taiwan,2050,capital-net-export,million 1990$,0.0
Taiwan,2050,labor-wages,million 1990$,350475.0
Taiwan,2050,gdp-per-capita,thous 1990$ percap,26.0637
Taiwan,2050,gdp-per-capita-ppp,thous 1990$ percap,50.0505
Taiwan,2050,labor-force,thous pers,7518.74
Taiwan,2050,population,thous pers,20222.0
Taiwan,2050,savings-rate,rate annual,0.230857
Taiwan,2050,fac-share-labor,share,0.645888
Taiwan,2050,fac-share-capital,share,0.20614
Taiwan,2050,fac-share-energy,share,0.147973
Taiwan,2050,energy-service,million 1990$,85241.8
Taiwan,2050,total-factor-productivity,million 1990$,1.67187
Taiwan,2055,GDP,million 1990$,527061.0
Taiwan,2055,energy-investment,million 1990$,10581.9
Taiwan,2055,consumer-durable,million 1990$,3391.53
Taiwan,2055,value-added,million 1990$,460786.0
Taiwan,2055,gross-output,million 1990$,542236.0
Taiwan,2055,savings,million 1990$,127636.0
Taiwan,2055,investment,million 1990$,127636.0
Taiwan,2055,capital-stock,million 1990$,1719910.0
Taiwan,2055,depreciation,million 1990$,111206.0
Taiwan,2055,energy-service-value,million 1990$,81449.8
Taiwan,2055,energy-net-export,million 1990$,-15174.7
Taiwan,2055,materials-net-export,million 1990$,15174.7
Taiwan,2055,capital-net-export,million 1990$,0.0
Taiwan,2055,labor-wages,million 1990$,351592.0
Taiwan,2055,gdp-per-capita,thous 1990$ percap,27.3883
Taiwan,2055,gdp-per-capita-ppp,thous 1990$ percap,52.5941
Taiwan,2055,labor-force,thous pers,6887.18
Taiwan,2055,population,thous pers,19244.0
Taiwan,2055,savings-rate,rate annual,0.224433
Taiwan,2055,fac-share-labor,share,0.648411
Taiwan,2055,fac-share-capital,share,0.201378
Taiwan,2055,fac-share-energy,share,0.150211
Taiwan,2055,energy-service,million 1990$,82665.6
Taiwan,2055,total-factor-productivity,million 1990$,1.77523
Taiwan,2060,GDP,million 1990$,527061.0
Taiwan,2060,energy-investment,million 1990$,10968.9
Taiwan,2060,consumer-durable,million 1990$,3199.04
Taiwan,2060,value-added,million 1990$,458954.0
Taiwan,2060,gross-output,million 1990$,541535.0
Taiwan,2060,savings,million 1990$,124250.0
Taiwan,2060,investment,million 1990$,124250.0
Taiwan,2060,capital-stock,million 1990$,1714280.0
Taiwan,2060,depreciation,million 1990$,111559.0
Taiwan,2060,energy-service-value,million 1990$,82580.7
Taiwan,2060,energy-net-export,million 1990$,-14473.9
Taiwan,2060,materials-net-export,million 1990$,14473.9
Taiwan,2060,capital-net-export,million 1990$,0.0
Taiwan,2060,labor-wages,million 1990$,352236.0
Taiwan,2060,gdp-per-capita,thous 1990$ percap,28.8896
Taiwan,2060,gdp-per-capita-ppp,thous 1990$ percap,55.4769
Taiwan,2060,labor-force,thous pers,6320.67
Taiwan,2060,population,thous pers,18244.0
Taiwan,2060,savings-rate,rate annual,0.219278
Taiwan,2060,fac-share-labor,share,0.65044
Taiwan,2060,fac-share-capital,share,0.197066
Taiwan,2060,fac-share-energy,share,0.152494
Taiwan,2060,energy-service,million 1990$,80149.5
Taiwan,2060,total-factor-productivity,million 1990$,1.8846
Taiwan,2065,GDP,million 1990$,527061.0
Taiwan,2065,energy-investment,million 1990$,10855.6
Taiwan,2065,consumer-durable,million 1990$,2972.14
Taiwan,2065,value-added,million 1990$,457218.0
Taiwan,2065,gross-output,million 1990$,540704.0
Taiwan,2065,savings,million 1990$,121533.0
Taiwan,2065,investment,million 1990$,121533.0
Taiwan,2065,capital-stock,million 1990$,1697470.0
Taiwan,2065,depreciation,million 1990$,111194.0
Taiwan,2065,energy-service-value,million 1990$,83486.5
Taiwan,2065,energy-net-export,million 1990$,-13643.2
Taiwan,2065,materials-net-export,million 1990$,13643.2
Taiwan,2065,capital-net-export,million 1990$,0.0
Taiwan,2065,labor-wages,million 1990$,352499.0
Taiwan,2065,gdp-per-capita,thous 1990$ percap,30.5118
Taiwan,2065,gdp-per-capita-ppp,thous 1990$ percap,58.5921
Taiwan,2065,labor-force,thous pers,5861.53
Taiwan,2065,population,thous pers,17274.0
Taiwan,2065,savings-rate,rate annual,0.214871
Taiwan,2065,fac-share-labor,share,0.651927
Taiwan,2065,fac-share-capital,share,0.19367
Taiwan,2065,fac-share-energy,share,0.154403
Taiwan,2065,energy-service,million 1990$,77711.8
Taiwan,2065,total-factor-productivity,million 1990$,1.98964
Taiwan,2070,GDP,million 1990$,527061.0
Taiwan,2070,energy-investment,million 1990$,10017.7
Taiwan,2070,consumer-durable,million 1990$,2968.9
Taiwan,2070,value-added,million 1990$,456360.0
Taiwan,2070,gross-output,million 1990$,540083.0
Taiwan,2070,savings,million 1990$,119210.0
Taiwan,2070,investment,million 1990$,119210.0
Taiwan,2070,capital-stock,million 1990$,1676740.0
Taiwan,2070,depreciation,million 1990$,110103.0
Taiwan,2070,energy-service-value,million 1990$,83723.4
Taiwan,2070,energy-net-export,million 1990$,-13022.5
Taiwan,2070,materials-net-export,million 1990$,13022.5
Taiwan,2070,capital-net-export,million 1990$,0.0
Taiwan,2070,labor-wages,million 1990$,352804.0
Taiwan,2070,gdp-per-capita,thous 1990$ percap,32.2717
Taiwan,2070,gdp-per-capita-ppp,thous 1990$ percap,61.9716
Taiwan,2070,labor-force,thous pers,5562.42
Taiwan,2070,population,thous pers,16332.0
Taiwan,2070,savings-rate,rate annual,0.211159
Taiwan,2070,fac-share-labor,share,0.65324
Taiwan,2070,fac-share-capital,share,0.19174
Taiwan,2070,fac-share-energy,share,0.155019
Taiwan,2070,energy-service,million 1990$,75127.8
Taiwan,2070,total-factor-productivity,million 1990$,2.07215
Taiwan,2075,GDP,million 1990$,527061.0
Taiwan,2075,energy-investment,million 1990$,8951.47
Taiwan,2075,consumer-durable,million 1990$,2752.55
Taiwan,2075,value-added,million 1990$,456001.0
Taiwan,2075,gross-output,million 1990$,539530.0
Taiwan,2075,savings,million 1990$,117254.0
Taiwan,2075,investment,million 1990$,117254.0
Taiwan,2075,capital-stock,million 1990$,1657010.0
Taiwan,2075,depreciation,million 1990$,108758.0
Taiwan,2075,energy-service-value,million 1990$,83528.8
Taiwan,2075,energy-net-export,million 1990$,-12468.9
Taiwan,2075,materials-net-export,million 1990$,12468.9
Taiwan,2075,capital-net-export,million 1990$,0.0
Taiwan,2075,labor-wages,million 1990$,353176.0
Taiwan,2075,gdp-per-capita,thous 1990$ percap,34.156
Taiwan,2075,gdp-per-capita-ppp,thous 1990$ percap,65.5901
Taiwan,2075,labor-force,thous pers,5350.04
Taiwan,2075,population,thous pers,15431.0
Taiwan,2075,savings-rate,rate annual,0.20795
Taiwan,2075,fac-share-labor,share,0.654599
Taiwan,2075,fac-share-capital,share,0.190583
Taiwan,2075,fac-share-energy,share,0.154818
Taiwan,2075,energy-service,million 1990$,72480.0
Taiwan,2075,total-factor-productivity,million 1990$,2.14007
Taiwan,2080,GDP,million 1990$,527061.0
Taiwan,2080,energy-investment,million 1990$,9063.72
Taiwan,2080,consumer-durable,million 1990$,2690.89
Taiwan,2080,value-added,million 1990$,455490.0
Taiwan,2080,gross-output,million 1990$,539063.0
Taiwan,2080,savings,million 1990$,115562.0
Taiwan,2080,investment,million 1990$,115562.0
Taiwan,2080,capital-stock,million 1990$,1641110.0
Taiwan,2080,depreciation,million 1990$,107479.0
Taiwan,2080,energy-service-value,million 1990$,83572.9
Taiwan,2080,energy-net-export,million 1990$,-12002.2
Taiwan,2080,materials-net-export,million 1990$,12002.2
Taiwan,2080,capital-net-export,million 1990$,0.0
Taiwan,2080,labor-wages,million 1990$,353694.0
Taiwan,2080,gdp-per-capita,thous 1990$ percap,36.0902
Taiwan,2080,gdp-per-capita-ppp,thous 1990$ percap,69.3043
Taiwan,2080,labor-force,thous pers,5098.93
Taiwan,2080,population,thous pers,14604.0
Taiwan,2080,savings-rate,rate annual,0.204832
Taiwan,2080,fac-share-labor,share,0.656128
Taiwan,2080,fac-share-capital,share,0.188839
Taiwan,2080,fac-share-energy,share,0.155034
Taiwan,2080,energy-service,million 1990$,69906.7
Taiwan,2080,total-factor-productivity,million 1990$,2.22311
Taiwan,2085,GDP,million 1990$,527061.0
Taiwan,2085,energy-investment,million 1990$,9375.0
Taiwan,2085,consumer-durable,million 1990$,2587.29
Taiwan,2085,value-added,million 1990$,454733.0
Taiwan,2085,gross-output,million 1990$,538511.0
Taiwan,2085,savings,million 1990$,113919.0
Taiwan,2085,investment,million 1990$,113919.0
Taiwan,2085,capital-stock,million 1990$,1622300.0
Taiwan,2085,depreciation,million 1990$,106447.0
Taiwan,2085,energy-service-value,million 1990$,83778.3
Taiwan,2085,energy-net-export,million 1990$,-11450.4
Taiwan,2085,materials-net-export,million 1990$,11450.4
Taiwan,2085,capital-net-export,million 1990$,0.0
Taiwan,2085,labor-wages,million 1990$,354044.0
Taiwan,2085,gdp-per-capita,thous 1990$ percap,38.0056
Taiwan,2085,gdp-per-capita-ppp,thous 1990$ percap,72.9824
Taiwan,2085,labor-force,thous pers,4844.19
Taiwan,2085,population,thous pers,13868.0
Taiwan,2085,savings-rate,rate annual,0.201536
Taiwan,2085,fac-share-labor,share,0.657449
Taiwan,2085,fac-share-capital,share,0.186978
Taiwan,2085,fac-share-energy,share,0.155574
Taiwan,2085,energy-service,million 1990$,67557.8
Taiwan,2085,total-factor-productivity,million 1990$,2.3141
Taiwan,2090,GDP,million 1990$,527061.0
Taiwan,2090,energy-investment,million 1990$,9432.01
Taiwan,2090,consumer-durable,million 1990$,2489.51
Taiwan,2090,value-added,million 1990$,454155.0
Taiwan,2090,gross-output,million 1990$,537908.0
Taiwan,2090,savings,million 1990$,112182.0
Taiwan,2090,investment,million 1990$,112182.0
Taiwan,2090,capital-stock,million 1990$,1600310.0
Taiwan,2090,depreciation,million 1990$,105227.0
Taiwan,2090,energy-service-value,million 1990$,83753.3
Taiwan,2090,energy-net-export,million 1990$,-10846.8
Taiwan,2090,materials-net-export,million 1990$,10846.8
Taiwan,2090,capital-net-export,million 1990$,0.0
Taiwan,2090,labor-wages,million 1990$,354189.0
Taiwan,2090,gdp-per-capita,thous 1990$ percap,39.8715
Taiwan,2090,gdp-per-capita-ppp,thous 1990$ percap,76.5656
Taiwan,2090,labor-force,thous pers,4658.64
Taiwan,2090,population,thous pers,13219.0
Taiwan,2090,savings-rate,rate annual,0.198022
Taiwan,2090,fac-share-labor,share,0.658456
Taiwan,2090,fac-share-capital,share,0.185842
Taiwan,2090,fac-share-energy,share,0.155702
Taiwan,2090,energy-service,million 1990$,65463.1
Taiwan,2090,total-factor-productivity,million 1990$,2.3894
Taiwan,2095,GDP,million 1990$,527061.0
Taiwan,2095,energy-investment,million 1990$,9114.48
Taiwan,2095,consumer-durable,million 1990$,2424.96
Taiwan,2095,value-added,million 1990$,453426.0
Taiwan,2095,gross-output,million 1990$,537347.0
Taiwan,2095,savings,million 1990$,110330.0
Taiwan,2095,investment,million 1990$,110330.0
Taiwan,2095,capital-stock,million 1990$,1576620.0
Taiwan,2095,depreciation,million 1990$,103801.0
Taiwan,2095,energy-service-value,million 1990$,83920.4
Taiwan,2095,energy-net-export,million 1990$,-10285.7
Taiwan,2095,materials-net-export,million 1990$,10285.7
Taiwan,2095,capital-net-export,million 1990$,0.0
Taiwan,2095,labor-wages,million 1990$,354263.0
Taiwan,2095,gdp-per-capita,thous 1990$ percap,41.6583
Taiwan,2095,gdp-per-capita-ppp,thous 1990$ percap,79.9969
Taiwan,2095,labor-force,thous pers,4464.89
Taiwan,2095,population,thous pers,12652.0
Taiwan,2095,savings-rate,rate annual,0.194269
Taiwan,2095,fac-share-labor,share,0.659282
Taiwan,2095,fac-share-capital,share,0.184543
Taiwan,2095,fac-share-energy,share,0.156176
Taiwan,2095,energy-service,million 1990$,63577.1
Taiwan,2095,total-factor-productivity,million 1990$,2.47269
Taiwan,2100,GDP,million 1990$,527061.0
Taiwan,2100,energy-investment,million 1990$,8631.36
Taiwan,2100,consumer-durable,million 1990$,2333.29
Taiwan,2100,value-added,million 1990$,452675.0
Taiwan,2100,gross-output,million 1990$,536860.0
Taiwan,2100,savings,million 1990$,108352.0
Taiwan,2100,investment,million 1990$,108352.0
Taiwan,2100,capital-stock,million 1990$,1552680.0
Taiwan,2100,depreciation,million 1990$,102264.0
Taiwan,2100,energy-service-value,million 1990$,84185.6
Taiwan,2100,energy-net-export,million 1990$,-9799.18
Taiwan,2100,materials-net-export,million 1990$,9799.18
Taiwan,2100,capital-net-export,million 1990$,0.0
Taiwan,2100,labor-wages,million 1990$,354363.0
Taiwan,2100,gdp-per-capita,thous 1990$ percap,43.3688
Taiwan,2100,gdp-per-capita-ppp,thous 1990$ percap,83.2815
Taiwan,2100,labor-force,thous pers,4268.41
Taiwan,2100,population,thous pers,12153.0
Taiwan,2100,savings-rate,rate annual,0.190378
Taiwan,2100,fac-share-labor,share,0.660066
Taiwan,2100,fac-share-capital,share,0.183123
Taiwan,2100,fac-share-energy,share,0.156811
Taiwan,2100,energy-service,million 1990$,61765.9
Taiwan,2100,total-factor-productivity,million 1990$,2.56363
Argentina,1975,GDP,million 1990$,172945.0
Argentina,1975,energy-investment,million 1990$,6454.38
Argentina,1975,consumer-durable,million 1990$,0.141933
Argentina,1975,value-added,million 1990$,124663.0
Argentina,1975,gross-output,million 1990$,172947.0
Argentina,1975,savings,million 1990$,26457.3
Argentina,1975,investment,million 1990$,25678.5
Argentina,1975,capital-stock,million 1990$,299155.0
Argentina,1975,depreciation,million 1990$,11780.7
Argentina,1975,energy-service-value,million 1990$,48284.0
Argentina,1975,energy-net-export,million 1990$,-2.129
Argentina,1975,materials-net-export,million 1990$,780.894
Argentina,1975,capital-net-export,million 1990$,-778.765
Argentina,1975,labor-wages,million 1990$,76352.1
Argentina,1975,gdp-per-capita,thous 1990$ percap,6.68361
Argentina,1975,gdp-per-capita-ppp,thous 1990$ percap,8.13181
Argentina,1975,labor-force,thous pers,9757.32
Argentina,1975,population,thous pers,25876.0
Argentina,1975,savings-rate,rate annual,0.152981
Argentina,1975,fac-share-labor,share,0.441477
Argentina,1975,fac-share-capital,share,0.279339
Argentina,1975,fac-share-energy,share,0.279184
Argentina,1975,energy-service,million 1990$,2.129
Argentina,1975,total-factor-productivity,million 1990$,0.0
Argentina,1990,GDP,million 1990$,172885.0
Argentina,1990,energy-investment,million 1990$,3368.69
Argentina,1990,consumer-durable,million 1990$,5399.51
Argentina,1990,value-added,million 1990$,131163.0
Argentina,1990,gross-output,million 1990$,172289.0
Argentina,1990,savings,million 1990$,26457.4
Argentina,1990,investment,million 1990$,14906.0
Argentina,1990,capital-stock,million 1990$,431601.0
Argentina,1990,depreciation,million 1990$,11780.7
Argentina,1990,energy-service-value,million 1990$,41126.5
Argentina,1990,energy-net-export,million 1990$,595.679
Argentina,1990,materials-net-export,million 1990$,10955.8
Argentina,1990,capital-net-export,million 1990$,-11551.5
Argentina,1990,labor-wages,million 1990$,76325.8
Argentina,1990,gdp-per-capita,thous 1990$ percap,5.29705
Argentina,1990,gdp-per-capita-ppp,thous 1990$ percap,6.44481
Argentina,1990,labor-force,thous pers,12359.2
Argentina,1990,population,thous pers,32638.0
Argentina,1990,savings-rate,rate annual,0.144336
Argentina,1990,fac-share-labor,share,0.44301
Argentina,1990,fac-share-capital,share,0.318284
Argentina,1990,fac-share-energy,share,0.238706
Argentina,1990,energy-service,million 1990$,48219.0
Argentina,1990,total-factor-productivity,million 1990$,0.0
Argentina,2005,GDP,million 1990$,287642.0
Argentina,2005,energy-investment,million 1990$,9325.64
Argentina,2005,consumer-durable,million 1990$,8780.18
Argentina,2005,value-added,million 1990$,214972.0
Argentina,2005,gross-output,million 1990$,284504.0
Argentina,2005,savings,million 1990$,30353.0
Argentina,2005,investment,million 1990$,12109.8
Argentina,2005,capital-stock,million 1990$,610131.0
Argentina,2005,depreciation,million 1990$,14450.4
Argentina,2005,energy-service-value,million 1990$,69531.9
Argentina,2005,energy-net-export,million 1990$,3138.14
Argentina,2005,materials-net-export,million 1990$,15105.1
Argentina,2005,capital-net-export,million 1990$,-18243.3
Argentina,2005,labor-wages,million 1990$,97412.9
Argentina,2005,gdp-per-capita,thous 1990$ percap,7.36203
Argentina,2005,gdp-per-capita-ppp,thous 1990$ percap,8.95724
Argentina,2005,labor-force,thous pers,16150.7
Argentina,2005,population,thous pers,39071.0
Argentina,2005,savings-rate,rate annual,0.205303
Argentina,2005,fac-share-labor,share,0.342396
Argentina,2005,fac-share-capital,share,0.413207
Argentina,2005,fac-share-energy,share,0.244397
Argentina,2005,energy-service,million 1990$,79687.0
Argentina,2005,total-factor-productivity,million 1990$,0.0
Argentina,2010,GDP,million 1990$,365247.0
Argentina,2010,energy-investment,million 1990$,5228.3
Argentina,2010,consumer-durable,million 1990$,13389.9
Argentina,2010,value-added,million 1990$,323468.0
Argentina,2010,gross-output,million 1990$,364320.0
Argentina,2010,savings,million 1990$,67833.9
Argentina,2010,investment,million 1990$,57605.3
Argentina,2010,capital-stock,million 1990$,861246.0
Argentina,2010,depreciation,million 1990$,19585.2
Argentina,2010,energy-service-value,million 1990$,40852.4
Argentina,2010,energy-net-export,million 1990$,926.505
Argentina,2010,materials-net-export,million 1990$,9302.16
Argentina,2010,capital-net-export,million 1990$,-10228.7
Argentina,2010,labor-wages,million 1990$,160772.0
Argentina,2010,gdp-per-capita,thous 1990$ percap,8.88679
Argentina,2010,gdp-per-capita-ppp,thous 1990$ percap,10.8124
Argentina,2010,labor-force,thous pers,18372.6
Argentina,2010,population,thous pers,41100.0
Argentina,2010,savings-rate,rate annual,0.184537
Argentina,2010,fac-share-labor,share,0.441293
Argentina,2010,fac-share-capital,share,0.446574
Argentina,2010,fac-share-energy,share,0.112133
Argentina,2010,energy-service,million 1990$,108096.0
Argentina,2010,total-factor-productivity,million 1990$,0.0
Argentina,2015,GDP,million 1990$,393008.0
Argentina,2015,energy-investment,million 1990$,5633.92
Argentina,2015,consumer-durable,million 1990$,15264.7
Argentina,2015,value-added,million 1990$,353776.0
Argentina,2015,gross-output,million 1990$,395817.0
Argentina,2015,savings,million 1990$,80791.5
Argentina,2015,investment,million 1990$,82555.1
Argentina,2015,capital-stock,million 1990$,1007140.0
Argentina,2015,depreciation,million 1990$,30133.3
Argentina,2015,energy-service-value,million 1990$,42041.5
Argentina,2015,energy-net-export,million 1990$,-2809.34
Argentina,2015,materials-net-export,million 1990$,1045.78
Argentina,2015,capital-net-export,million 1990$,1763.55
Argentina,2015,labor-wages,million 1990$,213905.0
Argentina,2015,gdp-per-capita,thous 1990$ percap,9.08542
Argentina,2015,gdp-per-capita-ppp,thous 1990$ percap,11.054
Argentina,2015,labor-force,thous pers,19707.2
Argentina,2015,population,thous pers,43257.0
Argentina,2015,savings-rate,rate annual,0.148128
Argentina,2015,fac-share-labor,share,0.540415
Argentina,2015,fac-share-capital,share,0.353371
Argentina,2015,fac-share-energy,share,0.106214
Argentina,2015,energy-service,million 1990$,130727.0
Argentina,2015,total-factor-productivity,million 1990$,0.0
Argentina,2021,GDP,million 1990$,350305.0
Argentina,2021,energy-investment,million 1990$,5805.24
Argentina,2021,consumer-durable,million 1990$,12699.9
Argentina,2021,value-added,million 1990$,332126.0
Argentina,2021,gross-output,million 1990$,350412.0
Argentina,2021,savings,million 1990$,73480.2
Argentina,2021,investment,million 1990$,81418.7
Argentina,2021,capital-stock,million 1990$,931641.0
Argentina,2021,depreciation,million 1990$,38041.8
Argentina,2021,energy-service-value,million 1990$,18286.0
Argentina,2021,energy-net-export,million 1990$,-107.465
Argentina,2021,materials-net-export,million 1990$,-7831.06
Argentina,2021,capital-net-export,million 1990$,7938.52
Argentina,2021,labor-wages,million 1990$,190663.0
Argentina,2021,gdp-per-capita,thous 1990$ percap,7.73693
Argentina,2021,gdp-per-capita-ppp,thous 1990$ percap,9.41337
Argentina,2021,labor-force,thous pers,20265.2
Argentina,2021,population,thous pers,45277.0
Argentina,2021,savings-rate,rate annual,0.153765
Argentina,2021,fac-share-labor,share,0.54411
Argentina,2021,fac-share-capital,share,0.403706
Argentina,2021,fac-share-energy,share,0.0521843
Argentina,2021,energy-service,million 1990$,115601.0
Argentina,2021,total-factor-productivity,million 1990$,0.0
Argentina,2025,GDP,million 1990$,390615.0
Argentina,2025,energy-investment,million 1990$,31753.4
Argentina,2025,consumer-durable,million 1990$,9645.39
Argentina,2025,value-added,million 1990$,370291.0
Argentina,2025,gross-output,million 1990$,391186.0
Argentina,2025,savings,million 1990$,66564.6
Argentina,2025,investment,million 1990$,72235.0
Argentina,2025,capital-stock,million 1990$,999938.0
Argentina,2025,depreciation,million 1990$,35643.6
Argentina,2025,energy-service-value,million 1990$,20894.9
Argentina,2025,energy-net-export,million 1990$,-570.74
Argentina,2025,materials-net-export,million 1990$,-5099.63
Argentina,2025,capital-net-export,million 1990$,5670.37
Argentina,2025,labor-wages,million 1990$,213590.0
Argentina,2025,gdp-per-capita,thous 1990$ percap,8.4567
Argentina,2025,gdp-per-capita-ppp,thous 1990$ percap,10.2891
Argentina,2025,labor-force,thous pers,20950.3
Argentina,2025,population,thous pers,46190.0
Argentina,2025,savings-rate,rate annual,0.161739
Argentina,2025,fac-share-labor,share,0.546006
Argentina,2025,fac-share-capital,share,0.40058
Argentina,2025,fac-share-energy,share,0.0534143
Argentina,2025,energy-service,million 1990$,127549.0
Argentina,2025,total-factor-productivity,million 1990$,1.06004
Argentina,2030,GDP,million 1990$,442118.0
Argentina,2030,energy-investment,million 1990$,16487.9
Argentina,2030,consumer-durable,million 1990$,14832.0
Argentina,2030,value-added,million 1990$,418280.0
Argentina,2030,gross-output,million 1990$,442564.0
Argentina,2030,savings,million 1990$,77338.9
Argentina,2030,investment,million 1990$,80174.1
Argentina,2030,capital-stock,million 1990$,1002340.0
Argentina,2030,depreciation,million 1990$,38256.6
Argentina,2030,energy-service-value,million 1990$,24283.8
Argentina,2030,energy-net-export,million 1990$,-445.525
Argentina,2030,materials-net-export,million 1990$,-2389.66
Argentina,2030,capital-net-export,million 1990$,2835.19
Argentina,2030,labor-wages,million 1990$,240029.0
Argentina,2030,gdp-per-capita,thous 1990$ percap,9.3327
Argentina,2030,gdp-per-capita-ppp,thous 1990$ percap,11.3549
Argentina,2030,labor-force,thous pers,21868.6
Argentina,2030,population,thous pers,47373.0
Argentina,2030,savings-rate,rate annual,0.170377
Argentina,2030,fac-share-labor,share,0.54236
Argentina,2030,fac-share-capital,share,0.40277
Argentina,2030,fac-share-energy,share,0.0548707
Argentina,2030,energy-service,million 1990$,138530.0
Argentina,2030,total-factor-productivity,million 1990$,1.16524
Argentina,2035,GDP,million 1990$,492046.0
Argentina,2035,energy-investment,million 1990$,20162.6
Argentina,2035,consumer-durable,million 1990$,17828.5
Argentina,2035,value-added,million 1990$,465092.0
Argentina,2035,gross-output,million 1990$,492189.0
Argentina,2035,savings,million 1990$,91355.2
Argentina,2035,investment,million 1990$,91355.2
Argentina,2035,capital-stock,million 1990$,1102790.0
Argentina,2035,depreciation,million 1990$,38348.5
Argentina,2035,energy-service-value,million 1990$,27096.5
Argentina,2035,energy-net-export,million 1990$,-142.785
Argentina,2035,materials-net-export,million 1990$,142.785
Argentina,2035,capital-net-export,million 1990$,0.0
Argentina,2035,labor-wages,million 1990$,269037.0
Argentina,2035,gdp-per-capita,thous 1990$ percap,10.1513
Argentina,2035,gdp-per-capita-ppp,thous 1990$ percap,12.3509
Argentina,2035,labor-force,thous pers,22591.8
Argentina,2035,population,thous pers,48471.0
Argentina,2035,savings-rate,rate annual,0.175794
Argentina,2035,fac-share-labor,share,0.546614
Argentina,2035,fac-share-capital,share,0.398333
Argentina,2035,fac-share-energy,share,0.055053
Argentina,2035,energy-service,million 1990$,148018.0
Argentina,2035,total-factor-productivity,million 1990$,1.22091
Argentina,2040,GDP,million 1990$,548417.0
Argentina,2040,energy-investment,million 1990$,31872.4
Argentina,2040,consumer-durable,million 1990$,18439.1
Argentina,2040,value-added,million 1990$,517222.0
Argentina,2040,gross-output,million 1990$,547621.0
Argentina,2040,savings,million 1990$,104337.0
Argentina,2040,investment,million 1990$,104337.0
Argentina,2040,capital-stock,million 1990$,1214670.0
Argentina,2040,depreciation,million 1990$,42191.6
Argentina,2040,energy-service-value,million 1990$,30398.1
Argentina,2040,energy-net-export,million 1990$,796.439
Argentina,2040,materials-net-export,million 1990$,-796.439
Argentina,2040,capital-net-export,million 1990$,0.0
Argentina,2040,labor-wages,million 1990$,302544.0
Argentina,2040,gdp-per-capita,thous 1990$ percap,11.0899
Argentina,2040,gdp-per-capita-ppp,thous 1990$ percap,13.4928
Argentina,2040,labor-force,thous pers,22769.8
Argentina,2040,population,thous pers,49452.0
Argentina,2040,savings-rate,rate annual,0.181311
Argentina,2040,fac-share-labor,share,0.552471
Argentina,2040,fac-share-capital,share,0.39202
Argentina,2040,fac-share-energy,share,0.0555095
Argentina,2040,energy-service,million 1990$,157558.0
Argentina,2040,total-factor-productivity,million 1990$,1.2974
Argentina,2045,GDP,million 1990$,613549.0
Argentina,2045,energy-investment,million 1990$,35567.9
Argentina,2045,consumer-durable,million 1990$,20628.8
Argentina,2045,value-added,million 1990$,576765.0
Argentina,2045,gross-output,million 1990$,611202.0
Argentina,2045,savings,million 1990$,119316.0
Argentina,2045,investment,million 1990$,119316.0
Argentina,2045,capital-stock,million 1990$,1319040.0
Argentina,2045,depreciation,million 1990$,46472.0
Argentina,2045,energy-service-value,million 1990$,34436.5
Argentina,2045,energy-net-export,million 1990$,2347.39
Argentina,2045,materials-net-export,million 1990$,-2347.39
Argentina,2045,capital-net-export,million 1990$,0.0
Argentina,2045,labor-wages,million 1990$,341035.0
Argentina,2045,gdp-per-capita,thous 1990$ percap,12.2036
Argentina,2045,gdp-per-capita-ppp,thous 1990$ percap,14.8479
Argentina,2045,labor-force,thous pers,22657.6
Argentina,2045,population,thous pers,50276.0
Argentina,2045,savings-rate,rate annual,0.187385
Argentina,2045,fac-share-labor,share,0.557975
Argentina,2045,fac-share-capital,share,0.385683
Argentina,2045,fac-share-energy,share,0.0563422
Argentina,2045,energy-service,million 1990$,167736.0
Argentina,2045,total-factor-productivity,million 1990$,1.4013
Argentina,2050,GDP,million 1990$,688618.0
Argentina,2050,energy-investment,million 1990$,34446.6
Argentina,2050,consumer-durable,million 1990$,19474.4
Argentina,2050,value-added,million 1990$,645863.0
Argentina,2050,gross-output,million 1990$,684852.0
Argentina,2050,savings,million 1990$,137213.0
Argentina,2050,investment,million 1990$,137213.0
Argentina,2050,capital-stock,million 1990$,1460540.0
Argentina,2050,depreciation,million 1990$,50465.0
Argentina,2050,energy-service-value,million 1990$,38989.3
Argentina,2050,energy-net-export,million 1990$,3766.0
Argentina,2050,materials-net-export,million 1990$,-3766.0
Argentina,2050,capital-net-export,million 1990$,0.0
Argentina,2050,labor-wages,million 1990$,387040.0
Argentina,2050,gdp-per-capita,thous 1990$ percap,13.5227
Argentina,2050,gdp-per-capita-ppp,thous 1990$ percap,16.4528
Argentina,2050,labor-force,thous pers,22468.8
Argentina,2050,population,thous pers,50923.0
Argentina,2050,savings-rate,rate annual,0.193911
Argentina,2050,fac-share-labor,share,0.565144
Argentina,2050,fac-share-capital,share,0.377925
Argentina,2050,fac-share-energy,share,0.056931
Argentina,2050,energy-service,million 1990$,177806.0
Argentina,2050,total-factor-productivity,million 1990$,1.51235
Argentina,2055,GDP,million 1990$,773419.0
Argentina,2055,energy-investment,million 1990$,32357.0
Argentina,2055,consumer-durable,million 1990$,22652.9
Argentina,2055,value-added,million 1990$,724656.0
Argentina,2055,gross-output,million 1990$,768506.0
Argentina,2055,savings,million 1990$,158495.0
Argentina,2055,investment,million 1990$,158495.0
Argentina,2055,capital-stock,million 1990$,1686090.0
Argentina,2055,depreciation,million 1990$,55879.0
Argentina,2055,energy-service-value,million 1990$,43850.3
Argentina,2055,energy-net-export,million 1990$,4912.51
Argentina,2055,materials-net-export,million 1990$,-4912.51
Argentina,2055,capital-net-export,million 1990$,0.0
Argentina,2055,labor-wages,million 1990$,442356.0
Argentina,2055,gdp-per-capita,thous 1990$ percap,15.0517
Argentina,2055,gdp-per-capita-ppp,thous 1990$ percap,18.3132
Argentina,2055,labor-force,thous pers,22195.1
Argentina,2055,population,thous pers,51384.0
Argentina,2055,savings-rate,rate annual,0.200452
Argentina,2055,fac-share-labor,share,0.575604
Argentina,2055,fac-share-capital,share,0.367337
Argentina,2055,fac-share-energy,share,0.0570592
Argentina,2055,energy-service,million 1990$,187690.0
Argentina,2055,total-factor-productivity,million 1990$,1.61496
Argentina,2060,GDP,million 1990$,865984.0
Argentina,2060,energy-investment,million 1990$,33224.8
Argentina,2060,consumer-durable,million 1990$,24115.3
Argentina,2060,value-added,million 1990$,811186.0
Argentina,2060,gross-output,million 1990$,860284.0
Argentina,2060,savings,million 1990$,183073.0
Argentina,2060,investment,million 1990$,183073.0
Argentina,2060,capital-stock,million 1990$,1980460.0
Argentina,2060,depreciation,million 1990$,64508.1
Argentina,2060,energy-service-value,million 1990$,49098.2
Argentina,2060,energy-net-export,million 1990$,5699.78
Argentina,2060,materials-net-export,million 1990$,-5699.78
Argentina,2060,capital-net-export,million 1990$,0.0
Argentina,2060,labor-wages,million 1990$,505599.0
Argentina,2060,gdp-per-capita,thous 1990$ percap,16.7771
Argentina,2060,gdp-per-capita-ppp,thous 1990$ percap,20.4124
Argentina,2060,labor-force,thous pers,21748.9
Argentina,2060,population,thous pers,51617.0
Argentina,2060,savings-rate,rate annual,0.206513
Argentina,2060,fac-share-labor,share,0.587712
Argentina,2060,fac-share-capital,share,0.355216
Argentina,2060,fac-share-energy,share,0.057072
Argentina,2060,energy-service,million 1990$,197234.0
Argentina,2060,total-factor-productivity,million 1990$,1.72111
Argentina,2065,GDP,million 1990$,966296.0
Argentina,2065,energy-investment,million 1990$,34765.6
Argentina,2065,consumer-durable,million 1990$,25289.1
Argentina,2065,value-added,million 1990$,904996.0
Argentina,2065,gross-output,million 1990$,959672.0
Argentina,2065,savings,million 1990$,210232.0
Argentina,2065,investment,million 1990$,210232.0
Argentina,2065,capital-stock,million 1990$,2337670.0
Argentina,2065,depreciation,million 1990$,75770.4
Argentina,2065,energy-service-value,million 1990$,54675.2
Argentina,2065,energy-net-export,million 1990$,6624.38
Argentina,2065,materials-net-export,million 1990$,-6624.38
Argentina,2065,capital-net-export,million 1990$,0.0
Argentina,2065,labor-wages,million 1990$,576038.0
Argentina,2065,gdp-per-capita,thous 1990$ percap,18.7071
Argentina,2065,gdp-per-capita-ppp,thous 1990$ percap,22.7605
Argentina,2065,labor-force,thous pers,21248.2
Argentina,2065,population,thous pers,51654.0
Argentina,2065,savings-rate,rate annual,0.21198
Argentina,2065,fac-share-labor,share,0.600245
Argentina,2065,fac-share-capital,share,0.342782
Argentina,2065,fac-share-energy,share,0.0569728
Argentina,2065,energy-service,million 1990$,205903.0
Argentina,2065,total-factor-productivity,million 1990$,1.83273
Argentina,2070,GDP,million 1990$,1072770.0
Argentina,2070,energy-investment,million 1990$,35532.9
Argentina,2070,consumer-durable,million 1990$,26727.9
Argentina,2070,value-added,million 1990$,1004950.0
Argentina,2070,gross-output,million 1990$,1065410.0
Argentina,2070,savings,million 1990$,239868.0
Argentina,2070,investment,million 1990$,239868.0
Argentina,2070,capital-stock,million 1990$,2756270.0
Argentina,2070,depreciation,million 1990$,89437.0
Argentina,2070,energy-service-value,million 1990$,60458.3
Argentina,2070,energy-net-export,million 1990$,7361.74
Argentina,2070,materials-net-export,million 1990$,-7361.74
Argentina,2070,capital-net-export,million 1990$,0.0
Argentina,2070,labor-wages,million 1990$,652856.0
Argentina,2070,gdp-per-capita,thous 1990$ percap,20.8203
Argentina,2070,gdp-per-capita-ppp,thous 1990$ percap,25.3317
Argentina,2070,labor-force,thous pers,20702.7
Argentina,2070,population,thous pers,51525.0
Argentina,2070,savings-rate,rate annual,0.21656
Argentina,2070,fac-share-labor,share,0.612776
Argentina,2070,fac-share-capital,share,0.330477
Argentina,2070,fac-share-energy,share,0.0567467
Argentina,2070,energy-service,million 1990$,212945.0
Argentina,2070,total-factor-productivity,million 1990$,1.95179
Argentina,2075,GDP,million 1990$,1183140.0
Argentina,2075,energy-investment,million 1990$,34581.8
Argentina,2075,consumer-durable,million 1990$,27455.4
Argentina,2075,value-added,million 1990$,1108830.0
Argentina,2075,gross-output,million 1990$,1175320.0
Argentina,2075,savings,million 1990$,271210.0
Argentina,2075,investment,million 1990$,271210.0
Argentina,2075,capital-stock,million 1990$,3235650.0
Argentina,2075,depreciation,million 1990$,105452.0
Argentina,2075,energy-service-value,million 1990$,66491.1
Argentina,2075,energy-net-export,million 1990$,7825.09
Argentina,2075,materials-net-export,million 1990$,-7825.09
Argentina,2075,capital-net-export,million 1990$,0.0
Argentina,2075,labor-wages,million 1990$,734891.0
Argentina,2075,gdp-per-capita,thous 1990$ percap,23.0893
Argentina,2075,gdp-per-capita-ppp,thous 1990$ percap,28.0923
Argentina,2075,labor-force,thous pers,20019.3
Argentina,2075,population,thous pers,51242.0
Argentina,2075,savings-rate,rate annual,0.22007
Argentina,2075,fac-share-labor,share,0.62527
Argentina,2075,fac-share-capital,share,0.318157
Argentina,2075,fac-share-energy,share,0.0565729
Argentina,2075,energy-service,million 1990$,218684.0
Argentina,2075,total-factor-productivity,million 1990$,2.08381
Argentina,2080,GDP,million 1990$,1296570.0
Argentina,2080,energy-investment,million 1990$,35738.8
Argentina,2080,consumer-durable,million 1990$,28462.7
Argentina,2080,value-added,million 1990$,1215370.0
Argentina,2080,gross-output,million 1990$,1288180.0
Argentina,2080,savings,million 1990$,303268.0
Argentina,2080,investment,million 1990$,303268.0
Argentina,2080,capital-stock,million 1990$,3779600.0
Argentina,2080,depreciation,million 1990$,123793.0
Argentina,2080,energy-service-value,million 1990$,72812.1
Argentina,2080,energy-net-export,million 1990$,8388.87
Argentina,2080,materials-net-export,million 1990$,-8388.87
Argentina,2080,capital-net-export,million 1990$,0.0
Argentina,2080,labor-wages,million 1990$,821472.0
Argentina,2080,gdp-per-capita,thous 1990$ percap,25.516
Argentina,2080,gdp-per-capita-ppp,thous 1990$ percap,31.0448
Argentina,2080,labor-force,thous pers,19185.9
Argentina,2080,population,thous pers,50814.0
Argentina,2080,savings-rate,rate annual,0.222643
Argentina,2080,fac-share-labor,share,0.6377
Argentina,2080,fac-share-capital,share,0.305777
Argentina,2080,fac-share-energy,share,0.0565232
Argentina,2080,energy-service,million 1990$,223337.0
Argentina,2080,total-factor-productivity,million 1990$,2.23241
Argentina,2085,GDP,million 1990$,1413040.0
Argentina,2085,energy-investment,million 1990$,36851.9
Argentina,2085,consumer-durable,million 1990$,29090.1
Argentina,2085,value-added,million 1990$,1324300.0
Argentina,2085,gross-output,million 1990$,1403600.0
Argentina,2085,savings,million 1990$,335677.0
Argentina,2085,investment,million 1990$,335677.0
Argentina,2085,capital-stock,million 1990$,4367240.0
Argentina,2085,depreciation,million 1990$,144604.0
Argentina,2085,energy-service-value,million 1990$,79299.8
Argentina,2085,energy-net-export,million 1990$,9434.25
Argentina,2085,materials-net-export,million 1990$,-9434.25
Argentina,2085,capital-net-export,million 1990$,0.0
Argentina,2085,labor-wages,million 1990$,911089.0
Argentina,2085,gdp-per-capita,thous 1990$ percap,28.1207
Argentina,2085,gdp-per-capita-ppp,thous 1990$ percap,34.2139
Argentina,2085,labor-force,thous pers,18414.4
Argentina,2085,population,thous pers,50249.0
Argentina,2085,savings-rate,rate annual,0.224502
Argentina,2085,fac-share-labor,share,0.649108
Argentina,2085,fac-share-capital,share,0.294395
Argentina,2085,fac-share-energy,share,0.0564974
Argentina,2085,energy-service,million 1990$,227167.0
Argentina,2085,total-factor-productivity,million 1990$,2.38924
Argentina,2090,GDP,million 1990$,1532530.0
Argentina,2090,energy-investment,million 1990$,36881.1
Argentina,2090,consumer-durable,million 1990$,29537.2
Argentina,2090,value-added,million 1990$,1436010.0
Argentina,2090,gross-output,million 1990$,1521600.0
Argentina,2090,savings,million 1990$,368458.0
Argentina,2090,investment,million 1990$,368458.0
Argentina,2090,capital-stock,million 1990$,4994520.0
Argentina,2090,depreciation,million 1990$,167086.0
Argentina,2090,energy-service-value,million 1990$,85583.4
Argentina,2090,energy-net-export,million 1990$,10933.3
Argentina,2090,materials-net-export,million 1990$,-10933.3
Argentina,2090,capital-net-export,million 1990$,0.0
Argentina,2090,labor-wages,million 1990$,1002750.0
Argentina,2090,gdp-per-capita,thous 1990$ percap,30.9184
Argentina,2090,gdp-per-capita-ppp,thous 1990$ percap,37.6178
Argentina,2090,labor-force,thous pers,17916.6
Argentina,2090,population,thous pers,49567.0
Argentina,2090,savings-rate,rate annual,0.225787
Argentina,2090,fac-share-labor,share,0.659013
Argentina,2090,fac-share-capital,share,0.284741
Argentina,2090,fac-share-energy,share,0.0562457
Argentina,2090,energy-service,million 1990$,230076.0
Argentina,2090,total-factor-productivity,million 1990$,2.53461
Argentina,2095,GDP,million 1990$,1654290.0
Argentina,2095,energy-investment,million 1990$,36564.2
Argentina,2095,consumer-durable,million 1990$,29871.0
Argentina,2095,value-added,million 1990$,1549360.0
Argentina,2095,gross-output,million 1990$,1641300.0
Argentina,2095,savings,million 1990$,401587.0
Argentina,2095,investment,million 1990$,401587.0
Argentina,2095,capital-stock,million 1990$,5661880.0
Argentina,2095,depreciation,million 1990$,191085.0
Argentina,2095,energy-service-value,million 1990$,91945.5
Argentina,2095,energy-net-export,million 1990$,12991.8
Argentina,2095,materials-net-export,million 1990$,-12991.8
Argentina,2095,capital-net-export,million 1990$,0.0
Argentina,2095,labor-wages,million 1990$,1096830.0
Argentina,2095,gdp-per-capita,thous 1990$ percap,33.9064
Argentina,2095,gdp-per-capita-ppp,thous 1990$ percap,41.2532
Argentina,2095,labor-force,thous pers,17413.2
Argentina,2095,population,thous pers,48790.0
Argentina,2095,savings-rate,rate annual,0.226523
Argentina,2095,fac-share-labor,share,0.668269
Argentina,2095,fac-share-capital,share,0.275711
Argentina,2095,fac-share-energy,share,0.0560199
Argentina,2095,energy-service,million 1990$,232079.0
Argentina,2095,total-factor-productivity,million 1990$,2.68869
Argentina,2100,GDP,million 1990$,1777330.0
Argentina,2100,energy-investment,million 1990$,36656.8
Argentina,2100,consumer-durable,million 1990$,29997.7
Argentina,2100,value-added,million 1990$,1663130.0
Argentina,2100,gross-output,million 1990$,1761500.0
Argentina,2100,savings,million 1990$,434711.0
Argentina,2100,investment,million 1990$,434711.0
Argentina,2100,capital-stock,million 1990$,6364320.0
Argentina,2100,depreciation,million 1990$,216618.0
Argentina,2100,energy-service-value,million 1990$,98370.3
Argentina,2100,energy-net-export,million 1990$,15829.7
Argentina,2100,materials-net-export,million 1990$,-15829.7
Argentina,2100,capital-net-export,million 1990$,0.0
Argentina,2100,labor-wages,million 1990$,1192600.0
Argentina,2100,gdp-per-capita,thous 1990$ percap,37.0687
Argentina,2100,gdp-per-capita-ppp,thous 1990$ percap,45.1007
Argentina,2100,labor-force,thous pers,16864.0
Argentina,2100,population,thous pers,47947.0
Argentina,2100,savings-rate,rate annual,0.226693
Argentina,2100,fac-share-labor,share,0.677038
Argentina,2100,fac-share-capital,share,0.267118
Argentina,2100,fac-share-energy,share,0.0558445
Argentina,2100,energy-service,million 1990$,233042.0
Argentina,2100,total-factor-productivity,million 1990$,2.8557
Colombia,1975,GDP,million 1990$,40634.0
Colombia,1975,energy-investment,million 1990$,756.45
Colombia,1975,consumer-durable,million 1990$,0.141933
Colombia,1975,value-added,million 1990$,38604.3
Colombia,1975,gross-output,million 1990$,40636.1
Colombia,1975,savings,million 1990$,5708.71
Colombia,1975,investment,million 1990$,4975.46
Colombia,1975,capital-stock,million 1990$,123243.0
Colombia,1975,depreciation,million 1990$,4317.34
Colombia,1975,energy-service-value,million 1990$,2031.81
Colombia,1975,energy-net-export,million 1990$,-2.129
Colombia,1975,materials-net-export,million 1990$,735.378
Colombia,1975,capital-net-export,million 1990$,-733.249
Colombia,1975,labor-wages,million 1990$,18934.9
Colombia,1975,gdp-per-capita,thous 1990$ percap,1.7362
Colombia,1975,gdp-per-capita-ppp,thous 1990$ percap,3.40354
Colombia,1975,labor-force,thous pers,7038.85
Colombia,1975,population,thous pers,23404.0
Colombia,1975,savings-rate,rate annual,0.140491
Colombia,1975,fac-share-labor,share,0.465963
Colombia,1975,fac-share-capital,share,0.484037
Colombia,1975,fac-share-energy,share,0.05
Colombia,1975,energy-service,million 1990$,2.129
Colombia,1975,total-factor-productivity,million 1990$,0.0
Colombia,1990,GDP,million 1990$,73749.0
Colombia,1990,energy-investment,million 1990$,1203.13
Colombia,1990,consumer-durable,million 1990$,3243.79
Colombia,1990,value-added,million 1990$,58899.6
Colombia,1990,gross-output,million 1990$,71256.3
Colombia,1990,savings,million 1990$,5708.85
Colombia,1990,investment,million 1990$,3001.63
Colombia,1990,capital-stock,million 1990$,228687.0
Colombia,1990,depreciation,million 1990$,4317.34
Colombia,1990,energy-service-value,million 1990$,12356.7
Colombia,1990,energy-net-export,million 1990$,2492.69
Colombia,1990,materials-net-export,million 1990$,214.537
Colombia,1990,capital-net-export,million 1990$,-2707.22
Colombia,1990,labor-wages,million 1990$,35040.2
Colombia,1990,gdp-per-capita,thous 1990$ percap,2.26217
Colombia,1990,gdp-per-capita-ppp,thous 1990$ percap,4.43462
Colombia,1990,labor-force,thous pers,11327.9
Colombia,1990,population,thous pers,32601.0
Colombia,1990,savings-rate,rate annual,0.14401
Colombia,1990,fac-share-labor,share,0.491748
Colombia,1990,fac-share-capital,share,0.33484
Colombia,1990,fac-share-energy,share,0.173412
Colombia,1990,energy-service,million 1990$,25698.9
Colombia,1990,total-factor-productivity,million 1990$,0.0
Colombia,2005,GDP,million 1990$,114430.0
Colombia,2005,energy-investment,million 1990$,2702.92
Colombia,2005,consumer-durable,million 1990$,4034.87
Colombia,2005,value-added,million 1990$,86827.3
Colombia,2005,gross-output,million 1990$,109445.0
Colombia,2005,savings,million 1990$,13864.4
Colombia,2005,investment,million 1990$,11240.9
Colombia,2005,capital-stock,million 1990$,314680.0
Colombia,2005,depreciation,million 1990$,7858.14
Colombia,2005,energy-service-value,million 1990$,22617.7
Colombia,2005,energy-net-export,million 1990$,4985.0
Colombia,2005,materials-net-export,million 1990$,-2361.52
Colombia,2005,capital-net-export,million 1990$,-2623.48
Colombia,2005,labor-wages,million 1990$,53700.7
Colombia,2005,gdp-per-capita,thous 1990$ percap,2.71026
Colombia,2005,gdp-per-capita-ppp,thous 1990$ percap,5.31304
Colombia,2005,labor-force,thous pers,17377.8
Colombia,2005,population,thous pers,42221.0
Colombia,2005,savings-rate,rate annual,0.16933
Colombia,2005,fac-share-labor,share,0.490664
Colombia,2005,fac-share-capital,share,0.302678
Colombia,2005,fac-share-energy,share,0.206658
Colombia,2005,energy-service,million 1990$,32448.0
Colombia,2005,total-factor-productivity,million 1990$,0.0
Colombia,2010,GDP,million 1990$,142279.0
Colombia,2010,energy-investment,million 1990$,4808.14
Colombia,2010,consumer-durable,million 1990$,6109.94
Colombia,2010,value-added,million 1990$,110561.0
Colombia,2010,gross-output,million 1990$,127525.0
Colombia,2010,savings,million 1990$,23411.3
Colombia,2010,investment,million 1990$,23573.9
Colombia,2010,capital-stock,million 1990$,364446.0
Colombia,2010,depreciation,million 1990$,11274.7
Colombia,2010,energy-service-value,million 1990$,16963.3
Colombia,2010,energy-net-export,million 1990$,14754.2
Colombia,2010,materials-net-export,million 1990$,-14916.8
Colombia,2010,capital-net-export,million 1990$,162.624
Colombia,2010,labor-wages,million 1990$,66624.2
Colombia,2010,gdp-per-capita,thous 1990$ percap,3.17474
Colombia,2010,gdp-per-capita-ppp,thous 1990$ percap,6.22356
Colombia,2010,labor-force,thous pers,19590.9
Colombia,2010,population,thous pers,44816.0
Colombia,2010,savings-rate,rate annual,0.184339
Colombia,2010,fac-share-labor,share,0.522441
Colombia,2010,fac-share-capital,share,0.344539
Colombia,2010,fac-share-energy,share,0.13302
Colombia,2010,energy-service,million 1990$,42417.5
Colombia,2010,total-factor-productivity,million 1990$,0.0
Colombia,2015,GDP,million 1990$,178850.0
Colombia,2015,energy-investment,million 1990$,8164.51
Colombia,2015,consumer-durable,million 1990$,11259.7
Colombia,2015,value-added,million 1990$,139085.0
Colombia,2015,gross-output,million 1990$,159491.0
Colombia,2015,savings,million 1990$,32337.5
Colombia,2015,investment,million 1990$,37467.7
Colombia,2015,capital-stock,million 1990$,451302.0
Colombia,2015,depreciation,million 1990$,14678.4
Colombia,2015,energy-service-value,million 1990$,20405.5
Colombia,2015,energy-net-export,million 1990$,19359.1
Colombia,2015,materials-net-export,million 1990$,-24489.3
Colombia,2015,capital-net-export,million 1990$,5130.23
Colombia,2015,labor-wages,million 1990$,88245.3
Colombia,2015,gdp-per-capita,thous 1990$ percap,3.79563
Colombia,2015,gdp-per-capita-ppp,thous 1990$ percap,7.44072
Colombia,2015,labor-force,thous pers,22285.1
Colombia,2015,population,thous pers,47120.0
Colombia,2015,savings-rate,rate annual,0.196839
Colombia,2015,fac-share-labor,share,0.553294
Colombia,2015,fac-share-capital,share,0.318765
Colombia,2015,fac-share-energy,share,0.127942
Colombia,2015,energy-service,million 1990$,59160.9
Colombia,2015,total-factor-productivity,million 1990$,0.0
Colombia,2021,GDP,million 1990$,191047.0
Colombia,2021,energy-investment,million 1990$,8070.25
Colombia,2021,consumer-durable,million 1990$,11191.7
Colombia,2021,value-added,million 1990$,156482.0
Colombia,2021,gross-output,million 1990$,183081.0
Colombia,2021,savings,million 1990$,46464.3
Colombia,2021,investment,million 1990$,49747.3
Colombia,2021,capital-stock,million 1990$,502963.0
Colombia,2021,depreciation,million 1990$,19588.8
Colombia,2021,energy-service-value,million 1990$,26599.5
Colombia,2021,energy-net-export,million 1990$,7965.68
Colombia,2021,materials-net-export,million 1990$,-11248.7
Colombia,2021,capital-net-export,million 1990$,3282.98
Colombia,2021,labor-wages,million 1990$,94060.1
Colombia,2021,gdp-per-capita,thous 1990$ percap,3.70843
Colombia,2021,gdp-per-capita-ppp,thous 1990$ percap,7.26978
Colombia,2021,labor-force,thous pers,24221.0
Colombia,2021,population,thous pers,51517.0
Colombia,2021,savings-rate,rate annual,0.191504
Colombia,2021,fac-share-labor,share,0.513761
Colombia,2021,fac-share-capital,share,0.340951
Colombia,2021,fac-share-energy,share,0.145288
Colombia,2021,energy-service,million 1990$,64964.5
Colombia,2021,total-factor-productivity,million 1990$,0.0
Colombia,2025,GDP,million 1990$,228614.0
Colombia,2025,energy-investment,million 1990$,11195.2
Colombia,2025,consumer-durable,million 1990$,10024.6
Colombia,2025,value-added,million 1990$,185425.0
Colombia,2025,gross-output,million 1990$,218324.0
Colombia,2025,savings,million 1990$,47778.0
Colombia,2025,investment,million 1990$,50123.0
Colombia,2025,capital-stock,million 1990$,537155.0
Colombia,2025,depreciation,million 1990$,21738.6
Colombia,2025,energy-service-value,million 1990$,32898.0
Colombia,2025,energy-net-export,million 1990$,10290.5
Colombia,2025,materials-net-export,million 1990$,-12635.5
Colombia,2025,capital-net-export,million 1990$,2344.99
Colombia,2025,labor-wages,million 1990$,112020.0
Colombia,2025,gdp-per-capita,thous 1990$ percap,4.31567
Colombia,2025,gdp-per-capita-ppp,thous 1990$ percap,8.46018
Colombia,2025,labor-force,thous pers,24799.7
Colombia,2025,population,thous pers,52973.0
Colombia,2025,savings-rate,rate annual,0.205619
Colombia,2025,fac-share-labor,share,0.51309
Colombia,2025,fac-share-capital,share,0.336226
Colombia,2025,fac-share-energy,share,0.150685
Colombia,2025,energy-service,million 1990$,73686.6
Colombia,2025,total-factor-productivity,million 1990$,1.1309
Colombia,2030,GDP,million 1990$,263913.0
Colombia,2030,energy-investment,million 1990$,10404.1
Colombia,2030,consumer-durable,million 1990$,12286.8
Colombia,2030,value-added,million 1990$,214370.0
Colombia,2030,gross-output,million 1990$,253412.0
Colombia,2030,savings,million 1990$,60399.8
Colombia,2030,investment,million 1990$,61572.3
Colombia,2030,capital-stock,million 1990$,615743.0
Colombia,2030,depreciation,million 1990$,23216.4
Colombia,2030,energy-service-value,million 1990$,39042.3
Colombia,2030,energy-net-export,million 1990$,10500.9
Colombia,2030,materials-net-export,million 1990$,-11673.4
Colombia,2030,capital-net-export,million 1990$,1172.49
Colombia,2030,labor-wages,million 1990$,131326.0
Colombia,2030,gdp-per-capita,thous 1990$ percap,4.81883
Colombia,2030,gdp-per-capita-ppp,thous 1990$ percap,9.44655
Colombia,2030,labor-force,thous pers,25242.4
Colombia,2030,population,thous pers,54767.0
Colombia,2030,savings-rate,rate annual,0.211407
Colombia,2030,fac-share-labor,share,0.518233
Colombia,2030,fac-share-capital,share,0.327701
Colombia,2030,fac-share-energy,share,0.154067
Colombia,2030,energy-service,million 1990$,82799.8
Colombia,2030,total-factor-productivity,million 1990$,1.2212
Colombia,2035,GDP,million 1990$,312030.0
Colombia,2035,energy-investment,million 1990$,12680.1
Colombia,2035,consumer-durable,million 1990$,16493.0
Colombia,2035,value-added,million 1990$,255003.0
Colombia,2035,gross-output,million 1990$,302726.0
Colombia,2035,savings,million 1990$,71253.2
Colombia,2035,investment,million 1990$,71253.2
Colombia,2035,capital-stock,million 1990$,716404.0
Colombia,2035,depreciation,million 1990$,26613.0
Colombia,2035,energy-service-value,million 1990$,47723.1
Colombia,2035,energy-net-export,million 1990$,9303.66
Colombia,2035,materials-net-export,million 1990$,-9303.66
Colombia,2035,capital-net-export,million 1990$,0.0
Colombia,2035,labor-wages,million 1990$,158743.0
Colombia,2035,gdp-per-capita,thous 1990$ percap,5.55362
Colombia,2035,gdp-per-capita-ppp,thous 1990$ percap,10.887
Colombia,2035,labor-force,thous pers,25540.5
Colombia,2035,population,thous pers,56185.0
Colombia,2035,savings-rate,rate annual,0.221751
Colombia,2035,fac-share-labor,share,0.524377
Colombia,2035,fac-share-capital,share,0.317979
Colombia,2035,fac-share-energy,share,0.157644
Colombia,2035,energy-service,million 1990$,93314.0
Colombia,2035,total-factor-productivity,million 1990$,1.35529
Colombia,2040,GDP,million 1990$,372344.0
Colombia,2040,energy-investment,million 1990$,16402.2
Colombia,2040,consumer-durable,million 1990$,18341.5
Colombia,2040,value-added,million 1990$,306797.0
Colombia,2040,gross-output,million 1990$,365773.0
Colombia,2040,savings,million 1990$,87472.1
Colombia,2040,investment,million 1990$,87472.1
Colombia,2040,capital-stock,million 1990$,841765.0
Colombia,2040,depreciation,million 1990$,30963.7
Colombia,2040,energy-service-value,million 1990$,58976.0
Colombia,2040,energy-net-export,million 1990$,6571.13
Colombia,2040,materials-net-export,million 1990$,-6571.13
Colombia,2040,capital-net-export,million 1990$,0.0
Colombia,2040,labor-wages,million 1990$,194290.0
Colombia,2040,gdp-per-capita,thous 1990$ percap,6.50678
Colombia,2040,gdp-per-capita-ppp,thous 1990$ percap,12.7555
Colombia,2040,labor-force,thous pers,25734.6
Colombia,2040,population,thous pers,57224.0
Colombia,2040,savings-rate,rate annual,0.233745
Colombia,2040,fac-share-labor,share,0.531175
Colombia,2040,fac-share-capital,share,0.307588
Colombia,2040,fac-share-energy,share,0.161237
Colombia,2040,energy-service,million 1990$,105040.0
Colombia,2040,total-factor-productivity,million 1990$,1.5218
Colombia,2045,GDP,million 1990$,441355.0
Colombia,2045,energy-investment,million 1990$,15032.8
Colombia,2045,consumer-durable,million 1990$,20962.3
Colombia,2045,value-added,million 1990$,363302.0
Colombia,2045,gross-output,million 1990$,434953.0
Colombia,2045,savings,million 1990$,108846.0
Colombia,2045,investment,million 1990$,108846.0
Colombia,2045,capital-stock,million 1990$,1014750.0
Colombia,2045,depreciation,million 1990$,36381.9
Colombia,2045,energy-service-value,million 1990$,71650.5
Colombia,2045,energy-net-export,million 1990$,6402.41
Colombia,2045,materials-net-export,million 1990$,-6402.41
Colombia,2045,capital-net-export,million 1990$,0.0
Colombia,2045,labor-wages,million 1990$,234865.0
Colombia,2045,gdp-per-capita,thous 1990$ percap,7.62548
Colombia,2045,gdp-per-capita-ppp,thous 1990$ percap,14.9485
Colombia,2045,labor-force,thous pers,25634.7
Colombia,2045,population,thous pers,57879.0
Colombia,2045,savings-rate,rate annual,0.24449
Colombia,2045,fac-share-labor,share,0.539978
Colombia,2045,fac-share-capital,share,0.295291
Colombia,2045,fac-share-energy,share,0.164732
Colombia,2045,energy-service,million 1990$,117966.0
Colombia,2045,total-factor-productivity,million 1990$,1.68195
Colombia,2050,GDP,million 1990$,515918.0
Colombia,2050,energy-investment,million 1990$,16065.8
Colombia,2050,consumer-durable,million 1990$,21010.7
Colombia,2050,value-added,million 1990$,423982.0
Colombia,2050,gross-output,million 1990$,509234.0
Colombia,2050,savings,million 1990$,133762.0
Colombia,2050,investment,million 1990$,133762.0
Colombia,2050,capital-stock,million 1990$,1261980.0
Colombia,2050,depreciation,million 1990$,43858.6
Colombia,2050,energy-service-value,million 1990$,85252.0
Colombia,2050,energy-net-export,million 1990$,6683.89
Colombia,2050,materials-net-export,million 1990$,-6683.89
Colombia,2050,capital-net-export,million 1990$,0.0
Colombia,2050,labor-wages,million 1990$,280877.0
Colombia,2050,gdp-per-capita,thous 1990$ percap,8.86427
Colombia,2050,gdp-per-capita-ppp,thous 1990$ percap,17.377
Colombia,2050,labor-force,thous pers,25181.2
Colombia,2050,population,thous pers,58202.0
Colombia,2050,savings-rate,rate annual,0.25271
Colombia,2050,fac-share-labor,share,0.551567
Colombia,2050,fac-share-capital,share,0.281021
Colombia,2050,fac-share-energy,share,0.167412
Colombia,2050,energy-service,million 1990$,130680.0
Colombia,2050,total-factor-productivity,million 1990$,1.83592
Colombia,2055,GDP,million 1990$,594743.0
Colombia,2055,energy-investment,million 1990$,17204.5
Colombia,2055,consumer-durable,million 1990$,24097.8
Colombia,2055,value-added,million 1990$,487216.0
Colombia,2055,gross-output,million 1990$,586971.0
Colombia,2055,savings,million 1990$,160601.0
Colombia,2055,investment,million 1990$,160601.0
Colombia,2055,capital-stock,million 1990$,1578330.0
Colombia,2055,depreciation,million 1990$,54544.0
Colombia,2055,energy-service-value,million 1990$,99754.5
Colombia,2055,energy-net-export,million 1990$,7772.0
Colombia,2055,materials-net-export,million 1990$,-7772.0
Colombia,2055,capital-net-export,million 1990$,0.0
Colombia,2055,labor-wages,million 1990$,330952.0
Colombia,2055,gdp-per-capita,thous 1990$ percap,10.2109
Colombia,2055,gdp-per-capita-ppp,thous 1990$ percap,20.0168
Colombia,2055,labor-force,thous pers,24438.0
Colombia,2055,population,thous pers,58246.0
Colombia,2055,savings-rate,rate annual,0.258523
Colombia,2055,fac-share-labor,share,0.563831
Colombia,2055,fac-share-capital,share,0.266221
Colombia,2055,fac-share-energy,share,0.169948
Colombia,2055,energy-service,million 1990$,142941.0
Colombia,2055,total-factor-productivity,million 1990$,1.99372
Colombia,2060,GDP,million 1990$,676421.0
Colombia,2060,energy-investment,million 1990$,18110.3
Colombia,2060,consumer-durable,million 1990$,26004.9
Colombia,2060,value-added,million 1990$,553164.0
Colombia,2060,gross-output,million 1990$,668846.0
Colombia,2060,savings,million 1990$,188596.0
Colombia,2060,investment,million 1990$,188596.0
Colombia,2060,capital-stock,million 1990$,1940980.0
Colombia,2060,depreciation,million 1990$,68216.9
Colombia,2060,energy-service-value,million 1990$,115682.0
Colombia,2060,energy-net-export,million 1990$,7575.16
Colombia,2060,materials-net-export,million 1990$,-7575.16
Colombia,2060,capital-net-export,million 1990$,0.0
Colombia,2060,labor-wages,million 1990$,384595.0
Colombia,2060,gdp-per-capita,thous 1990$ percap,11.6538
Colombia,2060,gdp-per-capita-ppp,thous 1990$ percap,22.8454
Colombia,2060,labor-force,thous pers,23450.6
Colombia,2060,population,thous pers,58043.0
Colombia,2060,savings-rate,rate annual,0.26218
Colombia,2060,fac-share-labor,share,0.575013
Colombia,2060,fac-share-capital,share,0.25203
Colombia,2060,fac-share-energy,share,0.172957
Colombia,2060,energy-service,million 1990$,154644.0
Colombia,2060,total-factor-productivity,million 1990$,2.17491
Colombia,2065,GDP,million 1990$,760794.0
Colombia,2065,energy-investment,million 1990$,19157.9
Colombia,2065,consumer-durable,million 1990$,27425.5
Colombia,2065,value-added,million 1990$,620901.0
Colombia,2065,gross-output,million 1990$,753437.0
Colombia,2065,savings,million 1990$,216969.0
Colombia,2065,investment,million 1990$,216969.0
Colombia,2065,capital-stock,million 1990$,2348970.0
Colombia,2065,depreciation,million 1990$,83891.0
Colombia,2065,energy-service-value,million 1990$,132535.0
Colombia,2065,energy-net-export,million 1990$,7357.41
Colombia,2065,materials-net-export,million 1990$,-7357.41
Colombia,2065,capital-net-export,million 1990$,0.0
Colombia,2065,labor-wages,million 1990$,440818.0
Colombia,2065,gdp-per-capita,thous 1990$ percap,13.2032
Colombia,2065,gdp-per-capita-ppp,thous 1990$ percap,25.8827
Colombia,2065,labor-force,thous pers,22446.4
Colombia,2065,population,thous pers,57622.0
Colombia,2065,savings-rate,rate annual,0.264236
Colombia,2065,fac-share-labor,share,0.585076
Colombia,2065,fac-share-capital,share,0.239016
Colombia,2065,fac-share-energy,share,0.175908
Colombia,2065,energy-service,million 1990$,165354.0
Colombia,2065,total-factor-productivity,million 1990$,2.37015
Colombia,2070,GDP,million 1990$,846302.0
Colombia,2070,energy-investment,million 1990$,19867.4
Colombia,2070,consumer-durable,million 1990$,28850.9
Colombia,2070,value-added,million 1990$,689484.0
Colombia,2070,gross-output,million 1990$,839178.0
Colombia,2070,savings,million 1990$,245597.0
Colombia,2070,investment,million 1990$,245597.0
Colombia,2070,capital-stock,million 1990$,2796060.0
Colombia,2070,depreciation,million 1990$,101525.0
Colombia,2070,energy-service-value,million 1990$,149695.0
Colombia,2070,energy-net-export,million 1990$,7123.61
Colombia,2070,materials-net-export,million 1990$,-7123.61
Colombia,2070,capital-net-export,million 1990$,0.0
Colombia,2070,labor-wages,million 1990$,498508.0
Colombia,2070,gdp-per-capita,thous 1990$ percap,14.85
Colombia,2070,gdp-per-capita-ppp,thous 1990$ percap,29.1111
Colombia,2070,labor-force,thous pers,21567.0
Colombia,2070,population,thous pers,56990.0
Colombia,2070,savings-rate,rate annual,0.264884
Colombia,2070,fac-share-labor,share,0.594043
Colombia,2070,fac-share-capital,share,0.227575
Colombia,2070,fac-share-energy,share,0.178382
Colombia,2070,energy-service,million 1990$,174651.0
Colombia,2070,total-factor-productivity,million 1990$,2.57015
Colombia,2075,GDP,million 1990$,930904.0
Colombia,2075,energy-investment,million 1990$,19980.8
Colombia,2075,consumer-durable,million 1990$,29662.5
Colombia,2075,value-added,million 1990$,757285.0
Colombia,2075,gross-output,million 1990$,923928.0
Colombia,2075,savings,million 1990$,273749.0
Colombia,2075,investment,million 1990$,273749.0
Colombia,2075,capital-stock,million 1990$,3273850.0
Colombia,2075,depreciation,million 1990$,120849.0
Colombia,2075,energy-service-value,million 1990$,166643.0
Colombia,2075,energy-net-export,million 1990$,6975.8
Colombia,2075,materials-net-export,million 1990$,-6975.8
Colombia,2075,capital-net-export,million 1990$,0.0
Colombia,2075,labor-wages,million 1990$,556148.0
Colombia,2075,gdp-per-capita,thous 1990$ percap,16.5759
Colombia,2075,gdp-per-capita-ppp,thous 1990$ percap,32.4945
Colombia,2075,labor-force,thous pers,20842.5
Colombia,2075,population,thous pers,56160.0
Colombia,2075,savings-rate,rate annual,0.264234
Colombia,2075,fac-share-labor,share,0.601939
Colombia,2075,fac-share-capital,share,0.217697
Colombia,2075,fac-share-energy,share,0.180364
Colombia,2075,energy-service,million 1990$,182658.0
Colombia,2075,total-factor-productivity,million 1990$,2.76613
Colombia,2080,GDP,million 1990$,1011800.0
Colombia,2080,energy-investment,million 1990$,20657.0
Colombia,2080,consumer-durable,million 1990$,30404.0
Colombia,2080,value-added,million 1990$,821884.0
Colombia,2080,gross-output,million 1990$,1004760.0
Colombia,2080,savings,million 1990$,300510.0
Colombia,2080,investment,million 1990$,300510.0
Colombia,2080,capital-stock,million 1990$,3775410.0
Colombia,2080,depreciation,million 1990$,141499.0
Colombia,2080,energy-service-value,million 1990$,182881.0
Colombia,2080,energy-net-export,million 1990$,7036.22
Colombia,2080,materials-net-export,million 1990$,-7036.22
Colombia,2080,capital-net-export,million 1990$,0.0
Colombia,2080,labor-wages,million 1990$,612003.0
Colombia,2080,gdp-per-capita,thous 1990$ percap,18.3597
Colombia,2080,gdp-per-capita-ppp,thous 1990$ percap,35.9912
Colombia,2080,labor-force,thous pers,20133.7
Colombia,2080,population,thous pers,55110.0
Colombia,2080,savings-rate,rate annual,0.262411
Colombia,2080,fac-share-labor,share,0.6091
Colombia,2080,fac-share-capital,share,0.208886
Colombia,2080,fac-share-energy,share,0.182013
Colombia,2080,energy-service,million 1990$,188932.0
Colombia,2080,total-factor-productivity,million 1990$,2.96168
Colombia,2085,GDP,million 1990$,1088570.0
Colombia,2085,energy-investment,million 1990$,21346.6
Colombia,2085,consumer-durable,million 1990$,30810.6
Colombia,2085,value-added,million 1990$,882851.0
Colombia,2085,gross-output,million 1990$,1081470.0
Colombia,2085,savings,million 1990$,324780.0
Colombia,2085,investment,million 1990$,324780.0
Colombia,2085,capital-stock,million 1990$,4282360.0
Colombia,2085,depreciation,million 1990$,163177.0
Colombia,2085,energy-service-value,million 1990$,198623.0
Colombia,2085,energy-net-export,million 1990$,7096.18
Colombia,2085,materials-net-export,million 1990$,-7096.18
Colombia,2085,capital-net-export,million 1990$,0.0
Colombia,2085,labor-wages,million 1990$,665575.0
Colombia,2085,gdp-per-capita,thous 1990$ percap,20.1916
Colombia,2085,gdp-per-capita-ppp,thous 1990$ percap,39.5824
Colombia,2085,labor-force,thous pers,19377.0
Colombia,2085,population,thous pers,53912.0
Colombia,2085,savings-rate,rate annual,0.259654
Colombia,2085,fac-share-labor,share,0.615434
Colombia,2085,fac-share-capital,share,0.200907
Colombia,2085,fac-share-energy,share,0.183659
Colombia,2085,energy-service,million 1990$,193699.0
Colombia,2085,total-factor-productivity,million 1990$,3.16583
Colombia,2090,GDP,million 1990$,1161570.0
Colombia,2090,energy-investment,million 1990$,21865.0
Colombia,2090,consumer-durable,million 1990$,31061.5
Colombia,2090,value-added,million 1990$,940823.0
Colombia,2090,gross-output,million 1990$,1154700.0
Colombia,2090,savings,million 1990$,346421.0
Colombia,2090,investment,million 1990$,346421.0
Colombia,2090,capital-stock,million 1990$,4783050.0
Colombia,2090,depreciation,million 1990$,185088.0
Colombia,2090,energy-service-value,million 1990$,213882.0
Colombia,2090,energy-net-export,million 1990$,6869.06
Colombia,2090,materials-net-export,million 1990$,-6869.06
Colombia,2090,capital-net-export,million 1990$,0.0
Colombia,2090,labor-wages,million 1990$,716991.0
Colombia,2090,gdp-per-capita,thous 1990$ percap,22.0672
Colombia,2090,gdp-per-capita-ppp,thous 1990$ percap,43.2592
Colombia,2090,labor-force,thous pers,18647.7
Colombia,2090,population,thous pers,52638.0
Colombia,2090,savings-rate,rate annual,0.2562
Colombia,2090,fac-share-labor,share,0.62093
Colombia,2090,fac-share-capital,share,0.193844
Colombia,2090,fac-share-energy,share,0.185226
Colombia,2090,energy-service,million 1990$,197319.0
Colombia,2090,total-factor-productivity,million 1990$,3.37505
Colombia,2095,GDP,million 1990$,1231340.0
Colombia,2095,energy-investment,million 1990$,22239.2
Colombia,2095,consumer-durable,million 1990$,31242.9
Colombia,2095,value-added,million 1990$,996056.0
Colombia,2095,gross-output,million 1990$,1224790.0
Colombia,2095,savings,million 1990$,365642.0
Colombia,2095,investment,million 1990$,365642.0
Colombia,2095,capital-stock,million 1990$,5269120.0
Colombia,2095,depreciation,million 1990$,206728.0
Colombia,2095,energy-service-value,million 1990$,228731.0
Colombia,2095,energy-net-export,million 1990$,6552.24
Colombia,2095,materials-net-export,million 1990$,-6552.24
Colombia,2095,capital-net-export,million 1990$,0.0
Colombia,2095,labor-wages,million 1990$,766307.0
Colombia,2095,gdp-per-capita,thous 1990$ percap,23.9765
Colombia,2095,gdp-per-capita-ppp,thous 1990$ percap,47.0022
Colombia,2095,labor-force,thous pers,17952.7
Colombia,2095,population,thous pers,51356.0
Colombia,2095,savings-rate,rate annual,0.252199
Colombia,2095,fac-share-labor,share,0.625666
Colombia,2095,fac-share-capital,share,0.187583
Colombia,2095,fac-share-energy,share,0.186751
Colombia,2095,energy-service,million 1990$,200047.0
Colombia,2095,total-factor-productivity,million 1990$,3.58945
Colombia,2100,GDP,million 1990$,1298620.0
Colombia,2100,energy-investment,million 1990$,22553.2
Colombia,2100,consumer-durable,million 1990$,31317.6
Colombia,2100,value-added,million 1990$,1049110.0
Colombia,2100,gross-output,million 1990$,1292210.0
Colombia,2100,savings,million 1990$,382676.0
Colombia,2100,investment,million 1990$,382676.0
Colombia,2100,capital-stock,million 1990$,5734410.0
Colombia,2100,depreciation,million 1990$,227736.0
Colombia,2100,energy-service-value,million 1990$,243094.0
Colombia,2100,energy-net-export,million 1990$,6411.08
Colombia,2100,materials-net-export,million 1990$,-6411.08
Colombia,2100,capital-net-export,million 1990$,0.0
Colombia,2100,labor-wages,million 1990$,813840.0
Colombia,2100,gdp-per-capita,thous 1990$ percap,25.904
Colombia,2100,gdp-per-capita-ppp,thous 1990$ percap,50.7806
Colombia,2100,labor-force,thous pers,17304.1
Colombia,2100,population,thous pers,50132.0
Colombia,2100,savings-rate,rate annual,0.247744
Colombia,2100,fac-share-labor,share,0.629807
Colombia,2100,fac-share-capital,share,0.18207
Colombia,2100,fac-share-energy,share,0.188123
Colombia,2100,energy-service,million 1990$,201823.0
Colombia,2100,total-factor-productivity,million 1990$,3.80907
